2051,2050,2049,2049,1988,2071,2044,2048,9,1,0,0,1,0,0,0,-10,-3,-3,-4,10,31,-4,-12,0.031,-0.018,1.037,63,16,-18,-48,0,0,0,0,2275,2118,1956,1864,1998,2070,2042,2054,62,23,-17,-39,1,0,0,1,46,12,34,-116,6,35,5,-11,-0.014,-0.002,0.997
2649,2277,1817,1548,2000,2081,2048,2044,59,22,-18,-66,1,1,8,0,85,-25,124,-162,-10,-17,-14,11,-0.154,-0.001,1.017,-35,-15,8,21,0,0,0,0,3217,2323,1680,1236,1999,2105,2042,2048,-21,-13,0,21,0,0,0,2,-113,-25,254,-1,-5,-118,4,-7,-0.232,0.083,1.063
3027,2224,1705,1378,2000,2105,2042,2046,-8,-15,18,17,1,0,0,1,-185,-26,383,0,-6,-118,3,7,-0.156,0.089,1.034,14,62,4,40,0,0,0,0,2856,2244,1830,1653,1995,2104,2045,2050,0,38,8,27,0,0,0,1,-194,100,195,234,10,-115,-7,-10,-0.324,-0.011,0.99
2856,2511,1898,1848,2000,2102,2045,2051,0,55,8,36,0,-1,0,1,-74,261,27,560,-10,-108,-7,-10,-0.344,-0.055,0.947,-34,4,-42,-33,0,0,0,0,2928,3234,1789,2147,1998,2115,2043,2048,0,2,-50,-30,-1,0,0,1,-303,21,-174,-4,5,-161,-2,-10,0.06,0.141,1.005
2771,3260,1467,1927,1978,2114,2043,2048,1,2,-52,-33,-2,0,0,0,-419,22,-21,-5,11,-156,0,-7,0.054,0.042,0.894,9,-59,40,37,0,0,0,0,2222,3208,1241,1846,1934,2092,2043,2049,0,-46,25,37,-1,0,0,0,16,-139,305,-1,38,-64,0,-11,0.077,-0.045,1.027
2220,2937,1440,2111,1923,2092,2042,2048,0,-41,25,39,-1,0,0,0,58,-324,598,-110,42,-64,5,-7,0.012,0.018,1.024,-4,18,-18,-23,0,0,0,0,2219,2423,1728,2367,1925,2092,2042,2045,1,1,0,-10,1,0,0,0,102,-94,376,-420,41,-64,5,10,-0.02,0.011,1.045
2220,2500,1650,2224,1926,2092,2042,2045,1,6,-15,-29,1,0,0,0,72,-64,191,-477,41,-64,5,10,0.115,0.08,1.016,47,6,-12,-19,0,0,0,0,2336,2707,1461,2008,1941,2091,2041,2046,45,7,-10,-28,6,0,0,0,160,-110,172,-675,27,-59,6,10,0.099,0.004,1.046
2636,2800,1371,1902,1954,2076,2041,2046,50,1,-14,-24,3,0,0,1,162,-163,204,-768,20,4,8,5,0.197,-0.019,1.053,-9,-22,37,-26,0,0,0,0,3068,2902,1370,1758,1962,2075,2041,2046,1,1,33,0,1,0,0,0,41,-447,504,-994,16,11,6,3,0.059,-0.039,1.035
3069,2902,1623,1697,1962,2074,2042,2047,1,2,31,-41,1,-2,0,1,12,-762,489,-895,16,15,5,4,0.049,-0.073,0.94,-28,-8,21,50,0,0,0,0,2940,2359,2012,1512,1990,2117,2046,2046,-34,-7,35,46,6,0,0,1,-28,-23,473,1,9,-173,-12,7,-0.297,0.014,0.999
2751,2270,2182,1829,1998,2117,2045,2047,-27,-14,32,45,1,0,0,0,-32,-14,349,71,5,-171,-9,5,-0.329,-0.039,0.979,26,54,-38,-40,0,0,0,0,2577,2294,2258,2031,2000,2092,2046,2047,35,65,-36,-38,2,0,0,1,18,110,1,122,-10,-61,-12,6,-0.233,-0.04,0.994
2797,2673,1997,1776,2001,2093,2044,2046,25,65,-38,-32,0,0,0,0,-8,96,0,1,-10,-68,-5,7,-0.225,0.009,0.999,-43,-22,19,16,0,0,0,0,3000,3153,1728,1545,2000,2096,2043,2046,-6,-9,23,16,1,0,0,1,-252,-20,263,10,-10,-79,0,7,-0.216,0.015,1.042
2797,3003,1856,1651,2001,2096,2044,2046,-40,-29,18,14,1,0,0,1,-340,-17,261,17,-10,-79,-5,7,-0.177,0.074,1.008,-7,-31,-35,-24,0,0,0,0,2207,2710,1906,1668,1993,2094,2042,2046,-10,-25,-33,-24,-1,0,0,1,-46,-31,2,0,10,-72,3,7,-0.008,0.044,1.016
2108,2536,1669,1497,1992,2082,2041,2049,-14,-33,-36,-22,1,0,0,-1,-15,-48,0,0,10,-23,8,-7,-0.036,-0.01,0.991,23,41,37,15,0,0,0,0,2040,2314,1479,1340,1953,2085,2046,2033,7,34,29,17,0,0,0,1,73,68,363,214,21,-32,-12,11,-0.185,0.0,1.007
2145,2567,1685,1439,1951,2090,2045,2034,-1,33,33,15,0,0,0,1,141,92,547,221,21,-53,-11,10,-0.342,-0.038,0.949,49,-41,26,-14,0,0,0,0,2390,2860,1920,1571,1969,2091,2043,2046,77,-25,0,-3,7,0,-1,0,260,-40,993,-95,10,-58,-1,7,-0.491,-0.028,0.904
2894,2588,2043,1476,2001,2103,2041,2047,71,-38,43,-12,5,3,1,-1,75,-33,745,-95,-9,-106,9,7,-0.257,0.05,0.787,-44,29,-55,54,0,0,0,0,3217,2228,2198,1477,1991,2072,2055,2024,-39,0,-60,37,1,0,-1,1,-23,123,-105,440,9,26,-53,10,-0.222,0.035,1.041
3201,2226,1943,1571,1968,2073,2055,2025,2,0,-36,0,0,0,0,1,-401,413,-576,987,11,22,-51,10,-0.199,0.121,1.021,-11,41,46,41,0,0,0,0,2951,2582,1542,1795,1984,2065,2045,2031,-11,31,41,21,1,0,-6,1,-347,441,151,939,9,56,-7,9,-0.376,-0.137,0.797
2807,2994,1898,2045,1998,2064,2047,2037,-4,81,41,47,0,0,0,11,-244,194,1,648,5,58,-17,10,0.029,0.378,1.017,0,-47,2,3,0,0,0,0,2555,3299,2205,2509,2020,2088,2044,2048,-2,-7,3,0,1,0,0,1,-32,2,220,82,-12,-48,-4,-10,-0.242,0.227,0.986
2494,3055,2234,2528,2020,2089,2043,2048,2,-46,0,3,1,0,0,0,-12,-23,154,90,-12,-49,-2,-7,-0.209,0.232,0.976,38,17,1,-36,0,0,0,0,2572,2748,2241,2440,2019,2088,2042,2045,20,15,0,-31,0,0,0,1,75,-10,210,-113,-11,-46,4,11,-0.258,0.202,0.979
2822,2900,2239,2239,2016,2076,2042,2041,42,34,0,-25,-1,0,0,-5,67,-29,247,-286,-10,11,3,10,-0.204,0.142,0.899,7,-7,-38,-26,0,0,0,0,3220,3099,2134,1856,1998,2078,2035,2042,17,2,-39,-15,0,0,0,2,14,-131,-2,-336,6,0,32,10,0.255,0.094,1.006
3262,3101,1897,1734,2000,2078,2035,2042,2,1,-35,-20,1,0,0,0,18,-194,-65,-569,-5,0,32,9,0.343,0.061,0.947,-34,-51,9,32,0,0,0,0,3247,3104,1630,1596,1998,2076,2034,2043,-4,1,2,15,-1,0,0,1,-55,-782,-28,-266,5,8,38,9,0.265,0.062,0.972
3200,3055,1695,1797,2000,2076,2035,2045,-6,-38,11,34,0,0,0,1,-264,-666,-48,-191,-10,8,32,10,0.338,0.11,0.98,-32,-19,36,15,0,0,0,0,2906,2584,1951,2133,2001,2077,2035,2046,-55,-32,39,17,1,0,0,1,-389,-577,-143,-237,-10,5,32,5,0.299,0.054,1.008
2619,2474,2194,2235,2001,2077,2035,2051,-34,0,34,18,0,0,0,1,-306,-667,-153,-238,-10,5,32,-10,0.422,0.085,0.961,0,31,3,-39,0,0,0,0,2278,2385,2469,2323,2000,2077,2035,2050,0,1,0,-25,0,0,0,0,-175,-382,-69,-842,-10,4,32,-9,0.429,0.048,0.96
2242,2394,2488,2286,2000,2077,2035,2050,0,3,6,-8,0,0,0,0,-129,-117,-58,-991,-5,4,32,-9,0.423,0.009,0.904,22,27,-53,-49,0,0,0,0,2236,2731,2340,1861,2001,2077,2035,2050,26,35,-46,-50,1,0,0,0,-27,-121,-320,-830,-10,4,34,-9,0.523,0.095,0.903
2448,2993,2044,1548,2002,2078,2035,2049,31,54,-48,-36,1,0,0,0,-87,-228,-581,-849,-9,1,33,-9,0.617,0.084,0.782,-9,-5,-30,68,0,0,0,0,2720,3203,1606,1282,2003,2078,2044,2047,2,-7,-1,72,1,0,0,1,-276,-206,-951,-11,-7,1,-5,6,0.587,0.188,0.863
2721,3042,1607,1739,2003,2080,2044,2048,1,-23,0,64,1,0,0,0,-373,-69,-1000,0,-7,-6,-5,-6,0.514,0.218,0.855,-25,-13,26,-16,0,0,0,0,2722,2816,1607,2187,2003,2080,2043,2048,1,-13,0,-15,1,0,0,1,-727,-13,-524,0,-8,-7,0,-7,0.402,0.168,0.913
2720,2770,1755,2108,2002,2080,2043,2046,0,-3,21,-7,0,0,0,1,-718,-26,-401,-77,-9,-10,0,7,0.492,0.155,0.911,0,23,-20,-30,0,0,0,0,2716,2772,1907,1927,2001,2080,2042,2046,1,26,0,-26,0,0,0,0,-684,-17,-547,-403,-8,-7,4,10,0.542,0.11,0.898
2717,2940,1825,1718,2002,2080,2042,2045,-1,23,-8,-34,1,0,0,0,-666,-25,-774,-379,-7,-7,4,10,0.481,0.117,0.909,1,-37,-16,-8,0,0,0,0,3214,3204,1507,1498,2001,2078,2041,2047,43,0,-2,0,1,0,0,1,0,-385,-246,-595,-10,2,4,4,0.454,0.079,0.893
3245,3204,1445,1466,2001,2078,2042,2046,1,1,0,0,1,0,0,0,0,-724,-443,-690,-10,2,4,4,0.543,0.08,0.916,-7,-64,8,35,0,0,0,0,3249,3204,1339,1438,2002,2078,2043,2046,1,0,0,26,1,0,0,1,0,-720,-382,-193,-10,2,0,6,0.513,0.075,0.938
3250,3096,1342,1663,2001,2077,2042,2046,1,-37,5,39,1,0,0,0,0,-625,-167,-137,-10,4,3,10,0.41,0.121,0.877,-8,14,9,-40,0,0,0,0,3250,2743,1434,1909,2001,2077,2041,2045,0,1,5,-20,0,0,0,1,0,-429,-119,-750,-10,4,7,8,0.457,0.094,0.901
3248,2746,1481,1875,2000,2077,2041,2046,-1,1,8,0,1,0,0,0,0,-279,-60,-998,-6,5,7,8,0.447,0.106,0.916,-8,-32,23,-35,0,0,0,0,3245,2775,1636,1874,2000,2076,2041,2046,0,0,20,0,0,0,0,1,0,-452,7,-1000,-10,9,7,3,0.414,0.08,0.915
3244,2775,1784,1874,1999,2077,2042,2048,0,0,21,0,0,0,0,0,0,-667,37,-1000,-6,5,5,-10,0.272,0.118,0.972,-2,3,18,40,0,0,0,0,3230,3242,2040,1642,1999,2078,2043,2049,-5,1,21,30,0,0,0,1,0,0,59,-33,-6,2,0,-12,0.238,0.034,1.002
3196,3240,2179,1893,1999,2077,2040,2050,-4,0,17,38,0,0,0,1,0,0,1,6,-6,5,12,-11,0.13,0.017,1.031,-50,-37,-32,-10,0,0,0,0,3145,3213,2210,2169,2000,2077,2043,2048,-3,-4,-25,-9,-1,0,0,0,0,0,-143,-25,-5,5,1,-7,0.208,-0.002,0.939
3121,3189,1996,2092,2000,2078,2044,2048,8,0,-29,-6,0,0,0,1,0,0,-152,0,-5,2,-4,-7,0.243,0.053,1.002,-48,-24,4,-33,0,0,0,0,3241,3210,1747,1898,2000,2077,2042,2049,1,5,0,-32,0,0,0,2,0,0,-89,-105,-6,5,3,-11,0.239,0.017,0.918
3243,3242,1756,1686,2000,2077,2042,2047,1,2,4,-33,1,0,0,0,0,0,-7,-162,-6,3,4,7,0.313,0.058,0.983,-62,-36,-19,41,0,0,0,0,3243,3255,1718,1600,2000,2078,2044,2048,1,-1,-13,25,0,0,1,1,0,0,-76,-109,-6,1,-2,-7,0.282,0.027,1.03
3245,3251,1632,1834,2001,2077,2041,2048,2,0,-8,37,1,0,0,1,0,0,-251,61,-10,5,8,-7,0.289,0.053,0.97,-11,-41,25,-21,0,0,0,0,3253,3218,1566,2113,2001,2078,2041,2047,1,-3,21,-19,0,-1,0,1,0,0,-135,-151,-11,-2,7,7,0.265,0.044,0.98
3249,3188,1705,1971,2000,2076,2041,2047,-1,-5,22,-18,0,0,1,0,0,0,-2,-146,-10,9,7,7,0.221,0.013,1.022,-53,-43,13,-25,0,0,0,0,3245,3244,1941,1700,1999,2078,2042,2046,0,1,13,-25,0,0,0,0,0,0,64,-173,-6,2,4,6,0.258,0.06,1.01
3245,3252,2021,1604,2000,2078,2041,2046,0,1,12,-12,0,0,0,1,0,0,100,-478,-8,2,6,6,0.342,0.057,0.952,-65,-38,7,5,0,0,0,0,3194,3260,2171,1491,1999,2077,2035,2046,-4,1,7,0,1,0,-1,1,0,0,27,-742,-6,3,30,6,0.366,0.015,0.967
3167,3260,2217,1491,1999,2078,2033,2046,-3,1,6,0,1,0,0,1,0,0,34,-600,-6,2,41,6,0.361,0.0,0.964,-3,-51,-4,15,0,0,0,0,3117,3261,2260,1510,1999,2079,2032,2046,-3,1,-2,15,1,0,0,1,0,0,5,-231,-9,-2,47,6,0.337,0.004,0.968
3092,3260,2251,1587,2000,2079,2033,2049,-2,0,0,12,1,0,0,1,0,0,-67,-127,-6,-2,44,-12,0.309,-0.0,0.997,-10,-46,-47,12,0,0,0,0,3045,3256,2037,1724,2000,2079,2045,2045,-5,0,-46,10,1,0,0,1,0,0,-173,20,-10,-3,-9,8,0.339,0.089,0.942
3132,3253,1725,1801,2001,2077,2044,2046,34,0,-54,10,1,0,0,0,0,0,-199,36,-10,5,-5,7,0.347,0.075,1.011,-30,-21,33,-5,0,0,0,0,3255,3251,1499,1882,2001,2078,2042,2049,1,0,37,-4,0,0,0,1,0,0,-176,3,-10,2,4,-7,0.232,0.034,0.979
3250,3251,1684,1862,2000,2077,2042,2049,0,0,28,0,0,0,0,1,0,0,-5,-57,-10,4,3,-12,0.231,0.049,0.996,-63,-60,14,-12,0,0,0,0,3245,3252,1980,1795,2000,2078,2044,2048,0,1,9,-6,1,0,0,0,0,0,84,-166,-6,3,-3,-7,0.2,0.047,1.018
3245,3253,2068,1718,2000,2077,2044,2047,0,1,12,-12,0,0,0,0,0,0,112,-186,-9,3,-5,0,0.2,0.038,1.027,-21,-43,4,-20,0,0,0,0,3194,3256,2222,1599,1998,2077,2039,2046,-3,1,2,-11,0,0,0,1,0,0,1,-457,6,3,15,6,0.327,0.008,0.985
3168,3260,2248,1536,1998,2078,2037,2046,-2,1,3,-6,0,0,-2,0,0,0,5,-763,5,3,24,5,0.379,-0.037,0.946,-38,-3,10,49,0,0,0,0,3119,3268,2309,1480,1998,2079,2031,2052,-4,0,10,44,1,0,0,1,0,0,63,-257,5,-4,50,-12,0.323,-0.053,1.011
3098,3265,2399,1749,2000,2078,2032,2052,-3,-1,10,45,1,0,0,-1,0,0,-3,12,-6,-2,45,-11,0.172,-0.104,0.973,-13,-29,-64,-7,0,0,0,0,3061,3244,2240,2102,2001,2078,2045,2048,-3,-7,-58,-2,1,0,0,0,0,0,-219,13,-10,1,-10,-7,0.296,0.077,1.017
3089,3215,1805,2055,2001,2077,2043,2047,21,-1,-59,-4,1,0,0,0,0,0,-207,6,-10,5,-2,7,0.361,0.049,1.019,-42,-46,-6,-11,0,0,0,0,3256,3189,1382,1960,2001,2079,2045,2047,1,0,-1,-10,2,0,0,0,0,0,-651,-21,-9,-5,-9,7,0.401,0.131,0.945
3256,3190,1374,1890,2000,2080,2045,2046,1,2,-16,-13,0,0,0,0,0,0,-790,-40,-9,-6,-9,11,0.447,0.157,0.912,-30,-32,50,1,0,0,0,0,3257,3219,1410,1812,2000,2080,2042,2047,0,6,47,0,1,0,0,-1,0,0,-211,-59,-10,-7,3,7,0.277,0.043,0.942
3250,3248,1702,1813,1998,2077,2042,2048,-1,2,46,0,0,0,0,0,0,0,-5,-35,5,3,3,-9,0.326,0.06,1.028,-20,-37,-25,21,0,0,0,0,3244,3250,1985,1904,1999,2078,2044,2046,0,1,-20,18,1,0,0,0,0,0,-23,11,-6,1,-3,11,0.173,0.042,1.039
3246,3250,1847,2021,2000,2077,2044,2046,0,0,-18,17,1,0,0,1,0,0,-149,115,-7,5,-5,7,0.194,0.021,1.029,-25,-11,22,-32,0,0,0,0,3248,3207,1725,2093,2000,2077,2042,2048,0,-4,19,-28,1,0,-1,0,0,0,-6,-93,-10,5,1,-7,0.191,0.043,1.047
3247,3211,1851,1882,2000,2078,2042,2048,0,10,19,-26,0,0,0,-1,0,0,42,-107,-7,4,3,0,0.185,0.061,1.029,-47,-8,17,-3,0,0,0,0,3243,3252,2087,1670,1999,2078,2044,2046,-1,1,18,0,0,0,0,1,0,0,94,-339,-6,1,-5,7,0.229,0.049,0.993
3208,3253,2229,1655,1997,2078,2040,2048,-4,0,20,0,1,0,0,1,0,0,4,-366,2,1,10,-7,0.244,-0.02,0.978,-17,-49,-49,-22,0,0,0,0,3161,3256,2166,1564,2000,2078,2032,2045,-4,1,-41,-16,1,0,0,0,0,0,-90,-492,-10,1,43,10,0.393,0.017,0.901
3139,3258,1836,1447,2000,2076,2032,2046,6,1,-49,-17,1,0,0,1,0,0,-94,-622,-10,8,45,5,0.479,0.029,0.896,-57,-10,10,9,0,0,0,0,3248,3267,1497,1332,2001,2077,2031,2046,-1,1,0,0,0,0,0,1,0,0,-98,-707,-10,5,47,6,0.428,0.004,0.938
3247,3267,1550,1333,2000,2077,2031,2046,0,1,7,0,0,0,0,1,0,0,-33,-452,-6,5,48,7,0.423,-0.005,0.949,-49,-2,46,31,0,0,0,0,3244,3267,1819,1480,1996,2079,2038,2048,-1,0,43,30,0,0,3,0,0,0,12,-190,10,-5,23,-7,0.264,0.043,1.007
3235,3266,2125,1664,1998,2078,2041,2050,-7,0,53,30,1,-1,-2,1,0,0,34,-26,5,-3,2,-12,0.202,-0.017,1.027,-18,-56,-26,32,0,0,0,0,3188,3261,2406,2017,2000,2077,2042,2048,-2,-1,-20,35,0,0,2,0,0,0,-117,60,-5,5,7,-7,0.157,-0.022,1.039
3168,3250,2244,2243,2000,2080,2044,2049,-2,-2,-29,41,1,0,0,1,0,0,-171,26,-10,-8,-5,-9,0.178,0.126,1.019,-27,-16,7,-46,0,0,0,0,3135,3242,2039,2341,1998,2076,2040,2043,1,0,0,-32,0,-2,0,1,0,0,-38,-204,6,4,9,10,0.305,0.087,1.012
3127,3239,2081,2031,1999,2077,2044,2047,0,0,7,-54,1,0,0,2,0,0,-1,-199,-10,5,-4,-7,0.243,0.052,1.023,-44,-28,-41,35,0,0,0,0,3126,3253,1980,1773,1998,2077,2044,2046,1,0,-35,32,0,0,0,1,0,0,-121,18,5,3,-7,7,0.273,0.058,0.971
3218,3251,1708,1995,2000,2077,2043,2047,29,0,-43,27,1,0,1,0,0,0,-145,78,-10,5,-1,-6,0.314,0.085,1.009,-6,-28,6,-15,0,0,0,0,3256,3217,1501,2237,2000,2080,2042,2046,0,-2,0,-12,1,0,0,0,0,0,-513,-73,-10,-10,1,7,0.354,0.141,0.959
3255,3198,1500,2160,2000,2080,2040,2046,0,-3,0,-12,1,0,0,1,0,0,-341,-168,-10,-8,9,11,0.321,0.098,0.949,-49,-15,-17,1,0,0,0,0,3255,3148,1500,2043,2000,2080,2044,2046,0,-4,0,0,1,0,2,1,0,0,-452,-150,-9,-8,-3,11,0.336,0.151,0.967
3256,3113,1414,2026,2001,2080,2044,2046,1,-5,-28,0,1,0,0,1,0,0,-584,-51,-9,-8,-7,7,0.376,0.159,0.919,-34,5,64,-12,0,0,0,0,3257,3073,1473,2003,2000,2077,2040,2046,0,0,62,-4,0,-3,0,1,0,0,-76,-143,-6,2,9,7,0.256,0.027,1.036
3249,3117,1850,1929,1999,2077,2043,2048,0,17,59,-12,-1,0,0,1,0,0,31,-174,-6,4,-4,-9,0.199,0.02,0.986,-14,-49,-37,-1,0,0,0,0,3214,3244,2220,1811,2000,2078,2043,2045,-3,2,-32,-4,1,0,0,1,0,0,-104,-99,-10,1,-2,8,0.28,0.061,1.013
3187,3244,1978,1797,2000,2078,2044,2046,-4,1,-41,0,1,0,0,0,0,0,-136,-66,-10,1,-7,7,0.291,0.063,0.981,-10,-52,24,-29,0,0,0,0,3242,3245,1764,1682,1999,2077,2044,2049,0,2,20,-27,0,0,0,0,0,0,-2,-158,-6,4,-8,-7,0.303,0.066,1.008
3241,3251,1911,1571,1998,2077,2043,2049,-1,1,20,-12,1,-1,0,-1,0,0,58,-515,6,3,-4,-7,0.371,0.074,0.943,-22,-8,-46,19,0,0,0,0,3201,3263,1924,1430,2000,2078,2034,2048,-4,1,-45,0,1,0,0,0,0,0,-60,-542,-10,1,33,-7,0.434,0.033,0.938
3236,3263,1630,1471,2001,2079,2035,2046,11,1,-45,16,2,0,0,0,0,0,-132,-165,-10,-2,30,7,0.436,0.091,1.01,-4,-68,7,23,0,0,0,0,3255,3255,1390,1679,2001,2080,2044,2046,1,0,0,22,0,0,0,1,0,0,-512,19,-10,-5,-8,7,0.427,0.103,0.949
3256,3253,1390,1834,2001,2079,2044,2046,1,0,0,20,0,0,0,1,0,0,-314,30,-10,-6,-8,7,0.397,0.119,0.946,-20,-24,14,16,0,0,0,0,3255,3223,1472,2083,2001,2079,2043,2046,0,-4,7,21,0,0,0,1,0,0,-166,37,-10,-4,-4,7,0.355,0.092,0.965
2049,1985,1986,2012,2034,2048,2038,2048,0,0,0,0,1,0,0,0,-9,13,7,6,2,-1,-5,0,0.021,0.08,1.02,8,16,-29,14,0,0,0,0,2086,1986,1865,2029,2033,2048,2038,2046,16,4,-25,9,0,0,0,0,12,57,-28,196,12,-2,-6,10,0.061,0.027,1.017
2161,2025,1709,2083,2033,2047,2034,2046,20,1,-22,4,1,0,-3,0,-16,141,-200,362,11,3,13,10,-0.19,-0.235,1.134,8,54,-16,-57,0,0,0,0,2241,2514,1388,2051,2033,2048,1992,2027,11,51,-6,-49,1,0,0,2,9,23,-92,-94,2,-1,194,11,0.071,-0.099,0.95
2294,2911,1266,1626,2033,2049,2025,2044,4,49,-18,-64,-1,1,7,2,13,15,-43,-3,11,-6,54,11,0.047,-0.309,1.088,24,-60,12,42,0,0,0,0,2385,3229,1141,1297,2014,2047,2037,2048,17,-7,10,34,2,0,-2,2,58,-224,179,347,12,2,-3,-4,-0.117,-0.241,1.015
2529,3087,1227,1566,2027,2046,2016,2046,26,-31,13,41,3,0,-4,0,68,-662,161,412,11,6,83,9,-0.118,-0.262,0.99,-30,5,40,-4,0,0,0,0,2683,2389,1516,1898,2033,2046,1998,2046,-28,-1,32,0,-1,0,0,1,-16,-140,82,333,11,3,169,10,-0.181,-0.17,0.992
2479,2347,1727,1905,2032,2050,2008,2050,-32,-7,33,2,0,0,4,1,-14,-56,328,193,11,-7,130,-11,-0.255,-0.134,1.015,3,-4,-8,-26,0,0,0,0,2177,2337,1987,1826,2032,2050,2019,2050,1,1,0,-19,0,0,1,1,50,-44,412,-91,11,-9,74,-11,-0.298,-0.006,0.897
2176,2334,1985,1662,2034,2072,2035,2049,0,-1,0,-28,1,12,0,-3,70,-68,192,-148,7,-95,8,-7,-0.219,0.037,0.964,-5,9,-31,1,0,0,0,0,2177,2254,1791,1445,2023,2074,2038,2048,1,7,-30,0,-7,0,1,0,63,13,160,-75,12,-114,-2,0,-0.104,-0.008,1.032
2178,2283,1589,1429,1993,2074,2038,2046,0,6,-29,-1,-5,0,0,0,34,20,137,13,24,-111,-5,11,-0.099,-0.081,1.079,37,6,-9,24,0,0,0,0,2334,2288,1323,1463,1983,2073,2039,2046,30,1,-8,20,0,0,0,0,29,95,63,360,27,-108,-8,10,-0.129,-0.108,1.034
2603,2288,1265,1591,1984,2073,2035,2047,44,1,-5,17,1,0,0,1,17,151,50,499,27,-108,4,5,-0.146,-0.154,1.018,-4,32,-3,30,0,0,0,0,2876,2335,1207,1700,2002,2061,2034,2048,3,27,0,0,4,0,0,1,12,342,-56,995,16,-57,11,0,-0.286,-0.174,0.974
2873,2572,1203,1699,2036,2047,2034,2046,1,40,-1,0,6,0,0,0,-13,270,-126,999,-11,-1,11,8,-0.334,-0.198,0.958,-22,15,30,15,0,0,0,0,2804,3181,1281,1858,2030,2047,2034,2028,-2,5,28,6,-1,0,0,1,-58,14,4,635,12,1,11,10,-0.321,-0.213,0.994
2668,3181,1451,1910,2028,2050,2038,2029,-18,-1,25,18,0,0,0,1,-66,74,138,848,11,-7,-6,10,-0.261,-0.092,0.943,-13,-66,25,16,0,0,0,0,2313,3234,1703,2297,2006,2067,2035,2045,-28,-10,9,21,0,0,-2,0,24,-163,526,16,14,-82,4,10,-0.283,-0.097,0.997
2208,2871,1868,2418,2006,2066,2035,2038,-12,-61,30,15,0,0,0,0,30,-207,553,-55,15,-79,6,10,-0.281,-0.067,0.994,8,23,-14,-11,0,0,0,0,2070,2385,2015,2549,2007,2062,2035,2036,0,0,0,0,1,0,0,1,108,-90,504,-285,14,-61,5,10,-0.307,-0.102,0.98
2070,2438,1989,2504,2007,2062,2035,2036,0,26,-7,-17,1,0,0,0,178,-21,215,-415,14,-61,5,10,-0.267,-0.09,1.008,-1,-10,-24,-39,0,0,0,0,2143,2632,1789,2297,2010,2044,2015,2020,1,1,-23,-32,3,0,-3,0,146,-78,139,-626,13,13,90,13,0.041,-0.075,1.038
2143,2633,1632,2072,2030,2044,2006,2021,1,0,-22,-40,10,0,-1,2,136,-156,117,-781,7,15,129,12,0.214,-0.05,0.969,29,26,15,35,0,0,0,0,2336,2632,1502,1712,2035,2047,2000,2062,30,0,9,18,0,0,0,-1,68,-73,154,94,0,3,158,-11,0.037,0.002,1.253
2541,2719,1600,1961,2033,2049,2001,2046,62,2,16,31,0,0,0,-4,51,-16,174,46,11,-6,155,10,-0.288,-0.149,1.004,-22,-26,43,-30,0,0,0,0,2811,2843,1859,2157,2035,2064,2029,2047,1,-8,28,-13,1,0,0,0,-54,-67,369,-183,-6,-69,31,5,-0.283,-0.077,0.967
2621,2801,2076,2012,2036,2063,2029,2046,-46,-13,35,-27,1,0,0,0,-13,-220,680,-421,-10,-68,31,5,-0.404,0.043,0.884,-10,13,-38,12,0,0,0,0,2370,2434,2359,1737,2070,2080,2036,2046,22,5,-5,14,2,4,0,0,12,13,80,-1,-19,-132,0,11,-0.188,0.005,1.04
2409,2510,2165,1793,2072,2081,2037,2048,1,0,-35,4,1,0,0,1,-76,19,-195,70,-20,-145,-3,-7,-0.116,0.033,1.032,-7,16,-12,18,0,0,0,0,2410,2573,1801,1898,2010,2080,2038,2049,0,14,-17,9,-4,0,0,0,-200,97,-146,365,14,-138,-5,-6,0.107,0.004,1.089
2410,2692,1723,2033,1996,2080,2037,2049,0,8,-2,11,-1,0,0,1,-269,94,-153,310,20,-137,-4,-5,-0.082,-0.02,0.985,0,17,33,-16,0,0,0,0,2171,2975,1684,2171,1981,2080,2037,2049,-48,13,19,-12,0,0,0,1,-22,28,218,-3,27,-137,-2,-7,-0.142,-0.055,1.118
2049,3110,1835,2075,1980,2080,2037,2049,-5,13,30,-17,1,0,0,1,37,16,530,-27,27,-138,-2,-7,-0.146,-0.002,0.99,59,-2,-40,-2,0,0,0,0,2060,3219,1983,1935,1993,2080,2037,2049,49,1,-45,-1,2,0,0,1,302,18,247,-6,21,-140,-2,-7,-0.239,-0.032,0.997
2682,3228,1730,1929,2008,2080,2035,2046,85,8,-34,0,2,0,-1,3,51,13,177,-34,14,-137,4,6,-0.137,-0.074,0.979,-32,-54,-16,3,0,0,0,0,3212,3146,1366,1930,2009,2080,2035,2048,-16,-38,-17,0,0,0,0,1,-116,-163,95,-51,14,-137,5,-6,-0.023,-0.089,1.076
2997,2966,1250,1966,1993,2080,2035,2049,-40,-40,-17,3,-3,0,0,1,-97,-462,127,-113,22,-137,6,-5,0.179,-0.074,1.045,14,-28,51,-10,0,0,0,0,2667,2696,1263,2009,1988,2078,2035,2052,1,1,36,0,1,0,0,1,17,-739,490,-380,22,-127,6,-9,0.025,-0.054,1.049
2663,2696,1557,2009,1989,2077,2035,2052,0,1,54,0,1,0,0,0,90,-705,708,-668,21,-126,6,-8,-0.13,-0.069,1.049,26,30,-4,0,0,0,0,0,2899,2696,2007,1924,1990,2047,2034,2053,41,0,0,0,1,-1,0,1,65,-405,421,-643,22,-1,8,-10,-0.091,-0.131,0.979
3026,2708,2007,1923,1990,2047,2034,2053,39,11,0,-1,1,0,0,0,102,-152,309,-637,23,2,9,-10,-0.096,-0.166,0.998,-16,-13,-16,0,0,0,0,0,3274,2871,1964,1864,2013,2053,2036,2054,-1,0,-16,-4,1,0,0,1,13,-175,56,-393,13,-23,2,-10,-0.035,-0.114,1.024
3247,2872,1858,1855,2019,2053,2036,2054,-1,1,-17,0,2,0,0,1,-38,-300,12,-352,11,-23,2,-10,0.007,-0.112,1.033,-38,0,22,-29,0,0,0,0,3100,2871,1796,1728,2023,2058,2037,2052,-54,1,17,-26,0,0,0,0,-160,-436,187,-360,10,-43,-2,-10,-0.0,-0.065,1.043
2713,2872,1931,1513,2038,2052,2038,2050,-32,-1,26,-51,1,0,0,0,-59,-435,252,-290,-11,-19,-5,-10,-0.053,-0.055,1.059,18,-16,-19,59,0,0,0,0,2505,2449,2088,1493,2074,2082,2037,2048,1,-7,-14,55,1,0,-1,0,-31,-21,-42,4,-21,-148,-2,-7,-0.061,0.01,1.03
2574,2316,1970,1828,2073,2081,2036,2049,22,-26,-24,43,0,0,0,1,-14,-13,-92,206,-20,-145,2,-6,-0.161,-0.042,1.016,-24,50,10,-44,0,0,0,0,2732,2143,1868,2094,2046,2080,2032,2047,1,24,0,-47,-1,0,0,2,-147,272,-102,216,-11,-142,19,6,-0.138,-0.08,0.998
2649,2596,1920,1842,2040,2082,2037,2047,-15,84,11,-31,1,0,0,1,-233,91,-11,6,-11,-149,-3,7,-0.082,0.012,1.051,-20,-39,-38,-21,0,0,0,0,2510,2997,1866,1427,2046,2083,2036,2047,1,-36,-33,-20,0,0,0,0,-483,-22,-182,-72,-10,-154,2,6,0.254,0.108,0.98
2388,2743,1596,1282,1990,2081,2036,2048,-90,-34,-40,-21,-2,0,0,0,-293,-26,-128,-67,23,-145,2,0,0.283,0.138,1.087,41,-13,40,53,0,0,0,0,1894,2336,1352,1272,1957,2065,2039,2020,11,-10,20,51,2,0,0,1,144,9,387,276,49,-74,-10,14,-0.248,-0.078,1.009
2067,2224,1559,1567,1971,2065,2037,2045,17,-16,29,51,5,0,-1,14,258,17,657,544,29,-74,-4,-10,-0.378,-0.101,0.903,50,13,19,-3,0,0,0,0,2517,2103,1934,2034,1991,2044,2013,2047,52,8,15,1,1,0,0,0,340,68,751,279,21,15,102,6,-0.572,-0.548,0.746
2991,2244,2124,2033,1996,2048,2008,2041,59,1,15,0,4,1,0,0,158,39,489,196,17,0,123,10,-0.382,-0.213,1.075,-27,3,3,-12,0,0,0,0,3285,2243,2389,1953,2033,2048,2009,2042,0,1,2,-11,0,0,0,1,127,148,59,210,12,-1,120,10,-0.243,-0.173,0.983
3273,2243,2409,1874,2034,2048,2009,2042,-4,1,3,-12,2,0,0,1,-12,174,59,199,7,-1,120,10,-0.223,-0.19,0.996,-26,-4,-32,0,0,0,0,0,3047,2249,2328,1778,2035,2048,2010,2044,0,1,-29,0,1,0,0,1,-77,165,-96,204,-7,-2,117,10,-0.171,-0.151,1.008
2997,2249,2175,1771,2036,2047,2011,2044,1,1,-19,0,0,0,1,1,-244,129,-359,231,-7,-1,115,10,-0.123,-0.142,1.038,-30,13,-28,-32,0,0,0,0,3001,2248,1885,1636,2037,2047,2031,2043,-1,1,-27,-31,1,0,4,-1,-708,180,-724,203,-9,3,24,10,0.155,-0.023,1.062
3002,2354,1697,1434,2037,2047,2040,2020,1,16,-24,-29,1,0,0,0,-698,131,-727,140,-9,3,-11,14,0.276,0.055,1.005,-11,-9,30,59,0,0,0,0,3004,2546,1521,1352,2037,2048,2043,2011,-1,-5,6,45,1,0,0,1,-685,23,-356,524,-10,-2,-26,16,0.082,-0.028,1.051
3002,2458,1703,1684,2036,2046,2041,2012,0,-14,24,60,-1,0,0,1,-669,41,-269,792,-6,6,-19,16,-0.219,-0.081,1.044,12,4,-33,-42,0,0,0,0,3135,2481,1757,2146,2033,2046,2013,2000,27,32,-31,-20,-1,0,-2,1,0,-15,-115,17,11,7,99,27,-0.077,-0.137,0.997
3240,2586,1523,1874,2034,2050,2014,2024,1,13,-33,-45,2,1,1,9,0,-53,-67,-34,-3,-5,98,11,0.021,-0.067,1.015,-52,-7,-3,-14,0,0,0,0,3245,2547,1232,1477,2032,2062,2040,2046,1,0,-4,-11,1,0,0,1,0,-28,13,-17,11,-60,-15,10,0.027,-0.021,1.035
3245,2519,1212,1387,2032,2062,2040,2045,1,-10,-3,-11,0,0,0,0,0,-36,13,-39,12,-60,-15,10,0.06,-0.008,1.056,-49,14,41,61,0,0,0,0,3245,2475,1348,1510,2033,2060,2035,2050,1,3,45,47,1,-1,0,2,0,13,108,113,11,-53,5,-10,-0.223,-0.062,1.034
3245,2569,1646,1835,2033,2046,2024,2037,0,16,44,47,1,0,0,-8,0,12,14,484,10,6,51,10,-0.41,-0.166,0.931,-51,10,-5,-26,0,0,0,0,3241,2738,1970,2317,2033,2046,2015,1999,1,26,-2,-21,0,0,0,0,0,-17,-87,-20,11,4,95,26,-0.101,-0.13,0.99
3243,2861,1940,2169,2035,2047,2013,1998,1,15,-5,-31,0,0,0,1,0,-51,-108,-131,-3,3,101,26,-0.164,-0.156,1.018,-41,-37,17,-40,0,0,0,0,3242,2961,1952,1802,2034,2047,2000,2037,0,1,16,-47,1,0,0,19,0,-340,0,-188,0,3,158,9,-0.049,-0.165,0.985
3241,2766,2068,1471,2036,2052,2038,2039,0,-76,16,-40,-4,2,19,-9,0,-258,3,-3,0,-16,18,11,-0.017,-0.008,1.05,-37,13,11,62,0,0,0,0,3210,2203,2257,1387,2037,2047,2041,2026,-3,0,13,49,-1,0,0,1,0,16,-28,246,-12,3,-19,11,-0.106,-0.069,1.018
3181,2198,2331,1695,2034,2047,2033,2036,-3,0,13,39,1,0,-1,1,0,79,-26,717,7,4,14,8,-0.249,-0.117,0.993,-9,52,1,27,0,0,0,0,3172,2261,2413,1786,2034,2048,2027,2036,0,47,3,0,1,0,0,0,0,421,1,999,7,0,38,7,-0.405,-0.169,0.961
3172,2734,2419,1786,2034,2048,2027,2026,-2,91,1,0,0,0,0,0,0,166,2,999,7,0,39,11,-0.32,-0.187,1.058,-50,-2,-59,-43,0,0,0,0,3177,3292,2190,2004,2035,2047,2030,2025,6,1,-52,-46,-1,0,-4,0,0,58,-94,-52,-7,3,25,13,-0.062,-0.217,1.061
3245,3292,1836,1679,2041,2048,2031,2027,2,1,-46,-48,3,0,3,1,0,47,-277,0,-10,0,24,12,0.236,-0.042,1.001,-1,-40,50,-1,0,0,0,0,3254,3239,1565,1355,2044,2051,2034,2031,-1,-7,49,-1,0,0,0,2,0,-63,-54,9,-12,-13,5,11,0.026,-0.13,1.028
3250,3099,1871,1348,2037,2047,2035,2051,-1,-28,44,0,-1,0,0,2,0,-179,0,11,-11,3,8,-10,0.046,-0.054,1.049,-61,-29,-35,4,0,0,0,0,3246,2558,2104,1329,2036,2049,2036,2052,0,-41,-31,0,0,0,0,0,0,-55,-13,131,-12,-6,2,-10,0.035,0.021,1.034
3246,2305,1886,1340,2038,2049,2038,2046,1,-41,-32,2,1,0,0,0,0,-22,-85,202,-12,-4,-7,10,0.127,0.084,1.057,-3,42,3,49,0,0,0,0,3253,2084,1684,1502,2043,2044,2037,2048,1,3,0,31,1,0,0,0,0,153,-339,562,-12,15,-3,0,-0.002,-0.031,1.111
3254,2135,1685,1725,2043,2044,2036,2046,1,27,0,33,1,0,0,0,0,451,-257,887,-11,16,2,8,-0.299,-0.102,0.969,-49,-21,29,-4,0,0,0,0,3251,2788,1792,2138,2036,2046,2014,2017,1,1,24,23,0,0,0,1,0,-35,-3,237,-7,8,98,16,-0.215,-0.202,1.001
3248,2688,1978,2137,2034,2047,2014,2016,0,-65,28,-7,-3,0,0,0,0,-41,0,117,7,4,98,16,-0.137,-0.189,0.984,-47,31,-9,-46,0,0,0,0,3229,2669,2155,1934,2034,2048,2010,2016,0,24,-8,-45,0,0,0,2,0,-47,-1,-13,7,2,115,16,-0.069,-0.233,1.019
3241,2881,2115,1601,2036,2050,2039,2035,2,26,-5,-49,1,1,6,2,0,-46,-65,0,-12,-6,-3,11,-0.038,-0.141,1.024,-47,6,-42,43,0,0,0,0,3244,3059,1881,1385,2041,2048,2042,2028,1,4,-36,29,1,0,0,0,0,13,-157,262,-11,0,-21,11,0.1,-0.191,1.113
3253,3106,1692,1610,2042,2046,2041,2027,2,-13,-35,44,1,0,0,1,0,13,-559,539,-10,7,-18,10,-0.021,-0.095,1.006,-18,9,50,-37,0,0,0,0,3253,3198,1430,1917,2033,2050,2048,2051,-1,17,40,-34,1,0,0,1,0,-14,84,-13,7,-6,-49,-10,-0.03,0.008,0.982
3250,3251,1808,1650,2039,2051,2035,2046,1,6,53,-37,6,3,11,0,0,13,7,-1,-12,-10,16,10,-0.16,-0.135,1.035,-53,-20,19,-10,0,0,0,0,3246,3263,2247,1332,2034,2047,2047,2043,0,-12,15,-9,1,0,0,1,0,-25,72,-22,7,4,-44,10,-0.063,-0.004,1.012
3226,3230,2384,1260,2033,2047,2046,2044,-5,-3,23,-12,2,0,0,1,0,-121,36,-6,7,4,-43,10,-0.012,-0.042,1.041,2,-16,-39,12,0,0,0,0,3180,2998,2403,1173,2036,2048,2043,2046,-2,-29,-35,1,1,0,0,1,0,-94,-145,257,-7,1,-28,10,0.077,0.003,1.023
3156,2812,2148,1227,2036,2047,2044,2045,-4,-38,-43,15,0,0,0,0,0,-25,-174,372,-7,4,-31,10,0.061,-0.008,1.064,-59,-17,-27,0,0,0,0,0,3247,2564,1752,1300,2038,2047,2041,2049,1,-15,-22,0,1,0,0,1,0,-14,-301,462,-11,5,-21,-6,0.153,-0.013,1.032
3253,2432,1619,1300,2038,2047,2041,2046,1,-25,-20,0,1,0,0,-1,0,8,-505,463,-10,4,-20,10,0.255,0.036,0.998,-25,23,34,4,0,0,0,0,3257,2288,1484,1316,2037,2048,2041,2040,1,3,26,3,1,0,0,2,0,99,-203,472,-12,2,-20,10,0.15,-0.008,1.022
3255,2448,1699,1330,2037,2047,2038,2049,0,22,31,0,0,0,0,0,0,88,-141,525,-12,5,-7,-6,-0.004,-0.031,1.047,-67,-3,-23,27,0,0,0,0,3248,2722,1875,1436,2036,2046,2035,2049,1,1,-19,17,0,0,0,0,0,13,-186,717,-7,9,4,-4,-0.121,-0.078,1.019
3252,2707,1783,1563,2036,2047,2035,2046,1,-5,-19,30,0,0,0,-1,0,13,-453,911,-6,7,5,9,-0.154,-0.075,1.03,-5,29,21,15,0,0,0,0,3253,2805,1607,1935,2035,2046,2032,2029,1,36,21,27,-1,0,0,0,0,14,-72,495,-7,9,17,11,-0.205,-0.108,1.012
3251,2991,1746,2023,2033,2046,2032,2029,0,24,22,8,0,0,0,1,0,21,-48,547,12,9,17,11,-0.241,-0.154,0.931,-5,-64,30,3,0,0,0,0,3251,3071,2021,2285,2035,2050,2036,2047,0,-66,23,2,1,1,0,1,0,-81,31,-13,0,-4,1,6,0.003,0.049,0.998
3246,2726,2209,2327,2036,2050,2036,2047,0,-24,30,6,1,0,0,1,0,-248,87,-103,-7,-7,1,6,0.241,0.066,1.01,-48,35,-38,-12,0,0,0,0,3210,2423,2354,2379,2037,2050,2036,2047,-1,0,-25,0,1,0,0,0,0,-193,-235,-447,-11,-6,2,5,0.387,0.107,0.971
3197,2468,2116,2288,2036,2049,2036,2048,-2,24,-47,-20,0,0,0,1,0,-19,-320,-416,-7,-4,2,0,0.265,0.129,0.963,-12,12,-10,-49,0,0,0,0,3236,2773,1727,1994,2035,2047,2035,2048,3,27,-10,-49,2,0,0,1,0,-19,-119,-472,-10,5,5,-2,0.352,0.065,0.971
3245,2957,1644,1732,2037,2046,2035,2048,2,35,-10,-38,0,0,0,1,0,-117,-59,-756,-12,5,5,-4,0.41,0.029,0.98,-63,-9,37,-11,0,0,0,0,3245,3127,1710,1558,2035,2047,2035,2049,0,1,33,0,2,0,0,1,0,-286,22,-1000,-11,4,5,-4,0.383,0.055,0.933
3243,3127,1946,1558,2036,2047,2035,2049,0,-1,34,0,1,0,0,1,0,-391,86,-1000,-7,4,5,-4,0.423,0.044,0.981,-9,3,-59,26,0,0,0,0,3196,3128,2019,1558,2036,2048,2034,2048,-2,0,-53,0,1,0,0,1,0,-482,-97,-525,-12,0,9,-6,0.521,-0.039,0.856
3212,3123,1632,1641,2037,2047,2035,2047,21,-3,-62,19,2,0,0,-4,0,-388,-145,-126,-11,3,5,9,0.458,0.078,0.951,-30,-51,-8,25,0,0,0,0,3257,2825,1304,1949,2035,2050,2037,2046,1,-27,0,27,0,0,0,-1,0,-262,-862,-69,0,-8,-3,10,0.471,0.181,0.869
3258,2525,1246,2130,2035,2050,2036,2046,1,-50,0,24,0,0,0,0,0,-297,-847,-145,0,-8,2,10,0.483,0.188,0.884,-26,53,64,-42,0,0,0,0,3258,2161,1317,2263,2034,2049,2035,2046,1,34,56,-24,0,0,0,0,0,-37,-217,-659,7,-4,2,9,0.535,0.13,1.033
3251,2582,1689,2044,2036,2049,2036,2046,0,68,59,-38,1,0,0,1,0,-109,31,-878,-7,-4,2,5,0.358,0.06,0.95,-3,-21,-44,14,0,0,0,0,3214,3021,2026,1703,2036,2048,2034,2046,-5,0,-42,0,-1,0,0,1,0,-306,-94,-559,-10,0,9,5,0.401,0.056,0.911
3202,3021,1728,1703,2037,2048,2034,2047,7,1,-43,0,1,0,0,0,0,-560,-95,-164,-12,1,9,5,0.403,0.108,0.999,-53,-8,56,-9,0,0,0,0,3249,2878,1614,1820,2035,2048,2034,2046,-1,1,49,0,-1,0,0,1,0,-635,-9,-352,0,2,9,9,0.355,0.034,0.951
3245,2879,1966,1821,2035,2047,2034,2047,0,0,57,0,0,0,0,1,0,-683,86,-612,0,1,9,3,0.402,-0.004,0.974,-34,-35,-4,-5,0,0,0,0,3201,2881,2404,1821,2034,2048,2025,2048,-2,1,-4,0,1,0,0,1,0,-653,13,-992,7,1,48,0,0.397,-0.033,0.963
3184,2881,2377,1821,2034,2048,2025,2048,-2,1,-5,0,1,0,0,0,0,-647,14,-1000,7,1,48,0,0.394,-0.029,0.958,-25,-3,-27,-25,0,0,0,0,3151,3238,2264,1571,2037,2048,2030,2052,-3,1,-21,-14,-1,0,0,0,0,0,-136,-459,-12,0,27,-10,0.41,0.015,0.965
3127,3251,2090,1476,2037,2049,2029,2051,-4,2,-22,-17,1,-1,0,0,0,0,-174,-773,-11,-2,30,-9,0.454,0.021,0.881,-45,-4,5,32,0,0,0,0,3116,3258,1866,1373,2036,2048,2029,2050,1,1,0,0,0,0,0,0,0,0,-32,-412,-9,2,30,-11,0.421,0.056,0.901
3118,3257,1897,1529,2035,2050,2039,2049,2,-1,5,27,2,-1,1,0,0,0,-17,-147,-7,-6,-9,-7,0.311,0.055,1.01,-4,-52,27,7,0,0,0,0,3110,3250,2059,1783,2036,2047,2034,2050,-4,0,25,9,0,0,0,1,0,0,0,-1,-7,5,6,-11,0.253,0.013,1.006
3081,3249,2237,1830,2034,2047,2033,2050,-4,0,27,6,-1,0,0,1,0,0,0,-5,7,5,13,-11,0.235,-0.021,1.017,-12,-35,-33,-35,0,0,0,0,3032,3249,2322,1774,2035,2048,2035,2050,-3,2,-31,-30,-1,0,0,1,0,0,-102,-203,-7,2,4,-11,0.292,0.001,0.972
3001,3252,2110,1582,2036,2050,2035,2047,-4,1,-28,-17,0,0,0,-1,0,0,-140,-389,-11,-4,4,5,0.433,0.077,0.96,-22,-17,34,-16,0,0,0,0,3062,3259,1967,1407,2036,2048,2031,2047,1,1,29,0,1,0,0,1,0,0,5,-992,-7,2,21,4,0.396,0.025,0.939
3048,3264,2186,1407,2035,2048,2023,2048,-6,1,32,0,0,0,0,1,0,0,41,-1000,0,2,54,0,0.401,-0.057,0.966,-36,-14,-14,-1,0,0,0,0,2995,3267,2392,1407,2034,2048,2023,2048,-4,0,-15,0,1,0,0,1,0,0,5,-1000,7,2,58,0,0.4,-0.042,0.977
2114,2049,2046,2048,2050,2049,2051,2050,0,0,0,0,0,0,0,1,-13,-10,3,0,-8,0,0,0,0.037,-0.009,1.035,-3,19,-41,8,0,0,0,0,2116,2097,1898,2060,2047,2051,2053,2049,2,7,-30,0,0,0,0,-1,-20,29,-136,95,11,-9,-8,6,0.161,0.013,1.013
2119,2124,1670,2060,2046,2046,2028,2050,1,6,-32,0,7,-3,-14,1,-34,133,-343,323,-7,8,92,0,-0.212,-0.218,1.024,37,21,27,7,0,0,0,0,2184,2496,1393,2221,2046,2050,2016,2027,41,21,21,11,1,0,0,2,20,15,0,38,12,-5,148,12,-0.166,-0.167,0.997
2392,2636,1541,2247,2046,2051,2018,2029,25,21,17,9,0,0,0,1,55,14,115,122,11,-8,140,12,-0.132,-0.149,1.004,29,-7,-2,-18,0,0,0,0,2731,2826,1678,2273,2044,2059,2049,2036,26,2,0,-8,1,0,0,1,126,-31,391,-90,11,-43,9,11,-0.223,-0.15,1.005
2898,2827,1678,2211,2042,2059,2045,2033,18,1,0,-16,0,0,-2,-2,175,-70,336,-344,11,-43,21,10,-0.168,-0.153,0.997,-30,-17,36,8,0,0,0,0,3126,2828,1803,2072,2042,2050,2033,2035,-23,0,29,0,0,0,0,1,14,-260,410,-197,10,-4,76,11,-0.274,-0.125,0.965
2936,2725,2021,2110,2042,2050,2036,2040,-29,-20,31,7,0,0,0,1,-12,-245,524,-130,10,-5,64,10,-0.268,-0.103,1.025,-30,-19,-27,-48,0,0,0,0,2611,2499,2266,2035,2044,2050,2038,2041,-23,0,-12,-41,1,0,0,1,-20,-258,184,-442,12,-5,55,10,-0.127,0.046,0.992
2379,2477,2079,1697,2044,2046,2032,2063,-41,1,-30,-53,0,0,0,1,-11,-423,196,-385,11,10,79,-10,-0.312,0.079,1.061,61,60,4,25,0,0,0,0,2187,2220,1859,1347,2035,2081,2051,2049,49,60,0,23,0,0,0,0,233,29,306,-1,10,-141,0,7,-0.333,0.035,0.977
2720,2619,1859,1509,2036,2081,2050,2050,85,55,0,21,1,0,0,1,76,35,419,3,10,-141,5,0,-0.277,-0.039,0.986,-15,-16,-2,28,0,0,0,0,3221,3057,1861,1779,2040,2081,2052,2049,1,-7,1,25,1,0,0,0,12,-13,507,208,10,-141,-4,6,-0.366,-0.098,0.956
3184,2982,1885,1944,2045,2080,2051,2048,-8,-20,6,25,2,0,-1,0,-29,-19,352,318,11,-137,-3,10,-0.378,-0.118,0.962,-47,5,-20,19,0,0,0,0,2959,2802,1869,2171,2052,2080,2051,2049,-24,0,-16,5,2,0,0,1,-147,32,-25,633,-11,-137,0,5,-0.316,-0.1,1.004
2845,2799,1782,2348,2042,2085,2050,2048,-28,1,-16,56,-2,4,0,1,-460,59,-228,433,10,-157,3,7,-0.187,0.052,0.882,0,-12,14,-29,0,0,0,0,2035,2869,1537,2515,1988,2084,2050,2045,-27,-8,0,-30,-2,0,-1,1,78,-13,407,-190,32,-154,2,11,-0.193,-0.029,1.019
2034,2863,1569,2349,1988,2084,2049,2045,0,0,0,-19,1,0,0,1,76,-51,670,-315,31,-154,7,10,-0.07,-0.004,1.037,8,14,27,6,0,0,0,0,2033,2897,1742,2191,1988,2084,2049,2046,1,1,21,-1,0,0,0,1,128,-96,874,-498,30,-154,4,10,-0.253,-0.021,0.988
2032,2923,1926,2177,1989,2084,2050,2049,0,9,7,0,0,0,0,3,209,-34,871,-267,29,-154,4,6,-0.301,0.011,0.987,55,-22,-33,-41,0,0,0,0,2105,2995,1959,2081,1997,2084,2050,2048,60,2,-1,-30,2,0,0,1,526,-124,404,-422,26,-154,4,9,-0.279,-0.01,0.975
2685,2997,1766,1837,1998,2059,2049,2050,87,1,-32,-33,1,-5,0,1,165,-351,260,-555,27,-49,7,0,0.027,-0.186,1.061,-18,-2,-14,-8,0,0,0,0,3225,2581,1472,1349,2018,2098,2050,2050,3,-56,-26,-11,1,-1,3,-2,13,-16,148,-21,16,-217,6,0,-0.341,-0.042,1.024
3165,2520,1372,1297,2018,2098,2053,2048,1,-1,-10,-6,1,0,0,1,-31,9,173,-24,16,-214,-5,7,-0.201,-0.042,1.015,-9,19,35,50,0,0,0,0,2986,2520,1340,1400,2017,2098,2052,2049,-17,-1,27,35,0,0,0,0,-22,57,501,202,16,-214,-5,6,-0.373,-0.054,0.962
2948,2532,1595,1693,2017,2098,2052,2050,1,1,45,42,1,0,0,0,-41,175,425,397,16,-214,-5,0,-0.442,-0.124,0.924,-23,15,-34,15,0,0,0,0,2903,2794,1840,2136,2045,2098,2052,2048,0,4,-28,0,2,0,0,1,-206,116,-86,464,10,-215,-5,5,-0.318,-0.127,0.979
2875,2808,1633,2150,2039,2098,2052,2048,2,1,-28,0,-1,0,0,1,-401,243,-185,834,10,-215,-5,5,0.314,0.033,1.167,-4,-16,-3,1,0,0,0,0,2347,3079,1258,2502,1990,2070,2051,2057,-34,-26,-4,0,2,0,0,1,21,-14,216,-138,34,-96,-3,-11,0.038,-0.11,1.042
2290,2971,1259,2501,1984,2070,2050,2052,1,-15,0,0,1,0,0,-2,25,-13,130,-107,39,-93,3,-1,-0.031,-0.143,1.013,7,-46,25,-19,0,0,0,0,2281,2741,1271,2474,1983,2070,2050,2052,0,-29,17,-10,2,0,0,1,37,-85,442,-314,37,-93,6,-10,-0.093,-0.173,1.025
2279,2637,1363,2434,1983,2071,2049,2059,0,0,26,0,0,0,0,0,79,-419,772,-680,33,-96,6,-8,-0.106,-0.086,0.967,36,-29,28,-67,0,0,0,0,2278,2639,1527,2341,1984,2070,2049,2059,0,1,6,0,1,0,0,0,413,-702,957,-994,31,-93,7,-8,-0.14,-0.073,1.037
2478,2639,1526,2341,1985,2070,2049,2059,38,1,0,0,0,0,0,1,415,-692,999,-1000,30,-93,7,-7,-0.167,-0.062,0.947,-29,-1,45,7,0,0,0,0,2884,2638,1676,2316,1985,2070,2049,2058,1,0,37,0,1,0,0,0,47,-690,889,-796,32,-94,7,-9,-0.303,-0.06,0.943
2774,2578,1989,2306,1985,2070,2050,2059,-29,-16,50,0,1,0,0,1,8,-529,806,-553,32,-94,5,-11,-0.407,-0.099,0.969,4,-7,9,14,0,0,0,0,2575,2802,2426,2298,2082,2073,2052,2055,1,8,2,11,1,0,0,0,14,0,611,-2,-16,-105,-5,-11,-0.465,-0.095,0.9
2577,2798,2464,2383,2087,2073,2052,2052,0,-2,9,14,1,0,0,0,25,0,713,18,-19,-105,-5,-11,-0.437,-0.125,0.923,-1,-30,-38,2,0,0,0,0,2575,2764,2480,2488,2087,2073,2052,2050,0,-3,-30,1,1,0,0,1,41,0,234,75,-20,-105,-5,-7,-0.459,-0.082,0.945
2644,2745,2244,2499,2088,2073,2052,2049,2,-3,-33,5,1,0,0,0,-14,0,151,87,-21,-105,-5,7,-0.319,-0.028,0.998,-1,-6,-6,-72,0,0,0,0,2703,2736,1928,2248,2083,2073,2048,2040,-2,23,-6,-58,0,0,0,2,-43,0,113,-126,-18,-106,11,10,-0.246,-0.042,1.007
2660,3099,1883,1762,2083,2073,2051,2048,-13,77,-4,-97,0,0,0,2,-19,0,131,-131,-18,-106,0,7,-0.275,-0.001,0.947,25,-26,-11,53,0,0,0,0,2712,3221,1778,1406,2082,2074,2050,2049,22,1,-14,51,0,0,0,1,15,0,167,3,-18,-110,3,-2,-0.338,-0.021,0.964
2883,3192,1713,1734,2082,2074,2049,2050,28,-11,-11,43,0,0,0,0,14,0,126,104,-17,-110,7,-6,-0.386,-0.081,0.972,-21,-19,-13,16,0,0,0,0,3084,3161,1591,2241,2046,2083,2051,2050,-1,0,-14,13,0,0,0,0,-85,0,17,33,11,-152,-1,0,-0.395,-0.048,0.967
2871,3179,1457,2351,2044,2083,2052,2051,-50,2,-12,10,-1,0,1,-1,-13,0,237,9,11,-152,-3,-7,-0.225,-0.049,1.015,-27,-48,60,-18,0,0,0,0,2566,3163,1535,2402,2015,2083,2051,2051,-35,2,43,-18,0,0,0,1,-11,0,592,-18,16,-152,-3,-11,-0.369,-0.022,0.963
2296,3197,1794,2294,2015,2082,2050,2050,-42,8,26,-19,0,0,0,0,49,0,908,-76,15,-152,0,0,-0.338,0.033,0.99,53,-11,-19,15,0,0,0,0,2098,3243,1876,2211,2015,2083,2050,2050,1,1,0,14,0,0,0,0,416,0,594,-4,16,-152,2,-7,-0.418,-0.015,0.976
2442,3242,1786,2301,2015,2083,2051,2050,75,0,-33,16,0,0,0,1,357,0,415,11,17,-152,-1,-7,-0.417,0.003,0.914,14,-56,-26,-47,0,0,0,0,3120,3240,1561,2229,2018,2083,2049,2049,13,7,-26,-40,0,0,0,1,100,0,262,-64,16,-152,3,9,-0.35,-0.072,1.009
3169,3251,1397,1985,2017,2082,2049,2047,11,1,-24,-26,0,0,0,0,160,0,215,-361,16,-149,7,10,-0.161,-0.097,1.013,-47,-26,21,-1,0,0,0,0,3206,3268,1225,1707,2018,2059,2048,2047,-22,1,14,0,1,0,0,0,-11,0,472,-774,16,-47,11,10,-0.071,-0.081,1.002
2935,3268,1355,1662,2018,2059,2048,2047,-45,0,19,0,1,0,0,0,-21,0,517,-619,16,-46,11,10,-0.106,-0.068,1.09,-14,-24,2,37,0,0,0,0,2478,3268,1537,1699,2018,2059,2049,2050,-8,0,13,36,0,1,0,2,13,0,490,-45,16,-44,5,-10,-0.167,-0.067,0.983
2376,3265,1540,1936,2017,2059,2052,2051,-22,0,0,33,0,0,3,1,13,0,531,0,17,-47,-3,-7,-0.149,-0.042,0.981,-13,-44,-21,-37,0,0,0,0,2219,3259,1551,2077,2010,2059,2049,2048,-11,1,-8,-29,2,0,0,0,13,0,164,-112,22,-46,7,10,-0.06,-0.055,1.061
2131,3261,1426,1853,2011,2055,2040,2048,-8,1,-16,-23,1,0,-2,0,0,0,89,-217,21,-32,41,10,0.115,-0.081,1.013,11,-35,59,28,0,0,0,0,2030,3269,1406,1694,2011,2054,2039,2053,0,3,40,29,1,0,0,1,42,0,575,-261,18,-25,49,-11,-0.189,-0.044,0.981
2028,3270,1753,1858,2010,2054,2051,2054,-1,1,48,18,0,0,0,1,118,0,784,-151,18,-25,0,-11,-0.324,-0.008,0.965,21,-15,-35,-29,0,0,0,0,2027,3262,1940,1960,2011,2062,2051,2046,0,1,-1,-18,1,0,0,0,409,0,365,-192,19,-59,-2,10,-0.251,-0.002,0.993
2214,3266,1715,1843,2012,2062,2049,2040,47,2,-27,-18,1,0,0,0,261,0,303,-519,19,-59,6,9,-0.122,-0.004,1.053,-3,-34,-18,19,0,0,0,0,2461,3269,1393,1672,2012,2056,2048,2039,1,1,-16,0,1,0,0,1,152,0,170,-426,19,-34,11,11,0.036,-0.042,1.012
2513,3268,1284,1732,2012,2056,2047,2042,17,1,-17,13,0,0,0,5,60,0,117,-129,19,-35,14,11,-0.025,-0.134,1.047,32,-6,30,-39,0,0,0,0,2635,3266,1204,1791,2011,2055,2048,2052,10,1,9,-12,0,0,0,1,96,0,411,-468,18,-30,14,-9,0.027,-0.167,1.016
2658,3274,1316,1658,2014,2044,2047,2052,0,1,20,-14,1,0,0,1,364,0,794,-923,16,16,14,-9,-0.109,-0.136,1.084,19,-14,0,35,0,0,0,0,3252,3250,1642,1384,2040,2085,2050,2050,25,-5,0,30,1,0,0,-1,27,0,409,16,10,-161,2,0,-0.365,-0.078,0.981
3274,3203,1642,1587,2042,2085,2051,2048,5,-4,0,26,1,0,0,1,130,0,410,149,10,-161,-1,10,-0.37,-0.107,0.964,-34,-21,28,14,0,0,0,0,3284,3132,1749,1850,2042,2085,2050,2048,0,-9,19,22,0,0,0,0,58,0,479,475,10,-161,2,10,-0.417,-0.106,0.939
3174,3058,1924,1966,2042,2085,2050,2048,-28,-16,22,12,1,0,0,0,-13,0,542,381,10,-161,2,6,-0.457,-0.094,0.921,13,-33,-29,6,0,0,0,0,2926,2863,2099,2116,2050,2084,2049,2048,0,-10,-26,0,1,0,0,0,33,0,192,318,-7,-159,4,10,-0.398,-0.123,0.941
3018,2838,1927,2121,2050,2074,2047,2043,16,-1,-27,1,1,-1,-1,-1,25,0,42,469,-7,-112,13,10,-0.349,-0.171,0.961,-41,-39,26,-51,0,0,0,0,3039,2811,1796,2035,2049,2063,2041,2043,-21,3,13,-44,2,0,1,5,-57,0,164,30,-6,-62,43,10,-0.352,-0.073,0.971
2866,2872,1887,1714,2055,2064,2049,2048,-38,1,18,-47,2,0,0,0,-144,0,525,-14,-10,-67,3,10,-0.382,-0.006,0.905,22,10,9,19,0,0,0,0,2353,2872,2029,1401,2056,2064,2050,2049,0,1,2,18,2,0,0,0,121,0,958,-1,-9,-67,2,6,-0.444,-0.007,0.928
2430,2874,2084,1529,2058,2064,2050,2049,41,1,9,18,2,0,0,1,177,0,972,0,-10,-69,2,7,-0.485,-0.034,0.913,26,-45,-35,-1,0,0,0,0,2873,2870,2162,1674,2087,2082,2050,2050,25,0,-2,0,1,0,1,1,40,0,242,-32,-20,-147,3,-7,-0.506,-0.063,0.962
3045,2857,1921,1659,2087,2082,2049,2048,33,2,-25,-2,1,0,0,-1,32,0,248,-1,-20,-147,3,10,-0.372,-0.102,0.979,-48,17,-13,-21,0,0,0,0,3174,2876,1627,1547,2082,2081,2050,2049,-16,-2,-12,-20,0,0,0,1,-105,0,88,1,-17,-144,2,-6,-0.272,-0.038,0.979
2935,2835,1528,1411,2046,2081,2051,2050,-63,-8,-12,-23,-1,0,0,1,-141,0,131,0,11,-144,-2,0,-0.251,-0.012,0.986,-17,28,-6,62,0,0,0,0,2316,2560,1408,1399,2009,2074,2049,2050,-14,-49,-4,49,1,-7,-2,1,-14,0,96,529,21,-111,3,0,-0.316,-0.083,0.971
2207,2228,1390,1651,2023,2049,2049,2050,-18,-52,-1,30,-1,0,0,0,-15,0,-2,904,14,-6,6,0,-0.318,-0.164,0.959,54,68,55,-27,0,0,0,0,2193,1372,1494,1963,2021,2050,2051,2049,20,-13,39,0,0,0,0,1,117,0,383,232,14,-8,-4,6,-0.396,0.007,0.928
2346,1382,1651,1838,2019,2054,2051,2048,0,5,0,-26,0,0,0,1,449,0,960,-17,12,-25,-3,6,-0.446,-0.026,0.937,17,62,8,27,0,0,0,0,2765,1430,1649,1747,2019,2064,2049,2048,29,5,0,26,0,0,0,0,467,0,999,-1,12,-67,2,6,-0.503,-0.017,0.92
2893,1445,1649,1919,2019,2064,2050,2050,28,-2,0,26,0,0,0,1,441,0,999,19,13,-67,2,-7,-0.459,-0.051,0.93,-35,72,3,15,0,0,0,0,3189,1363,1706,2174,2022,2071,2051,2049,0,-13,6,12,1,0,0,0,16,0,835,108,13,-97,-3,7,-0.439,-0.016,0.981
3026,1272,1723,2259,2022,2071,2051,2049,-37,-17,0,13,1,0,0,1,-16,0,850,173,13,-97,-3,4,-0.42,0.019,0.949,14,58,25,-29,0,0,0,0,2728,1033,1725,2293,2022,2071,2050,2049,0,0,0,-29,1,0,0,-1,57,0,998,-16,12,-97,1,10,-0.414,0.017,0.948
2728,1052,1725,2114,2022,2071,2050,2049,0,6,0,-28,1,0,0,-1,161,0,999,-76,12,-97,2,10,-0.379,0.119,1.607,-2,79,62,-10,0,0,0,0,2917,1100,1126,1805,2022,2069,2050,2048,0,3,-20,-6,1,0,0,0,49,0,93,78,15,-90,3,11,-0.218,-0.131,1.019
2921,1120,1065,1747,2022,2068,2050,2048,1,4,-3,-11,0,0,0,1,36,0,13,33,16,-89,2,7,-0.206,-0.088,1.011,-4,102,72,41,0,0,0,0,2920,1149,1053,1789,2015,2069,2049,2048,1,3,0,29,0,0,0,0,16,0,0,294,18,-89,6,10,-0.214,-0.197,0.986
2922,1172,1053,2048,2016,2061,2050,2048,1,4,0,51,0,0,0,0,-8,0,0,375,17,-57,3,10,-0.173,-0.236,0.985,-29,108,41,-54,0,0,0,0,2828,905,1053,2212,2017,2055,2047,2048,-38,0,0,-53,1,-2,0,1,-38,0,0,3,17,-34,11,8,-0.042,-0.135,1.01
2584,932,1053,1848,2030,2048,2053,2047,-30,4,0,-52,1,0,0,1,-17,0,-1,0,12,-1,-11,8,-0.021,-0.142,1.026,2,102,62,26,0,0,0,0,2354,956,1054,1542,2012,2050,2050,2048,4,1,0,24,0,0,0,0,12,0,0,15,20,-9,2,11,-0.07,-0.123,1.034
2369,964,1057,1658,2013,2050,2050,2049,4,2,1,20,1,0,0,1,8,0,-1,260,19,-9,2,6,-0.139,-0.155,1.02,-7,66,10,-4,0,0,0,0,2374,995,1058,1825,2028,2048,2049,2048,-6,4,0,0,-1,0,0,0,-16,0,0,379,13,-4,3,11,-0.103,-0.178,1.011
2324,1014,1058,1825,2028,2048,2050,2048,-6,4,0,0,1,0,0,0,-16,0,0,267,13,-4,3,11,-0.089,-0.167,1.022,16,58,42,31,0,0,0,0,2309,1046,1067,1879,2037,2048,2049,2048,13,3,0,24,0,0,0,0,15,0,0,482,11,-2,5,10,-0.122,-0.204,1.026
2421,1070,1065,2138,2036,2049,2051,2048,16,3,-2,36,0,0,0,0,13,0,2,271,11,-4,-1,10,-0.075,-0.224,0.979,5,60,34,-58,0,0,0,0,2575,888,1058,2190,2034,2047,2050,2049,1,4,-2,-58,1,-1,0,1,13,0,3,-8,12,0,3,-7,-0.05,-0.196,0.968
2573,914,1049,1785,2041,2048,2053,2047,0,6,0,-61,0,0,0,1,24,0,0,0,12,-1,-11,11,-0.059,-0.118,1.065,16,105,75,4,0,0,0,0,2591,930,1042,1362,2016,2049,2050,2050,6,1,0,4,1,0,0,0,116,0,0,-14,17,-6,3,-7,-0.111,-0.11,1.021
2041,2053,2055,2049,2077,1968,2031,2050,1,-1,0,0,1,0,0,1,8,-10,2,-2,-7,-1,-1,-7,-0.029,-0.016,1.047,42,55,-13,23,0,0,0,0,2194,2238,1999,2126,2077,1969,2033,2050,59,51,-6,21,0,0,0,1,23,43,-13,101,-7,-5,-9,-7,-0.151,0.08,0.951
2546,2567,1932,2238,2075,1968,2032,2049,53,52,-16,12,0,0,0,0,-14,90,-96,275,12,-3,-8,0,0.171,0.103,1.088,-22,1,-19,-3,0,0,0,0,2864,3075,1706,2464,2076,1992,2031,2049,0,2,-19,0,2,0,0,0,-123,20,68,27,-7,-103,0,0,-0.075,0.056,1.005
2862,3080,1583,2448,2074,1992,2031,2049,1,5,-19,-2,0,0,0,0,-341,20,9,9,11,-103,0,0,-0.022,0.007,1.028,-28,-5,-10,-6,0,0,0,0,2382,3086,1382,2396,2013,1991,2031,2047,-47,1,-11,-6,-9,0,1,-1,-43,14,85,11,38,-99,-3,7,0.036,0.034,1.052
2117,3063,1316,2359,1998,1990,2030,2047,-30,-5,-6,-5,1,0,0,-1,-15,-10,80,-1,53,-94,4,11,0.182,-0.009,1.006,62,-51,-1,-40,0,0,0,0,2058,2850,1228,2236,2025,1975,2027,2050,48,-34,-6,-24,4,0,0,4,100,-48,97,-418,24,-31,15,-10,0.17,-0.052,1.028
2383,2750,1190,2076,2039,1975,2027,2051,46,2,-10,-14,0,0,0,0,231,-434,229,-866,18,-31,15,-8,0.174,0.027,1.003,-28,22,71,-45,0,0,0,0,2743,2752,1218,2075,2044,1975,2028,2074,-1,0,20,0,2,0,0,1,139,-501,929,-1000,14,-31,12,-12,0.063,0.056,1.032
2665,2752,1368,2074,2045,1975,2028,2074,-28,0,32,0,2,0,0,0,47,-250,906,-1000,13,-31,12,-12,0.028,0.033,1.076,41,-30,42,20,0,0,0,0,2460,2809,1537,2074,2045,1974,2028,2074,1,0,0,0,0,0,0,0,309,-367,999,-633,13,-29,12,-13,-0.123,0.063,0.984
2715,2810,1591,2131,2046,1968,2028,2074,79,0,50,17,1,-8,0,0,211,-741,905,-301,14,-10,13,-13,-0.194,-0.046,1.043,-28,7,11,-7,0,0,0,0,3237,2634,2061,2271,2050,1971,2028,2074,1,0,21,0,2,0,0,1,-45,-505,454,-362,14,-15,13,-13,-0.203,-0.079,1.034
3174,2634,2153,2270,2062,1971,2028,2073,-21,0,10,0,1,0,0,0,-158,-412,376,-556,10,-15,13,-12,-0.215,0.01,1.037,11,17,9,-21,0,0,0,0,2868,2634,2264,2174,2067,1971,2028,2072,0,1,15,-4,1,0,0,1,-16,-202,447,-771,10,-15,13,-12,-0.203,-0.006,1.014
2869,2712,2310,2053,2067,1971,2028,2073,3,1,3,-21,0,0,0,1,25,-145,502,-860,10,-14,13,-12,0.221,-0.109,0.891,-25,8,-33,2,0,0,0,0,2889,2911,2383,1843,2093,1968,2035,2081,-27,0,-47,-3,0,0,0,1,-14,-222,-128,-632,-12,-3,-14,-16,0.411,-0.081,0.986
2758,2910,2214,1838,2095,1969,2034,2081,-12,1,-23,0,1,0,0,1,-38,-142,-345,-552,-12,-6,-13,-16,0.409,0.015,0.924,-35,-43,10,4,0,0,0,0,2683,2908,2049,1828,2096,1969,2034,2080,-5,1,0,0,2,0,0,0,-431,-388,-560,-368,-11,-6,-13,-15,0.431,0.031,0.937
2632,2857,2049,1829,2097,1969,2034,2080,0,0,0,0,1,0,0,1,-738,-713,-277,-258,-11,-6,-13,-15,0.458,0.016,0.933,0,8,-40,10,0,0,0,0,2549,2837,2114,1884,2098,1969,2034,2080,1,-3,0,5,1,0,0,0,-633,-573,-908,-170,-10,-6,-13,-16,0.431,0.013,0.96
2549,2805,2114,1943,2098,1969,2034,2081,1,-7,0,13,1,0,0,1,-622,-399,-1000,-129,-10,-6,-13,-17,0.456,0.022,0.935,-15,-22,-6,-19,0,0,0,0,2549,2719,2115,2011,2098,1969,2034,2080,1,-1,0,-3,1,0,0,0,-661,-379,-1000,-442,-10,-8,-13,-14,0.46,0.039,0.906
2549,2716,2071,1950,2098,1969,2032,2079,1,1,-61,-21,1,0,0,0,-641,-625,-852,-737,-12,-6,-6,-13,0.394,0.024,0.928,13,-24,-40,-20,0,0,0,0,2945,2717,1739,1852,2097,1968,2031,2078,38,0,-45,-8,0,0,0,0,0,-657,-367,-971,-12,-3,-2,-13,0.451,0.027,1.0
3238,2718,1471,1852,2097,1969,2032,2078,35,1,-15,0,1,0,1,0,0,-649,-358,-1000,-11,-6,-3,-14,0.462,0.036,0.901,-3,-38,6,46,0,0,0,0,3258,3232,1305,1690,2097,1969,2032,2066,1,1,0,46,1,0,0,0,0,0,-850,1,-11,-7,-5,-12,0.459,0.142,0.917
3258,3223,1305,1984,2097,1969,2032,2065,1,-4,0,48,1,0,0,0,0,0,-680,73,-12,-8,-5,-12,0.432,0.114,0.901,-30,-5,61,-60,0,0,0,0,3256,3172,1505,2170,2092,1965,2028,2050,-1,-2,45,-38,0,0,0,1,0,0,-147,-304,-12,9,11,5,0.175,-0.037,1.066
3251,3209,1860,1732,2089,1964,2032,2049,0,36,59,-55,-1,0,0,1,0,0,49,-166,-12,13,-6,0,0.382,0.015,0.938,-13,-62,-60,-1,0,0,0,0,3217,3265,2121,1444,2078,1968,2023,2048,-3,0,-51,-16,1,0,0,0,0,0,-141,-855,-8,-1,33,6,0.391,0.004,0.931
3208,3265,1709,1397,2077,1967,2023,2048,9,0,-48,0,0,0,0,0,0,0,-112,-685,-7,2,32,6,0.503,0.056,0.917,-16,-6,16,54,0,0,0,0,3255,3263,1366,1490,2080,1968,2036,2050,1,-1,0,51,1,0,0,2,0,0,-357,-22,-12,-2,-19,-7,0.407,0.085,0.952
3256,3258,1440,1826,2080,1966,2033,2049,0,-1,7,50,1,0,0,1,0,0,-212,28,-11,7,-10,0,0.458,0.113,1.087,-30,-18,3,-44,0,0,0,0,3253,3245,1549,2105,2079,1968,2030,2048,-1,0,0,-41,1,0,0,1,0,0,-84,-186,-12,-4,5,7,0.292,0.063,0.967
3255,3246,1567,1784,2078,1966,2032,2047,2,5,0,-38,1,0,0,0,0,0,-73,-85,-12,3,-3,10,0.316,-0.014,1.029,-26,-12,18,-5,0,0,0,0,3252,3262,1650,1542,2075,1967,2032,2047,0,1,13,0,2,0,0,-1,0,0,11,-614,6,2,-4,9,0.352,0.065,0.957
3251,3262,1752,1515,2076,1967,2032,2048,0,1,16,-9,1,0,0,1,0,0,90,-650,7,0,-4,7,0.355,0.053,0.978,-42,-9,9,-12,0,0,0,0,3248,3264,1931,1471,2076,1967,2031,2048,0,1,8,0,0,0,0,0,0,0,103,-849,3,2,0,5,0.397,0.014,0.92
3231,3266,1997,1409,2076,1966,2028,2048,-6,1,13,-9,0,0,0,1,0,0,83,-936,7,3,11,5,0.404,0.014,0.937,-14,-17,-48,1,0,0,0,0,3179,3266,1890,1374,2078,1966,2028,2049,-4,1,-45,-1,1,0,0,0,0,0,-62,-848,-7,3,12,6,0.468,0.066,0.884
3231,3266,1585,1373,2078,1967,2027,2048,18,1,-46,0,1,0,0,0,0,0,-141,-815,-8,2,16,7,0.385,0.055,0.897,-15,-62,20,9,0,0,0,0,3257,3260,1349,1555,2080,1968,2035,2051,1,0,0,4,0,0,0,2,0,0,-370,-20,-12,-3,-17,-12,0.406,0.091,0.965
3256,3260,1445,1590,2080,1967,2032,2051,0,0,14,5,0,0,0,1,0,0,-203,-18,-11,1,-5,-12,0.35,0.059,0.98,-49,-5,-16,-22,0,0,0,0,3253,3260,1558,1636,2078,1966,2033,2051,0,0,-5,0,0,0,0,1,0,0,-308,-2,-7,4,-5,-12,0.386,0.06,0.967
3255,3259,1502,1637,2078,1967,2032,2048,1,0,-20,0,0,0,0,-2,0,0,-542,0,-10,4,-6,7,0.373,0.1,0.937,-17,-24,43,45,0,0,0,0,3256,3259,1491,1645,2078,1966,2033,2051,0,0,38,4,0,0,0,0,0,0,-216,-8,-7,5,-7,-10,0.284,0.064,1.003
3252,3259,1730,1690,2076,1967,2033,2051,0,0,38,8,0,0,0,2,0,0,1,-23,7,2,-8,-12,0.235,0.062,1.009,-23,-32,15,-13,0,0,0,0,3245,3259,2109,1818,2076,1967,2032,2050,-1,0,15,8,0,0,0,1,0,0,105,-28,7,2,-5,-12,0.149,0.033,1.009
3214,3258,2227,1869,2075,1966,2029,2050,-5,-1,22,3,0,0,0,0,0,0,37,-16,11,6,6,-8,0.154,0.001,0.971,-20,-21,-18,31,0,0,0,0,3168,3258,2296,1878,2077,1966,2030,2050,-3,0,-14,0,2,-1,0,0,0,0,-97,0,-10,4,4,-7,0.202,0.011,1.016
3142,3257,2186,1878,2077,1967,2032,2048,-4,0,-16,0,1,0,0,0,0,0,-145,0,-11,4,-5,7,0.215,0.027,1.012,2,-57,9,31,0,0,0,0,3112,3257,2057,1877,2077,1966,2032,2050,2,0,1,0,1,0,0,1,0,0,-30,0,-7,3,-5,-8,0.211,0.019,1.027
3095,3256,2117,1878,2077,1966,2032,2051,-4,0,9,0,0,0,0,1,0,0,-6,0,-7,6,-5,-11,0.204,-0.004,1.019,4,-49,-46,14,0,0,0,0,3056,3256,2024,1884,2078,1967,2032,2048,3,1,-39,-1,1,0,-1,0,0,0,-189,0,-7,3,-6,7,0.276,0.046,0.953
3161,3257,1710,1883,2078,1966,2032,2049,29,1,-54,0,0,0,0,0,0,0,-184,-1,-7,4,-5,0,0.337,0.074,0.983,-14,-42,27,-11,0,0,0,0,3255,3256,1472,1877,2079,1966,2031,2051,0,0,6,0,1,0,0,2,0,0,-198,0,-12,3,-2,-10,0.27,0.045,0.974
3253,3256,1627,1880,2077,1966,2031,2051,0,0,22,0,0,0,0,2,0,0,-24,-1,-7,7,-2,-12,0.236,0.053,1.012,-52,-22,-14,-30,0,0,0,0,3251,3256,1780,1897,2078,1967,2032,2048,0,0,-10,0,1,0,0,0,0,0,-97,-1,-7,3,-6,7,0.225,0.039,0.999
3252,3256,1702,1897,2078,1966,2031,2048,2,0,-10,0,1,0,0,0,0,0,-163,0,-7,7,-2,7,0.263,0.044,0.997,-29,-26,-13,-19,0,0,0,0,3253,3256,1596,1893,2078,1967,2032,2048,2,0,-1,0,0,0,0,1,0,0,-418,0,-9,3,-5,7,0.333,0.043,0.915
3255,3256,1545,1893,2079,1967,2032,2048,0,0,-6,0,1,0,0,2,0,0,-568,0,-10,3,-6,7,0.309,0.079,0.982,-39,-54,1,-35,0,0,0,0,3256,3256,1498,1893,2079,1967,2032,2047,0,0,0,0,1,0,0,0,0,0,-789,0,-10,3,-8,7,0.341,0.074,0.97
2048,2052,2048,2048,2049,2049,2053,2048,0,-1,0,0,1,0,0,2,0,-9,-2,-1,0,-1,0,-7,0.059,0.016,1.036,47,35,6,-14,0,0,0,0,2228,2187,2047,2005,2049,2050,2052,2049,48,39,1,-10,2,0,0,0,26,18,111,-82,-7,-7,2,-11,0.025,-0.044,1.069
2549,2456,2070,1933,2050,2051,2055,2049,37,38,3,-12,0,0,0,0,29,12,187,-179,-7,-9,-9,-7,-0.189,0.008,1.009,-15,-15,-36,12,0,0,0,0,2904,2716,1988,1832,2050,2051,2054,2046,0,-4,-29,6,0,0,0,-1,-27,-45,10,11,-7,-9,-5,11,-0.04,-0.022,1.044
2879,2678,1761,1884,2049,2049,2051,2039,-6,-19,-34,6,-1,0,0,0,-86,-91,-16,131,-2,-2,7,10,-0.015,-0.061,1.044,-9,8,28,17,0,0,0,0,2798,2554,1610,2022,2045,2050,2045,2026,-11,-5,24,20,-1,0,0,1,-177,-45,-4,266,11,-4,34,12,0.009,-0.029,1.02
2736,2517,1793,2148,2042,2051,2055,2028,-13,0,27,15,0,0,0,1,-165,14,0,212,11,-8,-9,11,-0.137,-0.039,1.009,6,37,-5,-5,0,0,0,0,2626,2616,1996,2267,2049,2068,2054,2037,1,38,-2,0,1,6,0,1,-79,88,-39,178,-7,-81,-5,11,-0.167,0.017,0.989
2625,2947,1948,2272,2059,2074,2053,2042,1,45,-5,-3,0,0,0,1,-41,35,17,9,-12,-106,-2,11,-0.086,0.053,1.042,10,-15,-10,-8,0,0,0,0,2698,3221,1862,2198,2060,2074,2053,2044,13,-16,-11,-5,1,0,0,1,-29,-13,15,-1,-12,-106,-2,11,-0.067,0.017,1.01
2759,3114,1794,2144,2059,2074,2053,2045,10,-16,-10,-6,0,0,0,1,-25,-13,10,0,-12,-106,-2,11,-0.085,0.019,1.054,-6,-3,34,-36,0,0,0,0,2834,3029,1818,1954,2053,2073,2053,2048,0,2,27,-35,0,0,0,0,-49,-24,230,-118,-11,-103,-1,0,-0.156,0.003,1.051
2749,3035,2019,1743,2052,2073,2053,2047,-15,2,34,-32,0,0,0,1,-16,-41,353,-256,-11,-103,-1,6,-0.188,-0.01,0.995,31,8,-7,9,0,0,0,0,2715,3069,2281,1446,2051,2072,2051,2048,32,-1,0,8,1,0,0,1,70,-48,245,-18,-11,-101,5,0,-0.294,-0.021,0.979
2953,3111,2265,1507,2050,2072,2051,2046,37,13,-7,10,0,0,0,0,42,-44,111,-13,-7,-100,7,10,-0.064,-0.114,0.977,-39,-32,-8,38,0,0,0,0,3233,3214,2223,1755,2065,2050,2052,2050,-3,-10,-2,40,5,0,0,1,-165,-304,-93,0,-12,-6,1,-10,0.141,0.059,0.994
2928,3021,2186,2018,2052,2048,2049,2048,-43,-57,0,40,1,0,0,1,-81,-253,-162,0,-12,3,15,0,0.203,0.072,0.951,-2,-6,-49,-11,0,0,0,0,2693,2582,2049,2285,2052,2050,2052,2049,2,0,-38,-10,1,0,0,0,-165,-86,-766,-173,-9,-6,3,-6,0.337,0.14,1.074
2723,2571,1986,2237,2052,2050,2052,2048,1,0,0,-6,1,0,0,0,-216,-121,-998,-282,-9,-6,3,0,0.366,0.129,0.983,19,-9,16,-30,0,0,0,0,2723,2573,1931,2108,2052,2049,2051,2046,1,1,0,-8,1,0,0,0,-102,-246,-697,-654,-10,-3,6,8,0.481,0.116,0.921
2774,2575,1928,2053,2051,2047,2051,2046,11,1,-1,0,0,0,0,0,-34,-340,-230,-990,-12,4,6,8,0.423,0.077,0.941,3,-7,-7,11,0,0,0,0,2862,2575,2007,2053,2050,2048,2051,2046,4,1,-1,0,0,0,0,0,-8,-519,-156,-799,-7,4,6,9,0.427,0.085,0.928
2883,2575,1982,2053,2050,2047,2051,2046,4,1,0,0,0,0,0,0,-8,-615,-249,-485,-7,4,6,9,0.43,0.099,0.951,-33,30,-25,-28,0,0,0,0,2892,2574,1854,2073,2049,2048,2051,2046,-10,0,-6,-2,1,0,0,0,-124,-375,-403,-711,0,1,6,8,0.533,0.116,0.883
2882,2606,1750,1949,2049,2049,2051,2046,1,23,-21,-27,1,0,0,0,-469,-151,-686,-917,0,-1,6,9,0.53,0.156,0.915,-12,-31,-26,-7,0,0,0,0,2884,2822,1627,1725,2050,2049,2051,2046,0,0,0,0,1,0,0,0,-686,-371,-999,-990,-3,-1,6,7,0.532,0.123,0.876
2884,2822,1627,1725,2050,2049,2051,2046,0,1,0,0,1,0,0,0,-667,-662,-1000,-1000,-4,-1,6,7,0.526,0.119,0.872,-41,-14,43,-25,0,0,0,0,2884,2822,1635,1725,2050,2048,2051,2046,0,1,20,0,1,0,0,0,-673,-665,-254,-1000,-6,-1,6,7,0.434,0.091,0.9
2688,2813,1928,1907,2050,2048,2051,2047,-58,-17,46,68,1,0,0,1,-543,-655,-243,-277,-6,1,4,5,0.464,0.119,0.924,-10,-6,11,-32,0,0,0,0,2607,2329,2279,2473,2047,2050,2053,2050,10,-18,9,18,0,0,0,1,0,-118,-98,-68,12,-6,0,-11,0.295,0.138,1.022
2624,2248,2352,2563,2047,2050,2054,2050,1,-11,9,6,1,0,0,1,0,-83,-92,-33,7,-6,-4,-11,0.307,0.103,0.968,-22,-7,-30,-4,0,0,0,0,2623,2222,2356,2566,2051,2050,2054,2046,1,-13,-20,0,1,0,0,-1,0,-135,-305,0,-11,-7,-5,10,0.383,0.175,0.927
2671,2175,2206,2567,2051,2050,2054,2046,14,-3,-18,0,0,0,0,-1,0,-147,-524,0,-10,-7,-5,9,0.392,0.221,0.917,-7,11,-28,-74,0,0,0,0,2914,2103,1832,2567,2049,2050,2054,2047,34,0,-25,0,0,0,0,0,0,-66,-461,0,-10,-6,-5,10,0.347,0.21,0.877
3182,2117,1582,2568,2049,2048,2054,2048,42,12,-34,0,0,0,0,2,0,-27,-210,0,0,3,-5,0,0.345,0.272,0.933,-7,36,25,-22,0,0,0,0,3254,2300,1476,2568,2048,2049,2054,2049,1,30,5,0,0,1,0,1,0,18,-230,0,7,-3,-5,-7,0.302,0.261,0.909
3251,2517,1609,2569,2047,2049,2054,2049,-1,30,22,0,2,0,0,0,0,31,-25,-1,7,-3,-5,-7,0.225,0.279,0.968,-28,10,17,-65,0,0,0,0,3249,2848,1862,2571,2049,2049,2055,2046,0,12,13,0,1,0,0,0,0,22,8,0,0,-3,-6,10,0.224,0.271,0.959
3247,2917,1962,2570,2050,2048,2054,2046,-1,12,12,0,1,0,0,0,0,21,68,0,-12,-1,-6,11,0.179,0.25,0.977,-28,-36,21,-37,0,0,0,0,3219,2889,2203,2571,2047,2046,2054,2044,-4,-37,27,0,-1,0,0,0,0,-19,18,0,7,8,-4,11,0.209,0.217,0.967
3194,2644,2353,2571,2047,2047,2054,2039,-2,-35,21,0,0,0,0,0,0,-19,0,0,11,5,-4,11,0.283,0.146,0.996,-28,25,-71,-5,0,0,0,0,3172,2450,2270,2571,2048,2049,2054,2045,0,14,-58,0,1,0,0,2,0,14,-297,0,7,-4,-4,11,0.236,0.184,0.783
3165,2575,1769,2572,2051,2044,2054,2047,13,22,-65,0,1,0,0,1,0,34,-207,0,-12,17,-5,7,0.289,0.283,0.933,-53,13,51,-14,0,0,0,0,3257,2841,1469,2572,2049,2044,2054,2046,0,13,47,0,0,0,0,0,0,23,-288,0,0,17,-4,7,0.196,0.239,0.958
3251,2932,1743,2572,2050,2044,2054,2046,0,14,44,0,0,0,0,0,0,21,6,0,-12,17,-6,11,0.267,0.301,1.081,-61,-19,-42,-55,0,0,0,0,3225,2991,1973,2572,2050,2044,2054,2038,-2,-17,-35,0,0,0,0,1,0,-15,-62,0,-7,18,-5,11,0.227,0.256,1.008
3245,2862,1714,2572,2050,2044,2054,2039,5,-19,-42,0,0,0,0,1,0,-14,-172,0,-12,18,-4,11,0.282,0.278,0.949,-61,15,25,-48,0,0,0,0,3256,2731,1504,2572,2049,2044,2054,2046,1,14,1,0,0,0,0,0,0,26,-214,0,0,18,-3,11,0.258,0.266,0.891
3252,2836,1635,2572,2050,2044,2054,2046,0,15,20,0,0,0,0,1,0,24,-9,0,-9,18,-5,10,0.199,0.284,0.97,-32,-19,-32,-45,0,0,0,0,3251,2914,1707,2572,2050,2044,2054,2045,0,-18,-25,0,1,0,0,0,0,-14,-123,0,-7,18,-4,11,0.217,0.252,0.964
3254,2785,1554,2572,2049,2044,2054,2046,2,-18,-18,0,0,0,0,1,0,-14,-383,0,4,18,-4,7,0.278,0.286,0.945,-49,-6,16,-39,0,0,0,0,3258,2598,1411,2572,2048,2044,2052,2046,0,-3,0,0,1,0,0,-1,0,-14,-549,0,6,18,4,11,0.301,0.314,0.883
3259,2558,1453,2572,2047,2044,2053,2047,-1,-4,15,0,0,0,0,0,0,-14,-264,0,11,18,0,7,0.288,0.307,0.928,-53,7,-4,-62,0,0,0,0,3256,2530,1539,2572,2047,2043,2054,2046,1,1,0,0,0,0,0,0,0,15,-173,0,11,21,-4,11,0.277,0.298,0.944
3256,2552,1539,2572,2047,2043,2054,2046,1,8,0,0,0,0,0,0,0,24,-286,0,11,21,-4,11,0.276,0.289,0.945,-10,32,41,-7,0,0,0,0,3254,2740,1631,2572,2050,2043,2054,2046,0,33,35,0,-1,0,0,0,0,34,-14,0,-12,21,-5,11,0.182,0.257,0.966
3252,2962,1878,2572,2051,2042,2055,2046,0,33,42,0,1,0,0,0,0,30,79,0,-11,24,-5,11,0.199,0.286,0.944,-31,-5,-41,-51,0,0,0,0,3217,3234,2071,2572,2050,2044,2054,2037,-3,-8,-36,0,0,0,0,1,0,-1,-140,0,-11,16,-5,11,0.242,0.292,0.932
3207,3199,1810,2572,2051,2044,2054,2038,6,-9,-33,0,1,0,0,0,0,4,-207,0,-12,17,-5,11,0.25,0.284,0.979,-19,-58,17,-40,0,0,0,0,3252,2942,1546,2572,2050,2043,2054,2039,1,-57,5,0,0,0,0,1,0,-29,-133,0,-7,20,-5,11,0.267,0.286,0.953
3250,2547,1639,2572,2051,2043,2054,2039,0,-43,15,0,1,0,0,1,0,-35,-8,0,-12,20,-5,10,0.251,0.277,0.962,-5,21,-32,-8,0,0,0,0,3250,2278,1652,2572,2050,2044,2054,2038,1,0,-27,0,0,0,0,0,0,-72,-129,0,-7,16,-5,11,0.269,0.287,0.953
3254,2306,1524,2572,2049,2044,2054,2040,2,27,-13,0,0,0,0,2,0,0,-490,0,0,16,-5,11,0.3,0.309,0.888,-35,-4,-5,-11,0,0,0,0,3260,2452,1372,2572,2048,2044,2053,2042,0,0,0,0,0,0,0,1,0,-14,-992,0,-2,16,-1,10,0.328,0.34,0.909
3259,2448,1371,2572,2049,2043,2053,2042,0,-1,0,0,0,0,0,1,0,-23,-1000,0,3,16,0,10,0.344,0.36,0.915,-40,3,36,-61,0,0,0,0,3260,2427,1373,2572,2048,2044,2054,2047,1,1,3,0,0,0,0,1,0,-19,-347,0,7,17,-3,7,0.365,0.322,0.996
3257,2427,1562,2572,2050,2043,2054,2043,-1,2,31,0,1,0,0,0,0,-14,-64,0,-9,20,-5,11,0.25,0.292,0.967,-32,-19,-3,-25,0,0,0,0,3252,2431,1800,2572,2051,2043,2054,2043,0,-4,0,0,1,0,0,0,0,-56,21,0,-12,21,-5,11,0.251,0.274,0.959
2041,1999,1971,1986,2050,2048,2067,2048,1,2,0,0,-1,0,0,-1,12,13,49,24,-1,-2,-5,-7,0.095,0.027,1.019,0,0,0,0,0,0,0,0,2044,2001,1981,1992,2047,2047,2063,2046,0,1,4,0,1,0,0,1,8,13,7,-3,7,3,11,11,0.201,0.044,1.034
2046,2010,1984,1996,2047,2047,2063,2046,1,1,0,0,-1,0,0,1,-12,-14,-8,-20,12,3,11,7,0.157,0.041,1.023,0,0,0,0,0,0,0,0,2046,2008,1983,1992,2048,2047,2064,2046,0,0,0,0,1,0,0,1,-12,9,-7,-4,7,3,7,7,0.08,0.019,1.032
2045,2006,1981,1990,2049,2047,2065,2047,0,0,-1,0,0,0,0,1,-8,10,1,4,0,3,3,0,0.055,0.025,1.042,0,0,0,0,0,0,0,0,2043,2007,1980,1990,2049,2047,2065,2048,2,-1,0,0,0,0,0,1,8,11,7,4,-4,3,3,-7,0.059,0.019,1.019
2036,2195,2017,2094,2029,2050,2048,2045,0,1,0,0,-3,0,0,0,-13,-17,-4,-5,-9,-4,-5,0,0.033,0.031,1.032,0,0,0,0,0,0,0,0,2036,2195,2017,2094,2022,2050,2048,2045,0,1,0,0,0,0,0,1,-9,-17,-5,-5,-12,-4,-5,0,0.04,0.037,1.036
2036,2195,2017,2094,2022,2050,2048,2045,1,1,0,0,0,0,0,1,-9,-17,-5,-5,-12,-4,-5,0,0.052,0.037,1.026,0,0,0,0,0,0,0,0,2036,2195,2017,2094,2021,2050,2048,2044,0,1,0,0,0,0,0,1,-9,-17,-5,-5,-12,-3,-5,2,0.044,0.041,1.034
2036,2195,2017,2094,2021,2050,2048,2045,0,1,0,0,0,0,0,1,-9,-17,-5,-5,-12,-3,-5,7,0.049,0.031,1.025,0,0,0,0,0,0,0,0,2036,2195,2017,2094,2021,2050,2048,2044,0,1,0,0,1,0,0,1,-9,-17,-5,-5,-8,-4,-5,7,0.044,0.041,1.035
2036,2195,2017,2094,2020,2050,2048,2044,0,1,0,0,1,0,0,0,-9,-17,-5,-5,-11,-3,-5,7,0.043,0.041,1.036,0,0,0,0,0,0,0,0,2036,2195,2017,2094,2020,2050,2048,2044,0,1,0,0,1,0,0,1,-9,-17,-5,-5,-12,-3,-5,7,0.043,0.038,1.033
2036,2195,2017,2094,2020,2050,2048,2044,0,1,0,0,1,0,0,0,-9,-17,-5,-5,-12,-3,-5,7,0.041,0.039,1.035,0,0,0,0,0,0,0,0,2036,2195,2017,2094,2021,2050,2048,2044,0,1,0,0,1,0,0,0,-9,-17,-5,-5,-12,-3,-5,7,0.053,0.025,1.034
2036,2195,2017,2094,2020,2050,2048,2044,0,1,0,0,1,0,0,0,-9,-17,-5,-5,-12,-3,-5,7,0.044,0.038,1.037,0,0,0,0,0,0,0,0,2036,2195,2017,2094,2020,2050,2048,2044,1,1,0,0,0,0,0,0,-9,-17,-5,-5,-8,-3,-5,7,0.044,0.044,1.036
2036,2195,2017,2094,2020,2050,2048,2044,1,1,0,0,0,0,0,0,-9,-17,-5,-5,-11,-3,-5,7,0.041,0.04,1.037,0,0,0,0,0,0,0,0,2036,2195,2017,2094,2021,2050,2048,2044,0,1,0,0,0,0,0,0,-9,-17,-5,-5,-7,-3,-5,7,0.055,0.023,1.036
2036,2195,2017,2094,2021,2051,2048,2044,0,1,0,0,0,0,0,0,-9,-18,-5,-5,-7,-3,-5,7,0.042,0.033,1.031,0,0,0,0,0,0,0,0,2036,2195,2017,2094,2020,2050,2048,2044,0,1,0,0,0,0,0,0,-9,-17,-5,-5,-7,-3,-5,7,0.043,0.042,1.033
2036,2195,2017,2094,2020,2050,2048,2044,0,1,0,0,0,0,0,0,-9,-18,-5,-5,-8,-3,-5,7,0.044,0.041,1.03,0,0,0,0,0,0,0,0,2036,2195,2017,2094,2020,2050,2048,2044,1,1,0,0,0,0,0,0,-9,-17,-5,-5,-12,-3,-5,7,0.046,0.046,1.037
2036,2195,2017,2094,2020,2050,2048,2044,1,1,0,0,0,0,0,0,-9,-17,-5,-5,-7,-3,-5,7,0.047,0.043,1.029,0,0,0,0,0,0,0,0,2036,2195,2017,2094,2021,2050,2048,2044,1,1,0,0,0,0,0,0,-9,-17,-5,-5,-8,-3,-5,7,0.045,0.038,1.024
2036,2195,2017,2094,2021,2050,2048,2044,0,1,0,0,1,0,0,0,-9,-17,-5,-5,-9,-3,-5,7,0.046,0.04,1.033,0,0,0,0,0,0,0,0,2036,2195,2017,2094,2020,2050,2048,2044,0,1,0,0,1,0,0,0,-10,-17,-5,-5,-7,-3,-5,7,0.045,0.038,1.038
2036,2195,2017,2094,2021,2050,2048,2044,0,1,0,0,0,0,0,0,-9,-17,-5,-5,-10,-3,-5,7,0.043,0.04,1.031,0,0,0,0,0,0,0,0,2036,2195,2017,2094,2020,2050,2048,2044,0,1,0,0,0,0,0,0,-9,-17,-5,-5,-10,-3,-5,7,0.046,0.035,1.036
2036,2195,2017,2094,2020,2050,2048,2044,1,0,0,0,1,0,0,0,-9,-18,-5,-5,-8,-3,-5,7,0.043,0.039,1.024,0,0,0,0,0,0,0,0,2036,2195,2017,2094,2020,2050,2048,2044,1,0,0,0,0,0,0,0,-9,-17,-5,-5,-7,-3,-5,7,0.039,0.041,1.031
2036,2195,2017,2094,2021,2050,2048,2044,1,0,0,0,0,0,0,0,-9,-18,-5,-5,-10,-3,-5,7,0.045,0.035,1.032,0,0,0,0,0,0,0,0,2036,2195,2017,2094,2020,2050,2048,2044,1,0,0,0,0,0,0,0,-11,-17,-5,-5,-8,-3,-5,7,0.045,0.034,1.03
2036,2195,2017,2094,2020,2050,2048,2044,0,0,0,0,1,0,0,0,-9,-17,-5,-5,-10,-3,-5,7,0.046,0.044,1.036,0,0,0,0,0,0,0,0,2037,2195,2017,2094,2020,2050,2048,2044,1,0,0,0,1,0,0,0,-9,-17,-5,-5,-9,-3,-5,7,0.04,0.05,1.027
2036,2195,2017,2094,2021,2050,2048,2044,0,0,0,0,0,0,0,0,-9,-17,-5,-5,-8,-3,-5,7,0.042,0.043,1.031,0,0,0,0,0,0,0,0,2036,2195,2017,2094,2020,2050,2048,2043,0,0,0,0,1,0,0,1,-8,-17,-5,-5,-8,-3,-5,7,0.046,0.034,1.03
2036,2195,2017,2094,2020,2050,2048,2044,0,0,0,0,1,0,0,1,-9,-17,-5,-5,-7,-3,-5,7,0.042,0.041,1.035,0,0,0,0,0,0,0,0,2036,2195,2017,2094,2020,2050,2048,2043,0,0,0,0,0,0,0,1,-9,-17,-5,-5,-9,-3,-5,7,0.04,0.045,1.037
2036,2195,2017,2094,2020,2050,2048,2043,1,0,0,0,1,0,0,0,-10,-17,-5,-5,-8,-3,-5,7,0.044,0.038,1.032,0,0,0,0,0,0,0,0,2036,2195,2017,2094,2020,2050,2048,2044,0,0,0,0,0,0,0,0,-10,-17,-5,-5,-8,-3,-5,10,0.045,0.038,1.027
2036,2195,2017,2094,2020,2050,2048,2043,1,0,0,0,0,0,0,-1,-12,-17,-5,-5,-8,-3,-5,7,0.042,0.032,1.031,0,0,0,0,0,0,0,0,2036,2195,2017,2094,2020,2050,2048,2044,0,0,0,0,0,0,0,0,-9,-17,-5,-5,-8,-3,-5,7,0.048,0.029,1.029
2036,2195,2017,2094,2020,2050,2048,2044,0,0,0,0,1,0,0,1,-10,-18,-5,-5,-7,-3,-5,11,0.044,0.043,1.031,0,0,0,0,0,0,0,0,2036,2195,2017,2094,2020,2050,2048,2044,1,0,0,0,1,0,0,1,-10,-17,-5,-5,-8,-3,-5,7,0.043,0.044,1.024
2036,2195,2017,2094,2020,2050,2048,2043,1,0,0,0,1,0,0,0,-9,-17,-5,-5,-8,-3,-5,7,0.037,0.044,1.021,0,0,0,0,0,0,0,0,2036,2195,2017,2094,2020,2050,2048,2043,0,0,0,0,0,0,0,-1,-9,-17,-5,-5,-8,-3,-5,12,0.048,0.043,1.041
2036,2195,2017,2094,2020,2050,2048,2044,1,0,0,0,0,0,0,1,-11,-17,-5,-5,-8,-3,-5,7,0.044,0.06,1.033,0,0,0,0,0,0,0,0,2036,2195,2017,2094,2020,2050,2048,2043,0,0,0,0,0,0,0,0,-11,-17,-5,-5,-8,-3,-5,12,0.049,0.046,1.033
2036,2195,2017,2094,2020,2050,2048,2044,1,0,0,0,0,0,0,1,-9,-17,-5,-5,-7,-3,-5,7,0.045,0.043,1.029,0,0,0,0,0,0,0,0,2036,2195,2017,2094,2020,2050,2048,2043,1,0,0,0,1,0,0,1,-9,-17,-5,-5,-8,-3,-5,7,0.046,0.036,1.031
2036,2195,2017,2094,2020,2050,2048,2043,0,0,0,0,1,0,0,0,-9,-17,-5,-5,-9,-3,-5,11,0.044,0.038,1.031,0,0,0,0,0,0,0,0,2036,2195,2017,2094,2020,2050,2048,2043,1,0,0,0,1,0,0,0,-9,-18,-5,-5,-8,-3,-5,11,0.043,0.037,1.032
2036,2195,2017,2094,2020,2050,2048,2043,0,0,0,0,1,0,0,-1,-9,-17,-5,-5,-7,-3,-5,10,0.05,0.038,1.034,0,0,0,0,0,0,0,0,2036,2195,2017,2094,2020,2050,2048,2043,1,0,0,0,1,0,0,0,-9,-17,-5,-5,-8,-3,-5,8,0.046,0.042,1.028
2036,2195,2017,2094,2020,2050,2048,2044,1,0,0,0,1,0,0,1,-9,-17,-5,-5,-8,-3,-5,7,0.042,0.035,1.035,0,0,0,0,0,0,0,0,2036,2195,2017,2094,2021,2050,2048,2043,0,0,0,0,1,0,0,-1,-9,-17,-5,-5,-7,-4,-5,11,0.044,0.037,1.027
2036,2195,2017,2094,2020,2050,2048,2043,1,0,0,0,1,0,0,0,-9,-18,-5,-5,-7,-4,-5,12,0.041,0.038,1.036,0,0,0,0,0,0,0,0,2036,2195,2017,2094,2020,2050,2048,2043,1,0,0,0,1,0,0,0,-9,-17,-5,-5,-7,-4,-5,7,0.043,0.043,1.035
2036,2195,2017,2094,2020,2050,2048,2044,1,0,0,0,1,0,0,1,-9,-17,-5,-5,-7,-4,-5,7,0.052,0.041,1.031,0,0,0,0,0,0,0,0,2036,2195,2017,2094,2020,2050,2048,2043,0,0,0,0,1,0,0,2,-9,-17,-5,-5,-8,-4,-5,7,0.041,0.039,1.032
2036,2195,2017,2094,2020,2050,2048,2043,0,0,0,0,1,0,0,-1,-11,-17,-5,-5,-8,-4,-5,9,0.041,0.035,1.03,0,0,0,0,0,0,0,0,2036,2195,2017,2094,2020,2050,2048,2043,1,0,0,0,1,0,0,1,-9,-17,-5,-5,-8,-4,-5,11,0.042,0.035,1.029
2036,2195,2017,2094,2020,2050,2048,2044,1,1,0,0,1,0,0,1,-9,-17,-5,-5,-7,-4,-5,8,0.042,0.037,1.034,0,0,0,0,0,0,0,0,2036,2195,2017,2094,2020,2050,2048,2043,1,0,0,0,0,0,0,0,-9,-17,-5,-5,-7,-4,-5,7,0.046,0.038,1.033
2036,2195,2017,2094,2020,2050,2048,2044,0,0,0,0,0,0,0,0,-9,-17,-5,-5,-7,-4,-5,12,0.047,0.042,1.03,0,0,0,0,0,0,0,0,2036,2195,2017,2094,2020,2050,2048,2043,1,1,0,0,0,0,0,1,-9,-17,-5,-5,-7,-4,-5,10,0.049,0.049,1.037
2036,2195,2017,2094,2020,2050,2048,2043,1,1,0,0,0,0,0,1,-9,-17,-5,-5,-7,-4,-5,7,0.039,0.055,1.033,0,0,0,0,0,0,0,0,2036,2195,2017,2094,2020,2050,2048,2043,1,0,0,0,0,0,0,0,-9,-17,-5,-5,-7,-4,-5,12,0.045,0.032,1.035
2036,2195,2017,2094,2020,2050,2048,2043,1,0,0,0,0,0,0,0,-9,-17,-5,-5,-7,-4,-5,8,0.038,0.047,1.037,0,0,0,0,0,0,0,0,2036,2195,2017,2094,2020,2050,2048,2043,1,0,0,0,0,0,0,0,-9,-17,-5,-5,-7,-4,-5,11,0.044,0.038,1.032
2036,2195,2017,2094,2020,2050,2048,2043,1,0,0,0,0,0,0,0,-9,-17,-5,-5,-7,-4,-5,11,0.044,0.034,1.024,0,0,0,0,0,0,0,0,2036,2195,2017,2094,2020,2050,2048,2043,0,0,0,0,0,0,0,0,-9,-17,-5,-5,-8,-4,-5,11,0.045,0.054,1.036
2036,2195,2017,2094,2020,2050,2048,2043,0,0,0,0,0,0,0,0,-9,-17,-5,-5,-7,-4,-5,11,0.045,0.038,1.031,0,0,0,0,0,0,0,0,2036,2195,2017,2094,2020,2050,2048,2043,2,0,0,0,0,0,0,0,-13,-17,-5,-5,-7,-4,-5,8,0.044,0.042,1.034
2036,2195,2017,2094,2020,2050,2048,2043,1,0,0,0,0,0,0,0,-8,-17,-5,-5,-7,-4,-5,11,0.049,0.04,1.035,0,0,0,0,0,0,0,0,2036,2195,2017,2094,2020,2050,2048,2043,0,0,0,0,0,0,0,1,-9,-17,-5,-5,-7,-4,-5,11,0.043,0.039,1.031
2035,2195,2017,2094,2020,2050,2048,2043,-2,0,0,0,1,0,0,0,-1,-17,-5,-5,-7,-4,-5,7,0.044,0.039,1.036,0,0,0,0,0,0,0,0,2036,2195,2017,2094,2020,2051,2048,2043,1,0,0,0,0,0,0,1,-11,-17,-5,-5,-7,-4,-5,11,0.043,0.037,1.031
2036,2195,2017,2094,2020,2050,2048,2043,1,1,0,0,0,0,0,0,-9,-17,-5,-5,-7,-4,-5,8,0.042,0.042,1.039,0,0,0,0,0,0,0,0,2036,2195,2017,2094,2020,2050,2048,2043,0,0,0,0,0,0,0,1,-9,-17,-5,-5,-7,-4,-5,11,0.049,0.038,1.036
2036,2195,2017,2094,2020,2050,2048,2044,1,0,0,0,0,0,0,1,-11,-17,-5,-5,-7,-4,-5,8,0.042,0.03,1.029,0,0,0,0,0,0,0,0,2036,2195,2017,2094,2020,2050,2048,2043,1,0,0,0,0,0,0,2,-9,-18,-5,-5,-7,-4,-5,7,0.044,0.042,1.033
2036,2195,2017,2094,2020,2050,2048,2043,0,0,0,0,0,0,0,0,-9,-17,-5,-5,-7,-4,-5,11,0.045,0.039,1.033,0,0,0,0,0,0,0,0,2037,2195,2017,2094,2020,2050,2048,2043,1,0,0,0,0,0,0,0,-9,-17,-5,-5,-7,-4,-5,8,0.041,0.042,1.03
2036,2195,2017,2094,2020,2050,2048,2043,0,0,0,0,0,0,0,0,-9,-17,-5,-5,-7,-4,-5,7,0.046,0.042,1.036,0,0,0,0,0,0,0,0,2036,2195,2017,2094,2020,2050,2048,2043,0,0,0,0,0,0,0,0,-13,-17,-5,-5,-7,-4,-5,9,0.047,0.035,1.031
2036,2195,2017,2094,2020,2050,2048,2043,1,0,0,0,0,0,0,1,-9,-17,-5,-5,-8,-4,-5,8,0.033,0.051,1.057,0,0,0,0,0,0,0,0,2036,2195,2017,2094,2020,2050,2048,2043,0,0,0,0,0,0,0,1,-9,-17,-5,-5,-7,-4,-5,9,0.043,0.041,1.039
2035,2195,2017,2094,2020,2050,2048,2043,-1,0,0,0,0,0,0,2,-9,-17,-5,-5,-7,-4,-5,7,0.041,0.039,1.032,0,0,0,0,0,0,0,0,2036,2195,2017,2094,2020,2050,2048,2043,0,0,0,0,0,0,0,0,-9,-17,-5,-5,-7,-4,-5,7,0.042,0.045,1.033
2036,2195,2017,2094,2020,2050,2048,2043,0,0,0,0,0,0,0,1,-9,-17,-5,-5,-7,-4,-5,12,0.046,0.042,1.036,0,0,0,0,0,0,0,0,2036,2195,2017,2094,2020,2050,2048,2043,0,0,0,0,0,0,0,0,-9,-17,-5,-5,-8,-4,-5,9,0.045,0.038,1.03
2036,2195,2017,2094,2020,2050,2048,2043,1,0,0,0,0,0,0,0,-9,-17,-5,-5,-7,-4,-5,12,0.046,0.041,1.038,0,0,0,0,0,0,0,0,2036,2195,2017,2094,2020,2050,2048,2043,1,0,0,0,0,0,0,1,-11,-17,-5,-5,-7,-4,-5,11,0.045,0.036,1.028
2036,2195,2017,2094,2020,2050,2048,2043,1,0,0,0,0,0,0,0,-9,-17,-5,-5,-8,-4,-5,11,0.045,0.044,1.036,0,0,0,0,0,0,0,0,2036,2195,2017,2094,2020,2050,2048,2043,1,0,0,0,0,0,0,0,-10,-17,-5,-5,-7,-4,-5,11,0.046,0.037,1.034
2036,2195,2017,2094,2020,2050,2048,2043,1,0,0,0,0,0,0,0,-9,-17,-5,-5,-7,-4,-5,12,0.045,0.039,1.033,0,0,0,0,0,0,0,0,2035,2195,2017,2094,2020,2050,2048,2043,0,0,0,0,0,0,0,0,-11,-17,-5,-5,-7,-4,-5,11,0.047,0.037,1.033
2036,2195,2017,2094,2020,2050,2048,2043,1,0,0,0,0,0,0,1,-9,-17,-5,-5,-7,-4,-5,7,0.043,0.041,1.033,0,0,0,0,0,0,0,0,2036,2195,2017,2094,2020,2050,2048,2043,0,0,0,0,0,0,0,0,-11,-17,-5,-5,-7,-4,-5,11,0.04,0.039,1.039
2036,2195,2017,2094,2020,2050,2048,2043,1,1,0,0,0,0,0,2,-9,-17,-5,-5,-7,-4,-5,11,0.043,0.042,1.028,0,0,0,0,0,0,0,0,2036,2195,2017,2094,2020,2050,2048,2043,0,0,0,0,0,0,0,1,-9,-17,-5,-5,-7,-4,-5,7,0.047,0.037,1.029
2036,2195,2017,2094,2020,2050,2048,2044,0,0,0,0,0,0,0,1,-9,-17,-5,-5,-7,-4,-5,12,0.041,0.032,1.041,0,0,0,0,0,0,0,0,2036,2195,2017,2094,2020,2050,2048,2043,1,0,0,0,0,0,0,1,-10,-17,-5,-5,-7,-4,-5,7,0.043,0.04,1.033
2036,2195,2017,2094,2020,2050,2048,2043,0,1,0,0,0,0,0,1,-13,-17,-5,-5,-7,-4,-5,11,0.044,0.038,1.036,0,0,0,0,0,0,0,0,2036,2195,2017,2094,2020,2050,2048,2044,0,0,0,0,0,0,0,1,-9,-17,-5,-5,-7,-4,-5,11,0.044,0.042,1.025
2036,2195,2017,2094,2020,2050,2048,2043,1,0,0,0,0,0,0,1,-12,-17,-5,-5,-7,-4,-5,11,0.043,0.042,1.025,0,0,0,0,0,0,0,0,2036,2195,2017,2094,2020,2050,2048,2043,0,0,0,0,0,0,0,0,-9,-17,-5,-5,-7,-4,-5,9,0.044,0.04,1.038
2036,2195,2017,2094,2020,2050,2048,2043,2,0,0,0,0,0,0,1,-9,-17,-5,-5,-8,-4,-5,10,0.042,0.042,1.031,0,0,0,0,0,0,0,0,2036,2195,2017,2094,2020,2050,2048,2043,1,0,0,0,0,0,0,0,-8,-17,-5,-5,-7,-4,-5,11,0.047,0.041,1.032
2036,2195,2017,2094,2020,2050,2048,2043,0,0,0,0,0,0,0,0,-9,-17,-5,-5,-7,-4,-5,10,0.042,0.036,1.028,0,0,0,0,0,0,0,0,2036,2195,2017,2094,2020,2050,2048,2044,0,0,0,0,0,0,0,1,-9,-17,-5,-5,-7,-4,-5,8,0.042,0.039,1.035
2036,2195,2017,2094,2020,2050,2048,2043,0,0,0,0,0,0,0,1,-9,-18,-5,-5,-7,-4,-5,9,0.048,0.039,1.033,0,0,0,0,0,0,0,0,2036,2195,2017,2094,2020,2050,2048,2043,0,0,0,0,0,0,0,0,-9,-17,-5,-5,-7,-4,-5,10,0.05,0.041,1.033
2036,2195,2017,2094,2020,2050,2048,2043,0,0,0,0,0,0,0,1,-9,-17,-5,-5,-7,-4,-5,11,0.041,0.037,1.028,0,0,0,0,0,0,0,0,2036,2195,2017,2094,2020,2050,2048,2044,1,0,0,0,0,0,0,0,-11,-17,-5,-5,-7,-4,-5,11,0.047,0.041,1.033
2036,2195,2017,2094,2020,2050,2048,2043,0,0,0,0,0,0,0,1,-9,-17,-5,-5,-8,-4,-5,7,0.045,0.034,1.025,0,0,0,0,0,0,0,0,2036,2195,2017,2094,2020,2050,2048,2043,0,0,0,0,0,0,0,0,-9,-17,-5,-5,-7,-4,-5,11,0.045,0.037,1.032
2036,2195,2017,2094,2020,2050,2048,2043,0,1,0,0,0,0,0,1,-9,-17,-5,-5,-7,-4,-5,9,0.041,0.029,1.045,0,0,0,0,0,0,0,0,2036,2195,2017,2094,2020,2050,2048,2043,0,0,0,0,0,0,0,1,-9,-17,-5,-5,-7,-4,-5,10,0.049,0.032,1.03
2036,2195,2017,2094,2020,2050,2048,2043,1,0,0,0,0,0,0,0,-8,-17,-5,-5,-7,-4,-5,10,0.047,0.032,1.031,0,0,0,0,0,0,0,0,2037,2195,2017,2094,2020,2050,2048,2043,0,0,0,0,0,0,0,1,-9,-17,-5,-5,-7,-4,-5,10,0.045,0.043,1.032
2036,2195,2017,2094,2020,2050,2048,2043,2,0,0,0,0,0,0,0,-9,-17,-5,-5,-7,-4,-5,11,0.048,0.041,1.025,0,0,0,0,0,0,0,0,2036,2195,2017,2094,2020,2050,2048,2043,0,0,0,0,0,0,0,0,-12,-17,-5,-5,-7,-4,-5,10,0.041,0.044,1.034
2036,2195,2017,2094,2020,2050,2048,2043,0,0,0,0,0,0,0,0,-8,-17,-5,-5,-7,-4,-5,11,0.044,0.036,1.035,0,0,0,0,0,0,0,0,2036,2195,2017,2094,2020,2050,2048,2043,1,1,0,0,0,0,0,2,-9,-17,-5,-5,-7,-4,-5,11,0.043,0.048,1.024
2036,2195,2017,2094,2020,2050,2048,2044,1,0,0,0,0,0,0,1,-9,-18,-5,-5,-7,-4,-5,10,0.045,0.042,1.032,0,0,0,0,0,0,0,0,2036,2195,2017,2094,2020,2050,2048,2043,0,0,0,0,0,0,0,-1,-9,-17,-5,-5,-7,-4,-5,11,0.038,0.037,1.034
2036,2195,2017,2094,2020,2050,2048,2043,1,0,0,0,0,0,0,1,-9,-17,-5,-5,-7,-4,-5,9,0.044,0.04,1.034,0,0,0,0,0,0,0,0,2035,2195,2017,2094,2020,2050,2048,2043,0,0,0,0,0,0,0,0,-9,-17,-5,-5,-7,-4,-5,11,0.047,0.037,1.032
2232,2063,2105,2051,2049,2008,2004,2065,0,2,0,0,0,0,0,1,-24,-9,3,-4,0,-1,3,0,0.017,-0.035,1.032,22,44,-6,-24,0,0,0,0,2297,2229,2077,1948,2050,2008,2005,2066,22,49,-7,-23,1,0,0,-1,12,23,-1,-16,-7,-1,-4,-9,0.006,-0.023,1.045
2456,2542,2035,1791,2050,2010,2009,2065,26,40,-8,-24,0,0,0,0,-9,18,1,-45,-12,-9,-17,0,-0.018,0.05,1.085,32,-17,-36,16,0,0,0,0,2746,2855,1825,1645,2049,2019,2008,2062,34,-5,-35,6,-1,0,-1,0,14,-26,0,71,0,-48,-16,11,-0.085,-0.031,1.052
2971,2808,1597,1717,2050,2007,1995,2056,32,-5,-32,18,1,-1,-6,0,12,-83,-29,232,-7,0,35,11,-0.061,-0.097,1.054,-49,-16,-9,25,0,0,0,0,3041,2744,1286,1951,2050,2007,1970,2043,-60,-15,-11,30,1,0,-3,-3,-31,-243,-80,246,-9,3,143,13,-0.122,-0.159,1.001
2712,2591,1231,2124,2050,2007,1967,2024,-48,-20,-5,26,0,0,0,-2,-37,-186,-101,220,-7,3,159,22,-0.121,-0.144,1.015,-14,-5,23,-19,0,0,0,0,2258,2314,1248,2296,2050,2007,1965,2016,-11,0,22,-19,1,0,0,0,-24,-43,-1,-38,-12,3,166,27,-0.076,-0.164,1.023
2164,2316,1401,2198,2050,2007,1956,2014,-15,1,23,-17,1,0,0,0,-24,-76,0,-161,-7,3,205,27,-0.053,-0.163,1.011,57,49,51,4,0,0,0,0,2171,2442,1735,2072,2047,2007,1969,2030,30,39,34,0,0,0,6,1,110,-16,259,-181,10,4,152,18,-0.398,-0.125,0.91
2400,2721,2001,2070,2046,2007,1994,2044,40,46,46,0,0,0,1,1,292,15,599,-60,9,3,47,12,-0.403,-0.067,1.038,-18,-28,-5,-13,0,0,0,0,2899,3089,2370,2057,2049,2015,2003,2061,1,-6,0,-10,0,0,-1,1,75,-101,636,-114,0,-31,3,11,-0.441,-0.093,0.899
2839,3015,2371,1970,2049,2015,2003,2060,-6,-38,0,-5,1,0,0,0,27,-247,493,-117,0,-31,6,10,-0.449,-0.072,0.938,-2,-20,2,-1,0,0,0,0,2693,2966,2371,1897,2047,2015,2002,2054,0,0,0,0,0,0,0,0,32,-759,360,-258,10,-31,9,9,-0.407,-0.101,0.926
2681,2966,2371,1896,2047,2015,2002,2054,0,0,0,0,1,0,0,0,34,-789,417,-284,10,-31,9,9,-0.444,-0.112,0.918,8,-47,-51,30,0,0,0,0,2693,2931,2229,1954,2047,2007,2003,2061,22,-16,-46,29,0,0,0,1,32,-722,35,5,11,1,10,10,-0.137,0.139,0.852
2819,2784,1899,2163,2052,2027,2005,2067,9,54,-48,26,1,1,0,0,-9,0,0,-19,-12,-79,-3,-12,-0.195,0.01,0.936,-31,-39,-19,-54,0,0,0,0,2815,3023,1396,2174,2033,2026,2003,2062,-65,30,-16,-52,-3,0,0,0,-38,0,154,-97,11,-78,6,11,-0.035,-0.07,1.027
2533,3229,1279,1828,2031,2024,2002,2061,-30,26,-16,-39,0,0,0,0,-14,0,101,-166,12,-69,9,10,0.226,-0.059,1.03,27,-11,49,48,0,0,0,0,2292,3257,1266,1631,2036,2007,2002,2067,0,1,37,45,-2,0,0,5,118,0,443,-234,10,3,9,-12,-0.102,-0.039,1.023
2364,3256,1540,1927,2029,2019,2005,2073,11,0,39,37,0,8,-1,1,250,0,679,-16,10,-45,-5,-11,-0.394,0.003,0.972,36,-34,21,12,0,0,0,0,2834,3246,1910,2322,2051,2027,2005,2068,62,0,36,9,1,0,0,0,82,0,830,23,-10,-82,-3,-8,-0.394,-0.102,0.955
3135,3219,2066,2400,2052,2038,2005,2066,34,-5,15,12,1,0,0,1,47,0,743,42,-10,-128,-3,-7,-0.547,-0.048,0.9,-28,-42,13,-58,0,0,0,0,3279,3173,2423,2255,2050,2006,2005,2066,1,1,75,-43,-7,2,5,-1,30,0,198,-35,12,4,0,-7,-0.128,-0.066,1.005
3182,3239,2553,1869,2048,2007,2000,2063,-27,4,12,-50,0,0,-1,0,-17,0,-9,-47,7,3,16,11,0.173,-0.109,1.012,-38,-36,-73,35,0,0,0,0,2802,3264,2358,1592,2052,2008,2007,2063,-39,0,-60,23,1,0,4,2,-21,0,-138,-157,-11,-1,-7,7,0.27,0.003,0.992
2705,3258,2004,1789,2054,2009,2008,2063,1,0,-42,33,1,0,0,0,-222,0,-716,11,-9,-5,-14,11,0.367,0.053,0.956,-22,-29,15,12,0,0,0,0,2708,3244,1944,2114,2054,2010,2005,2063,0,-1,0,12,1,0,0,-1,-772,0,-725,26,-10,-8,-5,8,0.392,0.079,0.975
2708,3242,1944,2194,2054,2010,2005,2064,1,0,0,11,1,0,0,1,-767,0,-297,26,-10,-8,-4,7,0.388,0.087,0.978,25,-5,-33,9,0,0,0,0,2664,3240,2052,2329,2054,2010,2005,2064,2,0,-3,7,1,0,0,0,-395,0,-854,18,-9,-8,-4,7,0.342,0.144,0.963
2666,3240,2016,2385,2054,2010,2005,2064,1,0,0,8,1,0,0,0,-148,0,-999,38,-9,-8,-4,7,0.369,0.208,0.929,-35,-24,-14,-60,0,0,0,0,2813,3239,1860,2229,2054,2010,2001,2064,0,1,-19,-54,1,0,0,1,-393,0,-971,-123,-8,-8,12,10,0.508,0.096,0.949
2815,3238,1785,1805,2054,2010,2003,2065,1,0,0,-72,1,0,0,-1,-710,0,-928,-48,-9,-6,2,7,0.45,0.088,0.861,-12,-61,38,21,0,0,0,0,2814,3261,1766,1455,2054,2009,2002,2064,0,0,37,19,1,0,0,2,-714,0,-251,-160,-10,-5,7,6,0.375,0.045,0.949
2706,3260,2017,1572,2053,2009,2002,2066,-26,0,38,18,0,0,0,0,-523,0,-224,-24,-11,-5,7,-7,0.31,0.016,0.983,33,-29,-21,-14,0,0,0,0,2445,3257,2284,1684,2049,2006,2004,2064,1,0,-3,-11,0,0,0,1,-73,0,-478,-96,0,8,0,7,0.304,-0.015,0.953
2616,3258,2126,1602,2049,2006,2006,2062,20,1,-17,-8,0,0,0,0,-35,0,-415,-147,0,8,-5,11,0.374,0.034,0.947,-34,-29,23,-10,0,0,0,0,2793,3261,1992,1519,2050,2007,2005,2064,-11,1,25,-2,1,0,0,1,-148,0,-113,-446,-7,4,-6,6,0.421,0.042,0.947
2636,3263,2148,1499,2050,2007,2004,2064,-28,1,24,0,1,0,0,0,-237,0,-119,-647,-7,5,-4,6,0.432,0.008,0.917,27,-13,-17,50,0,0,0,0,2346,3265,2305,1531,2050,2007,2003,2065,1,0,0,36,0,0,0,0,-33,0,-336,-179,-11,4,4,0,0.328,0.014,0.954
2530,3259,2220,1811,2051,2007,2004,2064,23,-1,-10,46,1,0,1,0,-41,0,-465,62,-11,5,-1,7,0.292,-0.006,0.98,17,-10,21,-1,0,0,0,0,2747,3245,2092,2215,2048,2011,2004,2065,10,0,14,0,0,0,0,0,-13,0,-96,-11,7,-13,-1,0,0.289,0.021,0.982
2831,3244,2226,2216,2047,2009,2002,2064,8,0,21,0,-1,0,0,1,16,0,-23,-43,7,-4,6,7,0.268,-0.002,1.0,-44,-24,2,-24,0,0,0,0,2802,3243,2389,2139,2050,2007,2000,2066,-44,0,3,-21,2,0,0,4,-22,0,-12,-197,-8,4,13,-12,0.279,-0.056,0.985
2585,3241,2406,1960,2051,2007,2001,2067,-30,0,6,-30,1,0,0,1,-89,0,-33,-121,-12,4,9,-11,0.244,-0.118,1.021,-13,-10,-56,24,0,0,0,0,2340,3253,2312,1845,2052,2007,2006,2063,2,1,-36,22,1,0,0,0,-281,0,-607,21,-9,4,-8,10,0.417,0.01,0.892
2342,3244,2215,1994,2052,2007,2005,2063,1,-3,0,29,1,0,0,1,-416,0,-994,78,-9,4,-6,10,0.404,0.075,0.863,-7,-1,9,-26,0,0,0,0,2342,3235,2215,2122,2052,2008,2003,2064,1,0,0,-27,1,0,0,1,-654,0,-834,-162,-9,-1,4,7,0.44,0.058,0.908
2341,3234,2215,1958,2052,2008,2003,2064,0,1,0,-31,2,0,0,1,-707,0,-576,-205,-10,0,2,7,0.383,0.045,0.937,-8,-3,2,-22,0,0,0,0,2326,3252,2215,1647,2052,2008,2004,2063,0,2,0,-18,1,0,0,0,-696,0,-239,-169,-10,0,-5,11,0.42,0.064,0.933
2326,3256,2215,1519,2051,2008,2004,2063,0,2,0,-14,0,0,0,0,-687,0,-181,-256,-10,0,-3,11,0.438,0.101,0.798,31,-44,0,-13,0,0,0,0,2554,3264,2224,1435,2051,2007,1997,2063,22,1,-4,-2,1,0,-1,1,0,0,-151,-877,-11,4,26,5,0.437,-0.079,0.995
2663,3267,2210,1375,2049,2007,1994,2064,12,1,-1,-10,0,0,0,1,0,0,-92,-969,0,4,38,5,0.448,-0.046,0.936,15,-1,-38,-1,0,0,0,0,2761,3267,2061,1350,2051,2007,1995,2063,15,0,-33,0,1,0,0,1,0,0,-173,-910,-12,4,35,10,0.438,-0.033,0.883
2910,3267,1812,1298,2051,2007,1995,2064,31,0,-38,-1,1,0,0,1,0,0,-206,-715,-11,4,35,5,0.458,-0.032,0.93,-27,-22,7,22,0,0,0,0,3241,3267,1514,1291,2051,2007,1995,2063,1,0,0,2,1,0,0,2,0,0,-73,-319,-12,4,35,7,0.439,-0.005,0.934
3242,3266,1552,1411,2050,2008,1998,2064,1,0,7,19,0,0,1,1,0,0,-31,-191,-7,1,23,7,0.37,0.019,0.952,-53,-34,39,28,0,0,0,0,3241,3261,1773,1670,2047,2010,2006,2066,-1,0,35,23,0,0,0,1,0,0,0,-3,11,-8,-11,-7,0.235,0.039,1.001
3238,3259,2026,1858,2048,2009,2004,2066,0,0,38,27,1,0,0,1,0,0,35,0,7,-4,-5,-12,0.121,0.015,1.033,-10,-4,8,-43,0,0,0,0,3188,3257,2381,1909,2048,2007,2001,2067,-4,2,6,-39,2,0,0,-1,0,0,-14,-101,-7,4,9,-11,0.211,-0.057,1.027
3166,3262,2435,1653,2048,2007,2000,2064,-2,5,7,-26,-1,0,0,1,0,0,-18,-253,7,4,13,6,0.305,-0.099,0.991,0,-54,-59,40,0,0,0,0,3134,3268,2255,1481,2052,2009,2003,2062,-4,0,-48,10,1,0,5,0,0,0,-92,-224,-11,-3,6,11,0.351,0.097,0.937
3109,3262,1871,1699,2048,2010,2006,2063,-2,0,-64,35,-1,0,-1,0,0,0,-156,14,7,-5,-13,7,0.287,0.061,1.023,-44,-15,0,-32,0,0,0,0,3252,3252,1510,1879,2049,2009,2004,2064,1,4,0,-31,1,0,0,0,0,0,-585,-16,0,-5,-4,7,0.377,0.042,0.971
3253,3256,1498,1689,2051,2010,2004,2063,1,1,0,-30,0,0,0,1,0,0,-539,-129,-11,-8,-5,7,0.403,0.046,0.956,-41,-6,-16,4,0,0,0,0,3254,3263,1433,1502,2050,2010,2004,2064,1,1,-19,0,1,0,0,2,0,0,-567,-329,-7,-8,-3,7,0.431,0.069,0.947
3255,3262,1367,1501,2050,2010,2004,2063,1,0,0,0,0,0,0,-1,0,0,-735,-210,-6,-8,-3,7,0.495,0.138,0.897,-64,-65,57,34,0,0,0,0,3257,3260,1385,1634,2050,2009,2001,2066,0,0,51,32,0,-1,0,0,0,0,-284,0,-12,-5,6,-12,0.279,0.029,0.983
3251,3259,1709,1861,2049,2009,2002,2066,0,0,53,33,-1,0,0,0,0,0,-7,16,0,-4,1,-9,0.193,0.077,1.012,-30,-62,-37,-33,0,0,0,0,3244,3256,1993,1989,2048,2009,2003,2066,1,1,-32,-33,0,0,0,0,0,0,-34,-15,7,-4,2,-7,0.247,0.042,1.0
3246,3258,1762,1789,2048,2009,2002,2066,2,1,-32,-31,0,0,0,1,0,0,-112,-112,7,-4,3,-11,0.283,0.042,0.985,-7,-25,35,-22,0,0,0,0,3252,3263,1609,1526,2049,2009,2003,2064,0,1,25,-19,1,0,0,0,0,0,-19,-509,0,-4,0,6,0.356,0.036,0.977
3249,3266,1826,1417,2050,2009,2001,2064,-1,1,35,-22,2,0,0,0,0,0,47,-685,-7,-1,8,5,0.359,-0.002,0.927,-4,-37,-33,-8,0,0,0,0,3211,3269,1966,1210,2050,2008,1991,2067,-5,1,-33,-25,0,0,0,1,0,0,-6,-693,-8,0,49,-10,0.449,-0.097,0.909
3217,3269,1758,1156,2050,2008,1989,2067,6,1,-28,-17,0,0,0,1,0,0,-65,-693,-7,-1,58,-10,0.458,-0.092,0.917,-30,-21,14,73,0,0,0,0,3245,3268,1559,1259,2051,2008,1996,2068,1,0,13,71,0,0,8,1,0,0,-53,-14,-12,2,31,-12,0.693,-0.028,1.418
3247,3262,1653,1750,2048,2011,2006,2064,2,0,15,61,2,0,0,1,0,0,-54,10,7,-11,-16,7,0.169,0.063,0.983,-8,-19,30,-5,0,0,0,0,3247,3248,1878,2314,2043,2011,2004,2066,0,0,27,0,4,0,0,1,0,0,18,-73,11,-14,-5,-12,0.109,0.075,1.022
3244,3246,2064,2299,2050,2011,2004,2066,0,-1,22,-1,2,0,0,0,0,0,87,-152,-7,-11,-5,-7,0.107,0.075,0.994,-61,-21,4,-10,0,0,0,0,3205,3242,2341,2225,2048,2009,1998,2063,-4,0,3,-9,0,0,0,1,0,0,-8,-190,7,-3,19,11,0.19,-0.018,1.027
3180,3238,2367,2150,2048,2007,1999,2063,-3,0,2,-10,0,0,0,0,0,0,-6,-154,7,4,16,7,0.207,-0.017,1.007,-27,-63,-54,-46,0,0,0,0,3137,3237,2181,1849,2047,2009,2004,2063,-3,6,-53,-42,1,0,0,0,0,0,-100,-69,7,-5,-6,11,0.291,0.08,1.004
3142,3259,1819,1580,2047,2010,2001,2063,13,4,-57,-28,1,0,0,0,0,0,-112,-243,8,-7,6,10,0.339,0.041,1.017,-55,-37,18,-7,0,0,0,0,3248,3266,1463,1307,2050,2007,1992,2063,0,1,12,0,1,0,0,1,0,0,-52,-756,-9,5,45,10,0.441,0.003,0.925
3246,3267,1583,1290,2050,2007,1989,2064,0,1,18,-24,2,0,0,1,0,0,-5,-897,-12,4,58,5,0.431,-0.037,0.976,-11,-21,2,33,0,0,0,0,3244,3268,1721,1241,2050,2007,1989,2063,0,1,1,5,1,0,0,0,0,0,-4,-308,-8,5,58,11,0.439,-0.009,0.958
3244,3266,1736,1434,2049,2010,2002,2064,0,0,2,25,0,1,1,1,0,0,-10,-173,0,-7,7,1,0.326,0.048,1.023,-41,-53,-20,21,0,0,0,0,3244,3260,1698,1743,2049,2010,2004,2063,1,0,-16,20,1,0,0,0,0,0,-160,19,0,-4,-6,11,0.299,0.028,0.97
2328,2256,2587,2596,2013,2053,2044,2049,0,1,0,0,1,0,0,1,14,14,80,23,7,2,0,0,-0.004,-0.053,1.019,29,32,-37,-65,0,0,0,0,2441,2401,2456,2349,2016,2054,2042,2050,39,50,-28,-60,0,-1,-2,0,19,13,-46,-137,-12,-3,4,-7,0.223,-0.03,0.985
2052,2043,2095,2037,2046,1982,2042,2058,-1,-1,0,0,1,0,0,2,-13,13,1,6,-7,-6,-9,-11,0.011,0.013,1.034,21,16,-50,10,0,0,0,0,2146,2063,1896,2044,2044,1982,2042,2055,29,7,-44,1,0,0,0,0,12,40,-82,163,7,-6,-9,10,0.088,0.029,1.064
2331,2069,1601,2061,2047,1980,2012,2056,25,1,-47,5,5,0,-14,0,-22,155,-260,379,-12,1,114,6,-0.149,-0.2,0.952,7,46,18,-20,0,0,0,0,2487,2518,1237,2131,2048,1982,2000,2038,8,55,15,-10,-4,2,0,1,9,21,-8,37,-2,-4,172,12,-0.059,-0.171,1.012
2528,2865,1343,1988,2042,1981,2011,2040,6,40,15,-21,0,0,4,1,13,16,20,63,12,-3,128,11,-0.184,-0.237,0.999,-13,-52,2,-5,0,0,0,0,2520,3173,1457,1820,2020,1979,2035,2041,-19,-25,6,-4,2,0,0,1,-12,-205,175,22,14,6,19,11,-0.284,-0.2,0.92
2425,2885,1463,1784,2024,1979,2024,2040,-17,-17,1,-4,1,0,-1,-1,13,-323,204,30,12,6,63,10,-0.075,-0.184,1.038,38,19,46,-14,0,0,0,0,2341,2499,1631,1691,2028,1979,2028,2068,9,-2,28,-12,0,0,2,0,181,-136,415,-6,10,4,53,-11,-0.314,-0.108,0.925
2457,2514,1876,1636,2026,1979,2034,2062,22,21,55,-3,-1,0,11,-3,407,-37,701,-170,10,7,31,-11,-0.522,-0.096,0.877,-4,8,-36,-3,0,0,0,0,3014,2632,2121,1492,2052,2009,2039,2058,31,11,-30,-4,1,0,0,1,12,13,147,-86,-12,-119,3,-11,-0.507,-0.013,0.944
3017,2693,1852,1472,2049,2009,2040,2057,2,13,-39,-7,0,0,0,0,-13,8,253,-87,-12,-119,-2,0,-0.271,-0.008,0.957,11,10,36,0,0,0,0,0,3044,2756,1667,1427,2043,2009,2040,2057,8,9,27,0,0,0,0,1,-13,25,513,1,10,-119,-2,-7,-0.327,-0.013,1.007
3117,2851,1896,1430,2043,2009,2039,2057,0,12,34,0,0,0,0,0,-12,14,582,-7,10,-119,3,0,-0.531,-0.032,0.898,-40,-40,6,29,0,0,0,0,2995,2800,2149,1561,2043,2009,2041,2058,-31,-40,18,28,0,0,0,1,-12,-28,703,0,9,-119,-5,-7,-0.488,-0.024,0.921
2830,2571,2208,1757,2045,2008,2039,2057,-36,-25,2,28,1,0,0,0,-70,-66,613,0,0,-117,4,0,-0.435,-0.022,0.949,20,-8,-44,-42,0,0,0,0,2530,2186,2172,1809,2045,2008,2040,2057,22,2,-44,-38,1,0,0,0,12,-30,146,-58,0,-116,0,0,-0.333,0.037,0.952
2667,2124,1861,1529,2045,2008,2040,2057,18,-16,-46,-39,1,0,0,0,12,-21,204,-78,0,-116,0,0,-0.266,0.034,1.008,-38,10,-22,31,0,0,0,0,2717,2076,1429,1321,2020,2008,2041,2056,-54,10,-17,21,-6,0,0,1,-44,13,163,5,16,-118,-5,6,-0.458,-0.3,1.276
2400,2080,1302,1432,1999,1995,2040,2056,-32,-1,-18,16,2,-10,0,1,-20,44,48,394,23,-65,-1,4,-0.253,-0.097,1.021,58,53,66,-5,0,0,0,0,2282,2110,1383,1563,2032,1983,2040,2057,38,49,45,0,-4,0,0,1,67,373,217,775,10,-7,0,0,-0.492,-0.033,0.913
2520,2585,1705,1605,2023,1988,2039,2057,42,59,48,12,0,0,-1,0,224,188,734,462,10,-25,2,0,-0.532,-0.031,0.826,-38,-28,-23,-1,0,0,0,0,3025,3147,2031,1670,2041,2009,2039,2058,-25,-32,0,-1,1,0,0,0,-19,-27,378,-9,11,-119,4,-7,-0.408,-0.021,0.925
2874,2983,1918,1661,2042,2009,2040,2055,-29,-17,-18,-4,1,0,0,0,-96,-54,196,2,11,-119,0,11,-0.406,0.05,0.881,-19,-8,-29,4,0,0,0,0,2385,2621,1636,1616,2043,1992,2038,2057,-16,-8,-24,0,1,-3,0,1,-13,21,24,232,10,-49,7,0,-0.309,-0.088,0.975
2292,2570,1466,1615,2044,1981,2037,2057,-14,-11,-25,0,2,-1,0,1,-27,20,-29,350,7,-5,12,0,-0.269,-0.105,1.014,54,-10,-6,-4,0,0,0,0,2320,2438,1230,1614,2044,1981,2035,2058,53,-7,-16,0,-1,0,0,1,29,32,-110,415,7,-2,20,-6,-0.292,-0.131,0.983
2657,2364,1168,1614,2044,1981,2035,2058,50,-9,-9,0,-1,0,0,1,44,34,-20,301,12,-2,20,-7,-0.263,-0.141,0.98,-21,5,15,-15,0,0,0,0,3028,2299,1155,1545,2043,1982,2036,2058,-19,1,8,-14,-1,0,0,0,-12,49,119,175,12,-5,15,-7,-0.24,-0.092,1.004
2930,2311,1207,1468,2026,1982,2042,2055,-15,8,6,-11,-3,0,0,0,-27,64,330,76,12,-6,-9,11,-0.261,-0.055,1.008,1,46,32,48,0,0,0,0,2726,2490,1427,1477,2023,1983,2041,2056,0,24,33,29,0,0,0,1,13,173,497,430,12,-7,-5,4,-0.498,-0.074,0.963
2747,2661,1668,1753,2024,1984,2041,2056,1,32,35,60,1,0,0,0,-13,367,384,650,12,-13,-5,5,-0.321,-0.068,0.938,8,-11,7,4,0,0,0,0,2845,3264,1983,2299,2053,2000,2040,2058,1,0,-2,3,0,0,0,1,-30,-10,242,3,-11,-82,-1,-7,-0.469,0.041,0.921
2850,3216,1984,2326,2056,2000,2040,2056,10,-10,1,2,3,0,0,1,-14,-15,443,0,-12,-82,-1,-7,-0.433,0.015,0.931,-11,-28,-31,-5,0,0,0,0,2925,3051,1970,2352,2059,2000,2039,2056,1,-9,-31,0,1,0,0,0,-54,-52,156,-75,-12,-82,3,5,-0.357,0.017,0.984
2927,2925,1761,2338,2059,2000,2039,2055,-1,-19,-31,-1,1,0,0,1,-136,-108,154,-159,-11,-82,3,7,-0.229,0.055,0.998,-27,-16,49,-25,0,0,0,0,2589,2778,1638,2264,2040,1999,2039,2057,-51,1,37,-19,0,0,0,0,-12,-324,556,-478,10,-79,3,0,-0.229,0.07,1.066
2324,2779,1924,2159,2040,1990,2039,2056,-36,1,49,-24,0,0,0,1,35,-511,754,-747,9,-41,4,2,-0.273,0.063,0.993,30,-27,-17,-10,0,0,0,0,2127,2780,2316,1882,2034,1974,2038,2055,35,0,0,-1,-2,-1,0,0,171,-757,407,-583,10,25,6,8,-0.278,-0.075,1.033
2304,2781,2253,1821,2024,1974,2033,2054,51,1,-13,-10,0,0,-2,2,172,-741,183,-621,13,28,26,9,-0.146,-0.099,1.04,17,-17,-17,-6,0,0,0,0,2716,2780,2066,1634,2024,1975,2035,2058,17,-1,-17,-10,3,2,14,2,83,-730,93,-276,13,24,34,-11,-0.298,-0.1,1.075
2919,3112,1939,1542,2029,1985,2043,2055,23,39,-22,0,1,0,0,0,19,0,141,-55,12,-19,-15,9,-0.265,-0.042,1.013,-34,-42,-6,5,0,0,0,0,2992,3218,1793,1505,2034,1992,2043,2055,-24,-4,-4,4,1,0,0,1,-58,0,83,-2,11,-49,-14,8,-0.163,0.013,1.023
2924,3217,1767,1537,2037,1996,2043,2056,-9,-3,0,4,1,0,0,0,-277,0,23,4,11,-65,-17,9,-0.16,0.034,1.028,-2,-31,30,30,0,0,0,0,2686,3152,1808,1690,2038,2002,2040,2056,-19,-10,27,30,1,0,0,2,-263,0,208,83,10,-91,-7,5,-0.252,0.051,0.987
2658,3114,2024,1900,2047,2002,2041,2056,0,0,33,28,1,0,1,1,-250,0,160,57,-11,-91,-3,6,-0.325,0.026,0.999,27,-48,-20,-23,0,0,0,0,2554,3082,2193,2049,2048,2002,2038,2055,9,3,-24,-22,0,0,-1,-1,-15,0,17,-7,-12,-91,4,10,-0.294,0.02,0.996
2711,3120,2054,1895,2047,2001,2038,2055,23,12,-20,-23,0,0,0,0,12,0,76,-12,-12,-88,6,11,-0.258,0.036,0.983,-34,-30,10,1,0,0,0,0,2871,3240,1898,1717,2047,2001,2039,2056,-5,1,3,0,1,0,0,1,-119,0,261,-5,-11,-88,5,-6,-0.274,0.029,1.007
2767,3240,1974,1722,2049,2002,2040,2058,-18,-1,13,1,1,0,1,1,-282,0,228,1,-11,-91,0,-7,-0.221,0.028,0.99,9,0,-8,21,0,0,0,0,2537,3224,2065,1813,2050,2002,2041,2058,0,-1,-6,16,1,0,0,-1,-229,0,16,41,-12,-91,-5,-7,-0.242,0.039,0.999
2537,3189,2014,1951,2050,2003,2041,2057,0,-5,-5,20,1,0,0,0,-145,0,0,63,-12,-94,-5,0,-0.229,0.051,1.0,-15,-52,-30,-42,0,0,0,0,2537,3146,1813,1949,2042,2002,2038,2055,0,1,-31,-40,0,0,-1,0,-170,0,0,-20,11,-92,5,11,-0.025,0.07,1.054
2426,3241,1613,1684,2017,1997,2028,2053,-34,6,-29,-37,0,-3,-3,0,-118,0,0,-102,15,-74,47,10,0.157,0.091,1.007,35,-27,40,35,0,0,0,0,2263,3252,1506,1493,2044,1981,2018,2060,17,0,20,30,1,0,0,-1,38,0,221,-8,7,-4,91,-11,-0.026,0.057,1.043
2440,3251,1734,1738,2043,1983,2023,2055,44,0,39,31,1,0,0,2,68,0,406,0,10,-9,72,6,-0.35,0.02,0.996,25,-20,-28,13,0,0,0,0,2914,3239,1998,2053,2049,2006,2041,2057,30,0,-26,12,0,0,0,1,13,0,93,10,-12,-106,-3,0,-0.373,-0.01,0.935
3055,3247,1783,2149,2048,2006,2041,2059,31,2,-30,12,0,0,0,1,21,0,198,0,-12,-106,-4,-11,-0.256,0.024,1.01,-51,-1,9,-50,0,0,0,0,3201,3248,1580,2049,2042,2006,2039,2055,-25,1,0,-44,1,0,0,2,-167,0,300,-104,10,-106,4,9,-0.172,0.075,1.036
2997,3251,1626,1748,2041,2005,2038,2055,-67,2,13,-50,-1,0,0,0,-269,0,366,-263,10,-103,7,10,-0.025,0.128,1.024,-17,-25,31,19,0,0,0,0,2208,3256,1806,1402,2038,1996,2028,2055,-26,1,28,8,0,0,0,-1,18,0,469,-112,10,-60,49,11,-0.101,0.106,1.007
2078,3254,2034,1517,2034,1996,2039,2056,-24,0,24,17,1,0,0,1,22,0,397,-8,11,-65,4,7,-0.227,0.112,1.017,62,-63,10,-2,0,0,0,0,1956,3252,2289,1660,2036,1997,2040,2056,55,0,0,0,2,0,0,0,310,0,535,-66,10,-68,0,5,-0.437,0.09,0.871
2561,3248,2363,1649,2056,1998,2040,2057,87,14,22,-1,10,0,0,0,82,0,521,-70,-12,-72,-1,0,-0.07,0.039,0.912,1,-57,-65,-2,0,0,0,0,3156,3228,2287,1565,2046,1981,2047,2055,24,-13,-63,-2,-5,0,0,0,12,0,-51,175,7,0,-29,10,0.012,-0.133,1.114
3226,3239,1906,1566,2048,1981,2041,2055,13,2,-33,0,1,0,0,0,-31,0,-282,116,-11,1,-3,10,0.031,-0.029,1.022,-53,-21,27,11,0,0,0,0,3235,3084,1491,1548,2048,1979,2049,2052,-1,-1,9,5,0,0,0,0,-396,0,-195,330,-10,7,-39,10,-0.006,-0.06,1.036
3206,3093,1662,1609,2047,1979,2043,2052,-13,-1,22,6,0,0,-2,0,-752,0,-148,386,-10,7,-16,10,-0.084,-0.072,1.039,-8,-29,13,39,0,0,0,0,3073,3102,1933,1833,2043,1979,2038,2053,-23,-7,11,30,1,0,0,1,-625,0,-154,539,10,8,8,10,-0.227,-0.075,0.991
2980,3117,2024,2127,2043,1981,2041,2054,-33,-1,9,55,1,2,0,3,-561,0,-167,409,0,1,-3,-3,0.16,0.134,0.971,5,-43,-23,-72,0,0,0,0,2700,3072,2080,2268,2046,1977,2038,2055,-17,-2,-21,-66,0,0,0,0,-189,0,-408,-246,-6,15,7,6,0.374,0.074,0.959
2702,3072,1982,1771,2046,1977,2040,2055,2,13,-10,-66,1,0,1,0,-149,0,-642,-193,-5,16,2,10,0.5,0.094,0.919,12,-25,-24,32,0,0,0,0,2786,3260,1708,1343,2046,1977,2038,2055,12,1,-15,14,1,0,0,1,-137,0,-698,-189,-9,15,9,11,0.542,0.263,0.862
2846,3258,1598,1528,2047,1977,2041,2056,19,1,-44,20,0,0,0,1,-164,0,-866,-8,-9,15,-5,6,0.414,0.181,0.922,-10,-8,-16,-15,0,0,0,0,2950,3252,1577,1708,2047,1977,2041,2056,1,1,0,-15,0,0,0,1,-200,0,-1000,-24,-9,15,-4,7,0.438,0.158,0.923
2951,3253,1576,1634,2047,1977,2041,2055,2,1,0,-9,0,0,0,0,-296,0,-1000,-143,-9,15,-4,10,0.424,0.144,0.928,-48,-55,-18,46,0,0,0,0,2950,3253,1576,1682,2047,1976,2041,2057,0,0,0,45,0,0,0,2,-679,0,-1000,21,-8,17,-4,-1,0.398,0.201,0.873
2950,3247,1576,1982,2047,1977,2041,2058,0,-6,0,54,0,0,0,1,-668,0,-1000,68,-8,15,-4,-7,0.433,0.182,0.877,14,-19,15,6,0,0,0,0,2949,3210,1809,2394,2047,1977,2039,2055,0,0,65,10,2,0,0,1,-550,0,-304,-39,-11,15,4,10,0.317,0.226,0.984
2774,3202,2074,2437,2045,1976,2039,2055,-19,0,29,4,0,0,0,1,-126,0,-105,-52,0,19,5,11,0.262,0.161,0.989,-30,-24,11,-9,0,0,0,0,2643,3192,2330,2485,2043,1976,2039,2055,-26,0,24,0,0,0,0,1,-56,0,-74,-225,11,20,5,10,0.302,0.06,0.975
2469,3187,2475,2462,2043,1977,2038,2055,-26,-1,14,-6,0,0,0,1,-82,0,-56,-387,11,15,8,10,0.302,0.065,1.022,6,-29,-3,-36,0,0,0,0,2266,3178,2555,2259,2042,1980,2037,2055,0,-1,0,-37,2,0,0,1,-70,0,0,-500,11,2,13,4,0.35,-0.047,0.927
2266,3157,2555,1938,2046,1981,2038,2058,0,-3,0,-45,1,0,0,-1,-37,0,0,-167,-7,-1,8,-8,0.337,-0.148,1.009,41,-32,-59,2,0,0,0,0,2421,3248,2556,1659,2046,1981,2039,2059,36,1,0,0,0,0,0,0,16,0,0,-145,-8,0,5,-11,0.292,-0.138,0.986
2648,3248,2556,1659,2046,1981,2039,2059,35,1,0,0,0,0,0,0,42,0,0,-89,-7,0,5,-11,0.277,-0.159,0.986,3,-4,-32,16,0,0,0,0,2999,3248,2556,1735,2046,1981,2039,2060,5,1,0,15,0,0,0,0,18,0,0,-2,-8,0,5,-11,0.263,-0.144,0.996
3022,3247,2556,1844,2047,1981,2039,2060,4,0,0,16,1,0,0,0,18,0,0,0,-12,0,5,-11,0.293,-0.154,1.006,-30,-59,-59,-9,0,0,0,0,2956,3245,2557,1929,2046,1981,2039,2059,-29,0,0,-5,0,0,0,0,-17,0,0,-36,-7,0,4,-11,0.229,-0.136,0.992
2753,3246,2558,1892,2046,1981,2038,2059,-29,1,0,-6,0,0,0,1,-16,0,0,-136,-7,0,8,-11,0.257,-0.147,0.99,1,-4,-59,-25,0,0,0,0,2548,3248,2558,1720,2046,1981,2039,2056,0,1,0,-25,1,0,0,1,-20,0,0,-179,-12,-1,4,-6,0.298,-0.144,0.989
2538,3252,2558,1606,2045,1981,2038,2057,0,2,0,-18,0,0,0,-1,-13,0,0,-419,0,0,8,-6,0.312,-0.124,0.963,37,-54,-30,36,0,0,0,0,2647,3271,2543,1529,2044,1981,2038,2060,26,1,-1,21,3,0,0,1,37,0,1,-250,-7,-1,8,-12,0.288,-0.138,0.99
2889,3267,2561,1714,2046,1981,2038,2064,39,-1,1,28,1,0,0,1,37,0,-8,8,-12,-1,7,-11,0.222,-0.163,1.001,-7,-8,-74,24,0,0,0,0,3192,3257,2561,2077,2047,1981,2039,2055,-10,0,0,19,0,0,0,-1,-9,0,0,111,-12,-5,4,6,0.179,-0.112,0.961
3144,3247,2561,2266,2047,1983,2042,2059,-10,-1,0,27,1,0,0,1,-3,0,0,21,-12,-8,-8,-11,0.243,-0.098,1.025,-41,-30,-66,4,0,0,0,0,2933,3243,2568,2474,2049,1983,2040,2059,-41,0,0,4,0,0,0,1,-22,0,0,-16,-12,-9,-3,-11,0.247,-0.011,1.008
2655,3243,2570,2500,2049,1983,2040,2059,-40,0,0,6,0,0,0,2,-21,0,-1,-7,-12,-9,-1,-11,0.25,-0.016,1.004,-11,-44,-20,-7,0,0,0,0,2388,3243,2571,2526,2050,1983,2040,2059,-13,0,0,-2,0,0,0,1,-90,0,0,-120,-12,-9,0,-11,0.273,0.006,0.998
2341,3243,2571,2498,2049,1983,2040,2059,-7,0,0,-3,0,0,0,1,-122,0,0,-202,-12,-9,0,-11,0.269,-0.014,0.998,10,-59,-20,-58,0,0,0,0,2279,3243,2571,2249,2048,1983,2034,2058,-9,0,0,-56,-1,0,0,2,-81,0,0,-462,-12,-9,24,-10,0.152,0.002,1.039
2281,3252,2571,1778,2047,1983,2041,2058,5,7,0,-46,1,0,0,0,-31,0,0,-123,-12,-9,-4,-7,0.368,-0.13,0.976,19,-53,-45,41,0,0,0,0,2387,3271,2572,1531,2046,1981,2039,2062,16,1,0,28,0,0,0,2,12,0,0,-239,-7,-2,3,-11,0.268,-0.154,0.989
2501,3267,2572,1750,2047,1981,2038,2063,16,0,0,37,0,0,0,0,15,0,0,11,-12,-2,7,-11,0.312,-0.15,0.99,34,-30,-72,-32,0,0,0,0,2761,3255,2572,1945,2046,1982,2038,2058,36,0,0,-23,0,0,0,1,36,0,0,-48,-12,-5,7,-11,0.251,-0.077,1.007
2993,3259,2572,1758,2046,1982,2038,2057,35,1,0,-34,-1,0,-2,-1,33,0,0,-175,-7,-5,5,-6,0.28,-0.141,1.005,-52,-32,-44,33,0,0,0,0,3103,3265,2572,1633,2047,1982,2038,2061,-53,-1,0,18,1,0,0,1,-28,0,0,-86,-8,-2,7,-11,0.236,-0.165,0.985
2750,3263,2572,1832,2047,1982,2038,2060,-50,0,0,31,0,0,0,0,-26,0,0,13,-12,-4,7,-11,0.288,-0.167,1.009,29,-22,-8,-16,0,0,0,0,2457,3256,2572,2027,2047,1982,2039,2057,22,1,0,-14,1,0,0,1,12,0,0,-17,-12,-6,3,0,0.255,-0.149,0.989
2600,3256,2572,1929,2046,1982,2039,2058,19,1,0,-13,-1,0,0,0,35,0,0,-60,-10,-5,3,-11,0.249,-0.155,0.992,-12,-62,-12,-13,0,0,0,0,2807,3260,2572,1771,2046,1982,2038,2059,-15,1,0,-12,2,0,0,0,-9,0,0,-169,-12,-5,5,-11,0.256,-0.153,0.987
2727,3260,2572,1685,2047,1982,2039,2058,-15,1,0,-9,0,0,0,0,-9,0,0,-180,-8,-5,4,-7,0.268,-0.159,0.997,24,-47,-61,-8,0,0,0,0,2701,3264,2572,1606,2046,1982,2039,2058,24,1,0,-3,0,0,0,1,32,0,0,-428,-7,-5,4,-10,0.313,-0.146,1.003
2867,3266,2572,1580,2046,1982,2038,2058,25,1,0,-3,0,0,0,1,29,0,0,-544,-7,-5,7,-7,0.326,-0.133,0.972,-31,-43,-43,12,0,0,0,0,2972,3269,2569,1550,2045,1982,2038,2058,-29,1,0,0,1,0,0,0,-18,0,0,-465,-8,-5,7,-11,0.334,-0.136,0.976
2762,3269,2569,1566,2046,1982,2038,2059,-30,1,0,5,2,0,0,2,-17,0,-1,-187,-8,-5,7,-11,0.317,-0.155,0.984,-14,-2,-37,-5,0,0,0,0,2513,3268,2572,1630,2047,1982,2038,2062,-4,0,0,0,2,0,0,1,-47,0,0,-150,-12,-5,7,-10,0.296,-0.156,0.966
2452,3268,2572,1626,2047,1982,2038,2061,-5,0,0,-2,1,0,0,0,-75,0,0,-280,-12,-5,7,-11,0.301,-0.149,0.99,17,-36,-25,-14,0,0,0,0,2370,3269,2572,1576,2046,1982,2038,2060,0,1,0,-4,1,0,0,0,-19,0,0,-490,-12,-5,7,-10,0.363,-0.152,0.967
2444,3270,2571,1543,2043,1981,2038,2060,17,1,-1,0,0,0,0,1,12,0,0,-751,7,-1,7,-10,0.351,-0.143,0.946,-3,-48,-74,52,0,0,0,0,2552,3273,2553,1544,2046,1981,2038,2063,-4,1,0,33,-1,0,0,2,-13,0,0,-253,-7,-1,9,-11,0.224,-0.13,1.006
2532,3268,2572,1825,2046,1982,2038,2059,0,0,0,42,0,0,0,-1,-13,0,-2,54,-7,-4,6,-11,0.26,-0.164,1.012,37,-52,-53,12,0,0,0,0,2623,3242,2574,2305,2051,1984,2042,2059,34,-2,0,9,1,0,0,1,40,0,-1,-15,-12,-11,-8,-11,0.203,-0.061,1.066
2873,3228,2574,2387,2052,1984,2041,2059,38,0,0,12,1,0,0,1,36,0,0,-6,-12,-11,-5,-11,0.239,-0.017,0.982,-27,-21,-68,-58,0,0,0,0,3105,3210,2574,2302,2046,1982,2037,2059,-25,0,0,-50,0,0,0,0,-17,0,0,-360,-8,-4,12,-10,0.334,-0.08,0.973
2920,3201,2574,1855,2045,1981,2040,2058,-28,15,0,-53,1,0,2,0,-16,0,0,-114,-7,-2,-2,-7,0.314,-0.223,0.986,5,-38,-31,3,0,0,0,0,2699,3267,2569,1533,2044,1981,2039,2059,1,1,0,0,0,0,0,1,16,0,0,-633,7,0,5,-10,0.353,-0.152,0.971
2716,3268,2569,1533,2044,1981,2039,2059,6,1,0,0,1,0,0,1,23,0,0,-550,7,0,5,-10,0.355,-0.138,0.964,0,-5,-43,8,0,0,0,0,2760,3268,2569,1533,2044,1980,2038,2059,1,0,0,0,2,0,0,1,18,0,0,-303,7,1,6,-11,0.365,-0.147,0.968
2761,3268,2570,1557,2044,1980,2038,2060,-1,1,0,3,1,0,0,1,18,0,-1,-172,7,3,7,-11,0.327,-0.148,0.966,0,-17,-23,19,0,0,0,0,2761,3265,2573,1675,2046,1981,2038,2063,1,0,0,18,2,0,0,1,19,0,0,-9,-12,0,5,-12,0.278,-0.148,0.977
2761,3264,2573,1795,2047,1981,2038,2063,0,-1,0,18,0,0,0,-1,19,0,0,0,-12,0,7,-11,0.256,-0.142,1.003,8,-19,-66,-7,0,0,0,0,2793,3258,2573,1915,2046,1981,2038,2060,8,0,0,-5,2,0,0,0,23,0,0,-19,-12,0,7,-11,0.25,-0.146,1.0
2851,3258,2573,1878,2047,1981,2039,2059,8,0,0,-2,0,0,0,2,21,0,0,-59,-7,0,4,-11,0.235,-0.153,0.978,-16,-16,-61,27,0,0,0,0,2872,3258,2573,1924,2046,1981,2039,2058,-14,0,0,27,2,0,1,0,-13,0,0,16,-12,0,5,-6,0.196,-0.145,1.002
2770,3256,2573,2078,2047,1982,2041,2056,-16,0,0,25,1,0,1,1,-12,0,0,134,-12,-4,-2,-5,0.214,-0.136,0.992,0,-48,-58,-35,0,0,0,0,2637,3242,2574,2218,2046,1983,2037,2058,1,0,0,-32,-2,0,0,-1,13,0,0,-225,-7,-9,12,-7,0.272,-0.157,1.011
2637,3237,2574,1953,2046,1982,2039,2059,1,0,0,-48,1,0,-2,2,13,0,0,-96,-12,-5,1,-11,0.276,-0.236,0.995,-15,-1,-51,30,0,0,0,0,2582,3257,2574,1789,2047,1983,2041,2056,-11,1,0,28,1,0,0,1,-13,0,0,-1,-12,-7,-4,2,0.251,-0.156,1.021
2513,3256,2574,1986,2047,1983,2042,2055,-9,0,0,27,1,0,0,0,-28,0,0,21,-12,-7,-7,11,0.21,-0.152,0.997,27,-52,-57,-45,0,0,0,0,2475,3232,2574,2057,2047,1983,2040,2058,19,-2,0,-42,1,0,0,0,14,0,0,-121,-12,-7,0,-9,0.222,-0.174,1.02
2616,3248,2574,1761,2047,1982,2039,2057,22,1,0,-42,1,0,-1,1,33,0,0,-158,-8,-4,3,-10,0.296,-0.135,0.994,-39,-56,-19,22,0,0,0,0,2713,3268,2572,1538,2044,1982,2038,2059,-39,1,0,0,0,0,0,1,-20,0,0,-308,7,-3,7,-11,0.291,-0.163,0.977
2047,2050,2048,2047,2042,2106,2069,2051,0,1,0,0,0,0,0,0,0,-8,0,-3,6,-4,-4,-9,0.027,0.044,1.042,14,26,-9,-31,0,0,0,0,2096,2151,2004,1920,2043,2106,2069,2051,21,31,-7,-28,1,0,0,2,14,15,0,-46,0,-4,-6,-11,0.051,0.035,1.03
2191,2340,1939,1725,2045,2107,2069,2047,13,26,-9,-27,1,0,0,1,15,12,19,-106,-10,-7,-8,8,-0.004,0.085,0.98,19,-21,-25,53,0,0,0,0,2419,2477,1774,1669,2041,2129,2065,2052,21,-15,-20,39,-2,0,0,1,-14,-21,-36,82,10,-100,10,-10,-0.053,-0.036,1.033
2555,2301,1632,1930,2042,2112,2041,2048,20,-33,-19,40,2,-9,-9,-1,-14,-1,-149,494,6,-35,106,5,-0.25,-0.106,0.972,28,47,-8,-39,0,0,0,0,2776,2307,1387,2339,2043,2105,2017,1999,33,43,-13,-12,-2,1,0,2,19,36,-91,-196,0,2,214,26,-0.085,-0.132,0.979
2955,2656,1326,2011,2043,2105,2020,2009,28,45,-10,-46,-1,0,0,1,23,19,-61,-6,0,1,203,21,-0.201,-0.229,1.012,2,-17,53,-8,0,0,0,0,3189,3045,1425,1680,2044,2107,2039,2044,0,1,41,-7,1,0,0,6,16,-66,241,19,-6,-7,122,10,-0.276,-0.12,1.006
3200,3046,1737,1638,2043,2107,2044,2050,5,1,41,-8,0,0,0,1,16,-212,431,-32,0,-7,100,-10,-0.397,-0.069,0.987,-33,7,-15,41,0,0,0,0,3061,2962,2052,1747,2043,2107,2049,2046,-24,-10,1,36,2,0,0,0,13,-188,588,17,-2,-7,81,10,-0.41,-0.046,0.986
2909,2894,2055,1977,2043,2107,2052,2047,-14,-15,0,34,1,0,0,1,-35,-47,149,214,0,-7,66,8,-0.384,-0.042,0.951,17,16,-10,16,0,0,0,0,2791,2813,1948,2309,2043,2109,2069,2051,0,1,-7,16,1,1,0,6,-52,93,-90,464,-6,-12,-3,-11,-0.073,0.027,1.079
2842,2997,1845,2507,2071,2137,2068,2049,14,18,-17,7,4,0,0,0,-19,23,53,89,-16,-134,0,0,-0.429,0.025,0.921,-3,-42,21,-24,0,0,0,0,3007,2991,1796,2549,2076,2137,2067,2048,0,-42,12,-19,1,0,-1,-2,-56,-20,323,-16,-16,-134,2,10,-0.344,0.012,0.989
2991,2800,1907,2423,2075,2137,2067,2048,-14,-33,15,-14,0,0,0,1,-51,-96,458,-163,-15,-134,4,5,-0.362,0.02,0.951,6,-19,24,1,0,0,0,0,2867,2654,2134,2323,2074,2136,2067,2047,0,-21,15,0,0,0,0,0,26,-489,643,-520,-14,-134,4,6,-0.327,-0.006,1.009
2867,2607,2291,2324,2074,2136,2066,2040,1,0,22,0,0,0,-1,-19,55,-710,660,-496,-14,-130,5,10,0.405,-0.003,0.858,-44,26,-18,-35,0,0,0,0,2823,2323,2581,2325,2042,2105,2069,2095,-46,-1,-9,-2,2,0,0,0,-22,-162,-103,-964,-6,0,-5,-21,0.406,-0.005,0.934
2538,2396,2496,2214,2045,2105,2069,2095,-32,16,0,-37,0,0,0,0,-32,-82,-256,-923,-10,0,-5,-21,0.451,-0.042,0.904,31,-25,5,-10,0,0,0,0,2350,2616,2386,2045,2044,2105,2069,2095,9,2,0,0,0,0,0,0,-18,-273,-297,-1000,-6,0,-5,-20,0.454,-0.06,0.923
2499,2617,2384,2045,2044,2105,2069,2095,25,1,0,0,0,0,0,1,16,-575,-146,-1000,-6,0,-5,-20,0.434,-0.012,0.935,-17,-30,-23,19,0,0,0,0,2672,2615,2337,2045,2044,2106,2069,2094,-14,0,-21,0,0,0,0,0,-12,-729,-212,-652,-10,-2,-5,-23,0.48,-0.006,0.923
2624,2603,2224,2085,2045,2106,2069,2095,-2,-17,-23,24,1,0,0,1,-54,-704,-387,-273,-9,-2,-5,-22,0.498,0.101,0.905,-20,3,-50,-2,0,0,0,0,2573,2298,2004,2228,2046,2107,2069,2093,2,0,0,0,1,0,0,0,-260,-482,-947,-292,-7,-6,-5,-21,0.597,0.196,0.882
2572,2293,2004,2228,2046,2107,2069,2093,-1,-1,0,0,1,0,0,0,-481,-430,-1000,-349,-7,-6,-5,-21,0.538,0.115,0.882,0,2,-4,2,0,0,0,0,2573,2293,2004,2228,2046,2107,2069,2093,0,1,0,0,1,0,0,0,-704,-374,-1000,-379,-7,-6,-5,-21,0.524,0.104,0.882
2572,2293,2004,2228,2046,2107,2069,2093,1,1,0,0,1,0,0,0,-692,-352,-1000,-322,-7,-6,-5,-21,0.53,0.113,0.862,-5,-2,-12,0,0,0,0,0,2573,2293,2004,2228,2046,2107,2069,2093,0,0,0,0,1,0,0,0,-672,-349,-1000,-255,-7,-6,-5,-21,0.544,0.11,0.888
2572,2294,2004,2228,2046,2106,2069,2089,-1,1,0,0,1,0,0,0,-661,-371,-1000,-255,-10,-6,-5,-19,0.485,0.162,0.883,-13,-9,-23,-50,0,0,0,0,2986,2293,1672,2164,2046,2102,2068,2082,35,1,-30,-19,1,0,0,0,0,-475,-364,-870,-10,14,-3,-14,0.516,0.109,0.896
3217,2294,1478,2153,2046,2103,2069,2082,35,0,-19,0,0,1,0,-1,0,-584,-192,-1000,-10,12,-4,-16,0.4,0.09,0.817,0,15,54,6,0,0,0,0,3250,3100,1524,1682,2045,2104,2068,2082,0,39,35,0,0,-1,0,1,0,0,-107,-218,-11,3,0,-18,0.272,0.053,0.978
3244,3234,1848,1684,2043,2105,2068,2080,0,1,56,3,0,0,0,0,0,0,30,-56,0,2,0,-16,0.24,0.044,0.966,-32,-55,-12,6,0,0,0,0,3210,3238,2252,1748,2043,2105,2058,2080,-3,1,-11,3,0,0,0,-2,0,0,-115,-1,0,2,41,-16,0.288,0.009,0.994
3187,3238,2190,1785,2043,2105,2059,2068,-3,0,-9,4,0,0,0,-1,0,0,-194,9,0,2,39,-12,0.296,0.031,0.983,-58,-47,18,-5,0,0,0,0,3137,3237,2143,1810,2042,2105,2059,2060,-4,1,16,-5,0,0,0,1,0,0,-42,0,6,2,37,-11,0.257,0.004,0.995
3106,3238,2264,1788,2041,2105,2058,2059,-3,1,19,0,2,0,0,0,0,0,-1,-43,6,2,39,-11,0.261,-0.023,0.967,-24,-50,-39,-9,0,0,0,0,3061,3239,2259,1728,2043,2105,2067,2047,-2,1,-33,-10,1,0,0,2,0,0,-166,-126,0,2,7,6,0.327,0.025,0.943
3030,3239,2015,1658,2042,2107,2068,2048,-5,1,-35,-8,0,0,0,0,0,0,-244,-89,5,-7,0,7,0.342,0.061,0.944,-14,-1,-25,19,0,0,0,0,3239,3241,1590,1652,2044,2104,2069,2051,3,1,-15,10,2,0,0,0,0,0,-204,4,-10,5,-5,-7,0.365,0.064,1.001
3249,3240,1517,1765,2045,2104,2067,2050,3,1,-3,16,1,0,0,0,0,0,-600,62,-10,5,3,-7,0.385,0.083,0.976,-11,-35,7,21,0,0,0,0,3254,3218,1367,2004,2045,2105,2069,2050,1,-5,0,24,0,0,0,1,0,0,-683,75,-10,3,-5,-7,0.434,0.137,0.914
3254,3188,1368,2154,2044,2107,2069,2050,0,-4,0,20,0,0,0,0,0,0,-485,40,-5,-6,-4,-7,0.412,0.167,0.917,-24,-47,5,11,0,0,0,0,3256,3141,1389,2354,2043,2109,2069,2050,1,-4,29,9,-1,0,0,1,0,0,-235,90,6,-13,-4,-7,0.388,0.214,0.946
3256,3114,1434,2426,2042,2109,2069,2050,1,-2,0,9,0,0,0,0,0,0,-294,100,5,-15,-4,-7,0.443,0.211,0.908,-63,-43,-17,-7,0,0,0,0,3256,3079,1460,2501,2042,2115,2069,2051,1,-2,0,-6,1,0,0,-1,0,0,-553,8,5,-39,-4,-8,0.358,0.21,0.954
3257,3060,1436,2452,2042,2115,2069,2051,2,-2,0,-5,0,0,0,1,0,0,-933,18,3,-40,-4,-9,0.395,0.197,0.949,-49,-46,10,-13,0,0,0,0,3257,3014,1436,2349,2042,2115,2068,2049,1,-3,0,-12,1,0,0,-1,0,0,-818,-18,5,-40,0,0,0.394,0.198,0.92
3256,2986,1435,2283,2042,2115,2066,2047,0,-3,0,-8,1,0,0,0,0,0,-529,-105,5,-37,7,11,0.422,0.169,0.923,-55,7,45,-34,0,0,0,0,3251,2932,1597,2071,2045,2101,2066,2047,-1,-4,39,-35,2,0,0,2,0,0,-14,-269,-10,18,9,6,0.337,0.069,0.934
3247,3023,1883,1841,2045,2101,2066,2050,0,23,40,-23,2,0,0,1,0,0,38,-263,-11,18,8,-6,0.276,0.013,0.937,-29,-44,-25,48,0,0,0,0,3207,3247,2169,1720,2044,2104,2060,2049,-4,0,-19,45,1,0,0,0,0,0,-145,11,-6,5,35,-7,0.345,0.064,1.03
3179,3242,2007,2021,2044,2104,2068,2050,-4,0,-31,44,0,0,1,1,0,0,-175,109,-6,4,5,-11,0.298,0.099,0.999,-20,-13,18,-47,0,0,0,0,3238,3203,1851,2272,2045,2104,2065,2046,1,-2,16,-38,1,0,0,1,0,0,-1,-242,-10,5,13,10,0.29,0.075,0.976
3238,3180,1949,1927,2045,2103,2067,2050,1,-4,16,-52,0,0,0,0,0,0,94,-119,-10,9,4,-11,0.216,0.061,1.003,-60,-61,-47,35,0,0,0,0,3219,3248,1918,1689,2044,2104,2069,2048,6,1,-40,27,0,0,0,1,0,0,-55,-12,-4,5,-3,11,0.271,0.003,1.041
3243,3246,1632,1903,2044,2104,2067,2049,2,0,-32,34,1,0,0,1,0,0,-187,76,-6,6,5,-7,0.405,0.108,0.948,-57,-16,-6,-43,0,0,0,0,3256,3208,1367,2030,2041,2108,2068,2048,1,-3,-18,-35,0,0,0,1,0,0,-745,-98,9,-10,0,7,0.403,0.153,0.947
3256,3201,1310,1735,2041,2108,2069,2048,1,5,0,-40,0,0,0,0,0,0,-666,-83,9,-10,-3,9,0.441,0.171,0.862,-34,-64,24,32,0,0,0,0,3257,3249,1286,1539,2041,2108,2068,2052,1,0,0,27,0,0,-1,1,0,0,-326,-26,10,-10,-2,-11,0.407,0.132,0.939
3256,3247,1421,1733,2042,2104,2067,2051,0,0,25,30,1,0,0,0,0,0,-204,12,5,4,5,-7,0.342,0.054,0.953,-38,-37,27,-5,0,0,0,0,3250,3244,1685,1960,2045,2103,2067,2051,0,2,22,0,1,0,0,1,0,0,-3,23,-7,9,5,-11,0.229,0.044,1.005
3248,3244,1858,1932,2044,2103,2067,2051,-1,0,25,-4,0,0,0,1,0,0,20,-5,-6,10,5,-11,0.233,0.046,1.004,-28,-7,0,-26,0,0,0,0,3245,3245,2051,1813,2044,2102,2068,2050,0,2,0,-27,0,0,0,1,0,0,97,-153,-6,11,2,-11,0.16,0.0,0.998
3245,3249,2051,1665,2044,2103,2067,2048,0,1,0,-16,0,0,0,0,0,0,99,-274,-6,9,4,6,0.308,0.071,0.988,-49,-19,21,19,0,0,0,0,3199,3257,2168,1549,2042,2104,2063,2050,-5,1,27,0,0,0,-2,1,0,0,9,-300,6,4,20,-7,0.328,0.028,0.997
3171,3257,2311,1624,2042,2104,2055,2053,-3,0,19,12,2,0,0,1,0,0,0,-66,6,3,54,-12,0.244,-0.021,0.997,2,-4,-36,34,0,0,0,0,3133,3255,2350,1894,2042,2103,2056,2050,-2,0,-29,29,1,0,2,0,0,0,-149,62,5,7,52,-7,0.261,0.062,1.02
3109,3242,2122,2125,2043,2108,2069,2051,-2,-6,-40,43,-1,1,0,-1,0,0,-216,54,3,-9,-1,-7,0.254,0.167,0.989,-28,-46,-5,-1,0,0,0,0,3210,3204,1810,2405,2040,2108,2069,2050,15,-1,-3,0,0,0,0,0,0,0,-185,-29,10,-11,-3,-7,0.254,0.179,0.98
3234,3191,1777,2405,2041,2107,2069,2050,1,-1,-7,0,1,0,0,0,0,0,-194,-57,10,-8,-3,-7,0.245,0.186,0.988,-42,-10,6,-6,0,0,0,0,3242,3163,1739,2386,2042,2107,2068,2048,1,-2,0,-4,1,0,0,-1,0,0,-86,-121,6,-8,-1,7,0.254,0.171,0.978
3241,3145,1764,2362,2043,2105,2068,2048,0,-3,7,-2,2,0,0,1,0,0,-11,-191,0,-4,0,9,0.259,0.167,0.988,-22,-14,7,-20,0,0,0,0,3241,3103,1841,2249,2045,2103,2066,2047,0,-4,3,-14,0,0,0,0,0,0,0,-285,-11,4,8,10,0.304,0.168,1.019
3241,3077,1876,2118,2045,2103,2067,2047,1,-4,6,-19,1,0,0,0,0,0,43,-300,-10,8,6,10,0.265,0.057,1.002,-8,10,17,-43,0,0,0,0,3238,3137,1994,1754,2044,2103,2068,2048,-1,30,15,-41,1,0,0,2,0,0,93,-224,-10,8,2,0,0.28,0.071,0.982
3215,3248,2126,1536,2043,2103,2064,2048,-5,2,31,-22,2,0,0,0,0,0,37,-532,-10,7,16,4,0.435,-0.027,0.946,-56,-32,-41,-6,0,0,0,0,3168,3267,2094,1336,2043,2106,2049,2049,-3,1,-33,-2,-1,0,0,0,0,0,-46,-970,-6,-4,81,5,0.434,0.008,0.905
3146,3267,1825,1270,2044,2106,2049,2049,8,1,-38,0,1,0,0,0,0,0,-75,-852,-10,-4,81,0,0.448,-0.002,0.912,-40,-5,29,0,0,0,0,0,3242,3268,1616,1241,2043,2105,2049,2050,1,1,27,0,1,0,0,1,0,0,-2,-930,0,-1,81,-5,0.449,-0.005,0.922
3241,3268,1802,1241,2043,2104,2049,2050,0,1,26,0,0,0,0,1,0,0,24,-929,0,3,81,-5,0.448,-0.04,0.939,-42,-17,2,33,0,0,0,0,3202,3268,2029,1243,2042,2105,2049,2050,-4,1,1,3,1,0,0,0,0,0,70,-333,6,1,81,-7,0.432,-0.028,0.943
3170,3267,2061,1438,2044,2107,2059,2052,-4,0,0,25,0,0,2,1,0,0,-8,-207,-6,-8,43,-12,0.332,0.09,0.959,-2,-4,-29,-5,0,0,0,0,3118,3262,1995,1647,2044,2107,2070,2048,-4,0,-33,0,0,0,0,1,0,0,-207,-81,-6,-8,-6,10,0.35,0.058,0.943
3141,3262,1796,1620,2045,2105,2069,2047,12,0,-20,-7,1,0,0,2,0,0,-193,-111,-10,-3,-6,10,0.355,0.09,0.979,-22,-20,-8,44,0,0,0,0,3245,3262,1573,1742,2045,2104,2067,2048,2,0,0,38,1,0,0,0,0,0,-357,32,-10,5,3,6,0.344,0.076,0.968
2050,2048,2048,2046,2052,2065,2070,2049,1,0,0,0,0,0,0,1,0,0,0,3,-6,-3,-2,0,0.066,-0.027,1.039,38,35,18,23,0,0,0,0,2191,2160,2108,2125,2053,2065,2070,2048,38,30,15,21,0,0,0,0,25,32,81,94,-6,-2,-1,7,-0.008,-0.022,1.25
2446,2408,2239,2286,2052,2064,2071,2049,29,26,13,16,0,0,0,0,30,29,39,61,0,-1,-5,0,-0.284,-0.059,0.992,11,26,-24,-28,0,0,0,0,2841,2808,2300,2362,2054,2065,2071,2057,17,41,-18,-25,1,-1,0,1,-15,15,-64,-15,-11,-4,-6,-11,-0.182,-0.005,1.022
2955,3001,2145,2167,2055,2066,2072,2058,7,25,-29,-29,1,0,0,0,-35,13,-95,-1,-10,-6,-9,-11,-0.09,-0.001,1.128,-44,-7,-15,21,0,0,0,0,3040,3200,1904,2016,2066,2081,2071,2054,1,-6,-13,16,2,3,0,-3,-358,-15,-152,118,-10,-74,-6,-12,0.169,0.158,0.985
2783,3131,1821,2169,2055,2097,2070,2050,-65,-6,-27,19,2,0,0,0,-275,-9,-239,65,-10,-140,-2,-7,0.042,0.129,1.032,-17,-24,-16,-31,0,0,0,0,2348,2982,1611,2208,2021,2096,2070,2050,-37,-22,-21,-31,-6,0,0,0,-276,-14,-143,-1,16,-139,-2,-7,0.17,0.051,1.026
2004,2850,1466,2020,2010,2093,2064,2047,-44,-11,-19,-19,1,-1,0,-1,-24,-32,-6,-62,21,-127,23,8,0.343,0.008,0.98,26,-33,-6,-34,0,0,0,0,1909,2834,1314,1745,2049,2065,2057,2051,24,-19,-10,-22,10,0,0,1,23,-487,-2,-563,-6,-3,53,-9,0.467,-0.049,0.968
2066,2731,1271,1558,2064,2062,2056,2057,15,-47,-8,-26,5,0,0,1,39,-663,21,-750,-10,9,57,-9,0.409,-0.115,0.979,36,33,28,49,0,0,0,0,2281,2526,1242,1365,2073,2063,2066,2063,12,0,16,49,1,0,0,-1,218,-412,471,-58,-10,6,15,-11,0.439,-0.09,0.918
2559,2525,1413,1700,2069,2064,2071,2061,61,0,24,40,1,0,0,0,126,-83,548,-145,-10,2,-5,-12,-0.051,-0.1,1.005,-4,7,20,-12,0,0,0,0,3027,2726,1763,2069,2069,2069,2074,2062,-1,11,27,0,0,0,0,0,-29,-35,370,-317,-10,-18,-17,-11,-0.107,-0.105,0.984
3004,2796,1863,2031,2069,2069,2074,2063,-2,9,23,-10,0,0,0,2,-31,-51,522,-501,-10,-18,-17,-11,-0.152,-0.119,1.012,-35,-42,0,-3,0,0,0,0,2818,2857,2061,1877,2071,2079,2072,2067,-26,-11,11,0,1,0,0,0,-40,-362,349,-304,-11,-64,-10,-11,-0.078,-0.093,1.018
2661,2723,2077,1878,2071,2079,2071,2066,-32,-34,1,0,1,0,0,0,-106,-585,278,-394,-11,-60,-6,-10,0.148,-0.104,1.05,24,21,-44,26,0,0,0,0,2372,2473,1943,1904,2046,2074,2067,2061,23,0,-41,22,0,0,0,-2,12,-482,2,-118,10,-41,11,-11,0.24,-0.039,1.072
2550,2422,1665,2073,2017,2076,2073,2059,26,1,-45,27,0,0,0,0,-15,-168,-57,-86,17,-47,-13,-11,0.01,0.025,0.947,2,4,48,9,0,0,0,0,2767,2388,1484,2300,2007,2087,2072,2052,20,19,38,10,0,0,0,1,-30,12,147,-14,22,-98,-9,-12,-0.13,-0.064,1.025
2798,2424,1761,2361,2043,2087,2072,2055,1,2,46,8,9,0,0,1,-35,-8,342,-25,10,-98,-10,-12,-0.134,-0.085,0.953,-31,36,-6,-6,0,0,0,0,2687,2584,2163,2395,2082,2097,2071,2053,-18,28,0,-9,5,0,0,0,-64,22,127,-5,-16,-140,-5,-12,-0.168,-0.03,0.983
2621,2799,2158,2355,2090,2098,2071,2050,-16,29,0,-4,2,0,0,0,-246,37,-23,3,-19,-144,-5,-8,-0.158,-0.04,0.99,9,-27,-40,9,0,0,0,0,2512,3027,2000,2333,2091,2099,2070,2050,1,-26,-39,9,0,0,0,1,-340,-14,-303,75,-19,-148,0,-7,0.052,0.032,0.988
2511,2845,1666,2391,2046,2097,2070,2050,0,-26,-56,9,-1,0,0,0,-243,-15,-50,85,10,-142,0,-7,0.072,0.04,1.038,-18,-11,57,-54,0,0,0,0,2277,2598,1496,2270,1958,2097,2068,2048,-46,1,47,-40,1,0,0,-1,-14,-22,427,-108,63,-140,5,6,0.061,0.037,1.029
2053,2601,1820,2020,1974,2096,2070,2056,-30,1,43,-28,11,0,0,2,47,-78,672,-573,33,-138,3,-9,0.189,0.033,0.979,55,31,14,33,0,0,0,0,1859,2724,2051,1860,2052,2095,2070,2056,2,21,9,-1,6,0,0,1,555,-118,704,-369,-9,-134,-4,-12,-0.202,-0.004,0.963
2503,2804,2235,2015,2088,2097,2070,2052,95,15,25,30,9,0,0,-3,58,-15,325,-5,-19,-141,-1,-12,-0.121,-0.094,0.964,-21,-13,-8,-42,0,0,0,0,2998,2996,2416,2103,2052,2064,2065,2050,-80,1,-3,-38,-2,0,0,1,-26,-40,-128,-141,0,-1,19,-7,0.151,-0.071,1.01
2820,2999,2356,1868,2052,2065,2064,2050,-11,2,-10,-27,2,0,0,1,-18,-141,-106,-332,-7,0,23,-5,0.331,-0.047,0.972,-19,-1,-15,-24,0,0,0,0,2652,3019,2245,1657,2053,2065,2063,2049,-9,1,-13,0,2,0,0,0,-77,-308,-183,-995,-10,-2,25,-5,0.472,-0.044,0.981
2588,3019,2173,1623,2054,2065,2063,2050,-7,1,-6,0,1,0,0,0,-144,-319,-303,-988,-10,-5,26,-5,0.453,-0.021,0.918,22,-26,-29,30,0,0,0,0,2576,3018,2016,1579,2055,2066,2064,2051,1,1,-3,0,1,0,0,1,-152,-548,-674,-445,-9,-5,23,-10,0.466,0.066,0.891
2681,2992,1858,1730,2056,2067,2064,2051,24,-41,-47,32,1,0,0,0,-129,-594,-826,-212,-8,-9,23,-6,0.508,0.079,0.852,-42,20,12,-30,0,0,0,0,2879,2655,1682,1923,2056,2067,2064,2050,-1,0,0,-16,1,0,0,1,-524,-249,-771,-592,-8,-9,23,-5,0.543,0.09,0.881
2879,2710,1681,1793,2056,2067,2065,2051,1,14,0,-23,1,0,0,1,-714,-158,-426,-900,-9,-9,20,-9,0.531,0.058,0.871,14,14,23,31,0,0,0,0,2830,2936,1812,1607,2055,2066,2065,2052,0,4,23,-1,0,0,0,1,-470,-178,-147,-426,-10,-5,18,-11,0.454,0.033,0.926
2748,2978,1966,1751,2055,2066,2068,2055,-17,0,20,24,1,0,0,1,-191,-103,-137,-136,-10,-6,4,-12,0.387,0.018,0.951,-3,-24,10,-16,0,0,0,0,2675,2941,2170,1952,2054,2065,2067,2056,-4,-5,7,-5,0,0,0,1,-39,-94,-50,-251,-10,-2,9,-11,0.399,-0.024,0.959
2653,2901,2235,1892,2054,2065,2066,2054,-4,-23,11,-4,1,0,0,0,-38,-253,-26,-452,-7,-2,14,-10,0.375,-0.026,0.962,15,-16,-27,-33,0,0,0,0,2643,2896,2211,1773,2052,2064,2065,2052,17,1,-23,0,0,0,0,0,9,-705,-110,-963,0,1,18,-8,0.467,0.028,0.94
2744,2896,2060,1751,2053,2065,2065,2052,14,0,-22,0,1,0,0,0,12,-690,-241,-994,-6,-1,18,-8,0.495,0.05,0.9,-20,-15,-39,-14,0,0,0,0,2869,2897,1738,1663,2054,2065,2065,2052,3,1,-29,-10,1,0,0,1,-89,-669,-512,-966,-9,-2,18,-8,0.616,0.058,0.87
2872,2896,1599,1604,2055,2066,2065,2051,1,1,-1,-5,1,0,0,0,-255,-648,-936,-925,-8,-3,18,-9,0.593,0.102,0.819,-12,-15,29,44,0,0,0,0,2874,3041,1487,1489,2055,2067,2070,2050,4,64,0,11,1,0,0,0,-627,0,-423,-102,-9,-9,-4,-7,0.548,0.14,0.835
2873,3200,1664,1763,2055,2066,2070,2050,0,13,7,42,1,0,0,0,-711,0,-343,20,-9,-5,-2,-7,0.38,0.075,0.991,-15,-24,-14,13,0,0,0,0,2777,3179,1863,2174,2054,2067,2070,2049,-6,-3,0,8,0,0,0,0,-688,0,-469,0,-8,-8,-6,0,0.425,0.142,0.933
2771,3153,1863,2251,2055,2067,2070,2049,0,-3,0,12,1,0,0,0,-663,0,-868,21,-7,-9,-5,0,0.395,0.203,0.934,-33,-21,17,-61,0,0,0,0,2844,3100,1798,2130,2052,2063,2067,2047,72,-3,-21,-51,-1,0,0,1,0,0,-448,-169,-6,6,10,11,0.289,0.085,0.982
3091,3127,1812,1732,2053,2063,2068,2048,23,20,14,-49,0,0,0,1,0,0,-5,-223,-6,4,6,7,0.405,0.08,0.947,-7,-60,-21,44,0,0,0,0,3155,3259,1862,1446,2052,2065,2064,2049,-1,1,-16,34,-1,1,3,2,0,0,-40,-225,-1,1,27,-7,0.331,0.075,0.979
3178,3254,1747,1686,2054,2063,2068,2051,13,-1,-18,43,0,-1,-1,2,0,0,-155,16,-10,7,4,-12,0.338,0.061,0.941,-16,-21,-12,-23,0,0,0,0,3243,3239,1564,1938,2054,2063,2067,2051,1,2,-14,-21,1,0,0,1,0,0,-300,-14,-10,7,9,-12,0.344,0.056,0.973
3247,3248,1517,1798,2054,2064,2068,2049,2,1,0,-19,1,0,0,0,0,0,-441,-81,-10,4,5,0,0.404,0.054,0.963,-41,-46,9,15,0,0,0,0,3250,3250,1445,1673,2054,2065,2068,2050,1,1,0,15,1,0,0,1,0,0,-372,-11,-10,1,4,-7,0.39,0.084,0.948
3250,3250,1459,1762,2054,2064,2068,2051,1,1,12,14,0,0,0,1,0,0,-167,19,-10,4,6,-12,0.359,0.061,0.96,-39,-57,40,-20,0,0,0,0,3246,3249,1670,1816,2052,2063,2068,2051,0,1,36,-11,-2,0,0,1,0,0,-2,-85,0,8,6,-12,0.265,0.056,0.979
3244,3251,1918,1703,2053,2064,2069,2051,0,2,39,-22,0,0,0,1,0,0,75,-182,-10,3,2,-11,0.285,0.05,0.95,-40,-62,-38,-16,0,0,0,0,3205,3255,2107,1541,2053,2064,2057,2047,-3,1,-33,-11,1,0,0,0,0,0,-108,-466,-6,2,52,10,0.426,0.07,0.965
3177,3257,1845,1466,2054,2064,2057,2047,-5,1,-41,-10,-1,0,0,0,0,0,-84,-602,-10,4,52,10,0.443,0.061,0.948,-39,-40,47,18,0,0,0,0,3239,3263,1728,1381,2053,2064,2057,2047,0,2,42,0,0,0,0,0,0,0,21,-447,-6,5,56,11,0.36,0.036,0.924
3228,3264,2028,1449,2052,2064,2057,2048,-4,1,53,14,0,0,0,1,0,0,99,-212,0,4,53,7,0.423,-0.012,0.944,-58,-49,-57,3,0,0,0,0,3186,3263,2204,1568,2054,2066,2061,2047,-2,0,-48,0,1,0,3,1,0,0,-153,-62,-10,-3,38,11,0.336,0.089,0.974
3163,3262,1810,1582,2052,2066,2070,2048,-3,0,-58,3,0,0,0,1,0,0,-118,-34,0,-5,-3,7,0.361,0.044,0.918,-50,-9,20,22,0,0,0,0,3250,3260,1465,1689,2054,2065,2069,2049,1,0,4,19,1,0,0,1,0,0,-179,23,-11,-1,1,-9,0.345,0.062,0.963
3248,3258,1574,1828,2053,2064,2068,2050,0,0,20,23,0,0,0,0,0,0,-47,73,-6,4,6,-7,0.271,0.056,1.004,-49,0,34,21,0,0,0,0,3244,3254,1869,2082,2052,2064,2068,2050,-1,0,32,22,1,0,0,0,0,0,0,117,0,4,6,-7,0.129,0.038,1.041
3243,3243,2091,2246,2052,2064,2070,2051,-1,-1,32,24,1,0,1,2,0,0,21,21,0,4,0,-12,0.036,0.094,1.004,-54,-54,-34,-67,0,0,0,0,3187,3236,2236,2172,2051,2063,2067,2051,-3,0,-31,-68,-1,0,1,1,0,0,-100,-219,10,5,11,-11,0.162,0.141,0.988
3169,3250,1982,1690,2052,2066,2068,2046,9,1,-37,-62,0,0,0,1,0,0,-9,-95,0,-3,3,10,0.421,0.066,0.99,-8,-28,-31,31,0,0,0,0,3241,3265,1607,1350,2054,2063,2056,2048,2,1,-25,1,1,0,0,0,0,0,-115,-314,-10,5,56,7,0.43,0.073,0.922
3246,3263,1461,1512,2055,2065,2070,2047,2,0,-18,16,1,0,3,1,0,0,-382,-98,-9,0,1,12,0.47,0.079,0.935,-11,-50,31,-26,0,0,0,0,3253,3257,1312,1634,2055,2065,2070,2050,0,0,13,-14,0,0,0,0,0,0,-210,-76,-11,0,-4,-7,0.378,0.072,0.958
3253,3260,1498,1524,2054,2064,2068,2050,0,2,21,-10,0,0,0,0,0,0,-100,-351,-10,3,4,-10,0.407,0.065,0.957,-55,-59,33,35,0,0,0,0,3245,3266,1846,1445,2052,2065,2068,2051,0,1,25,26,0,0,0,1,0,0,65,-230,0,0,4,-11,0.289,0.082,0.981
3229,3264,2073,1643,2051,2066,2070,2055,-5,-1,38,26,0,0,0,1,0,0,49,-17,6,-5,-2,-12,0.226,0.011,1.004,-13,-13,8,20,0,0,0,0,3176,3256,2385,1986,2051,2064,2067,2055,-3,0,9,17,0,0,0,1,0,0,-14,23,6,5,9,-12,0.133,-0.042,1.041
3158,3255,2438,2099,2050,2063,2067,2052,-3,0,6,18,0,0,0,0,0,0,-16,113,10,7,9,-12,0.121,-0.056,1.035,-22,-13,-55,-18,0,0,0,0,3120,3233,2292,2224,2053,2067,2070,2050,-3,0,-57,-15,1,0,0,0,0,0,-166,-93,-10,-8,-3,-7,0.229,0.128,1.044
3096,3230,1919,2090,2053,2067,2070,2049,1,0,-56,-16,1,0,0,0,0,0,-153,-37,-10,-9,-3,0,0.255,0.058,1.044,-14,-46,10,-38,0,0,0,0,3249,3224,1539,1792,2054,2065,2068,2050,2,8,0,-38,1,0,0,0,0,0,-187,-82,-10,0,5,-8,0.343,0.071,0.953
3248,3254,1569,1577,2054,2063,2068,2049,0,2,7,-18,2,-1,0,1,0,0,-27,-253,-10,3,5,-6,0.414,0.041,0.942,-39,-43,20,10,0,0,0,0,3245,3264,1717,1401,2053,2063,2067,2050,0,0,17,0,0,0,0,0,0,0,47,-597,-6,7,9,-7,0.418,0.026,0.955
3243,3266,1844,1401,2053,2063,2067,2050,0,1,14,0,0,0,0,0,0,0,82,-313,-10,6,9,-7,0.405,0.042,0.952,-28,-53,-41,-1,0,0,0,0,3214,3266,1850,1454,2053,2065,2067,2049,0,1,-35,0,0,0,0,-1,0,0,-43,-215,-10,0,9,-7,0.428,0.051,0.909
3239,3266,1595,1454,2054,2065,2067,2049,1,1,-37,0,1,0,0,0,0,0,-131,-243,-10,0,9,0,0.478,0.077,0.926,-15,-45,15,7,0,0,0,0,3252,3266,1376,1453,2055,2066,2068,2047,1,1,0,0,1,0,0,-1,0,0,-292,-145,-10,-4,6,11,0.476,0.118,0.919
3252,3265,1443,1493,2055,2066,2068,2048,1,0,9,3,0,0,0,2,0,0,-147,-111,-10,-4,6,0,0.4,0.068,0.947,-51,-4,-6,18,0,0,0,0,3249,3263,1536,1607,2054,2066,2070,2052,1,0,0,13,0,0,0,1,0,0,-147,-2,-10,-4,-3,-12,0.36,0.044,0.98
2073,2114,2051,2102,2027,2079,2084,2038,0,1,1,0,0,0,1,1,-12,-13,-4,-9,7,-4,-5,7,0.05,0.101,1.022,3,16,-20,-1,0,0,0,0,2083,2166,1983,2095,2027,2079,2085,2037,4,15,-16,-1,0,0,0,1,-8,14,-93,-2,11,-6,-8,12,0.076,0.108,0.983
2120,2267,1865,2084,2027,2079,2085,2037,9,16,-17,-1,0,0,0,0,-14,16,-160,18,11,-6,-8,11,0.106,0.048,1.025,17,-14,37,-26,0,0,0,0,2216,2364,1833,1970,2017,2079,2084,2040,4,4,29,-24,5,1,0,1,-4,-17,3,-17,12,-3,-5,-7,0.035,0.031,1.055
2300,2365,2041,1846,2031,2079,2082,2046,13,1,25,-12,1,0,0,1,14,-94,174,-225,-12,-5,3,-10,0.027,-0.007,0.992,35,2,-42,15,0,0,0,0,2563,2301,2184,1645,2030,2079,2056,2066,53,-35,-42,13,2,0,0,1,23,-74,-2,28,-7,-7,115,-15,0.208,-0.05,1.027
2828,2207,1917,1706,2029,2077,2055,2067,36,0,-36,5,1,0,0,1,15,-21,-48,202,-4,1,119,-15,0.126,-0.073,1.039,-5,20,22,33,0,0,0,0,3146,2222,1677,1943,2030,2076,2049,2028,-1,25,21,34,1,0,0,-11,-37,28,-1,322,-7,4,143,11,-0.13,-0.144,0.99
3133,2413,1829,2217,2028,2076,2051,2003,-7,20,22,45,5,0,1,1,-52,12,0,98,-7,5,136,19,-0.036,-0.191,1.046,-44,29,-38,-5,0,0,0,0,3040,2628,1884,2457,2036,2080,2086,2042,0,35,-34,0,1,0,0,-2,-297,34,-249,83,-10,-12,-12,-11,0.19,0.193,0.943
3043,2845,1686,2457,2035,2076,2082,2037,1,12,-50,1,0,0,0,0,-777,29,-504,-56,-9,2,4,7,0.32,0.265,0.915,7,-28,39,-33,0,0,0,0,3046,3010,1503,2315,2036,2074,2080,2035,0,-26,9,-21,1,0,0,0,-686,-16,-267,-241,-11,13,11,11,0.394,0.122,0.877
2981,2833,1734,2121,2030,2072,2080,2034,-25,-17,36,-26,0,0,0,0,-413,-29,-73,-359,-7,21,12,10,0.391,0.122,0.915,-10,-31,-26,17,0,0,0,0,2740,2777,1974,1939,2028,2073,2074,2033,2,0,-12,0,1,0,0,0,-103,-468,-318,-369,6,16,37,10,0.466,0.079,0.911
2742,2668,1858,2022,2028,2073,2074,2032,1,-20,-33,12,1,0,0,0,-184,-602,-585,-231,5,16,37,10,0.475,0.184,0.875,-7,20,30,-8,0,0,0,0,2745,2397,1725,2148,2030,2073,2074,2032,1,0,0,0,0,0,0,0,-349,-329,-323,-350,-7,16,37,10,0.466,0.109,0.895
2740,2399,1887,2149,2029,2073,2074,2033,-6,1,28,0,0,0,0,3,-392,-145,-140,-582,0,16,37,10,0.498,0.136,0.921,26,-1,-13,6,0,0,0,0,2545,2501,2106,2142,2028,2073,2074,2039,1,1,-1,0,0,0,0,0,-39,-107,-311,-711,6,16,37,0,0.501,0.147,0.916
2642,2501,2026,2141,2028,2073,2074,2037,26,1,-11,0,0,0,0,1,10,-117,-345,-537,6,16,37,8,0.477,0.143,0.881,-38,25,-12,-14,0,0,0,0,2769,2535,1897,2109,2028,2073,2075,2038,-22,17,0,-22,1,0,0,1,-107,-30,-453,-470,6,16,33,6,0.464,0.147,0.907
2740,2651,1854,2015,2028,2073,2075,2038,1,23,-4,-18,0,0,0,0,-448,8,-616,-458,4,16,33,3,0.507,0.107,0.938,6,10,31,-16,0,0,0,0,2741,2900,1814,1819,2029,2073,2075,2041,0,17,2,-16,1,0,0,1,-661,-14,-281,-393,0,16,33,-11,0.49,0.085,0.889
2630,2995,1993,1721,2029,2073,2074,2042,-24,16,25,-18,1,0,0,0,-372,-29,-139,-442,0,16,37,-11,0.431,0.033,0.954,4,8,-55,13,0,0,0,0,2495,3135,2094,1599,2031,2073,2082,2039,2,1,-32,0,1,0,1,3,-101,-39,-558,-218,-10,16,4,0,0.502,0.124,0.911
2576,3150,1893,1644,2032,2073,2082,2040,21,8,-7,12,1,0,0,0,-174,-18,-935,-3,-9,16,4,-10,0.531,0.107,0.908,32,-18,-26,33,0,0,0,0,2730,3161,1805,1870,2032,2073,2082,2040,52,-20,-5,32,1,0,0,-1,-135,-38,-864,66,-10,16,4,-7,0.439,0.139,0.861
2954,2982,1596,2111,2031,2073,2084,2040,25,-22,-32,32,0,0,0,0,-138,-12,-724,0,-10,16,-5,-7,0.403,0.19,0.943,0,-2,2,-31,0,0,0,0,3217,2819,1384,2270,2031,2073,2080,2037,0,-2,0,-25,0,0,-1,0,-175,9,-649,-176,-10,17,9,11,0.431,0.162,0.927
3217,2815,1369,2106,2031,2067,2080,2036,1,0,0,-29,0,0,0,0,-174,-12,-531,-365,-11,41,12,10,0.492,0.127,0.876,-37,7,50,21,0,0,0,0,3204,2862,1502,1903,2030,2064,2080,2038,-4,8,44,17,0,0,0,1,-465,-18,-13,-138,-7,54,11,7,0.41,0.114,0.933
2936,2881,1846,2033,2028,2064,2081,2039,-45,1,53,17,0,0,0,1,-344,-9,0,-89,7,54,7,-7,0.391,0.048,0.929,22,-1,-19,-21,0,0,0,0,2523,2908,2213,2144,2028,2064,2080,2040,2,2,-7,-13,1,0,0,1,-53,12,-366,-256,7,54,12,-7,0.398,0.029,0.955
2619,2927,2080,2016,2028,2064,2079,2041,19,3,-17,-19,1,0,0,2,-21,-13,-348,-308,7,54,14,-11,0.409,0.053,0.924,-36,-44,-33,3,0,0,0,0,2773,2905,1842,1856,2030,2064,2080,2038,0,-18,-26,0,1,0,0,2,-223,-192,-587,-274,-5,53,12,10,0.551,0.093,0.784
2775,2787,1701,1858,2031,2064,2080,2037,0,-13,-1,0,1,0,0,0,-628,-545,-908,-197,-8,53,12,10,0.547,0.188,0.85,7,12,39,-28,0,0,0,0,2776,2724,1708,1875,2031,2064,2080,2037,1,0,15,-6,2,0,0,0,-619,-617,-316,-689,-10,53,13,8,0.52,0.09,0.913
2695,2726,1931,1860,2030,2064,2079,2037,-26,0,32,0,-1,0,0,0,-318,-448,-111,-998,0,53,15,8,0.499,0.054,0.895,17,26,-4,4,0,0,0,0,2510,2770,2212,1860,2029,2065,2079,2039,0,8,0,0,2,0,0,1,-16,-180,-97,-923,-5,50,15,0,0.448,-0.008,0.945
2594,2833,2202,1836,2031,2066,2079,2042,19,12,-3,-3,0,0,0,1,-7,-63,-167,-711,-7,46,16,-11,0.422,-0.02,0.947,26,-30,-19,-11,0,0,0,0,2799,2971,2094,1756,2031,2067,2079,2041,23,1,-15,-3,1,0,0,-1,21,-193,-198,-445,-12,45,15,-6,0.461,0.037,0.94
2950,2967,1966,1722,2031,2070,2079,2040,25,-2,-19,0,1,0,0,0,33,-515,-201,-611,-11,31,15,-8,0.414,0.135,0.917,-24,1,-28,34,0,0,0,0,3143,2957,1678,1701,2031,2077,2079,2041,0,0,-21,19,1,0,0,1,-38,-728,-139,-261,-11,1,15,-10,0.508,0.117,0.882
3136,2814,1538,1913,2029,2077,2079,2040,-5,-23,-4,32,-1,0,0,1,-210,-378,-332,-180,0,0,15,-7,0.429,0.123,0.934,-54,-6,6,-44,0,0,0,0,3140,2577,1418,2066,2031,2075,2082,2037,1,1,0,-20,0,0,0,0,-687,-118,-655,-516,-9,6,2,9,0.478,0.15,0.934
2090,2036,2022,2020,2052,2045,2038,2050,2,1,1,0,1,0,0,1,0,9,37,7,-7,0,0,-11,-0.01,0.005,1.036,50,45,-14,-26,0,0,0,0,2274,2198,1958,1903,2053,2044,2038,2052,52,56,-13,-27,1,0,0,0,32,26,3,-1,-12,2,-2,-11,-0.057,-0.031,1.033
2627,2541,1864,1733,2053,2044,2039,2052,54,47,-13,-25,1,1,0,2,23,13,0,-14,-8,4,-5,-11,-0.091,-0.045,1.013,-13,-28,16,14,0,0,0,0,3016,2839,1747,1573,2052,2046,2041,2051,-15,-19,9,8,1,0,0,-1,-23,-53,357,54,-7,-6,-16,-8,-0.14,-0.01,1.011
2916,2730,1868,1676,2052,2045,2038,2052,-15,-15,17,14,0,-1,0,1,-17,-141,314,19,-7,-2,-3,-11,-0.208,-0.039,1.027,-11,16,22,-13,0,0,0,0,2751,2583,2088,1752,2052,2042,2036,2073,-12,0,20,-3,0,0,0,4,-12,-105,326,-72,-7,10,6,-14,-0.225,-0.045,0.957
2660,2605,2214,1684,2053,2043,2037,2073,-15,8,17,-12,1,0,0,0,13,-30,422,-165,-11,8,3,-13,-0.256,0.014,1.034,-23,-30,-41,-6,0,0,0,0,2473,2627,2299,1528,2066,2062,2039,2061,-21,-2,-36,-9,1,0,0,-1,-12,-85,12,-47,-12,-74,-6,-10,-0.198,0.148,0.963
2438,2371,2042,1486,2073,2063,2040,2047,1,-32,-34,-3,1,0,0,0,-116,-28,-55,-40,-13,-78,-10,11,0.03,0.158,1.005,-10,-6,29,34,0,0,0,0,2265,2065,1808,1566,2038,2063,2039,2049,-55,-4,21,28,0,0,0,1,-94,-14,108,56,11,-78,-6,7,-0.084,0.173,1.028
2045,2020,2015,1767,2038,2063,2039,2049,-14,-6,34,32,1,0,0,1,-13,14,67,184,12,-78,-6,6,-0.108,0.147,0.986,28,14,-37,17,0,0,0,0,2068,1952,2119,2052,2037,2062,2036,2051,38,0,-30,4,0,0,0,0,14,72,-100,421,11,-74,6,-5,-0.197,0.08,1.016
2309,1951,1900,2109,2016,2060,2035,2051,38,1,-34,19,0,-1,0,-1,-14,187,-232,671,17,-68,8,-5,-0.204,0.021,0.943,31,44,15,3,0,0,0,0,2608,2115,1629,2245,2051,2044,1989,2003,44,62,12,0,1,0,0,0,18,316,-12,707,4,2,209,24,-0.358,-0.093,0.864
2828,2636,1731,2345,2052,2047,1991,2001,43,62,10,23,0,1,1,0,14,85,-16,378,0,-8,199,27,-0.085,0.103,0.949,-36,-4,12,-39,0,0,0,0,3074,3070,1815,2292,2054,2080,2038,2050,-58,7,0,-34,1,0,0,-2,-88,-14,321,-34,-11,-151,-2,7,-0.201,-0.005,1.011
2850,3072,1919,2049,2057,2080,2037,2048,-37,1,23,-36,0,0,0,-1,-158,-20,241,-107,-11,-151,2,10,-0.18,0.059,1.018,20,-4,-12,-3,0,0,0,0,2601,3085,2008,1760,2057,2079,2037,2048,1,1,-11,-4,1,0,0,0,-65,-63,31,-241,-12,-148,5,10,-0.109,0.097,1.007
2654,3089,1926,1741,2051,2075,2035,2044,18,2,-12,-1,-1,-4,0,0,-15,-106,13,-249,7,-134,11,10,-0.081,0.041,1.022,-28,-1,19,-29,0,0,0,0,2753,3090,1865,1630,2053,2067,2035,2042,-13,2,16,-24,0,0,0,0,-86,-142,252,-424,-12,-96,10,10,-0.041,0.097,0.989
2555,3096,2012,1348,2055,2052,2037,2047,-34,-1,27,-54,4,0,-1,1,-67,-153,173,-86,-12,-32,-2,11,-0.126,0.225,0.9,-1,-39,-31,36,0,0,0,0,2369,2778,2074,1273,2080,2069,2037,2048,1,-36,-22,35,1,0,0,1,-101,-29,-40,0,-16,-105,2,11,0.002,0.158,0.999
2370,2506,1864,1503,2069,2068,2037,2051,1,-43,-40,29,-6,0,0,1,-110,-23,-40,25,-11,-102,2,-7,-0.162,0.103,1.045,17,20,30,-8,0,0,0,0,2322,2148,1707,1694,2020,2067,2039,2051,4,3,21,0,0,0,0,0,-13,96,157,258,16,-98,-7,-6,-0.225,0.069,1.0
2426,2321,1866,1695,2025,2068,2038,2051,18,29,26,0,6,0,0,0,12,45,340,29,13,-101,-2,-7,-0.307,0.086,1.007,-6,16,4,11,0,0,0,0,2557,2633,2119,1676,2059,2068,2035,2052,1,14,1,8,2,0,0,1,-24,12,343,48,-11,-101,9,-11,-0.324,0.079,0.957
2557,2716,2166,1731,2061,2068,2035,2051,1,19,9,8,1,0,0,0,-53,16,264,131,-11,-101,9,-7,-0.286,0.064,0.958,30,-27,-31,-17,0,0,0,0,2579,2793,2114,1761,2059,2067,2027,2049,26,-20,-31,-16,0,0,-5,1,12,-40,1,52,-12,-98,39,7,-0.266,0.046,1.001
2768,2640,1897,1646,2057,2066,2024,2052,27,-26,-31,-18,0,0,0,2,13,-60,0,1,-12,-94,56,-12,-0.283,0.016,1.023,-43,-2,42,10,0,0,0,0,2923,2395,1772,1563,2060,2067,2025,2070,-32,0,38,14,2,0,0,0,-99,-37,347,30,-10,-96,51,-12,-0.302,0.079,0.985
2669,2395,2049,1637,2074,2067,2025,2070,-48,-1,40,10,1,0,0,0,-125,-47,377,0,-13,-96,51,-12,-0.292,0.105,0.985,8,-6,-64,11,0,0,0,0,2201,2337,2174,1750,2077,2067,2038,2068,27,-22,-61,1,1,0,0,0,13,-29,5,57,-15,-96,-3,-12,-0.245,0.108,1.019
2307,2204,1758,1754,2033,2066,2038,2068,12,-15,-58,0,-11,0,0,0,-18,20,-22,353,14,-94,-5,-11,-0.138,0.141,0.948,-6,6,-6,1,0,0,0,0,2334,2135,1253,1786,2052,2044,2007,2096,2,-10,-9,0,0,0,0,1,-18,63,-116,605,-7,0,133,-23,-0.18,-0.143,0.997
2308,2123,1214,1786,2052,2044,2007,2096,-4,0,-13,0,-1,0,0,1,-23,111,-130,634,-7,0,133,-23,-0.176,-0.147,1.003,-9,27,29,-16,0,0,0,0,2217,2124,1276,1785,2052,2044,2007,2095,-8,3,29,0,0,0,0,0,-23,395,-2,375,-7,0,133,-23,-0.222,-0.153,1.002
2137,2349,1458,1699,2049,2044,2007,2095,-11,46,27,-16,-2,0,0,0,-14,256,15,274,11,0,133,-24,-0.287,-0.111,0.998,43,6,-14,-6,0,0,0,0,2169,2780,1615,1574,2047,2046,2008,2094,40,12,-16,-3,0,0,0,0,58,39,47,158,11,-8,129,-23,-0.305,-0.111,0.987
2432,2849,1518,1539,2047,2046,2008,2094,43,15,-14,-7,0,0,0,1,84,20,61,135,12,-8,129,-24,-0.326,-0.129,0.976,26,-30,58,32,0,0,0,0,2791,2912,1564,1573,2043,2046,2008,2094,-1,-23,45,25,0,0,0,0,215,-86,484,387,9,-8,128,-22,-0.476,-0.091,0.912
2789,2834,1878,1813,2042,2046,1999,2076,0,-8,47,39,1,0,-2,-17,502,-271,806,296,8,-8,164,-10,0.036,-0.068,1.462,-20,-30,-11,3,0,0,0,0,3267,2581,2447,2083,2049,2044,1974,2005,-8,-52,-6,0,-2,1,0,1,-12,-351,4,266,12,1,270,23,-0.22,-0.175,0.937
3144,2067,2374,2084,2052,2045,1976,2028,-21,-78,-8,0,7,0,0,2,-13,-16,0,349,-12,-3,264,11,-0.312,-0.211,1.027,-26,40,-29,-38,0,0,0,0,3004,1716,2196,1994,2053,2044,1979,2039,-6,3,-25,-37,1,0,0,4,-134,280,-137,111,-11,0,252,10,-0.091,-0.112,1.0
2977,2011,2061,1729,2056,2045,1988,2053,2,46,-24,-40,2,0,2,1,-361,205,-388,156,-10,-4,217,-10,0.008,-0.064,1.047,13,3,-29,25,0,0,0,0,2979,2448,1792,1445,2062,2045,2023,2049,1,-1,-16,6,1,0,0,0,-596,83,-757,560,-9,-3,61,5,0.11,0.036,1.03
2981,2447,1692,1571,2062,2045,2026,2049,0,0,0,25,0,0,0,2,-406,104,-982,746,-9,-3,48,5,0.023,0.045,1.019,6,14,55,9,0,0,0,0,2948,2576,1516,1876,2051,2046,2040,2049,-3,1,44,9,0,0,1,-4,-156,74,68,456,7,-7,-9,10,-0.215,-0.061,0.83
2863,2697,1903,1922,2052,2045,2021,2047,-19,30,46,7,-1,0,0,0,-30,41,16,520,7,-3,70,10,-0.352,-0.033,0.953,-4,-34,-5,-44,0,0,0,0,2846,2863,2292,1924,2050,2044,2019,2050,-6,-8,0,-43,2,0,0,2,-13,-131,88,-11,1,4,78,-7,-0.284,0.033,0.964
2800,2712,2255,1655,2050,2045,2018,2073,-3,-12,0,-36,0,0,0,1,13,-251,101,-133,7,-2,81,-13,-0.303,0.171,0.881,17,21,1,-10,0,0,0,0,2870,2314,2231,1257,2084,2062,2038,2049,23,19,12,-13,6,0,1,0,-14,14,59,-106,-19,-73,-1,7,-0.033,0.132,1.069
3072,2460,2264,1176,2099,2062,2037,2051,18,21,0,-13,1,0,0,0,-72,13,-54,-52,-25,-74,2,-7,-0.137,0.116,0.986,-49,-25,3,17,0,0,0,0,3007,2499,2277,1105,2046,2043,2039,2043,-43,-24,5,7,2,1,0,1,-103,-7,-20,237,11,7,-7,10,-0.114,0.238,1.017
2770,2328,2315,1187,2044,2043,2038,2052,-15,-26,0,10,-2,0,0,1,-268,14,-95,374,10,6,-3,-10,-0.057,0.251,1.036,8,49,-25,31,0,0,0,0,2610,2090,2360,1354,2026,2043,2037,2055,1,0,0,23,0,0,0,1,-480,372,-640,808,11,6,0,-8,-0.125,0.198,1.021
2611,2232,2339,1397,2007,2043,2037,2055,1,37,0,0,0,0,0,1,-368,641,-995,997,19,6,0,-7,-0.134,0.186,0.981,33,46,-29,24,0,0,0,0,2629,2257,2308,1398,2007,2043,2037,2054,27,1,-45,0,0,0,0,-1,-111,699,-930,999,21,6,0,-8,-0.133,0.152,0.952
2844,2257,2134,1398,2007,2043,2037,2055,32,1,-31,0,0,0,0,0,-101,689,-786,999,22,6,0,-8,-0.195,0.208,1.018,-29,41,-30,-10,0,0,0,0,3102,2257,1887,1398,2007,2042,2037,2055,1,1,0,0,0,0,0,1,-324,671,-988,816,19,11,0,-10,-0.063,0.233,0.984
3103,1956,1738,1402,2007,2043,2039,2052,0,-68,-34,0,1,0,0,0,-691,0,-750,515,20,6,-6,-10,0.153,0.308,0.998,-47,41,-5,10,0,0,0,0,3105,1603,1505,1423,2010,2035,2037,2052,2,-4,-2,16,2,-1,0,1,-675,0,-831,283,18,37,-1,-11,0.148,0.349,0.816
3102,1574,1623,1486,2010,2032,2036,2077,-2,5,63,7,0,0,0,1,-686,0,-257,298,21,52,7,-14,0.018,0.289,0.996,-14,31,21,-16,0,0,0,0,2822,1581,2211,1545,2009,2033,2037,2076,-25,6,51,-8,0,0,0,0,-456,0,-161,85,22,48,3,-14,-0.031,0.083,0.966
2533,1610,2511,1447,2008,2037,2037,2073,-34,5,37,-13,-1,5,0,-1,-174,0,-134,9,22,34,0,-13,0.067,0.072,1.05,-2,56,-62,26,0,0,0,0,2411,1617,2576,1416,2009,2046,2038,2073,0,1,0,13,1,0,0,0,-185,0,0,116,22,-6,-2,-13,0.026,0.062,1.013
2410,1609,2579,1509,2009,2046,2038,2074,0,-2,1,9,1,0,0,1,-204,0,-1,468,22,-6,-2,-12,-0.033,0.076,1.078,-17,62,-61,-18,0,0,0,0,2412,1499,2583,1663,2008,2046,2038,2074,1,-2,0,0,0,0,0,1,-360,0,0,353,23,-6,-3,-14,0.04,-0.02,1.059
2392,1497,2583,1592,2009,2046,2039,2072,-24,-1,0,-13,1,0,0,-1,-476,0,0,136,23,-6,-6,-13,0.116,0.046,1.093,23,88,-50,41,0,0,0,0,2274,1519,2583,1545,2010,2046,2038,2062,1,-3,0,23,0,0,0,0,-305,0,0,496,21,-7,-3,-10,0.085,0.052,1.033
2274,1411,2583,1801,2011,2046,2037,2062,0,-31,0,43,1,0,0,0,-107,0,0,594,21,-6,0,-10,-0.044,-0.076,1.003,37,50,-68,-5,0,0,0,0,2493,1004,2584,2175,2015,2046,2037,2049,12,-16,0,0,2,0,1,1,-14,0,0,280,19,-6,3,7,-0.034,-0.12,1.032
2670,963,2584,2175,2020,2045,2037,2048,28,-3,0,0,2,0,0,1,27,0,0,138,16,-2,2,10,-0.032,-0.123,1.028,-43,116,-62,-5,0,0,0,0,2815,956,2584,2141,2029,2045,2036,2049,-43,0,0,-3,4,0,0,1,-21,0,0,17,12,-2,3,10,0.026,-0.115,1.032
2607,958,2584,2109,2037,2045,2036,2048,-28,1,0,-4,1,0,0,0,-88,0,0,5,11,-2,5,7,0.037,-0.13,1.02,41,102,-49,5,0,0,0,0,2430,961,2584,2071,2038,2046,2037,2049,4,-1,0,1,2,0,0,0,-21,0,0,104,11,-6,2,9,0.053,-0.15,1.03
2603,963,2584,2084,2043,2046,2039,2049,28,0,0,1,1,0,0,0,26,0,0,187,11,-5,-4,10,0.047,-0.144,1.03,-32,61,-6,-9,0,0,0,0,2819,945,2584,2115,2048,2046,2038,2049,-32,-1,0,-1,1,0,0,1,-17,0,0,53,11,-5,-3,5,0.043,-0.117,1.024
2632,948,2584,2061,2052,2046,2037,2049,-16,-1,0,-9,2,0,0,0,-38,0,0,28,-7,-5,1,11,0.09,-0.138,1.036,35,110,-67,19,0,0,0,0,2511,1037,2584,2026,2053,2046,2038,2025,24,7,0,10,0,0,0,0,12,0,0,231,-9,-6,-3,13,0.029,-0.137,0.978
2689,1016,2584,2159,2053,2047,2038,2025,26,-17,0,11,2,0,0,0,36,0,0,204,-12,-9,-5,14,0.003,-0.157,1.025,-13,123,-70,-61,0,0,0,0,2939,882,2586,2089,2053,2046,2034,2035,-15,6,0,-61,0,0,0,4,-12,0,0,-5,-8,-6,14,10,0.131,-0.107,1.02
2165,2058,2049,2049,2055,2034,2006,2053,0,1,0,0,0,0,0,1,-19,-13,-4,-4,0,3,1,0,0.06,-0.016,1.034,8,38,5,2,0,0,0,0,2178,2196,2074,2057,2054,2034,2008,2053,11,38,5,0,0,0,0,1,-14,21,-5,4,7,2,-6,0,-0.019,0.047,1.038
2237,2460,2109,2061,2055,2035,2007,2052,11,41,4,1,2,0,0,1,-14,18,-17,45,-6,-2,-5,-6,-0.043,0.024,1.046,40,4,-37,6,0,0,0,0,2448,2761,2004,2071,2055,2036,2008,2053,42,0,-35,1,1,0,-1,0,19,22,-96,179,0,-6,-10,7,-0.029,-0.014,1.035
2753,2776,1764,2091,2055,2035,2004,2051,42,8,-34,1,1,0,0,0,12,27,-141,260,-7,-3,6,11,-0.022,-0.019,1.054,-22,-25,16,-5,0,0,0,0,3024,2846,1521,2141,2056,2033,1993,2046,-22,-12,15,7,1,0,0,0,-62,-82,-2,161,-7,5,54,11,-0.055,-0.098,1.046
2887,2680,1617,2141,2056,2033,1994,2047,-22,-37,14,-2,2,0,0,1,-72,-64,10,12,-11,5,53,11,-0.151,-0.159,1.036,-24,-15,-3,15,0,0,0,0,2675,2383,1722,2170,2056,2035,2005,2048,-12,-23,1,13,0,0,1,0,-150,-41,38,6,-7,-1,7,11,0.023,-0.061,1.046
2548,2279,1720,2257,2055,2037,2007,2048,-24,-15,0,12,0,0,0,0,-185,-42,-40,62,-7,-9,-4,11,0.093,-0.024,1.011,1,-4,15,-30,0,0,0,0,2340,2076,1759,2260,2051,2036,2006,2051,-20,-2,11,-28,-1,-1,0,2,-116,-13,-4,-18,11,-7,0,7,0.106,0.015,1.055
2257,2070,1834,2095,2056,2036,2005,2055,-10,2,11,-28,0,0,0,1,-39,-17,90,-172,-11,-6,4,-11,0.108,-0.015,1.015,23,52,5,-12,0,0,0,0,2186,2244,1909,1801,2057,2037,2009,2076,8,51,0,-8,1,0,0,-3,95,14,365,-143,-11,-8,-11,-13,-0.007,0.026,1.008
2411,2589,1963,1721,2083,2039,2009,2068,38,50,5,-10,4,0,0,0,24,17,280,-149,-16,-17,-12,-12,-0.133,0.021,1.03,24,0,-33,44,0,0,0,0,2728,3012,1910,1767,2072,2040,2011,2058,28,-12,-30,31,-6,0,0,0,14,13,5,78,-12,-21,-21,-11,-0.188,-0.06,1.022
2913,2999,1703,2009,2056,2037,2004,2053,24,2,-28,38,-1,1,0,-1,9,13,-19,316,-3,-8,8,6,-0.146,-0.055,0.905,0,-41,-12,-16,0,0,0,0,3171,2871,1368,2370,2016,2063,2007,2055,-1,-22,-21,-2,2,0,0,-1,-58,-40,77,-57,20,-119,-3,-11,-0.026,0.007,1.073
3172,2686,1288,2301,2017,2063,2006,2051,2,-25,-10,-9,0,0,0,0,-59,-128,84,-222,20,-119,1,10,0.099,0.027,1.04,2,28,10,-7,0,0,0,0,3172,2533,1197,2223,2017,2061,2005,2052,0,0,0,-3,1,0,0,2,-48,-128,252,-557,19,-114,5,6,0.131,0.041,1.049
3172,2631,1235,2156,2017,2062,2006,2054,0,28,12,-12,1,0,0,1,-38,-49,382,-474,19,-115,1,-7,0.162,0.052,1.004,1,-28,-2,-12,0,0,0,0,3172,2827,1310,2052,2018,2062,2006,2054,1,1,0,-9,1,0,0,1,-26,-221,359,-484,18,-115,1,-5,0.145,0.034,1.051
3171,2828,1310,2000,2018,2061,2005,2054,0,-2,0,-13,0,0,0,0,-22,-554,303,-606,18,-112,2,-5,0.192,0.01,1.035,-52,-15,58,-34,0,0,0,0,3056,2813,1522,1788,2048,2032,2006,2054,-54,1,71,-48,2,-5,0,1,-105,-748,426,-753,10,4,2,-5,0.168,0.023,1.02
2631,2813,1943,1503,2053,2023,2006,2055,-57,1,62,-67,1,-4,0,0,-49,-743,297,-524,6,45,2,-10,0.09,-0.003,1.028,28,-32,-29,12,0,0,0,0,2231,2136,2337,1174,2095,2067,2006,2055,51,-37,-13,13,2,6,0,-1,23,-39,-10,-14,-23,-138,2,-12,0.026,0.171,1.024
2452,1905,2165,1257,2095,2069,2006,2052,37,-27,-35,12,0,-1,0,1,17,-38,-88,-25,-22,-149,2,7,-0.163,0.121,0.996,-1,42,10,27,0,0,0,0,2718,1760,1923,1469,2084,2069,2006,2055,2,41,12,26,0,0,0,-1,-23,20,163,0,-16,-146,2,-11,-0.163,0.13,1.004
2715,2022,1977,1631,2084,2068,2007,2052,0,38,15,17,0,-1,0,0,-25,35,219,52,-16,-145,-4,7,-0.206,0.08,1.009,-34,39,-27,21,0,0,0,0,2693,2411,2039,1847,2083,2055,2010,2053,-23,30,-11,17,0,-3,2,2,-170,146,-211,436,-14,-92,-15,-10,-0.174,0.003,1.004
2545,2632,1913,1960,2046,2057,2014,2053,1,37,-14,15,-5,2,0,0,-332,191,-450,557,10,-93,-35,-2,-0.037,0.027,0.945,6,12,41,-41,0,0,0,0,2175,3157,1730,2078,2022,2071,2006,2053,-69,12,12,-39,0,0,0,1,-46,25,173,-11,16,-155,0,0,-0.192,-0.009,1.05
2017,3264,1940,1799,2020,2071,2006,2053,0,14,40,-42,1,0,0,0,48,14,514,-45,17,-155,0,0,-0.207,0.028,0.992,60,-32,-28,42,0,0,0,0,2226,3250,2227,1655,2083,2071,2005,2053,99,-26,-28,41,2,0,0,2,106,-17,133,2,-17,-155,4,0,-0.146,0.059,0.994
2766,3122,2051,1935,2083,2070,2001,2049,62,-40,-27,33,-1,0,-2,0,34,-66,8,10,-16,-150,21,11,-0.35,-0.088,0.972,-32,-37,-7,-37,0,0,0,0,3186,2822,1818,2157,2055,2045,1983,2011,2,-14,-10,-22,-1,0,-5,0,-55,-246,-5,-231,-7,-44,95,21,0.031,-0.02,0.985
2978,2597,1765,1907,2054,2032,1967,2022,-55,-65,-9,-41,1,0,0,9,-36,-195,18,-232,7,9,164,12,-0.017,-0.07,1.05,-24,39,4,-19,0,0,0,0,2568,2334,1697,1509,2057,2043,1996,2087,-23,0,0,-25,1,6,6,-7,-14,-34,158,-137,-12,-33,49,-16,-0.119,0.021,1.039
2407,2481,1696,1370,2051,2058,2006,2070,-24,36,0,-19,0,5,0,0,-14,18,276,-92,11,-99,1,-12,-0.001,0.034,1.021,0,-21,4,19,0,0,0,0,2183,2732,1700,1289,2025,2062,2006,2067,0,-19,0,19,0,0,0,0,18,-18,467,-1,15,-117,1,-11,-0.045,0.058,1.03
2182,2606,1733,1408,2025,2062,2005,2067,-1,-12,0,16,-1,0,0,1,19,-28,444,13,15,-115,4,-12,-0.084,0.013,1.043,-5,19,-4,23,0,0,0,0,2166,2489,1779,1614,2026,2061,2005,2068,-1,13,0,14,1,0,0,1,14,12,310,200,15,-112,5,-11,-0.14,-0.026,1.022
2152,2556,1783,1724,2027,2060,2005,2062,-5,9,1,19,-1,0,0,-3,0,42,181,401,15,-109,5,-10,-0.203,-0.025,1.01,43,33,-33,32,0,0,0,0,2310,2730,1671,1980,2018,2062,2004,2051,52,29,-25,31,0,1,0,0,13,162,-101,684,20,-119,9,9,-0.322,-0.043,0.926
2618,2950,1446,2195,2054,2034,2003,2049,9,76,-43,35,-5,0,18,16,14,94,-87,681,11,-1,32,5,0.092,-0.081,1.084,2,-34,59,-53,0,0,0,0,2907,3256,1312,2425,2015,2035,2007,2055,-20,-24,42,-50,5,0,0,2,26,-16,486,-221,18,-6,-5,-11,-0.333,0.038,0.955
2900,3160,1646,2088,2045,2037,2006,2052,1,1,32,-39,7,0,0,-1,32,-158,743,-303,9,-11,0,5,-0.464,0.017,0.916,-16,-23,-19,4,0,0,0,0,2899,3158,2126,1658,2052,2030,2005,2048,-3,-1,0,0,1,0,-1,-2,-13,-758,255,-175,11,17,6,10,-0.376,-0.025,0.975
2809,3081,2036,1645,2051,2029,1991,2048,-12,-16,-16,4,1,0,-1,1,-17,-724,91,-3,11,21,62,10,-0.309,-0.02,1.028,-20,0,13,-24,0,0,0,0,2561,2579,1890,1570,2054,2033,2011,2051,-11,-64,0,-25,1,5,0,-1,9,-46,316,-8,-1,10,-20,11,-0.375,0.104,0.91
2387,2480,1890,1430,2058,2049,2007,2052,-12,1,1,-24,2,9,0,-2,26,-13,688,-101,-10,-57,-5,7,-0.371,0.121,0.894,24,-20,-16,65,0,0,0,0,2207,2409,1942,1504,2058,2051,2007,2052,0,-24,0,63,1,0,0,1,208,-20,610,13,-10,-71,-4,7,-0.476,0.003,0.905
2288,2224,1920,1861,2057,2042,2003,2053,31,-18,-9,52,-1,-7,0,1,252,13,240,357,-11,-40,10,0,-0.517,-0.05,0.91,20,22,30,-3,0,0,0,0,2681,1952,1878,2176,2055,2031,1990,2051,1,1,15,0,0,0,0,0,147,244,446,902,-5,13,67,9,-0.554,-0.057,0.874
2679,1960,2013,2201,2054,2031,1984,2049,0,27,34,0,0,0,-3,-3,342,356,736,712,5,13,90,10,-0.471,-0.055,0.825,-45,4,-21,-20,0,0,0,0,2922,2411,2316,2201,2055,2033,1981,2018,-23,1,-8,-1,1,1,0,0,-18,79,56,244,-2,7,106,19,-0.442,-0.082,0.914
2726,2409,2187,2073,2057,2036,1984,2020,-30,0,-20,-16,1,0,0,1,-93,111,-3,212,-11,-8,93,17,-0.356,-0.023,0.96,-1,21,-6,-20,0,0,0,0,2578,2528,2020,1854,2060,2048,2008,2024,0,27,-8,-17,1,0,0,1,-365,113,-106,101,-11,-54,-9,15,-0.259,0.006,0.986
2578,2707,1966,1728,2061,2055,2006,2032,0,28,-10,-19,1,1,0,2,-373,71,-49,16,-11,-89,-1,12,-0.22,0.107,1.03,3,1,-11,28,0,0,0,0,2304,2939,1835,1656,2060,2060,2005,2041,-28,0,-8,15,0,0,0,0,-16,27,99,214,-11,-110,4,11,-0.237,0.047,0.983
2293,2940,1777,1803,2051,2060,2004,2039,9,1,-9,14,0,0,0,0,-14,29,10,395,11,-109,7,10,-0.312,-0.009,0.994,28,-34,-17,28,0,0,0,0,2486,2872,1661,2084,2038,2051,1978,2006,29,-24,-14,21,2,-1,-10,-5,-22,-22,-164,657,11,-74,110,24,-0.322,-0.132,0.926
2598,2678,1530,2339,2055,2034,1963,1996,24,-40,-7,37,0,0,0,-1,21,-35,-88,379,-7,0,183,31,-0.263,-0.129,0.988,-29,-18,5,-57,0,0,0,0,2738,2290,1401,2435,2056,2034,1954,1969,-26,0,0,-42,1,0,0,0,-24,-20,-18,-163,-8,0,218,53,-0.15,-0.166,1.016
2547,2293,1434,2092,2053,2034,1944,1974,-25,1,5,-58,-2,0,0,8,-26,-131,-5,-337,11,0,257,36,0.127,0.017,0.944,29,49,-11,5,0,0,0,0,2320,2146,1388,1538,1988,2049,1988,2079,5,1,-17,-3,-3,0,0,0,91,98,137,202,36,-60,76,-14,-0.144,-0.15,0.85
2536,2387,1337,1535,1991,2048,1987,2081,48,43,-4,0,1,0,0,1,48,159,44,358,35,-58,78,-14,-0.319,-0.13,0.966,19,11,2,-7,0,0,0,0,2888,2812,1259,1532,1995,2049,1987,2080,15,10,0,0,1,0,0,0,25,153,45,408,34,-59,78,-15,-0.349,-0.152,0.969
2997,2950,1259,1513,1994,2049,1987,2078,22,27,0,-1,0,0,0,-1,33,72,102,293,33,-62,78,-14,-0.354,-0.152,0.97,-3,2,11,31,0,0,0,0,3162,3120,1284,1497,1994,2051,1987,2068,1,0,10,10,0,0,0,-4,14,23,271,698,32,-71,78,-9,-0.431,-0.14,0.964
3162,3142,1388,1691,1994,2056,1985,2027,0,10,19,36,1,2,-1,1,-9,18,150,773,33,-88,84,13,-0.277,-0.159,0.949,-15,1,48,-4,0,0,0,0,3156,3172,1677,1958,2015,2056,1986,2026,-6,0,43,9,2,0,1,0,-62,15,178,600,20,-91,85,14,-0.405,-0.118,0.938
3058,3171,1937,2003,2046,2062,1991,2027,-20,0,33,0,12,0,0,2,-54,19,446,296,10,-117,63,14,-0.457,-0.052,0.906,-23,2,-56,-43,0,0,0,0,2764,3211,2135,1852,2069,2062,2004,2037,-5,15,-50,-44,2,0,0,1,-18,12,32,-5,-11,-118,6,12,-0.279,-0.015,0.958
2764,3228,1768,1559,2069,2062,2006,2040,0,0,-57,-42,-1,0,0,1,-173,13,0,0,-11,-118,0,12,-0.186,0.009,0.95,-19,-42,34,39,0,0,0,0,2349,3107,1433,1307,1994,2060,2006,2043,-21,-44,33,33,1,0,0,1,-14,-34,311,364,32,-111,-1,10,-0.214,-0.081,1.017
2207,2964,1665,1552,1999,2047,1992,2044,-23,-25,34,35,3,-1,-3,0,-12,-187,292,441,28,-58,55,10,-0.326,-0.134,0.992,54,-13,-31,-27,0,0,0,0,2182,2663,1843,1848,2025,2032,1972,2038,64,0,-30,-23,3,0,0,1,89,-318,44,-11,15,7,139,10,-0.237,-0.085,0.989
2520,2608,1633,1661,2029,2032,1971,2088,56,-26,-28,-28,1,0,0,10,121,-330,49,-5,14,6,146,-21,-0.116,-0.06,1.011,-36,25,33,8,0,0,0,0,2929,2363,1461,1470,2031,2037,1977,2099,-18,0,26,10,2,0,0,0,-18,-16,411,66,12,-11,122,-25,-0.218,0.043,1.01
2771,2496,1667,1529,2034,2055,1998,2092,-26,24,30,9,1,2,2,-2,-74,11,475,42,11,-85,35,-20,-0.278,0.056,1.007,36,33,-17,45,0,0,0,0,2592,2780,1937,1771,2044,2063,2003,2060,39,27,0,30,1,0,0,-10,-9,32,120,126,11,-121,10,-10,-0.314,-0.017,1.066
2846,2946,1848,2011,2049,2063,2003,2048,41,23,-18,38,1,0,0,0,-15,88,-6,402,11,-121,11,10,-0.355,-0.188,0.87,-22,-13,-11,-36,0,0,0,0,3102,3240,1633,2300,2054,2069,2006,2053,-47,-16,-11,-32,2,0,0,1,-97,-8,136,-10,-2,-146,-2,-2,-0.109,0.024,1.011
3088,3192,1577,2071,2050,2069,2005,2053,1,-2,-9,-32,0,0,0,1,-296,-23,67,-54,11,-147,2,0,-0.167,0.008,1.02,-24,-34,-2,-24,0,0,0,0,2780,3164,1477,1720,2010,2069,2003,2051,-40,-16,0,-22,-5,0,-1,0,-187,-301,88,-218,25,-146,7,10,0.059,0.068,1.021
2504,3137,1462,1579,2002,2068,1993,2051,-39,1,-2,-19,0,0,-2,0,-65,-748,90,-310,27,-142,50,10,0.189,0.082,1.007,-1,-21,6,19,0,0,0,0,2206,3138,1456,1429,2003,2053,1986,2051,-1,1,0,4,1,0,0,-3,10,-736,162,-128,27,-80,82,10,0.185,0.041,1.019
2199,3137,1479,1545,2002,2053,1988,2051,-1,0,6,20,0,0,0,1,13,-722,240,-59,27,-80,75,10,0.188,0.013,1.046,-7,0,-6,-17,0,0,0,0,2155,2955,1516,1697,2002,2053,1990,2052,-11,1,0,-5,1,0,4,1,13,-599,172,-389,30,-80,67,7,0.15,0.051,1.037
2105,3219,1495,1541,1998,2054,1998,2054,-7,53,-7,-4,0,0,3,-1,13,0,90,-220,30,-83,32,-7,0.189,-0.004,1.022,17,-62,28,35,0,0,0,0,2046,3245,1508,1535,1998,2054,2006,2055,1,1,23,35,0,0,1,0,75,0,356,-28,29,-83,0,-12,-0.1,0.014,1.058
2061,3244,1661,1753,1997,2055,2007,2055,3,0,22,33,1,0,0,1,174,0,499,0,31,-87,-5,-12,-0.212,-0.025,1.093,21,-61,-21,25,0,0,0,0,2197,3242,1834,2129,1999,2055,2006,2054,31,-1,0,23,1,0,0,0,280,0,318,11,29,-87,-2,-7,-0.273,0.023,1.009
2432,3235,1707,2288,2001,2055,2007,2053,45,-3,-20,24,1,0,0,2,153,0,243,45,28,-87,-3,-7,-0.305,-0.026,0.999,-1,-41,40,-9,0,0,0,0,2668,3180,1610,2459,2003,2055,2007,2054,0,0,30,-7,1,0,0,0,75,0,710,-17,25,-87,-1,-8,-0.397,0.025,0.926
2668,3180,1736,2398,2016,2055,2006,2054,0,0,6,-9,1,0,0,0,68,0,977,-17,17,-87,-2,-7,-0.43,-0.007,0.939,9,-9,27,-15,0,0,0,0,2668,3219,1738,2276,2020,2055,2006,2054,0,7,0,-13,1,0,0,1,112,0,999,-78,14,-87,-2,-7,-0.402,0.018,0.936
2677,3240,1738,2185,2022,2055,2006,2053,12,1,0,-13,2,0,0,0,167,0,999,-116,14,-87,-2,-7,-0.405,-0.015,0.956,12,-42,-24,-21,0,0,0,0,2810,3245,1739,2009,2029,2055,2005,2050,14,2,0,-16,1,0,0,0,152,0,559,-256,13,-87,2,10,-0.332,-0.028,0.965
2914,3250,1636,1917,2030,2054,2004,2050,21,1,-19,-18,1,0,0,0,120,0,302,-469,13,-86,4,10,-0.245,-0.031,1.023,12,-32,3,19,0,0,0,0,3073,3256,1466,1798,2037,2043,2004,2050,8,1,0,1,2,0,0,1,120,0,283,-316,11,-38,4,12,-0.191,-0.025,1.003
3158,3255,1467,1891,2038,2043,2005,2054,30,0,0,12,1,0,0,2,95,0,364,-159,11,-38,2,-12,-0.211,-0.026,1.025,-36,-6,31,-26,0,0,0,0,3248,3253,1571,1967,2045,2043,2006,2055,-15,0,26,-19,4,0,0,0,-26,0,601,-334,10,-39,-2,-11,-0.337,-0.001,0.949
3053,3254,1774,1803,2053,2043,2006,2054,-36,1,33,-29,2,0,0,1,-46,0,626,-393,9,-38,-2,-11,-0.321,0.029,0.992,23,-34,-33,39,0,0,0,0,2803,3253,1980,1675,2054,2043,2005,2053,26,0,-31,38,1,0,2,2,13,0,171,14,7,-38,2,-7,-0.213,0.011,1.037
2983,3252,1767,1950,2056,2051,2006,2054,24,0,-37,36,0,0,0,0,-14,0,124,0,-7,-71,-2,-7,-0.337,0.001,0.987,-13,0,2,-34,0,0,0,0,3160,3250,1506,2128,2055,2051,2005,2053,-3,0,0,-30,0,0,0,0,-58,0,178,-126,-7,-71,2,0,-0.317,-0.004,1.006
3079,3253,1505,1945,2054,2051,2004,2051,-15,1,0,-24,1,0,0,0,-55,0,237,-316,6,-71,3,11,-0.163,0.051,1.007,-25,-17,50,27,0,0,0,0,2785,3256,1653,1759,2055,2050,2005,2052,-29,0,45,14,0,0,0,2,-12,0,609,-166,-6,-68,2,7,-0.349,0.07,0.963
2626,3252,1965,1915,2059,2050,2005,2052,-20,0,37,23,2,0,0,1,-16,0,712,-4,-10,-71,0,5,-0.443,0.081,0.907,32,-41,6,-48,0,0,0,0,2496,3217,2419,1918,2088,2061,2005,2052,45,-4,4,-37,4,1,0,0,37,0,560,-59,-18,-110,1,7,-0.51,0.013,0.935
2605,3248,2438,1605,2090,2060,2006,2053,21,2,0,-45,0,0,0,1,177,0,653,-113,-17,-110,-2,0,-0.467,0.027,0.9,-4,-53,-38,41,0,0,0,0,2902,3233,2419,1386,2091,2060,2006,2053,1,0,-29,40,1,0,0,1,74,0,229,1,-19,-110,-3,0,-0.41,0.021,0.904
2966,3222,2167,1655,2091,2060,2006,2053,1,-5,-38,37,1,0,0,1,14,0,211,16,-20,-110,-3,-7,-0.41,0.021,0.958,-23,-56,-30,-38,0,0,0,0,2962,3092,1780,1788,2056,2055,2003,2052,0,5,-29,-36,1,0,0,0,-109,0,0,17,-10,-88,9,6,-0.249,-0.007,1.013
2923,3089,1573,1541,2051,2055,2005,2052,-19,-7,-31,-38,0,0,0,1,-229,0,0,0,11,-88,2,7,-0.176,0.014,1.018,-6,-29,-3,-5,0,0,0,0,2533,2895,1308,1219,2002,2055,2008,2051,-23,-24,-8,-7,-2,0,0,0,-21,0,110,63,29,-88,-9,12,-0.137,-0.054,1.021
2449,2781,1290,1194,2001,2055,2007,2051,-3,-9,-3,-1,0,0,0,0,-13,0,103,29,29,-88,-6,11,-0.136,-0.039,1.024,30,5,51,68,0,0,0,0,2478,2676,1403,1384,1996,2055,2006,2053,14,-20,44,54,2,0,0,2,53,0,476,321,29,-88,-3,0,-0.422,-0.083,0.951
2570,2545,1720,1768,2021,2037,1983,2049,13,-12,50,63,1,-10,-6,-2,170,0,588,647,15,-19,92,10,-0.544,-0.1,0.818,-33,28,-15,2,0,0,0,0,2887,2497,2210,2463,2060,2039,2000,2015,1,2,-6,0,-1,0,0,-1,-65,0,-68,4,-11,-21,23,20,-0.565,-0.162,0.9
2717,2442,2109,2437,2061,2043,2006,2012,-44,-13,-3,0,2,3,0,1,-88,0,-68,168,-11,-37,-3,22,-0.317,-0.081,0.983,22,16,8,-40,0,0,0,0,2580,2346,2027,2317,2060,2045,2003,2011,-1,7,0,-37,-1,0,-1,0,-82,0,-73,-6,-12,-48,8,22,-0.304,-0.081,0.985
2626,2492,2033,2067,2061,2045,2002,2030,12,32,0,-32,1,0,0,8,-14,0,128,-79,-11,-47,15,12,-0.268,-0.05,0.988,27,-10,-9,-18,0,0,0,0,2847,2844,2038,1675,2069,2053,2003,2056,19,15,0,-17,0,2,0,0,31,0,207,-93,-11,-78,12,-11,-0.303,0.001,0.976
2982,2935,1985,1555,2069,2053,2004,2053,28,12,-7,-23,0,0,1,-1,59,0,175,-103,-11,-79,8,-1,-0.348,-0.015,0.958,-60,-4,-3,36,0,0,0,0,3202,2952,1926,1546,2075,2064,2006,2052,-23,-5,0,36,1,0,0,2,-228,0,70,11,-12,-126,-3,3,-0.471,0.031,0.992
2839,2870,1909,1732,2074,2063,2007,2051,-6,-13,1,31,-1,0,2,1,-302,0,53,254,-11,-123,-4,7,-0.229,0.053,1.006,-24,-26,-12,21,0,0,0,0,2329,2591,1918,2044,2019,2062,2006,2051,-41,-34,-3,16,-1,0,0,0,-296,0,-305,524,17,-119,-3,10,-0.246,-0.038,0.917
2061,2332,1847,2150,2029,2035,1964,2027,-34,-41,-5,27,10,-13,-18,-4,-163,0,-350,679,12,-20,170,14,-0.256,-0.202,0.902,77,44,37,-19,0,0,0,0,1968,2188,1825,2424,2052,2036,1955,1994,72,15,30,-2,1,0,0,1,47,0,38,-140,11,-4,214,31,-0.367,-0.143,0.951
2336,2348,1959,2321,2049,2034,1959,1998,52,28,20,-15,0,0,0,1,223,0,522,-254,9,-1,198,29,-0.409,-0.141,0.914,18,23,4,16,0,0,0,0,3155,2704,2389,2141,2052,2033,1958,2003,61,10,-3,-1,-12,1,0,-2,34,0,26,173,11,4,202,27,-0.298,-0.16,0.954
3269,2732,2403,2200,2054,2034,1958,1999,7,0,1,20,0,0,0,-1,60,0,60,393,7,3,203,29,-0.285,-0.174,0.971,-25,-22,-57,-40,0,0,0,0,3279,2877,2199,2237,2056,2034,1959,1997,1,43,-51,-39,2,0,0,1,43,0,-12,2,-7,0,198,30,-0.25,-0.174,0.995
3248,3154,1854,1956,2060,2035,1977,1999,-3,32,-39,-39,3,0,0,1,-40,0,-162,0,-11,-5,125,27,0.049,-0.029,1.035,-11,-9,-9,19,0,0,0,0,3236,3230,1420,1668,2069,2035,2007,2011,0,-3,-14,14,1,0,0,1,-310,0,-393,304,-10,-6,-6,21,0.018,0.0,1.091
3232,3239,1357,1796,2068,2035,2009,2017,1,-1,-25,17,0,0,0,2,-423,0,-392,312,-10,-4,-11,18,-0.109,-0.033,0.952,-50,-8,37,0,0,0,0,0,3205,3238,1364,1958,2054,2036,2009,2047,0,1,35,2,2,1,0,7,-723,0,-1,261,-5,-6,-11,11,-0.214,0.002,0.976
3172,3239,1603,1992,2056,2036,2009,2055,-4,1,33,2,0,0,0,-1,-704,0,59,117,-10,-8,-11,-11,-0.177,0.049,1.106,-54,-20,-18,-45,0,0,0,0,2971,3248,1933,1814,2054,2034,2004,2051,-15,1,-4,-45,1,0,0,1,-645,0,-433,0,5,0,10,11,0.02,0.026,0.994
2948,3246,1814,1501,2056,2036,2005,2052,0,0,-14,-41,1,0,0,1,-672,0,-457,0,-5,-8,2,7,0.22,0.12,0.92,-14,-38,-15,40,0,0,0,0,3251,3245,1629,1244,2051,2032,2010,2051,1,3,0,37,1,0,0,0,0,0,-539,398,10,8,-18,10,0.099,0.02,1.045
3252,3227,1533,1484,2052,2032,2010,2051,2,-13,-14,41,1,0,0,1,0,0,-576,526,10,8,-17,10,-0.029,-0.009,0.988,-47,-19,43,10,0,0,0,0,3250,3121,1477,1899,2053,2034,2004,2051,0,12,41,11,-1,0,0,0,0,0,-4,295,8,1,5,11,-0.193,-0.172,1.039
3249,3243,1773,1996,2052,2033,1987,2027,0,3,43,12,0,0,0,0,0,0,0,174,11,4,80,14,-0.201,-0.121,1.011,-29,-46,2,24,0,0,0,0,3243,3248,2109,2167,2054,2033,1994,2023,0,1,0,29,-1,0,8,14,0,0,-8,227,7,4,53,12,0.226,-0.611,1.589
3243,3247,2122,2361,2055,2036,2007,2052,0,7,0,19,1,1,0,1,0,0,-6,84,-7,-5,-4,7,-0.18,0.035,1.057,-50,-54,-21,-36,0,0,0,0,3243,3203,2052,2445,2057,2034,2003,2049,0,-2,-18,-34,1,0,0,0,0,0,-37,-149,-12,0,9,11,0.124,0.09,1.03
3244,3182,1919,2208,2056,2034,2003,2051,1,-2,-19,-37,1,0,0,1,0,0,-72,-168,-7,1,14,11,0.119,0.004,1.022,-26,-56,15,27,0,0,0,0,3246,3237,1810,2004,2056,2033,2006,2052,0,0,15,24,0,0,0,1,0,0,-2,10,-7,4,-2,7,0.062,0.006,1.036
3245,3232,1906,2179,2056,2033,2007,2052,0,-4,14,26,0,0,0,1,0,0,0,33,-7,4,-5,7,-0.007,0.005,1.023,-31,-36,-2,-63,0,0,0,0,3243,3186,2013,2147,2057,2034,2005,2052,0,-3,-2,-62,1,0,1,2,0,0,-6,-109,-9,-1,4,7,0.121,0.033,1.015
3243,3242,1999,1737,2056,2034,2005,2051,0,1,0,-50,1,0,0,1,0,0,1,-173,-8,0,3,10,0.334,0.046,0.979,-27,-11,-41,13,0,0,0,0,3241,3263,1812,1390,2056,2033,1994,2051,1,1,-36,0,0,0,0,0,0,0,-44,-562,-12,5,51,11,0.333,-0.008,1.008
3244,3262,1569,1390,2057,2034,1995,2051,1,-1,-28,1,1,0,0,1,0,0,-180,-196,-11,4,48,7,0.428,0.062,0.938,-41,-11,11,32,0,0,0,0,3254,3257,1350,1597,2055,2038,2007,2052,1,0,0,30,2,0,0,0,0,0,-411,-1,0,-16,-3,7,0.388,0.131,0.918
3254,3254,1378,1804,2054,2037,2006,2053,-1,0,7,32,0,0,0,1,0,0,-211,12,7,-15,0,0,0.344,0.117,0.979,-48,-35,-13,-27,0,0,0,0,3254,3224,1459,1944,2054,2038,2006,2053,0,-4,0,-24,1,0,0,0,0,0,-430,-20,-6,-16,0,0,0.369,0.108,0.928
3255,3217,1413,1775,2054,2038,2006,2051,2,5,0,-25,0,0,0,1,0,0,-608,-78,6,-16,1,7,0.428,0.137,0.924,-64,-52,-3,42,0,0,0,0,3255,3250,1339,1729,2054,2044,2006,2052,1,1,0,40,0,0,0,1,0,0,-783,4,5,-41,1,7,0.384,0.162,0.915
3255,3241,1339,2000,2054,2045,2006,2052,0,-7,0,46,0,0,0,1,0,0,-870,60,5,-44,-1,7,0.37,0.268,0.923,-63,2,3,-4,0,0,0,0,3256,3198,1339,2321,2054,2047,2007,2053,1,-2,0,-2,1,0,0,1,0,0,-915,11,5,-53,-3,0,0.336,0.245,0.928
3256,3180,1339,2294,2054,2047,2007,2053,1,-3,0,-5,1,0,0,1,0,0,-828,1,6,-51,-3,0,0.348,0.232,0.937,-11,-6,44,-17,0,0,0,0,3256,3142,1416,2209,2053,2045,2002,2050,1,-2,44,-11,-1,0,-1,0,0,0,-231,-81,8,-48,15,11,0.345,0.077,0.972
3251,3114,1661,2141,2056,2033,2002,2051,0,-3,38,-17,1,0,0,2,0,0,-4,-272,-7,1,18,7,0.283,0.034,0.966,-47,-2,-38,10,0,0,0,0,3247,3110,1846,1995,2055,2034,2003,2053,1,3,-31,7,-1,0,0,1,0,0,-47,-29,0,1,14,0,0.271,0.062,0.975
3249,3100,1623,2054,2052,2034,2003,2054,1,-2,-30,5,1,0,0,1,0,0,-189,12,11,1,14,-7,0.391,0.097,0.969,-58,-34,-10,-26,0,0,0,0,3254,3046,1398,2033,2052,2036,2008,2052,1,-4,-20,-18,0,0,0,0,0,0,-690,-54,10,-6,-4,7,0.411,0.146,0.953
3255,3064,1336,1875,2052,2036,2006,2054,1,8,-20,-27,0,0,0,-1,0,0,-713,-130,10,-7,0,-7,0.416,0.167,0.9,-51,-32,11,-17,0,0,0,0,3256,3243,1281,1599,2052,2037,2006,2052,1,4,0,-16,0,0,0,1,0,0,-606,-152,11,-11,0,7,0.431,0.186,0.899
3256,3247,1281,1509,2052,2037,2005,2051,1,2,0,-9,1,0,0,1,0,0,-293,-255,11,-11,5,8,0.447,0.158,0.917,-63,-62,61,52,0,0,0,0,3252,3256,1584,1573,2056,2034,2007,2052,0,1,49,41,0,0,0,1,0,0,-3,-58,-7,0,-3,7,0.135,-0.003,1.042
3247,3252,1974,1903,2054,2035,2007,2052,0,0,61,53,1,0,0,1,0,0,23,0,6,-4,-4,7,0.058,0.019,1.019,-51,-15,-45,14,0,0,0,0,3209,3209,2305,2374,2056,2039,2007,2054,-2,-3,-41,13,0,0,0,1,0,0,-193,0,-7,-20,-4,-7,0.22,0.181,1.033
3189,3197,1978,2470,2055,2038,2006,2053,-3,-2,-53,15,1,0,0,0,0,0,-97,-4,-7,-16,2,0,0.15,0.23,1.007,-6,-23,24,-50,0,0,0,0,3245,3182,1712,2410,2057,2032,2000,2051,0,0,20,-40,1,0,-2,0,0,0,-6,-258,-12,7,23,10,0.333,0.128,0.981
3243,3171,1865,2079,2057,2031,2003,2051,0,-2,23,-63,0,0,2,-1,0,0,26,-281,-11,13,15,11,0.236,0.051,0.986,-60,-16,-38,-24,0,0,0,0,3235,3248,1898,1591,2054,2033,2003,2050,0,1,-34,-12,1,0,0,1,0,0,-30,-323,7,4,13,10,0.391,0.07,0.95
3243,3255,1666,1492,2053,2033,1999,2051,1,1,-34,-14,1,0,-3,1,0,0,-135,-595,11,4,28,10,0.472,0.057,0.945,-32,-60,15,-9,0,0,0,0,3249,3260,1423,1336,2053,2032,1993,2051,1,1,1,0,0,0,0,0,0,0,-91,-903,11,8,57,9,0.495,0.014,0.913
3247,3263,1515,1308,2054,2033,1988,2050,0,1,12,0,1,0,0,1,0,0,-26,-993,7,6,77,9,0.453,-0.002,0.914,-24,-7,20,50,0,0,0,0,3245,3263,1707,1355,2054,2034,1990,2052,0,1,20,40,2,0,1,2,0,0,10,-271,7,1,70,7,0.543,-0.019,1.119
3245,3259,1849,1642,2053,2036,2006,2052,0,-2,21,40,0,0,-1,1,0,0,1,-15,12,-9,0,0,0.229,0.047,1.002,-32,-53,-33,1,0,0,0,0,3231,3252,1877,2010,2053,2035,2006,2053,6,2,-35,0,0,0,0,0,0,0,-90,79,11,-4,3,0,0.23,0.056,1.004
3244,3252,1677,2010,2054,2035,2006,2053,1,1,-28,0,0,0,0,1,0,0,-183,109,4,-4,2,0,0.336,0.045,0.973,-64,-58,16,-14,0,0,0,0,3252,3213,1514,1983,2054,2035,2006,2054,1,-3,0,-7,1,0,0,1,0,0,-295,-11,7,-6,0,-10,0.338,0.046,0.964
3252,3216,1578,1906,2057,2036,2006,2054,0,3,13,-10,3,0,0,2,0,0,-103,-76,-12,-4,2,-12,0.292,0.039,0.988,-5,-10,-6,-26,0,0,0,0,3249,3251,1671,1702,2057,2035,2008,2052,1,1,-2,-28,0,0,0,0,0,0,-82,-172,-12,-3,-6,7,0.33,0.042,0.988
3249,3254,1636,1575,2057,2036,2007,2053,1,1,-7,-15,0,0,0,1,0,0,-109,-375,-12,-7,-3,0,0.413,0.036,0.949,-48,-65,-12,-13,0,0,0,0,3249,3260,1545,1407,2057,2033,2003,2053,1,1,-10,-3,1,0,0,1,0,0,-144,-776,-11,5,13,0,0.456,0.012,0.946
3250,3262,1494,1348,2057,2033,2001,2053,1,1,-4,-5,1,0,0,1,0,0,-271,-901,-11,5,20,0,0.485,0.002,0.886,-60,-36,31,15,0,0,0,0,3249,3264,1490,1250,2055,2033,1991,2054,0,1,27,0,0,0,0,1,0,0,-8,-641,-7,5,64,-7,0.457,-0.039,0.924
3245,3265,1683,1263,2055,2033,1991,2053,-1,1,28,14,0,0,0,0,0,0,2,-265,-7,5,64,0,0.446,-0.017,0.94,-31,-2,-32,-11,0,0,0,0,3245,3264,1791,1366,2054,2034,1993,2053,0,0,-26,0,0,0,0,1,0,0,-31,-403,7,1,56,-4,0.429,-0.007,0.919
3245,3265,1602,1347,2057,2033,1993,2054,0,2,-28,-7,0,0,0,1,0,0,-142,-645,-12,5,56,-5,0.513,-0.011,0.916,-38,-60,40,15,0,0,0,0,3249,3265,1518,1273,2055,2033,1992,2054,0,1,34,0,0,0,0,2,0,0,-12,-418,-7,4,59,-12,0.359,-0.015,0.933
3245,3265,1762,1332,2054,2033,1993,2053,0,0,38,18,0,0,0,0,0,0,8,-231,7,4,56,0,0.361,-0.009,0.958,-6,-17,-3,47,0,0,0,0,3218,3262,2070,1623,2057,2035,2010,2052,-4,0,1,34,2,-2,0,-1,0,0,-19,-12,-11,-6,-15,8,0.256,0.046,0.991
3189,3258,2071,1913,2056,2034,2008,2051,-3,0,0,47,1,0,0,1,0,0,-111,36,-7,1,-9,11,0.183,0.039,1.002,-43,-28,-44,-34,0,0,0,0,3164,3229,1855,2166,2056,2035,2003,2052,6,-2,-46,-30,1,0,0,1,0,0,-120,-113,-7,-5,12,7,0.316,0.09,0.946
3243,3205,1583,1940,2058,2035,2003,2052,3,-2,-22,-33,1,0,2,-1,0,0,-221,-120,-11,-1,14,10,0.457,0.107,0.932,-48,-6,-9,37,0,0,0,0,3255,3246,1336,1803,2056,2036,2007,2052,1,1,0,36,0,0,0,2,0,0,-805,19,-5,-7,-4,6,0.438,0.137,0.839
3255,3226,1304,2047,2056,2036,2007,2052,1,-4,0,37,0,0,0,1,0,0,-927,45,-5,-8,-4,7,0.39,0.198,0.942,-2,2,0,-37,0,0,0,0,3257,3186,1246,2186,2056,2036,2005,2053,1,-2,-5,-36,1,0,0,1,0,0,-970,-14,-5,-6,3,0,0.381,0.25,0.932
3257,3167,1204,1965,2056,2032,2004,2055,1,-4,0,-34,2,0,0,1,0,0,-801,-130,-10,7,8,-11,0.38,0.217,0.906,-33,-29,35,19,0,0,0,0,3257,3244,1208,1738,2056,2031,2003,2055,1,1,36,19,0,0,0,1,0,0,-163,-4,-7,11,11,-12,0.353,0.148,0.95
3254,3244,1433,1852,2052,2031,2003,2056,-1,1,35,18,0,0,0,1,0,0,-120,17,12,13,12,-12,0.318,0.002,0.91,-37,-8,-18,-28,0,0,0,0,3251,3231,1634,1894,2054,2033,2004,2054,1,0,-13,-22,1,0,0,-1,0,0,-150,-56,7,5,8,-7,0.334,0.058,0.995
3253,3246,1558,1734,2053,2033,2006,2052,1,1,-9,-24,1,0,0,1,0,0,-334,-178,11,4,0,11,0.379,0.082,0.952,-13,-14,32,-9,0,0,0,0,3254,3251,1506,1532,2053,2033,2003,2052,-1,1,29,-2,1,0,0,0,0,0,-118,-424,11,3,11,6,0.392,0.081,0.979
3250,3256,1687,1508,2054,2035,2004,2052,0,1,27,-4,1,0,0,1,0,0,27,-584,7,-3,10,6,0.379,0.039,0.971,-5,-45,3,35,0,0,0,0,3244,3258,1929,1506,2053,2036,2005,2053,-1,1,3,27,-1,0,0,1,0,0,125,-222,11,-5,6,0,0.299,0.077,0.982
3237,3254,1975,1694,2054,2035,2006,2052,0,-1,4,32,2,0,0,0,0,0,19,-4,4,-4,-1,7,0.305,0.055,0.984,-29,-44,-42,-36,0,0,0,0,3210,3252,1839,1822,2054,2035,2005,2054,7,1,-45,-23,0,0,0,0,0,0,-96,-64,7,-3,4,-7,0.319,0.054,1.032
3244,3254,1587,1598,2056,2036,2006,2052,1,2,-18,-27,1,0,0,0,0,0,-217,-147,-7,-6,0,7,0.51,0.108,0.911,-24,-59,15,34,0,0,0,0,3253,3258,1341,1455,2056,2036,2006,2055,1,-1,0,31,0,0,0,-2,0,0,-299,-82,-7,-6,1,-11,0.445,0.111,0.923
3254,3254,1425,1656,2056,2036,2005,2054,1,0,20,33,1,0,0,-2,0,0,-220,16,-12,-6,4,-7,0.345,0.089,0.926,-4,-49,3,-14,0,0,0,0,3252,3252,1526,1870,2056,2035,2005,2055,0,1,0,-10,0,0,0,1,0,0,-99,-19,-7,-2,4,-12,0.363,0.062,0.958
3252,3252,1544,1788,2056,2035,2005,2055,0,1,8,-6,0,0,0,1,0,0,-87,-72,-7,-2,3,-12,0.348,0.046,0.969,-55,-38,31,21,0,0,0,0,3249,3253,1685,1765,2056,2035,2007,2054,0,0,30,18,0,0,0,0,0,0,-1,-6,-7,-1,-3,-7,0.293,0.045,0.988
3246,3251,1887,1898,2054,2036,2007,2053,0,0,30,19,0,0,0,-1,0,0,23,0,7,-3,-4,-7,0.174,0.031,1.026,-2,-48,-47,-44,0,0,0,0,3243,3237,1932,1887,2055,2036,2006,2053,1,6,-45,-44,1,0,-1,0,0,0,-18,-88,-7,-3,-1,0,0.333,0.055,0.998
3247,3252,1637,1607,2055,2035,2005,2049,1,1,-42,-39,1,0,0,1,0,0,-111,-169,4,-2,3,10,0.507,0.068,0.941,-36,-47,-4,32,0,0,0,0,3253,3258,1335,1401,2056,2036,2005,2052,0,1,1,27,0,0,0,0,0,0,-465,-160,-6,-5,5,11,0.435,0.154,0.92
3255,3255,1337,1582,2056,2036,2006,2051,1,0,0,28,0,0,-1,0,0,0,-588,-2,-7,-5,1,11,0.407,0.138,0.923,-30,-56,19,26,0,0,0,0,3255,3250,1337,1921,2056,2036,2006,2052,1,-1,0,24,1,0,0,1,0,0,-373,110,-7,-5,1,7,0.396,0.132,0.924
3255,3221,1430,2122,2056,2036,2006,2053,0,-4,20,28,1,0,0,2,0,0,-215,9,-7,-4,0,0,0.423,0.146,0.949,-13,-25,-17,11,0,0,0,0,3254,3186,1547,2369,2052,2039,2007,2054,1,-1,-5,10,0,0,0,1,0,0,-397,17,10,-17,-4,-7,0.371,0.224,0.917
3256,3174,1500,2437,2054,2038,2007,2053,-1,-1,-7,6,1,0,0,1,0,0,-678,43,6,-14,-2,-7,0.337,0.233,0.955,-36,-10,45,-58,0,0,0,0,3257,3151,1469,2311,2055,2034,1999,2048,0,-1,27,-38,2,-2,-3,0,0,0,-260,-130,-7,0,28,10,0.348,0.114,0.955
3252,3129,1713,1927,2055,2034,2002,2051,0,-3,42,-76,-1,1,3,1,0,0,0,-166,-7,5,21,11,0.239,0.075,0.91,-35,-11,-14,-21,0,0,0,0,3227,3255,2000,1496,2054,2035,2004,2051,-4,3,-15,-8,1,0,0,-1,0,0,0,-652,0,-2,9,9,0.439,0.061,0.922
3216,3259,1909,1399,2055,2033,1998,2052,-1,3,-14,-4,0,0,-2,1,0,0,-5,-853,-7,6,33,5,0.441,0.043,0.925,-5,-19,16,22,0,0,0,0,3230,3264,1858,1303,2056,2033,1991,2052,1,1,12,0,1,0,0,1,0,0,51,-570,-12,7,63,10,0.423,-0.004,0.944
3219,3264,1962,1377,2054,2034,1993,2051,-4,0,16,20,0,0,0,2,0,0,71,-249,7,3,57,4,0.396,0.04,0.965,-16,-30,10,20,0,0,0,0,3168,3261,2153,1595,2056,2035,2007,2055,-2,0,7,18,2,0,0,1,0,0,-1,-35,-7,-2,-2,-12,0.308,0.012,0.988
3140,3258,2221,1720,2055,2034,2004,2056,-3,0,7,18,0,0,0,0,0,0,-4,-1,-7,3,9,-12,0.264,-0.003,1.008,-53,-62,-46,32,0,0,0,0,3093,3254,2141,1984,2053,2034,2008,2051,-4,0,-39,26,0,0,0,2,0,0,-208,128,11,3,-6,7,0.305,0.056,0.995
3105,3230,1818,2226,2052,2037,2008,2052,13,-3,-43,29,0,0,0,1,0,0,-165,15,11,-9,-3,0,0.301,0.148,0.997,-42,-41,7,-24,0,0,0,0,3252,3204,1538,2386,2056,2038,2005,2051,1,-1,0,-16,2,0,0,1,0,0,-369,-53,-7,-14,5,6,0.36,0.186,0.973
3252,3195,1537,2264,2056,2036,2005,2051,1,-1,0,-15,0,0,0,0,0,0,-168,-218,-11,-5,7,7,0.398,0.156,0.955,-39,-23,-2,11,0,0,0,0,3250,3164,1558,2107,2055,2034,1999,2052,1,-3,0,0,0,0,0,1,0,0,-59,-144,-7,3,32,7,0.378,0.152,0.961
3249,3137,1559,2157,2051,2035,2000,2052,0,-4,0,10,0,0,0,1,0,0,-119,-38,12,0,28,7,0.355,0.155,0.957,-54,-15,3,-57,0,0,0,0,3249,3091,1559,2055,2054,2033,2002,2052,0,-2,0,-59,0,0,0,2,0,0,-131,-301,7,7,22,7,0.378,0.078,0.955
3250,3140,1559,1654,2055,2033,2007,2052,1,28,0,-69,0,0,0,2,0,0,-44,-240,0,8,-1,6,0.448,0.07,0.941,-54,-43,-15,53,0,0,0,0,3248,3260,1536,1442,2053,2035,2003,2055,0,-1,-7,41,0,1,1,0,0,0,-126,-234,11,3,17,-11,0.375,0.05,0.957
3251,3254,1505,1733,2054,2034,2006,2052,1,0,-9,43,0,0,0,-1,0,0,-423,49,3,4,3,7,0.412,0.033,0.944,-33,-46,-2,-23,0,0,0,0,3255,3223,1431,2087,2053,2040,2006,2052,1,-2,0,-22,1,0,0,-1,0,0,-649,-121,10,-21,3,7,0.451,0.104,0.891
3255,3201,1411,1949,2053,2039,2006,2053,1,-3,0,-16,2,0,0,1,0,0,-621,-185,1,-17,3,-7,0.421,0.115,0.93,-41,-5,-13,11,0,0,0,0,3255,3213,1366,1777,2054,2039,2008,2051,1,4,-7,7,1,0,0,0,0,0,-731,-3,5,-17,-6,10,0.491,0.148,0.894
3256,3216,1305,1842,2054,2039,2008,2051,1,2,0,9,0,0,0,2,0,0,-850,25,5,-17,-6,7,0.449,0.157,0.911,-39,-58,12,30,0,0,0,0,3256,3193,1304,2057,2053,2039,2007,2052,1,-4,0,31,0,0,0,1,0,0,-781,38,10,-17,-2,7,0.464,0.185,0.825
3256,3168,1304,2254,2053,2039,2007,2053,0,-3,0,25,0,0,0,2,0,0,-438,51,11,-17,-2,-1,0.333,0.282,0.938,-34,-18,24,-44,0,0,0,0,3257,3131,1463,2342,2053,2034,2003,2051,0,-2,19,-24,1,-2,-1,1,0,0,-260,-140,11,0,12,11,0.383,0.16,0.935
3252,3114,1575,2099,2055,2032,1994,2052,0,-3,18,-48,1,0,1,1,0,0,-12,-367,-7,11,55,7,0.298,0.06,0.98,-60,-43,37,-19,0,0,0,0,3247,3243,1902,1630,2054,2036,2008,2052,0,2,32,-20,1,0,0,1,0,0,55,-200,7,-4,-6,7,0.351,0.056,0.896
3232,3250,2164,1561,2056,2034,2003,2051,-6,1,45,-5,0,1,0,-1,0,0,28,-448,-7,3,14,6,0.384,-0.044,0.948,-16,-47,-15,7,0,0,0,0,3196,3261,2392,1500,2056,2035,1997,2052,-1,1,-12,0,1,0,0,-1,0,0,-18,-698,-7,-3,40,9,0.403,-0.034,0.951
3181,3261,2307,1500,2056,2035,1998,2051,-2,1,-12,0,0,0,0,0,0,0,-81,-499,-11,-2,38,11,0.427,-0.021,0.941,-5,-22,4,36,0,0,0,0,3152,3258,2213,1606,2057,2035,2006,2052,-1,-1,0,27,1,0,0,1,0,0,-109,-13,-12,-2,6,7,0.321,-0.019,0.985
3131,3253,2224,1829,2057,2033,2006,2052,-3,-1,8,34,1,0,0,2,0,0,-38,50,-12,5,4,-7,0.315,-0.021,0.955,-25,-11,-50,-4,0,0,0,0,3090,3226,2083,2102,2054,2037,2009,2052,-2,-4,-49,0,-1,0,0,0,0,0,-245,14,6,-7,-8,7,0.261,0.077,1.01
3127,3197,1740,2077,2053,2037,2008,2051,25,-5,-48,-3,-1,0,0,-1,0,0,-222,3,7,-8,-5,10,0.38,0.083,0.964,-6,-20,-5,-37,0,0,0,0,3253,3140,1446,1903,2056,2037,2008,2052,1,-5,0,-29,1,0,0,2,0,0,-725,-79,-6,-8,-5,-7,0.399,0.067,0.938
3254,3185,1397,1671,2055,2037,2008,2052,1,17,-3,-36,0,0,0,0,0,0,-666,-161,-6,-9,-5,7,0.482,0.133,0.896,-52,-55,48,9,0,0,0,0,3254,3253,1450,1449,2055,2033,2006,2051,0,2,45,0,-2,0,0,-1,0,0,-142,-282,-7,3,3,7,0.381,0.037,0.948
3248,3257,1724,1494,2054,2037,2007,2052,0,1,41,7,0,0,0,1,0,0,44,-212,7,-5,0,7,0.342,0.108,0.936,-33,-60,-10,3,0,0,0,0,3218,3256,2090,1552,2054,2034,2006,2054,-4,0,-7,4,1,0,0,0,0,0,-93,-102,7,3,3,-7,0.374,0.056,0.957
3189,3256,2031,1563,2054,2034,2006,2050,-3,0,-10,2,1,0,0,0,0,0,-129,-65,7,4,3,11,0.375,0.051,0.944,-44,-47,-4,22,0,0,0,0,3135,3254,1954,1663,2054,2035,2008,2051,-5,0,-8,20,1,0,0,1,0,0,-210,22,7,1,-5,11,0.319,0.013,1.021
3129,3252,1920,1805,2053,2035,2008,2051,3,-1,-5,22,1,0,0,0,0,0,-181,52,7,1,-4,11,0.32,0.069,0.972,-50,-8,-14,14,0,0,0,0,3177,3249,1819,2020,2053,2036,2008,2051,10,1,-15,15,0,0,0,1,0,0,-154,139,11,-2,-5,7,0.292,0.047,1.029
3235,3226,1734,2136,2053,2037,2008,2052,3,-4,-13,17,0,0,0,1,0,0,-193,45,11,-6,-5,7,0.317,0.067,0.988,-12,-7,10,-51,0,0,0,0,3244,3180,1632,2068,2057,2034,2005,2052,0,-2,0,-43,0,-1,0,0,0,0,-37,-152,-12,2,5,7,0.225,0.052,1.044
3245,3199,1693,1735,2057,2034,2008,2051,1,22,5,-43,1,0,0,1,0,0,2,-199,-12,3,-4,7,0.345,0.079,0.963,-23,-7,39,-12,0,0,0,0,3241,3259,1925,1414,2056,2034,2004,2052,0,1,37,-4,0,0,0,1,0,0,73,-770,-7,3,12,5,0.433,0.026,0.956
3213,3262,2198,1379,2054,2035,1996,2053,-4,1,36,-6,0,0,0,1,0,0,31,-957,7,2,44,0,0.436,-0.061,0.945,-8,-3,-64,-10,0,0,0,0,3179,3268,2233,1348,2054,2036,1996,2052,-4,2,-60,-14,-4,0,0,0,0,0,-23,-940,7,-3,46,0,0.419,0.033,0.904
3156,3268,1812,1253,2056,2034,1996,2052,-4,1,-63,-8,-1,0,0,0,0,0,-66,-802,-11,3,46,-5,0.435,-0.079,0.959,-25,-56,55,9,0,0,0,0,3246,3269,1549,1175,2055,2035,1997,2066,0,1,47,0,3,0,1,14,0,0,-7,-645,-9,2,44,-12,0.351,-0.09,0.966
3243,3269,1907,1152,2055,2034,1998,2086,0,1,53,-4,-1,0,0,1,0,0,11,-294,-7,5,38,-19,0.384,-0.173,0.947,-40,-18,-42,51,0,0,0,0,3199,3267,2181,1278,2056,2036,2003,2101,-4,0,-30,43,-1,0,0,1,0,0,-108,429,-7,-5,16,-24,-0.111,-0.316,1.052
3227,3262,1907,1539,2057,2036,2013,2061,24,-1,-39,58,-2,3,2,0,0,0,-149,782,-1,-2,-22,-11,0.148,-0.125,1.047,-2,-24,-11,-22,0,0,0,0,3252,3240,1605,2029,2057,2038,2008,2052,1,4,-4,-23,1,0,0,2,0,0,-468,-6,-11,-11,-5,0,0.299,0.015,1.018
3253,3251,1542,1886,2057,2038,2009,2052,1,1,-16,-18,1,0,0,1,0,0,-526,-21,-11,-11,-9,9,0.343,0.021,1.002,-21,-47,43,-20,0,0,0,0,3253,3255,1564,1654,2057,2035,2008,2054,-1,1,39,-16,1,-2,0,2,0,0,-167,-154,-12,0,-6,-7,0.297,0.074,0.993
3247,3260,1799,1589,2056,2037,2008,2054,0,1,37,-11,1,0,0,1,0,0,56,-448,-7,-6,-6,-10,0.352,0.071,0.944,-40,-43,12,38,0,0,0,0,3217,3265,2205,1537,2055,2035,2008,2056,-4,0,18,30,2,0,0,1,0,0,8,-184,-12,2,-5,-12,0.288,0.001,0.988
3192,3262,2293,1750,2055,2034,2006,2054,-2,0,13,32,-1,-1,-1,0,0,0,-16,7,-9,3,-1,-7,0.233,-0.04,1.023,0,-52,-21,-3,0,0,0,0,3158,3258,2330,2028,2054,2034,2008,2051,-2,0,-19,0,1,0,0,0,0,0,-186,34,7,6,-4,10,0.235,0.002,0.991
3135,3257,2196,2013,2056,2035,2008,2052,-3,0,-19,-3,1,0,0,0,0,0,-219,12,-7,3,-6,7,0.254,0.016,1.008,-8,-17,1,-11,0,0,0,0,3094,3257,2032,1949,2054,2037,2008,2053,1,1,0,-9,0,0,0,1,0,0,-202,-23,5,-6,-6,0,0.271,0.048,0.995
3092,3257,2032,1880,2054,2037,2008,2054,0,1,0,-9,0,0,0,1,0,0,-175,-41,7,-6,-6,-7,0.289,0.048,0.997,-34,-40,21,15,0,0,0,0,3086,3257,2097,1858,2054,2036,2007,2055,-3,0,20,14,1,0,0,1,0,0,-3,-3,7,-3,-3,-12,0.222,0.007,1.005
3056,3257,2240,1948,2055,2035,2005,2055,-2,1,21,15,-1,0,0,2,0,0,0,17,-7,2,5,-12,0.16,-0.023,1.045,-50,-33,-38,13,0,0,0,0,3004,3255,2273,2098,2055,2034,2008,2053,-3,-2,-33,10,-1,0,0,1,0,0,-180,115,-7,5,-7,0,0.25,0.065,0.987
2997,3225,2029,2208,2054,2038,2008,2054,6,-4,-38,13,2,0,0,2,0,0,-236,21,7,-10,-4,-7,0.267,0.121,0.917,-50,-17,20,5,0,0,0,0,3241,3184,1774,2340,2050,2038,2008,2054,1,-2,19,6,0,0,0,1,0,0,-8,-10,11,-10,-6,-12,0.191,0.126,1.007
2053,2147,2027,2078,2043,2077,2081,2049,0,1,0,0,-1,0,0,1,-9,-14,-4,-5,12,-1,-4,-6,0.03,0.022,1.046,56,40,-14,-45,0,0,0,0,2270,2299,1953,1909,2047,2079,2080,2051,57,46,-14,-39,1,0,0,1,29,15,22,-131,-12,-9,0,-10,0.074,-0.022,1.04
2653,2611,1856,1620,2052,2079,2080,2048,54,36,-13,-51,-3,0,0,-6,27,-10,53,-201,-11,-9,-2,10,-0.167,0.012,1.021,-7,-38,30,35,0,0,0,0,3099,2778,1789,1378,2044,2096,2078,2053,1,-9,48,34,1,0,0,1,-15,-54,436,0,6,-86,7,-10,-0.23,0.041,1.008
3043,2631,1967,1592,2043,2094,2067,2070,-21,-38,26,28,0,-1,-4,1,-12,-142,536,73,10,-79,52,-11,-0.327,0.002,0.995,-4,-13,-41,24,0,0,0,0,2898,2207,2102,1915,2043,2075,2051,2075,-2,-33,-37,21,0,0,0,1,37,-48,197,325,12,7,123,-13,-0.331,-0.042,0.984
2936,1972,1860,2019,2043,2076,2051,2074,12,-22,-37,21,0,0,0,0,-13,29,2,572,12,4,123,-12,-0.226,-0.08,1.035,11,22,9,-32,0,0,0,0,2961,1814,1596,2148,2044,2076,2051,2072,2,1,9,-11,2,-1,0,-1,12,229,-8,229,7,1,123,-12,-0.225,-0.082,1.024
3032,1908,1622,1953,2045,2076,2051,2072,14,46,2,-30,2,0,0,1,12,244,121,141,-8,3,123,-13,-0.193,-0.085,0.996,-27,21,-27,13,0,0,0,0,3050,2361,1588,1721,2046,2078,2053,2072,-13,11,-21,1,0,0,0,0,-48,56,8,294,-7,-5,115,-11,-0.191,-0.066,1.036
2989,2397,1434,1733,2042,2079,2057,2052,-14,1,-21,5,0,0,0,-8,-185,187,-61,613,11,-8,99,-5,-0.167,-0.131,1.01,-40,39,15,33,0,0,0,0,2474,2829,1286,1908,2044,2076,2055,2026,-52,69,17,43,0,0,0,0,-33,40,-33,838,-7,4,105,11,-0.206,-0.161,0.891
2208,3173,1385,2296,2033,2080,2085,2045,-40,46,15,84,-7,-1,13,7,-38,13,-4,166,12,-10,-10,10,-0.106,-0.112,0.964,60,-32,16,-7,0,0,0,0,1924,3297,1475,2574,2043,2076,2080,2052,30,0,0,-6,1,0,0,1,187,20,401,-24,10,3,1,-10,-0.266,-0.21,0.981
2196,3149,1502,2561,2045,2077,2081,2060,31,-32,0,-2,0,0,0,2,391,-18,780,-177,-4,0,-3,-10,-0.39,-0.112,0.884,-6,16,-9,-30,0,0,0,0,2644,2947,1536,2413,2044,2077,2079,2055,0,12,0,-30,0,0,0,0,405,-14,834,-363,5,0,5,-10,-0.368,-0.064,0.96
2645,3105,1537,2184,2045,2077,2079,2050,1,21,0,-26,2,0,0,0,332,-31,556,-307,-1,1,5,-5,-0.365,-0.082,0.961,-20,-41,16,-24,0,0,0,0,2644,3230,1535,1979,2044,2077,2078,2049,0,0,0,-11,1,0,0,0,120,-302,554,-873,-3,2,8,0,-0.256,-0.03,0.96
2563,3218,1536,1901,2045,2076,2078,2044,-25,0,0,-10,1,0,0,0,79,-738,972,-960,-5,4,8,6,-0.212,-0.062,1.076,21,-28,39,10,0,0,0,0,2408,3218,1615,1860,2047,2076,2078,2043,0,0,0,0,1,0,0,0,215,-718,995,-791,-9,4,8,8,-0.246,-0.007,1.008
2408,3218,1615,1860,2047,2076,2078,2043,0,0,0,0,1,0,0,0,436,-711,999,-505,-9,4,8,8,-0.264,-0.008,0.998,12,-51,34,15,0,0,0,0,2491,3219,1615,1935,2047,2075,2079,2051,1,18,0,19,1,0,0,2,642,0,999,-205,-9,8,5,-10,-0.324,0.002,0.928
2740,3252,1319,2011,2046,2075,2070,2045,75,1,-71,7,-1,0,0,2,244,0,291,-98,-7,8,43,10,-0.16,-0.171,1.09,-23,-42,12,22,0,0,0,0,3047,3250,1099,2195,2043,2076,2074,2047,-15,0,-4,27,0,0,3,2,-14,0,11,32,10,4,29,10,-0.16,-0.211,1.003
2917,3246,1088,2321,2043,2076,2082,2048,-19,-1,0,19,0,0,0,0,-22,0,0,116,12,4,-7,5,-0.117,-0.14,1.017,-3,-5,71,-34,0,0,0,0,2733,3202,1084,2420,2042,2078,2079,2047,-7,-2,0,-24,1,0,0,0,-19,0,0,-202,12,-5,7,5,-0.029,-0.19,1.027
2677,3177,1062,2178,2047,2075,2081,2051,-2,-2,-2,-33,1,0,0,1,8,0,11,-146,-12,7,-4,-10,-0.022,-0.233,0.976,-12,-52,43,13,0,0,0,0,2599,3245,1051,1946,2048,2076,2082,2050,-7,0,0,13,1,0,0,0,-12,0,0,-33,-12,4,-4,-6,-0.023,-0.215,1.014
2536,3245,1053,2024,2044,2076,2081,2047,-8,0,0,7,-1,0,0,1,-14,0,0,6,7,4,-3,6,0.002,-0.221,1.02,-5,-25,42,-11,0,0,0,0,2434,3245,1053,2081,2043,2077,2082,2050,-4,0,0,-11,0,0,0,1,-16,0,0,-25,12,0,-7,-7,0.011,-0.231,1.017
2405,3245,1053,2027,2044,2077,2081,2050,-4,1,0,-6,2,0,0,1,-19,0,0,-102,7,0,-3,-10,0.059,-0.248,1.008,11,-11,51,-17,0,0,0,0,2372,3246,1054,1883,2046,2076,2082,2051,8,1,0,-16,-1,0,0,1,14,0,0,-182,-7,4,-6,-10,0.028,-0.21,1.015
2413,3248,1050,1801,2047,2076,2081,2051,5,1,0,-8,0,0,0,2,30,0,1,-318,-12,4,-3,-10,0.098,-0.209,1.021,14,-5,61,12,0,0,0,0,2464,3257,1039,1734,2046,2076,2081,2051,1,1,0,0,0,0,0,1,133,0,0,-383,-11,4,-3,-10,0.113,-0.24,1.047
2525,3263,1035,1759,2047,2075,2081,2052,14,0,0,8,0,0,0,1,146,0,0,-140,-12,4,-3,-10,0.041,-0.187,1.018,8,-23,8,3,0,0,0,0,2660,3263,1035,1848,2047,2076,2082,2054,10,0,0,1,1,0,0,1,160,0,0,-58,-11,4,-6,-10,-0.02,-0.205,1.012
2707,3263,1034,1869,2047,2076,2082,2054,21,0,0,4,1,0,0,0,164,0,0,-58,-12,4,-6,-10,-0.034,-0.19,1.042,-8,-31,14,1,0,0,0,0,2774,3262,1034,1892,2047,2076,2083,2054,1,0,0,0,1,0,0,0,114,0,0,-41,-12,4,-9,-10,-0.055,-0.208,1.018
2774,3262,1034,1897,2047,2076,2083,2054,1,0,0,0,1,0,0,0,58,0,0,-34,-12,4,-9,-10,-0.06,-0.204,1.017,-38,-60,77,-37,0,0,0,0,2638,3263,1036,1800,2046,2076,2080,2049,-30,1,0,-25,0,0,0,1,-13,0,0,-286,-7,4,2,0,0.152,-0.185,1.003
2392,3267,1037,1644,2042,2077,2080,2050,-41,2,0,-22,0,-1,0,1,-15,0,-1,-684,11,2,5,-9,0.32,-0.265,0.953,0,-58,22,-2,0,0,0,0,2082,3279,1041,1354,2048,2077,2084,2051,0,1,0,0,0,0,0,1,12,0,0,-732,-11,-1,-15,-9,0.338,-0.225,0.983
2082,3279,1041,1348,2047,2077,2084,2050,0,1,0,-1,0,0,0,1,12,0,0,-760,-12,-2,-15,-9,0.293,-0.251,0.968,13,-49,38,-2,0,0,0,0,2100,3282,1041,1280,2048,2077,2098,2047,12,1,0,-11,1,0,0,1,29,0,0,-586,-11,0,-73,5,0.287,-0.252,0.961
2168,3283,1040,1269,2048,2076,2099,2047,4,1,0,0,1,0,0,1,45,0,0,-588,-12,3,-77,9,0.25,-0.252,0.981,-10,-24,22,19,0,0,0,0,2240,3283,1039,1223,2049,2076,2107,2047,0,1,0,8,1,0,0,1,23,0,0,-111,-12,3,-111,10,0.192,-0.261,0.98
2217,3279,1040,1339,2043,2077,2107,2052,-11,0,0,19,0,0,0,1,-8,0,0,-3,11,2,-111,-10,0.2,-0.262,0.989,19,-7,39,-10,0,0,0,0,2182,3276,1040,1487,2039,2076,2107,2055,13,0,0,0,0,0,0,1,33,0,0,-230,11,0,-111,-10,0.205,-0.258,1.001
2261,3276,1037,1458,2040,2076,2107,2058,13,0,0,-7,1,0,0,1,74,0,0,-398,11,3,-111,-10,0.167,-0.259,1.002,45,-19,73,24,0,0,0,0,2483,3280,1028,1427,2044,2076,2107,2058,33,0,-1,16,0,0,0,1,242,0,1,-153,6,3,-110,-10,-0.002,-0.271,1.003
2735,3278,1025,1578,2043,2076,2106,2078,43,1,0,22,0,0,0,1,291,0,0,-104,11,3,-109,-16,-0.115,-0.242,1.001,-49,-60,46,-6,0,0,0,0,3087,3275,1027,1764,2014,2079,2104,2078,-6,0,0,0,-1,0,0,0,13,0,-1,-200,17,-9,-99,-16,-0.025,-0.236,0.999
2835,3275,1029,1739,2004,2079,2104,2078,-47,1,0,-9,0,0,0,1,-25,0,-1,-270,23,-9,-99,-16,0.079,-0.249,1.003,14,-5,66,-30,0,0,0,0,2476,3277,1031,1607,1999,2079,2104,2076,3,1,0,-27,2,0,0,0,18,0,0,-474,23,-9,-99,-13,0.157,-0.242,0.997
2475,3281,1028,1457,2013,2077,2105,2074,0,1,0,-30,8,0,1,0,93,0,0,-693,14,-2,-102,-12,0.127,-0.247,0.955,-13,-43,13,17,0,0,0,0,2580,3256,1032,1087,2023,2077,2092,2039,2,1,0,3,1,0,0,1,24,0,-1,192,12,-2,-48,10,-0.146,-0.204,1.008
2543,3257,1035,1149,2023,2077,2091,2040,-12,-3,0,7,-1,0,0,2,-13,0,-1,408,13,-2,-45,9,-0.298,-0.275,1.087,20,-6,27,54,0,0,0,0,2524,3261,1041,1423,2035,2077,2087,2039,20,1,0,39,1,0,-3,0,16,0,0,817,12,-2,-28,8,-0.128,-0.188,0.938
2661,3256,1055,1685,2046,2077,2077,2039,21,0,4,0,0,0,0,1,14,0,-11,945,-7,-2,16,8,-0.265,-0.275,0.969,1,-4,28,9,0,0,0,0,2807,3252,1065,1685,2044,2077,2077,2039,1,2,0,0,-1,0,0,0,16,0,0,999,10,-2,16,8,-0.258,-0.281,0.965
2819,3252,1065,1691,2044,2077,2077,2039,1,0,0,0,1,0,0,0,14,0,0,999,7,-2,16,8,-0.227,-0.26,0.971,-32,-63,23,30,0,0,0,0,2735,3252,1065,1691,2043,2077,2077,2039,-27,1,0,0,1,0,0,0,-27,0,0,999,7,-2,16,8,-0.233,-0.27,0.975
2550,3251,1084,1691,2047,2077,2077,2039,-33,1,5,0,0,0,0,0,-41,0,-14,999,-12,-2,16,8,-0.25,-0.277,0.969,46,-41,53,-29,0,0,0,0,2408,3252,1163,1691,2044,2076,2077,2039,44,0,0,0,0,0,0,0,30,0,-3,468,7,1,16,10,-0.197,-0.26,0.945
2675,3256,1139,1563,2043,2077,2080,2041,37,2,-11,-21,0,0,0,1,71,0,23,174,10,-2,3,10,-0.176,-0.253,0.975,-29,-23,45,2,0,0,0,0,2927,3260,1034,1357,2043,2077,2085,2046,-15,1,0,0,0,0,0,1,19,0,0,113,12,-2,-17,10,-0.191,-0.254,0.999
2785,3260,1038,1356,2041,2078,2085,2046,-16,1,0,0,0,0,0,0,-14,0,-1,174,11,-6,-17,10,-0.158,-0.256,0.998,23,-65,31,13,0,0,0,0,2643,3260,1040,1366,2041,2077,2085,2046,20,0,0,2,0,0,0,0,19,0,0,436,11,-2,-17,9,-0.167,-0.269,0.989
2759,3261,1040,1437,2042,2077,2084,2046,19,1,0,9,1,0,0,1,43,0,0,515,11,-2,-16,9,-0.223,-0.287,0.998,18,-13,22,27,0,0,0,0,2976,3262,1039,1600,2043,2077,2082,2046,23,0,0,5,1,0,0,1,73,0,0,758,9,-1,-5,8,-0.242,-0.256,0.951
3118,3257,1040,1684,2043,2078,2082,2047,23,0,0,12,-1,0,0,1,48,0,0,968,11,-3,-5,8,-0.269,-0.259,0.981,-8,-42,18,-3,0,0,0,0,3271,3257,1041,1685,2044,2077,2082,2047,1,1,0,0,1,0,0,2,16,0,0,944,10,-3,-5,8,-0.254,-0.286,0.975
3244,3256,1041,1685,2043,2077,2082,2047,-9,0,0,0,0,0,0,1,-12,0,0,858,10,-4,-5,10,-0.052,-0.242,0.942,-15,-25,66,7,0,0,0,0,3111,3257,1034,1349,2026,2078,2091,2048,-14,0,0,-18,-2,0,0,-1,-10,0,0,64,12,-6,-42,5,-0.225,-0.238,1.001
3011,3256,1034,1249,2018,2078,2092,2045,-13,1,0,-8,0,0,0,0,-13,0,0,34,15,-6,-47,10,-0.175,-0.211,1.001,-41,-40,61,39,0,0,0,0,2805,3220,1034,1177,2012,2078,2092,2043,-32,-6,0,-6,1,0,0,0,-67,0,0,19,17,-6,-47,10,-0.092,-0.202,1.015
2508,3212,1039,1131,2024,2077,2092,2043,-48,2,0,-6,3,0,0,0,-42,0,-1,18,12,-2,-47,10,-0.072,-0.215,1.011,27,-12,61,66,0,0,0,0,2222,3228,1050,1098,2043,2077,2092,2043,25,1,0,0,0,0,0,0,21,0,0,0,11,-2,-47,10,-0.067,-0.219,1.012
2381,3228,1047,1098,2043,2077,2092,2043,24,1,-1,0,0,0,0,0,36,0,1,0,11,-2,-46,10,-0.076,-0.218,1.011,-14,-54,30,26,0,0,0,0,2532,3227,1040,1098,2043,2076,2092,2043,1,1,0,0,0,0,0,0,18,0,0,0,11,1,-47,10,-0.084,-0.218,1.011
2474,3228,1042,1095,2043,2077,2091,2043,-11,1,0,-1,0,0,0,0,-12,0,-1,1,11,-1,-47,10,-0.072,-0.212,1.012,23,-12,9,21,0,0,0,0,2433,3229,1044,1091,2043,2076,2092,2043,16,1,0,0,-1,0,0,0,33,0,0,0,7,0,-47,10,-0.088,-0.208,1.011
2533,3227,1038,1092,2044,2076,2092,2041,15,-1,-1,0,2,0,0,-2,78,0,1,0,7,2,-47,10,-0.125,-0.192,1.016,5,1,11,45,0,0,0,0,2662,3228,1034,1091,2043,2076,2092,2034,1,0,0,0,2,0,0,-2,155,0,0,0,7,2,-47,10,-0.135,-0.182,1.012
2687,3229,1034,1091,2044,2076,2092,2032,1,0,0,0,1,0,0,0,167,0,0,0,6,2,-47,10,-0.15,-0.179,1.011,-27,-28,56,67,0,0,0,0,2714,3231,1033,1091,2043,2076,2092,2032,1,1,0,0,0,0,0,0,25,0,0,0,8,2,-47,10,-0.129,-0.18,1.017
2590,3235,1037,1082,2043,2077,2092,2032,-19,2,0,0,0,0,0,0,-12,0,-1,2,11,-1,-47,10,-0.123,-0.178,1.016,-11,-52,10,22,0,0,0,0,2361,3242,1043,1079,2043,2077,2092,2031,-11,1,0,0,-1,0,0,0,-16,0,-1,0,7,-1,-47,10,-0.114,-0.185,1.014
2288,3242,1044,1078,2044,2077,2092,2031,-10,1,0,0,1,0,0,1,-16,0,0,0,7,-1,-47,10,-0.104,-0.177,1.017,46,-36,37,72,0,0,0,0,2347,3243,1055,1076,2043,2076,2092,2032,41,1,-2,0,0,0,0,0,36,0,2,0,7,2,-47,10,-0.123,-0.181,1.011
2587,3242,1039,1076,2044,2076,2092,2031,31,0,-3,0,0,0,0,0,105,0,7,0,7,2,-47,10,-0.188,-0.182,1.018,4,-46,73,37,0,0,0,0,2862,3244,1030,1076,2044,2076,2092,2031,1,1,0,0,0,0,0,0,211,0,0,0,7,2,-47,11,-0.207,-0.152,1.008
2873,3244,1029,1076,2044,2076,2092,2031,1,0,0,0,0,0,0,0,236,0,0,0,7,2,-47,11,-0.213,-0.134,1.002,13,-1,59,62,0,0,0,0,2950,3245,1027,1076,2044,2076,2092,2031,34,2,0,0,0,0,0,0,232,0,0,0,6,2,-47,11,-0.266,-0.106,0.993
3011,3245,1027,1076,2044,2076,2092,2031,1,1,0,0,0,0,0,0,304,0,0,0,6,2,-47,10,-0.264,-0.093,0.971,-35,-5,31,30,0,0,0,0,3087,3247,1026,1076,2044,2076,2092,2031,1,1,0,0,1,0,0,0,67,0,0,0,7,2,-47,11,-0.251,-0.118,0.997
2146,2114,2090,2079,2057,2001,2021,2052,0,1,0,-1,0,0,0,1,-16,-14,-17,-42,6,2,-4,0,-0.063,-0.02,1.027,10,-8,22,-9,0,0,0,0,2171,2099,2166,2047,2059,2002,2019,2054,10,0,19,-2,1,0,0,1,13,-28,72,-73,-10,-3,3,-12,-0.06,-0.046,1.032
2198,2095,2305,2003,2056,2000,2017,2055,5,-6,19,-6,0,0,-1,1,26,-58,113,-143,10,5,12,-12,0.06,-0.081,0.924,50,-19,-63,23,0,0,0,0,2450,1869,2222,1987,2060,2004,2022,2051,61,-23,-61,19,1,0,-1,1,57,-14,-2,53,-10,-10,-9,10,-0.003,-0.024,1.01
2875,1712,1823,2109,2058,2001,2020,2051,54,-20,-60,16,-1,0,0,2,13,15,-96,188,-7,1,-2,7,0.013,-0.123,1.103,-46,-18,25,-24,0,0,0,0,3114,1415,1408,2218,2057,2001,2020,2052,-24,0,17,-20,1,1,9,0,-54,38,43,10,6,0,5,1,-0.093,-0.086,1.023
2932,1363,1542,2070,2056,2016,2022,2050,-26,-15,20,-23,2,0,-1,1,-213,-14,188,-12,4,-60,-14,7,-0.131,0.077,1.003,-72,94,-13,20,0,0,0,0,2140,1495,1717,1904,2058,2001,2017,2067,-98,45,0,0,0,-1,0,1,-46,204,39,261,-10,-4,11,-10,-0.321,-0.17,1.1
1637,1858,1655,1898,2060,2001,2010,2069,-64,52,-1,0,4,0,-1,1,-50,633,-76,855,-10,2,41,-9,-0.438,-0.146,0.885,48,6,11,-9,0,0,0,0,1198,2667,1592,1898,2059,2001,2004,2065,49,40,9,0,0,0,0,-2,27,216,-13,834,-7,2,68,-10,-0.438,-0.211,0.846
1527,2973,1665,1901,2059,2001,1985,2046,48,39,11,0,1,0,0,0,25,-16,-3,566,-6,1,148,10,-0.47,-0.269,0.957,24,-99,-28,15,0,0,0,0,1999,2923,1627,1903,2059,2001,1984,2039,30,-38,-25,2,-1,0,0,0,25,-542,-25,530,-6,1,153,10,-0.242,-0.076,0.741
2184,1972,1437,2019,2055,2002,2004,2040,24,-157,-37,5,0,0,17,-2,17,-29,-30,468,10,-2,77,10,-0.486,-0.615,1.191,-4,-5,1,-31,0,0,0,0,2355,1081,1210,2105,2044,2001,2021,2038,0,8,0,-32,0,0,0,1,13,14,25,3,10,2,-5,11,-0.132,-0.239,0.99
2334,1094,1209,1901,2045,2003,2021,2040,-3,0,0,-33,1,1,0,1,13,-21,56,-3,11,-3,-6,11,-0.191,-0.19,0.991,48,53,17,-4,0,0,0,0,2394,1225,1229,1638,2020,2003,2020,2042,33,54,10,-2,0,0,0,1,128,28,329,-1,17,-6,-4,11,-0.347,-0.054,0.986
2615,1583,1305,1610,2020,2003,2019,2052,33,43,9,-5,1,0,-1,2,262,35,492,1,17,-6,0,0,-0.414,-0.037,0.963,-66,50,40,-12,0,0,0,0,2887,2167,1541,1519,2019,2004,2020,2052,-49,51,28,-11,0,0,0,1,-11,70,795,19,17,-10,-3,0,-0.497,0.011,0.937
2423,2472,1775,1435,2019,2004,2020,2052,-70,42,35,-11,0,0,0,1,16,108,889,43,17,-10,-3,0,-0.472,0.01,0.907,-41,-58,-18,20,0,0,0,0,1664,2791,2107,1413,2020,2003,2019,2053,-43,-52,0,12,1,0,0,0,75,-41,459,111,18,-7,1,-7,-0.388,0.014,0.925
1421,2381,2052,1514,2023,2003,2020,2053,-30,-62,-8,12,3,0,0,1,35,-27,170,258,17,-7,-5,-7,-0.355,0.024,0.934,23,60,-31,24,0,0,0,0,1281,1930,1808,1688,2058,2001,2019,2053,20,31,-27,1,-1,0,0,1,14,275,0,628,-6,2,1,-4,-0.384,-0.133,0.923
1434,2230,1624,1692,2058,2001,2018,2053,24,57,-24,0,1,0,0,0,14,388,-82,996,-8,2,6,-4,-0.401,-0.225,0.942,88,-65,0,8,0,0,0,0,1955,2597,1382,1691,2055,2001,2018,2053,90,-8,0,0,0,0,0,0,43,62,-86,999,5,2,6,-5,-0.426,-0.145,0.979
2495,2266,1346,1735,2054,2001,2018,2053,66,-48,-5,30,0,0,0,0,117,-12,58,869,10,2,6,-6,-0.501,-0.121,0.932,-74,61,16,19,0,0,0,0,2927,1788,1356,1889,2054,2000,2018,2053,-60,37,25,0,1,0,0,0,-11,340,323,819,10,2,6,-4,-0.486,-0.199,0.901
2519,2054,1518,1891,2057,2001,2018,2053,-61,40,21,0,1,0,0,1,-45,536,94,998,5,2,6,-3,-0.456,-0.175,0.893,-10,-43,0,-39,0,0,0,0,1854,2259,1665,1851,2056,2001,2018,2052,-11,1,0,-47,-3,0,0,0,-13,316,-6,432,10,1,6,0,-0.372,-0.174,0.965
1766,2244,1659,1631,2054,2003,2022,2047,-9,-30,-1,-31,0,0,0,0,13,18,17,245,10,-6,-10,11,-0.324,-0.137,0.961,29,39,11,51,0,0,0,0,1681,2051,1650,1553,2046,2003,2021,2050,16,4,0,31,0,0,0,0,134,84,260,230,10,-6,-6,10,-0.441,-0.136,0.973
1842,2067,1705,1739,2045,2003,2020,2050,7,0,10,30,1,0,0,1,204,447,349,862,9,-6,-3,9,-0.523,-0.118,0.873,-23,17,20,20,0,0,0,0,2035,2346,1829,1758,2044,2003,2020,2050,0,45,14,0,0,0,0,0,57,513,563,999,9,-6,-3,9,-0.556,-0.103,0.848
1904,2513,1973,1758,2044,2003,2020,2050,-22,20,22,0,0,0,0,0,50,443,528,999,9,-6,-3,8,-0.561,-0.105,0.848,38,5,10,-13,0,0,0,0,1700,2709,2137,1617,2043,2004,2022,2052,1,65,0,-50,0,2,-1,0,378,245,681,272,7,-10,-11,0,-0.586,-0.055,0.876
1837,3040,2135,1530,2043,2008,2020,2052,17,8,0,-6,1,0,0,0,598,25,968,24,6,-25,-3,0,-0.55,-0.05,0.874,-7,-47,7,-4,0,0,0,0,1837,2983,2135,1499,2043,2007,2020,2052,0,-33,0,0,1,0,0,0,663,-49,999,1,7,-25,-3,0,-0.532,-0.035,0.883
1837,2665,2135,1500,2043,2007,2020,2052,0,-48,0,0,0,0,0,0,554,-44,999,0,7,-26,-3,0,-0.529,-0.019,0.883,-8,-26,-46,-8,0,0,0,0,1837,2159,2068,1545,2043,2008,2020,2052,0,-29,-47,0,1,0,0,0,400,-29,423,-9,10,-27,-3,0,-0.427,0.018,0.898
1839,1948,1792,1544,2039,2012,2020,2051,1,-27,-26,0,0,0,0,1,309,-18,280,0,10,-44,-3,7,-0.365,-0.004,1.014,-8,-33,2,9,0,0,0,0,1995,1616,1490,1543,2033,2011,2020,2052,1,-28,0,0,1,0,0,0,20,-30,64,0,13,-41,-3,2,-0.285,-0.038,0.991
1975,1411,1496,1543,2033,2011,2020,2051,-11,-34,1,0,1,0,0,1,13,-37,102,0,13,-41,-3,-1,-0.282,-0.02,0.993,41,42,9,19,0,0,0,0,1988,1255,1512,1544,2031,2011,2019,2052,25,41,0,1,0,0,0,1,102,23,262,-1,13,-41,0,0,-0.346,-0.03,0.969
2159,1543,1510,1561,2031,2011,2018,2053,25,44,0,2,0,0,0,0,242,21,528,-10,12,-41,3,-7,-0.371,-0.0,0.978,34,-9,-15,47,0,0,0,0,2478,1855,1523,1562,2031,2011,2019,2053,20,1,0,0,0,0,0,1,466,-14,499,0,12,-41,2,-12,-0.421,0.037,0.935
2691,1795,1462,1562,2031,2011,2019,2052,33,-6,-3,0,0,0,0,0,498,-14,331,0,12,-41,2,0,-0.498,0.027,0.934,-58,70,14,35,0,0,0,0,2925,1953,1355,1539,2032,2011,2021,2050,0,57,1,-13,1,0,0,0,72,72,538,31,12,-41,-7,12,-0.48,0.027,0.955
2640,2355,1462,1379,2032,2011,2021,2051,-53,60,23,-28,0,0,0,1,15,144,494,87,12,-41,-6,7,-0.429,-0.016,0.919,5,-21,25,43,0,0,0,0,2211,2910,1648,1139,2032,2011,2019,2052,0,1,19,-1,0,0,0,1,34,23,630,8,12,-41,2,-7,-0.467,0.015,0.895
2185,2841,1739,1140,2031,2011,2019,2052,1,-18,6,0,0,0,0,0,85,-16,935,0,11,-41,2,0,-0.485,0.038,0.91,-1,-74,22,6,0,0,0,0,2184,2422,1739,1193,2031,2011,2019,2051,0,-71,0,11,0,0,0,2,116,-60,999,-33,10,-41,2,7,-0.472,0.046,0.923
2185,1924,1739,1264,2031,2011,2019,2051,1,-74,0,10,0,0,0,2,108,-60,999,-33,10,-41,2,7,-0.466,0.033,0.903,24,67,-17,60,0,0,0,0,2184,1498,1739,1368,2031,2011,2019,2051,0,66,0,9,0,0,0,2,277,35,687,-27,12,-41,2,7,-0.48,0.035,0.939
2248,1958,1693,1425,2031,2011,2020,2052,24,64,-11,0,1,0,0,0,409,37,390,-12,12,-41,-2,0,-0.462,0.015,0.913,14,-46,15,60,0,0,0,0,2526,2352,1593,1364,2031,2011,2020,2051,1,-34,0,0,0,0,0,1,371,-26,528,1,11,-41,-3,0,-0.486,0.066,0.876
2572,2068,1592,1401,2031,2011,2019,2050,4,-39,1,12,0,0,0,1,441,-41,951,-32,10,-41,2,7,-0.472,0.038,0.898,4,54,-2,-4,0,0,0,0,2661,1855,1593,1508,2031,2011,2020,2052,1,49,0,0,0,0,0,0,480,31,964,-11,10,-41,-2,-7,-0.506,0.042,0.893
2661,2172,1593,1481,2031,2011,2021,2052,1,43,0,-9,0,0,1,0,474,66,906,22,10,-41,-5,0,-0.41,0.1,0.81,-3,-24,54,56,0,0,0,0,3017,2539,1224,1262,2039,2010,2021,2047,8,0,-14,-8,1,0,0,0,48,14,59,33,11,-38,-7,11,-0.341,-0.028,0.971
3033,2435,1160,1253,2040,2010,2020,2047,1,-18,-7,0,1,0,0,0,27,-20,23,0,11,-38,-5,12,-0.326,-0.031,0.985,-5,-1,20,20,0,0,0,0,3034,2221,1119,1256,2040,2010,2020,2048,0,0,0,0,1,0,0,0,0,-10,2,0,11,-38,-5,12,-0.316,-0.035,0.991
3001,2215,1119,1257,2040,2010,2021,2048,-2,0,0,0,1,0,0,0,-13,-10,0,0,11,-38,-5,12,-0.304,-0.035,0.989,-66,50,48,19,0,0,0,0,2742,2361,1123,1247,2057,2001,2022,2049,-66,46,2,-6,2,0,0,-1,-53,53,-3,11,6,-1,-9,11,-0.289,-0.04,1.004
2299,2636,1177,1156,2058,2001,2021,2050,-61,45,12,-17,1,0,0,1,-57,117,-38,51,-6,0,-7,11,-0.298,-0.052,0.998,45,-48,42,44,0,0,0,0,1892,2929,1336,1060,2057,2001,2021,2051,44,-37,9,0,2,0,0,0,21,-13,-39,0,5,0,-4,7,-0.294,-0.05,0.986
2162,2674,1330,1063,2056,2001,2019,2050,38,-46,-2,2,0,0,0,2,46,-38,5,-3,10,0,0,0,-0.264,-0.048,0.998,-5,-52,19,31,0,0,0,0,2471,2081,1225,1190,2057,2001,2019,2051,1,-50,-1,12,0,0,0,1,43,-50,8,-37,6,1,0,7,-0.244,-0.049,0.999
2471,1727,1217,1264,2056,2001,2019,2051,1,-52,-1,11,0,0,0,1,21,-49,1,-34,6,1,0,7,-0.248,-0.042,1.004,-42,72,32,43,0,0,0,0,2314,1521,1222,1378,2057,2001,2019,2052,-38,73,0,9,2,0,0,0,-25,35,-2,-29,6,1,0,0,-0.274,-0.045,0.987
2050,1982,1266,1384,2057,2001,2020,2051,-37,69,13,-9,0,0,0,-1,-38,60,-35,18,0,1,-5,9,-0.25,-0.06,1.013,-8,-26,15,19,0,0,0,0,1679,2479,1426,1198,2057,2001,2019,2051,-7,-1,13,-1,0,0,0,1,-26,14,-42,13,6,1,-1,7,-0.238,-0.056,1.005
1606,2353,1474,1199,2057,2001,2019,2050,-8,-24,4,1,1,0,0,-1,-17,-19,-16,-1,6,1,0,10,-0.237,-0.048,1.009,32,-16,26,33,0,0,0,0,1633,2088,1500,1249,2056,2001,2018,2051,30,-14,0,6,-1,0,0,1,25,-22,0,-18,6,1,4,7,-0.24,-0.051,1.009
1826,1985,1481,1304,2057,2001,2018,2051,29,-15,-5,7,1,0,0,1,41,-24,12,-26,10,1,4,7,-0.251,-0.05,1.005,44,-22,21,31,0,0,0,0,2223,1769,1320,1409,2056,2001,2018,2051,44,-20,-17,9,0,0,0,1,84,-32,54,-31,10,1,4,7,-0.258,-0.041,1.003
2082,2140,2071,2087,2039,2271,2054,2045,1,1,0,0,0,0,0,1,-12,-14,-26,-7,7,-3,0,7,0.032,-0.007,1.057,-10,-34,23,-11,0,0,0,0,2044,2056,2160,2079,2041,2270,2052,2048,-20,-29,19,-6,-1,0,0,1,-14,-63,28,-175,-9,3,7,-11,0.09,-0.04,1.016
1946,1835,2282,2026,2043,2272,2057,2044,-9,-37,23,-15,1,2,3,1,13,-68,166,-266,-12,-7,-12,10,-0.159,-0.006,1.088,-13,6,-9,24,0,0,0,0,1818,1473,2497,1975,2067,2299,2056,2046,-10,0,0,17,1,0,0,0,-12,16,-149,31,-15,-123,-8,0,-0.078,0.04,1.029
1769,1470,2484,2089,2063,2299,2056,2046,-4,0,0,17,-5,0,0,0,-25,43,-352,232,-11,-123,-9,0,-0.057,0.016,1.031,22,92,-28,-18,0,0,0,0,1776,1631,2336,2204,2005,2294,2056,2047,24,77,-35,-14,0,-1,0,0,-20,442,-553,206,17,-104,-9,-6,-0.26,-0.038,0.982
1939,2351,2126,2102,2002,2296,2056,2047,24,123,-33,-2,1,0,0,1,-27,180,-455,128,19,-109,-9,-7,0.189,0.148,1.132,-37,0,13,-7,0,0,0,0,1930,3291,1899,1956,1995,2311,2054,2047,-59,1,0,-7,-4,0,0,1,-26,28,-183,0,26,-177,-2,-7,0.12,0.057,1.03
1615,3291,1952,1912,1988,2311,2054,2047,-44,0,10,-3,0,0,0,0,-11,28,-8,-2,28,-173,-2,-7,0.158,-0.026,1.052,21,-3,6,-2,0,0,0,0,1321,3292,2051,1848,1985,2311,2054,2046,0,1,4,-1,0,0,0,2,115,19,93,-2,31,-174,-2,-8,0.159,-0.002,1.02
1324,3292,2077,1835,1985,2311,2054,2046,2,1,1,-1,1,0,0,0,291,12,152,-2,31,-174,-2,-7,0.121,0.009,1.038,81,-70,-10,-27,0,0,0,0,1723,3091,2103,1737,2019,2311,2053,2044,94,-43,-1,-22,16,0,0,1,436,-118,56,-160,10,-174,2,10,-0.001,0.068,0.98
2554,2950,2026,1662,2069,2309,2050,2046,104,-18,-11,-2,1,-1,-2,2,63,-754,93,-604,-15,-166,13,-7,0.26,-0.174,1.055,-94,-55,-41,53,0,0,0,0,2999,2926,1821,1535,2041,2272,2021,2051,-49,-1,-31,47,0,0,0,-3,-142,-759,-139,14,-4,-9,139,-11,0.614,-0.046,0.854
2712,2586,1694,1922,2019,2281,2043,2050,-20,-37,-21,47,-11,1,0,0,-730,-431,-766,0,10,-45,47,-11,0.559,0.051,0.851,-42,53,10,-48,0,0,0,0,2713,1986,1353,2109,1958,2324,2060,2045,1,48,-6,-44,0,0,0,0,-714,33,-459,-39,48,-229,-26,7,0.462,0.106,0.922
2713,2379,1353,1823,1958,2324,2058,2044,1,60,0,-40,0,0,0,0,-708,17,-171,-193,49,-229,-17,10,0.417,0.033,0.948,-66,-82,0,-15,0,0,0,0,2711,2602,1405,1379,1958,2322,2052,2045,-1,-47,1,-4,1,0,0,-16,-688,-184,-53,-196,49,-221,8,12,0.08,-0.133,1.073
3018,1977,1398,1253,1981,2338,2054,2050,92,-86,1,-15,10,0,0,15,0,-61,-24,-99,25,-286,1,-12,0.514,0.025,0.88,-97,66,45,59,0,0,0,0,3240,1487,1590,1370,2063,2336,2054,2050,-1,47,35,52,15,0,0,2,0,40,16,23,-17,-278,0,-10,0.081,-0.118,1.012
3240,1723,1895,1689,2110,2302,2054,2051,2,38,51,45,1,-10,0,1,0,343,94,472,-40,-144,2,-9,-0.209,-0.26,0.862,-70,20,6,-7,0,0,0,0,3238,1936,2258,1985,2107,2283,2053,2051,0,1,5,0,0,0,0,0,0,718,253,869,-37,-56,3,-9,-0.311,-0.25,0.95
2076,2048,2044,2046,2048,2050,2067,2050,0,1,0,0,0,0,0,1,-9,-8,2,-1,0,0,1,0,0.0,-0.005,1.038,-26,-5,-15,4,0,0,0,0,1998,2024,1995,2064,2047,2051,2068,2048,-23,-7,-13,1,0,0,0,1,-29,-8,-72,1,7,-3,-1,9,0.071,-0.01,1.022
1797,1982,1893,2063,2049,2049,2061,2050,-25,-2,-17,0,2,0,-3,1,-23,11,-101,123,-12,4,25,-8,0.014,-0.131,1.029,15,47,28,-33,0,0,0,0,1600,1986,1859,1967,2049,2047,2052,2051,5,59,23,-32,0,0,0,1,20,132,37,4,-12,11,67,-12,-0.171,-0.157,1.005
1605,2434,2003,1747,2048,2052,2070,2049,0,56,25,-29,-1,3,0,-1,105,24,229,0,0,-6,-7,7,-0.226,-0.036,1.005,19,23,-18,47,0,0,0,0,1645,2901,2169,1681,2047,2070,2069,2050,4,18,-19,42,0,0,0,-1,349,30,116,97,11,-85,-5,-7,-0.372,-0.024,0.982
1844,3027,2052,1954,2046,2069,2069,2050,37,9,-14,42,0,0,0,0,181,59,100,290,11,-81,-5,-7,-0.361,-0.075,0.846,-18,-69,-22,-42,0,0,0,0,2061,3130,1783,2233,2043,2053,2066,2037,-19,-2,-20,-32,0,0,0,-1,29,-205,222,-126,12,-16,7,10,-0.114,-0.045,0.994
1950,2995,1648,2056,2043,2053,2065,2023,-17,1,-22,-25,1,0,0,0,20,-798,168,-558,11,-14,11,12,0.09,0.009,1.024,-32,-57,36,17,0,0,0,0,1668,2999,1579,1801,2044,2050,2064,2022,-41,0,31,0,0,0,0,0,18,-753,404,-571,11,-2,15,14,0.146,0.047,0.975
1412,2997,1819,1834,2044,2050,2064,2022,-26,0,33,13,1,0,0,0,45,-749,416,-218,11,-2,15,14,0.179,0.032,1.049,71,-74,-14,15,0,0,0,0,1225,3180,2082,1994,2047,2052,2068,2047,51,42,0,16,0,1,0,4,419,0,243,-33,6,-8,-1,8,-0.271,-0.007,0.973
1570,3237,1983,2091,2046,2057,2070,2055,74,1,-21,15,0,1,0,1,589,0,254,-1,10,-32,-9,-12,-0.399,-0.023,0.931,55,-101,4,-37,0,0,0,0,2433,3239,1854,2097,2047,2056,2068,2047,54,3,0,-33,1,0,0,1,499,0,415,-259,6,-27,-2,11,-0.332,0.038,0.79
3060,3245,1864,1913,2048,2047,2068,2046,130,2,1,-13,1,-7,0,0,76,0,488,-513,0,7,-2,10,-0.208,0.05,1.052,-114,-3,-10,9,0,0,0,0,3210,3255,1934,1621,2050,2055,2069,2034,-41,-1,1,0,2,1,0,3,-127,0,142,-362,-11,-18,-3,12,-0.145,0.164,0.993
2598,3253,1904,1604,2051,2067,2064,2038,-57,-1,-2,11,1,0,-1,-1,-322,0,-25,-23,-11,-72,14,12,0.087,0.245,0.849,24,-82,-6,19,0,0,0,0,1549,3252,1800,1730,2047,2050,2026,2038,18,0,-6,25,-1,0,0,-1,21,0,-32,95,0,0,177,11,0.021,0.096,1.02
1702,3252,1756,1884,2046,2051,2032,2032,24,0,-6,22,2,0,6,-1,23,0,-16,0,8,-4,152,12,-0.0,0.067,1.048,-25,-47,-9,-46,0,0,0,0,1790,3250,1644,1877,2047,2047,2057,2039,-30,-3,-16,-17,1,0,0,0,14,0,85,-203,7,12,44,11,0.11,-0.027,1.061
1599,3260,1581,1654,2048,2048,2056,2033,-25,2,-11,-34,1,0,-1,2,17,0,102,-584,-7,10,47,10,0.294,-0.021,1.019,-16,-35,-20,13,0,0,0,0,1379,3270,1449,1341,2049,2050,2050,2052,-3,1,-18,0,1,0,0,0,-14,0,-13,-554,-12,1,75,-11,0.339,-0.176,0.967
1313,3270,1331,1342,2049,2051,2050,2053,-18,1,-16,0,1,0,0,0,-29,0,-80,-187,-12,-3,76,-12,0.316,-0.194,0.971,44,-40,-1,54,0,0,0,0,1314,3269,1159,1662,2048,2050,2060,2062,42,0,-12,43,0,0,0,1,21,0,-50,-20,-7,0,33,-11,0.14,-0.26,0.968
1618,3266,1159,2005,2049,2050,2069,2049,46,0,0,64,0,0,0,-1,22,0,-70,63,-7,0,-7,7,0.102,-0.3,0.939,13,-33,65,-43,0,0,0,0,1967,3232,1343,2315,2051,2049,2070,2052,-1,-1,54,-38,4,-1,0,1,62,0,336,-267,-11,3,-8,-11,-0.309,-0.258,0.979
1963,3243,1684,2014,2055,2053,2069,2063,0,1,54,-32,0,0,0,0,163,0,734,-220,-9,-10,-5,-10,-0.183,-0.141,0.825,-29,-77,6,-10,0,0,0,0,1962,3269,1926,1738,2055,2048,2067,2055,1,1,0,-10,1,0,0,-2,80,0,949,-663,-10,9,3,-10,-0.236,-0.048,1.04
1766,3269,2006,1706,2056,2048,2066,2050,-34,1,3,-4,0,0,0,1,103,0,785,-809,-10,9,7,-6,-0.167,-0.106,1.011,12,-16,-12,-3,0,0,0,0,1550,3271,2050,1623,2057,2046,2066,2050,1,1,0,0,1,0,0,0,181,0,576,-857,-11,17,7,0,-0.165,-0.065,1.021
1550,3271,2050,1622,2057,2046,2065,2050,1,1,0,0,1,0,0,0,301,0,234,-939,-11,17,10,0,-0.104,-0.075,1.03,-10,-59,-4,-18,0,0,0,0,1584,3271,1953,1499,2060,2046,2065,2050,2,0,-8,-34,2,0,0,1,287,0,168,-860,-11,17,11,0,0.016,-0.056,1.074
1584,3272,1928,1331,2061,2046,2069,2049,1,1,0,-34,1,0,3,5,191,0,158,-669,-11,17,-2,5,-0.325,0.025,0.881,59,-40,-16,77,0,0,0,0,1650,3246,1817,1275,2015,2069,2067,2049,28,-5,-15,57,1,0,0,1,376,0,191,411,16,-79,1,6,-0.526,-0.111,0.884
2175,3247,1710,1816,2016,2061,2052,2046,80,1,-17,70,1,0,0,0,214,0,150,507,16,-47,64,10,-0.138,-0.006,0.677,-42,-78,45,-37,0,0,0,0,2736,3239,1667,2414,2022,2061,2068,2052,-102,8,45,-33,-1,0,-1,2,-13,0,614,-15,12,-46,-4,-11,-0.473,-0.045,0.986
2317,3246,1901,2181,2023,2061,2068,2050,-53,1,30,-33,1,0,0,-1,54,0,892,-154,11,-46,-2,0,-0.393,-0.009,0.935,-39,-79,-22,-21,0,0,0,0,1778,3261,2023,1915,2026,2048,2068,2047,-39,3,0,-14,2,0,0,0,64,0,534,-720,13,9,-2,10,-0.157,-0.007,1.031
1533,3263,1950,1762,2029,2049,2057,2002,-40,1,-14,-23,2,0,-8,-6,43,0,210,-684,12,6,41,25,0.072,-0.005,1.041,49,-54,26,-17,0,0,0,0,1312,3268,1832,1566,2052,2051,2049,1999,16,3,18,0,1,0,0,0,284,0,468,-867,-10,-3,77,24,0.16,-0.003,1.035
1324,3271,1936,1543,2067,2049,2050,1999,0,2,15,0,2,0,0,0,701,0,763,-999,-10,6,73,24,0.089,-0.037,1.033,78,-87,16,-19,0,0,0,0,1323,3277,2168,1493,2071,2031,2063,2008,0,0,28,0,1,-3,2,1,667,0,922,-991,-11,79,21,19,-0.017,0.018,1.017
1323,3279,2251,1470,2071,2028,2068,2012,1,2,19,-4,0,-1,0,3,659,0,948,-994,-11,94,-2,17,-0.199,-0.013,0.989,78,-39,-16,0,0,0,0,0,1323,3271,2445,1750,2069,2045,2070,2052,0,0,0,9,1,2,0,2,681,0,348,-35,-12,25,-10,-12,-0.297,0.08,0.909
1174,3269,2392,1831,2059,2056,2071,2061,-84,2,-19,28,-4,1,4,1,0,0,114,-68,-12,-20,-8,-12,-0.103,-0.041,1.039,113,-17,8,-25,0,0,0,0,868,3266,2311,1967,2046,2055,2068,2058,0,0,8,2,1,0,0,0,0,0,79,-8,11,-20,-5,-12,-0.168,-0.024,1.02
866,3265,2355,1986,2046,2055,2069,2057,0,0,6,2,1,0,0,1,0,0,121,-7,7,-20,-4,-12,-0.188,-0.028,1.009,25,-4,-44,-10,0,0,0,0,843,3264,2253,2012,2047,2051,2070,2050,1,0,-42,0,1,0,0,-1,0,0,-6,-1,7,-3,-9,0,-0.044,-0.029,0.998
872,3262,1964,2008,2047,2051,2065,2047,6,0,-46,-1,-1,0,0,0,0,0,-37,1,7,-3,9,12,-0.116,-0.139,1.036,67,-72,2,-41,0,0,0,0,907,3263,1619,2007,2049,2049,2051,2045,1,1,1,0,0,0,0,0,0,0,4,0,-8,3,70,11,-0.062,-0.147,1.026
916,3263,1623,2007,2049,2049,2051,2045,1,1,1,0,0,-1,0,0,0,0,41,0,-9,3,70,11,-0.062,-0.154,1.024,48,-4,44,-15,0,0,0,0,935,3263,1803,2012,2049,2049,2062,2052,2,0,39,3,1,0,3,1,0,0,161,-4,-9,4,27,-12,-0.237,-0.086,1.011
948,3262,2087,2067,2049,2049,2069,2059,3,1,45,9,0,0,0,0,0,0,221,-29,-7,4,-5,-12,-0.169,-0.042,1.019,108,-21,-29,16,0,0,0,0,873,3262,2350,2135,2048,2050,2070,2050,0,1,-27,0,0,0,0,0,0,0,3,-1,0,3,-9,0,-0.185,-0.032,1.024
891,3261,2168,2132,2047,2050,2070,2047,6,0,-28,-1,0,0,0,-2,0,0,-33,1,7,3,-9,11,-0.172,-0.058,1.009,102,-23,19,2,0,0,0,0,944,3261,1991,2131,2046,2052,2067,2052,3,0,18,1,0,0,0,1,0,0,110,-1,12,-6,4,-12,-0.199,-0.062,1.02
971,3260,2118,2133,2046,2052,2068,2052,5,0,20,0,0,0,0,1,0,0,114,0,11,-6,0,-12,-0.208,-0.049,1.013,49,-1,-38,-5,0,0,0,0,976,3260,2126,2152,2047,2052,2069,2047,5,0,-37,-1,1,0,0,0,0,0,0,1,7,-5,-4,12,-0.145,-0.061,1.028
2049,2051,2049,2048,2049,2049,2051,2049,1,2,0,0,0,0,0,0,-8,-10,-1,-1,0,-1,0,0,0.03,0.0,1.037,5,-4,-12,20,0,0,0,0,2074,2030,2006,2120,2048,2050,2053,2047,9,1,-8,14,1,0,0,2,7,-10,-45,63,11,-4,-8,9,0.003,-0.021,1.021
2111,2000,1946,2239,2046,2051,2053,2047,10,-3,-3,20,0,0,0,0,-12,14,-130,130,11,-9,-9,7,0.05,0.003,1.076,-6,7,11,5,0,0,0,0,2171,1972,1865,2433,2042,2070,2052,2050,-1,0,8,4,0,0,0,1,-34,23,17,62,12,-88,-5,-7,0.024,0.074,1.023
2142,2008,1933,2462,2042,2070,2052,2050,-4,5,7,5,0,0,0,1,-39,28,43,86,11,-89,-5,-7,-0.036,0.055,1.034,4,14,-16,-66,0,0,0,0,2036,2152,1958,2241,2042,2070,2049,2048,3,30,-22,-60,0,0,-1,1,12,15,-10,-46,12,-90,6,8,0.092,0.059,1.021
2039,2299,1839,1848,2042,2067,2047,2048,1,26,-16,-56,1,-1,0,1,21,-19,7,-253,11,-77,15,0,0.227,0.126,0.805,14,-24,-28,51,0,0,0,0,2065,2286,1577,1442,2012,2063,2052,2051,0,-32,-31,33,3,-9,0,1,78,-15,102,210,18,-66,-5,-10,-0.343,-0.038,0.99
2198,2047,1406,1664,2036,2049,2051,2054,29,-34,-21,38,4,0,0,1,34,30,3,722,11,-1,-1,-9,-0.296,-0.083,0.995,44,51,10,15,0,0,0,0,2516,1800,1229,1790,2048,2048,2049,2055,35,2,4,0,0,0,0,1,39,516,38,999,7,2,7,-8,-0.415,-0.148,0.961
2767,2077,1279,1789,2047,2048,2049,2056,41,64,10,0,1,0,-1,1,73,467,113,999,7,4,9,-8,-0.438,-0.099,0.925,-38,7,40,0,0,0,0,0,3070,2508,1511,1789,2047,2050,2048,2055,-30,60,34,0,0,0,0,0,-29,429,206,999,11,-5,12,-9,-0.489,-0.049,0.928
2906,2774,1777,1851,2046,2050,2048,2055,-23,21,46,4,1,0,0,0,-120,155,222,745,11,-5,11,-10,-0.486,-0.035,0.907,-29,-61,4,-19,0,0,0,0,2532,2852,2120,1929,2048,2050,2049,2052,-34,-30,0,-20,1,0,0,0,-154,-101,172,7,11,-6,6,-11,-0.429,0.067,0.894
2162,2427,2125,1799,2049,2051,2051,2050,-53,-79,-1,-17,1,0,0,-1,-10,-47,267,6,-7,-8,-1,-7,-0.437,0.058,0.964,-5,-36,11,15,0,0,0,0,1834,1739,2133,1739,2051,2063,2051,2048,0,-35,14,17,1,0,0,0,41,-30,573,0,-11,-59,0,6,-0.339,0.114,0.963
1752,1512,2208,1843,2051,2063,2051,2048,-1,-35,26,13,1,0,0,1,93,-40,579,-14,-10,-59,0,7,-0.382,0.122,0.911,32,0,-44,-11,0,0,0,0,1706,1204,2187,1924,2052,2067,2051,2048,1,-1,-42,-9,0,1,0,-1,354,-21,198,-97,-11,-73,0,7,-0.309,0.108,0.927
1934,1203,1885,1848,2050,2067,2050,2050,45,1,-45,-15,0,0,-1,1,269,-21,223,-86,-7,-74,2,-7,-0.294,0.085,0.942,-38,3,36,29,0,0,0,0,2262,1201,1646,1828,2049,2066,2052,2050,-31,0,30,30,0,0,0,1,-10,-14,443,174,-7,-72,-8,-7,-0.411,0.02,0.926
1987,1205,1879,2021,2049,2066,2052,2050,-38,3,35,29,1,0,0,0,13,-10,486,184,-7,-72,-6,-7,-0.44,0.056,0.926,-13,36,2,-1,0,0,0,0,1581,1223,2166,2218,2050,2065,2049,2051,-7,5,13,0,1,0,0,2,48,184,514,285,-9,-69,7,-10,-0.456,0.012,0.937
1504,1277,2182,2217,2050,2058,2049,2051,-12,7,2,0,1,-2,0,1,37,481,498,262,-6,-40,7,-10,-0.496,-0.017,0.913,-1,77,-26,-21,0,0,0,0,1395,1447,2170,2113,2050,2046,2049,2052,0,46,-23,-31,1,-3,0,1,49,680,127,274,-11,7,7,-9,-0.333,-0.04,0.975
1397,1609,2012,1980,2050,2048,2049,2053,1,1,-22,-17,-1,0,0,-1,42,750,0,249,-12,4,7,-10,-0.386,-0.095,1.01,46,4,26,-25,0,0,0,0,1514,1887,1864,1706,2049,2051,2050,2052,1,47,7,-19,1,0,0,0,165,385,299,242,-3,-8,5,-11,-0.365,0.019,0.967
1593,2113,1956,1574,2045,2051,2052,2051,1,31,12,-17,0,0,0,0,561,132,658,69,8,-8,-5,-11,-0.533,0.031,0.857,-14,-50,-7,42,0,0,0,0,1840,2148,1961,1564,2045,2064,2051,2050,0,-52,0,36,1,0,0,0,448,-26,871,76,9,-64,0,-7,-0.463,0.066,0.897
1841,1772,1961,1816,2045,2064,2051,2050,1,-55,0,37,0,0,0,0,293,-14,671,211,10,-64,0,-10,-0.513,0.003,0.903,-31,78,-35,-9,0,0,0,0,1841,1443,1884,2084,2048,2051,2048,2053,-4,20,-24,0,1,0,0,1,13,373,91,307,7,-12,12,-10,-0.378,-0.102,0.934
1691,1545,1679,2023,2049,2048,2047,2054,-22,8,-32,0,1,0,0,1,-17,722,-32,312,-7,4,14,-9,-0.384,-0.14,0.954,85,10,19,5,0,0,0,0,1770,1588,1490,1961,2046,2049,2047,2055,87,2,13,0,0,0,0,1,41,711,-7,366,11,-2,15,-9,-0.455,-0.063,0.94
2241,1620,1521,1961,2046,2050,2047,2055,60,8,0,0,0,0,0,1,156,674,372,508,10,-4,15,-9,-0.489,-0.031,0.836,-65,47,25,28,0,0,0,0,2660,1825,1686,2025,2048,2046,2047,2057,-29,1,40,21,1,0,0,0,33,649,782,914,5,11,14,-10,-0.5,-0.052,0.831
2259,1341,1887,2311,2048,2051,2050,2056,-60,-74,35,21,1,0,0,1,14,0,646,461,6,-8,4,-10,-0.501,-0.013,0.884,5,117,-38,-35,0,0,0,0,1731,927,2019,2480,2049,2049,2047,2046,2,-6,-31,-30,1,0,0,1,80,0,203,6,-7,-2,13,10,-0.361,-0.056,0.972
1732,946,1783,2248,2050,2047,2047,2046,1,6,-38,-38,0,0,0,1,116,0,20,-5,-12,7,14,11,-0.223,-0.139,1.0,29,38,-11,-36,0,0,0,0,1954,1007,1456,1811,2052,2048,2052,2047,19,4,-9,-36,-1,0,0,0,70,0,31,0,-12,5,-6,11,-0.248,-0.136,1.039
2118,1020,1367,1576,2044,2050,2050,2048,35,1,-11,-35,1,0,0,1,98,0,97,-10,11,-5,3,-4,-0.178,-0.068,1.03,-59,79,63,61,0,0,0,0,2169,1027,1475,1560,2037,2050,2053,2047,-68,2,54,51,0,0,0,0,-10,0,452,15,10,-7,-9,9,-0.375,-0.048,0.987
1716,1034,1875,1908,2037,2050,2049,2049,-63,2,62,50,1,0,-2,1,32,0,556,272,10,-6,4,0,-0.469,-0.038,0.902,62,70,-36,-42,0,0,0,0,1231,1012,2292,2259,2044,2051,2054,2050,5,6,-41,-42,2,0,0,0,555,0,207,0,10,-9,-12,-11,-0.374,-0.033,0.942
1552,1043,2028,1982,2044,2051,2054,2049,45,5,-40,-40,0,0,0,0,611,0,302,0,10,-9,-14,0,-0.451,0.02,0.976,14,93,-29,-21,0,0,0,0,2208,1075,1615,1572,2044,2051,2050,2047,42,2,-20,-17,1,0,0,-1,373,0,320,-52,10,-9,3,10,-0.343,0.043,0.956
2407,1082,1444,1441,2044,2051,2050,2048,29,1,-25,-20,1,0,0,1,216,0,208,-95,11,-9,3,7,-0.3,0.052,0.986,-64,114,23,60,0,0,0,0,2491,1085,1330,1517,2045,2051,2052,2049,-59,5,26,56,-1,0,0,2,-20,0,159,12,11,-9,-5,-8,-0.285,-0.048,0.991
2077,1094,1505,1825,2045,2049,2049,2052,-65,2,27,41,1,0,0,0,-27,0,75,414,12,-3,7,-10,-0.416,-0.213,0.974,63,96,1,5,0,0,0,0,1705,977,1688,2375,2047,2048,2054,2047,43,-14,0,0,0,0,0,1,130,0,76,166,11,3,-12,6,-0.285,-0.255,0.831
1974,950,1670,2403,2046,2048,2054,2050,43,0,0,7,0,0,0,0,285,0,181,196,11,3,-14,-11,-0.446,-0.138,0.927,21,68,17,-44,0,0,0,0,2446,940,1650,2313,2046,2048,2050,2049,1,6,0,-36,1,0,0,-1,517,0,611,-80,9,3,2,-7,-0.485,-0.117,0.832
2548,975,1650,2003,2045,2053,2051,2048,36,5,0,-43,1,0,0,0,514,0,989,-13,8,-18,-3,6,-0.497,-0.035,0.923,3,92,20,-17,0,0,0,0,2575,1002,1649,1599,2045,2061,2051,2048,0,2,0,-19,0,0,0,0,661,0,999,-90,8,-51,-2,6,-0.511,0.014,0.895
2575,1002,1649,1483,2045,2061,2051,2048,0,1,0,-17,0,0,0,1,652,0,999,-88,8,-52,-2,6,-0.505,0.02,0.891,-60,47,0,58,0,0,0,0,2575,1001,1649,1594,2045,2061,2051,2050,0,1,0,57,2,0,1,2,163,0,999,1,9,-52,-3,-10,-0.525,-0.049,0.908
2045,2046,2046,2047,2050,2049,2054,2050,1,1,0,0,1,0,0,1,8,10,3,2,0,0,0,0,0.005,-0.014,1.038,-20,35,-39,0,0,0,0,0,1996,2156,1896,2041,2049,2047,2048,2048,-10,23,-32,-4,2,-3,-3,0,-32,42,-92,24,0,3,22,12,-0.139,-0.231,1.027
1858,2450,1621,2034,2051,2048,2020,2041,-28,61,-34,0,3,0,0,0,-24,12,-40,56,-7,2,142,12,0.032,-0.16,0.974,-19,-58,20,-46,0,0,0,0,1621,2688,1407,1850,2050,2049,2019,2039,-14,1,17,-40,0,0,0,0,-32,-337,-11,-26,0,0,144,10,0.178,-0.124,1.037
1501,2541,1542,1552,2046,2050,2060,2037,-16,-94,18,-56,-7,0,0,-11,-32,-457,0,-88,12,-4,-20,12,-0.389,-0.062,1.256,84,46,-14,23,0,0,0,0,1526,1772,1602,1269,2031,2053,2054,2051,16,39,-13,23,0,0,0,1,180,36,94,12,12,-17,-2,-8,-0.179,0.104,0.99
1996,2023,1489,1379,2037,2053,2054,2052,84,34,-16,12,2,0,0,1,245,94,171,199,11,-17,-1,-12,-0.449,0.031,0.878,-27,-10,58,55,0,0,0,0,2817,2319,1550,1702,2047,2050,2055,2053,-15,0,45,32,1,0,0,1,13,125,483,701,10,-4,-7,-10,-0.58,-0.011,0.856
2592,2313,1951,1994,2046,2045,2044,2051,-34,0,54,32,0,0,-2,0,24,54,562,877,10,16,37,-6,-0.656,-0.054,0.768,36,-39,-29,-35,0,0,0,0,2559,2182,2446,2446,2047,2048,2019,1980,43,-10,-29,-12,0,0,-4,1,21,-34,-30,50,12,4,144,43,-0.479,-0.076,0.88
2787,1845,2207,2178,2054,2064,2028,2026,37,-52,-29,-30,0,0,0,9,37,-10,72,71,-12,-63,108,13,-0.34,0.015,0.932,-6,31,-40,-30,0,0,0,0,3166,1651,1809,1796,2057,2069,2053,2051,1,33,-41,-30,0,0,0,0,-45,32,0,-1,-12,-84,3,-8,-0.258,0.076,0.907
3160,1852,1530,1588,2046,2068,2055,2049,-9,25,-32,-32,1,0,0,1,-75,41,17,0,12,-81,-6,8,-0.162,0.136,1.053,-83,62,47,51,0,0,0,0,2774,2243,1396,1473,2052,2049,2054,2052,-143,25,51,33,0,-2,0,1,-58,228,234,462,-12,-7,-2,-9,-0.414,-0.014,0.901
2127,2421,1723,1568,2052,2047,2053,2053,-85,60,49,0,0,0,0,1,-34,567,183,986,-11,4,-2,-9,-0.526,-0.028,0.878,56,12,-26,41,0,0,0,0,1552,2934,2011,1568,2051,2049,2053,2053,65,38,-25,0,0,0,0,0,92,441,1,999,-7,0,0,-10,-0.514,-0.074,0.875
1963,3285,1830,1692,2051,2048,2044,2051,62,51,-23,45,1,0,0,1,67,91,0,831,-7,3,40,-5,-0.555,-0.093,0.835,-17,-38,-14,-16,0,0,0,0,2439,3297,1588,1784,2050,2049,2044,2051,-5,-6,-12,0,1,0,0,1,-15,14,-36,706,0,0,42,-8,-0.506,-0.134,0.892
2346,3207,1510,1768,2050,2049,2043,2050,-11,-7,-10,-17,1,0,0,0,-25,-123,-107,311,-7,0,44,0,-0.435,-0.145,0.921,-42,-31,10,-9,0,0,0,0,2046,2659,1426,1600,2051,2049,2038,2051,-43,-114,10,-11,0,0,0,0,-39,-14,-20,318,-9,0,63,-8,-0.333,-0.104,0.893
1747,2366,1495,1567,2051,2049,2039,2051,-37,-25,9,-11,1,0,0,0,-36,30,-25,200,-7,-1,62,-8,-0.341,-0.129,0.971,-13,11,-8,33,0,0,0,0,1364,2177,1539,1567,2050,2050,2041,2051,-12,0,-3,10,1,0,0,0,-27,47,-40,512,0,-1,53,-6,-0.405,-0.186,0.925
1272,2175,1504,1661,2051,2050,2041,2051,-12,0,-7,6,2,0,0,0,-24,121,-123,945,-7,-4,53,-6,-0.374,-0.187,0.948,0,50,52,29,0,0,0,0,1151,2266,1641,1661,2049,2048,2041,2051,0,43,50,0,2,0,0,1,-14,413,8,999,6,3,53,-5,-0.537,-0.173,0.924
1151,2562,1968,1661,2048,2047,2041,2051,0,60,50,0,0,0,0,1,-14,447,104,999,11,8,53,-5,-0.581,-0.165,0.856,69,-73,-33,27,0,0,0,0,1251,3200,2232,1828,2050,2048,2040,2048,75,-38,-31,8,1,0,0,0,168,-144,7,892,-10,6,56,10,-0.444,-0.145,0.872
1738,2714,2010,1898,2050,2049,2029,2049,78,-101,-31,20,0,1,0,2,125,-92,2,938,0,3,101,5,-0.55,-0.251,0.899,30,47,-23,-40,0,0,0,0,2282,2020,1615,1672,2040,2053,2055,2049,5,33,-23,-43,0,0,0,0,380,136,246,142,10,-20,-7,8,-0.443,-0.07,0.904
2487,2368,1461,1452,2036,2054,2054,2049,33,51,-19,-25,0,0,0,1,318,91,238,86,11,-20,-6,8,-0.438,-0.082,0.928,-4,19,32,30,0,0,0,0,2774,2843,1342,1214,2035,2054,2054,2049,1,29,12,-7,0,0,0,1,203,61,575,29,10,-18,-3,7,-0.515,-0.052,0.853
2773,3001,1464,1186,2033,2054,2054,2050,0,20,2,-3,0,0,0,1,165,43,926,8,9,-20,-3,0,-0.511,-0.023,0.896,-68,-10,-10,39,0,0,0,0,2558,3162,1510,1151,2034,2054,2054,2051,-53,1,19,-2,1,0,0,0,18,14,633,7,11,-22,-2,-8,-0.423,-0.032,0.936
2188,3145,1546,1122,2033,2051,2055,2051,-59,-12,3,-5,1,-1,0,0,-23,-21,191,14,12,-13,-6,-8,-0.35,-0.059,0.985,-17,-40,31,8,0,0,0,0,1584,2927,1645,1096,2048,2049,2054,2051,-23,-33,25,0,0,0,0,2,-15,-56,12,-1,11,0,-4,-8,-0.335,-0.083,0.984
1498,2676,1796,1117,2049,2049,2052,2051,-19,-37,21,7,1,0,0,0,-29,-69,251,-19,10,0,3,-12,-0.394,0.037,0.958,4,-47,-15,31,0,0,0,0,1353,2171,1989,1247,2049,2051,2054,2044,-1,-44,-1,13,0,0,0,0,-13,-83,192,-39,7,-9,-4,12,-0.352,0.096,0.963
1367,1844,1916,1358,2051,2051,2054,2044,2,-46,-11,17,0,0,0,0,12,-77,69,-52,-7,-9,-4,12,-0.289,0.099,0.984,39,56,22,-7,0,0,0,0,1461,1608,1850,1457,2048,2051,2054,2048,2,25,16,0,0,0,0,1,117,24,261,-2,10,-9,-4,12,-0.419,0.032,0.952
1512,1939,1929,1455,2048,2051,2054,2048,0,53,0,-1,1,0,0,1,432,42,552,1,9,-9,-5,11,-0.482,0.134,0.908,5,-37,2,-10,0,0,0,0,1598,2295,2019,1383,2049,2051,2054,2048,1,-26,0,0,1,0,0,1,698,-20,941,1,7,-9,-4,12,-0.473,0.046,0.921
1598,2070,2020,1394,2049,2051,2052,2049,1,-35,0,5,1,0,0,1,681,-31,995,-9,3,-9,2,8,-0.456,0.044,0.921,59,-2,-31,49,0,0,0,0,1597,1762,2020,1513,2049,2051,2052,2048,1,-4,0,7,1,0,0,0,683,-22,430,-27,5,-8,1,8,-0.504,0.099,0.933
1766,1714,1835,1532,2049,2051,2052,2051,75,-3,-31,3,-1,0,0,-1,503,-14,317,-8,6,-8,3,-8,-0.464,0.051,0.936,-48,41,40,43,0,0,0,0,2277,1816,1648,1543,2050,2050,2053,2051,-1,39,25,0,1,0,0,0,95,41,817,0,0,-7,2,-8,-0.491,0.018,0.917
1976,2066,1861,1501,2050,2050,2054,2051,-61,35,25,-10,1,0,0,1,108,65,906,28,0,-8,-4,-8,-0.52,0.067,0.903,52,43,-42,44,0,0,0,0,1586,2538,2039,1305,2050,2051,2054,2051,1,44,-38,-19,1,0,0,1,572,101,317,59,0,-9,-5,-8,-0.5,0.012,0.904
1929,2825,1754,1174,2050,2051,2053,2052,80,50,-44,-19,1,0,0,0,426,103,317,62,0,-9,-1,-12,-0.44,0.028,0.93,-62,5,12,23,0,0,0,0,2410,3250,1488,1070,2051,2049,2054,2052,-37,8,18,-1,0,0,0,1,-11,42,283,3,-8,-2,-4,-8,-0.39,0.017,0.963
2044,3275,1609,1062,2051,2050,2054,2052,-56,4,16,0,0,0,0,2,-21,50,110,1,-8,-3,-6,-12,-0.364,0.004,0.96,-16,-65,-5,66,0,0,0,0,1499,3183,1716,1056,2050,2049,2054,2051,-15,-54,-4,0,0,0,0,0,-17,-58,-43,0,0,-2,-4,-8,-0.306,0.016,0.992
2113,2086,2060,2077,2054,2122,2098,2052,1,0,0,0,0,0,0,0,-13,-13,0,-7,6,3,2,0,0.035,0.058,1.013,45,-41,-3,13,0,0,0,0,2271,1970,2043,2141,2057,2122,2095,2051,42,-40,-3,11,2,0,0,2,23,-52,10,-18,-11,5,13,7,0.062,-0.034,1.105
2558,1648,2022,2231,2056,2122,2100,2053,38,-46,-4,13,0,0,1,0,37,-23,16,-49,-6,4,-6,-7,-0.119,-0.032,1.011,-59,-11,-18,-25,0,0,0,0,2836,1251,1917,2226,2058,2139,2101,2051,-39,-11,-13,-28,1,1,-1,0,-141,-12,2,-68,-10,-65,-11,7,-0.04,0.079,1.055
2589,1184,1811,2054,2052,2154,2099,2052,-44,-8,-11,-24,0,0,0,1,-341,-14,-45,-44,9,-131,-5,2,0.229,0.186,0.934,57,54,38,-12,0,0,0,0,1999,1290,1751,1805,2002,2153,2098,2053,1,54,18,-17,0,0,0,1,110,24,313,-51,25,-127,0,-7,-0.267,0.052,0.986
2210,1654,1936,1736,2036,2153,2098,2051,66,58,29,-12,24,0,0,1,223,24,624,-103,8,-127,0,7,-0.284,-0.032,0.898,-28,-5,-40,8,0,0,0,0,2876,2110,2266,1651,2105,2154,2100,2050,1,-1,-19,5,1,0,0,-1,-86,-14,-249,6,-26,-130,-8,11,-0.179,0.064,0.989
2877,2057,1984,1676,2104,2160,2100,2050,0,-3,-44,3,0,5,0,0,-345,11,-204,127,-25,-153,-8,11,-0.045,0.103,1.006,-63,35,-23,-28,0,0,0,0,2664,2000,1604,1624,2026,2161,2101,2050,1,24,-20,-25,-7,0,0,0,-720,158,-355,64,13,-160,-13,11,0.166,0.097,1.02
2663,2256,1425,1449,1996,2152,2096,2055,1,47,-35,-20,-9,-15,0,1,-706,94,-257,15,30,-122,6,-12,0.052,-0.034,1.021,-37,-1,4,26,0,0,0,0,1674,2607,1213,1248,2056,2124,2100,2047,-38,1,0,14,0,0,0,1,-41,45,-42,430,-6,-4,-9,10,-0.142,-0.174,0.994
1419,2605,1233,1361,2056,2124,2099,2048,-41,0,2,24,-1,0,0,1,-37,43,-14,699,-6,-4,-7,9,-0.208,-0.193,1.003,18,-7,51,8,0,0,0,0,1149,2582,1482,1468,2054,2122,2099,2049,16,-1,47,0,4,0,0,1,12,26,19,963,5,3,-5,9,-0.325,-0.192,0.981
1270,2551,1784,1539,2054,2122,2099,2049,18,-11,46,10,1,0,0,1,12,22,188,875,5,4,-5,10,-0.426,-0.026,0.952,3,-59,-9,-23,0,0,0,0,1367,2294,2120,1666,2057,2125,2100,2051,1,-46,0,0,1,0,0,2,38,-23,297,188,-10,-11,-6,7,-0.435,-0.003,0.95
1367,1913,2092,1556,2056,2129,2098,2050,1,-57,0,-21,0,2,0,1,54,-30,160,-15,-6,-24,-1,7,-0.326,0.043,0.983,26,46,17,42,0,0,0,0,1399,1584,2027,1563,2054,2133,2099,2053,1,47,0,32,-1,0,0,0,204,21,448,4,4,-42,-3,-7,-0.453,0.013,0.963
1428,1787,2092,1761,2054,2133,2099,2054,1,15,23,33,0,0,0,1,421,153,659,341,0,-42,-5,-9,-0.502,-0.055,0.882,64,-6,-39,-22,0,0,0,0,1431,1860,2163,1942,2060,2132,2099,2055,0,0,-38,0,1,0,0,1,686,494,199,532,-10,-38,-5,-10,-0.45,-0.119,0.997
1850,1884,1877,1865,2060,2132,2099,2054,77,21,-43,-20,1,0,0,1,476,355,294,224,-9,-38,-6,-11,-0.461,-0.092,0.876,12,45,-6,-23,0,0,0,0,2492,2176,1556,1609,2059,2132,2100,2053,0,46,-14,-22,-1,0,0,0,374,170,244,140,-10,-38,-9,-7,-0.498,-0.065,0.892
2576,2500,1515,1461,2057,2133,2100,2053,1,50,-3,-20,0,0,0,0,365,143,247,108,-10,-38,-9,-7,-0.407,-0.112,0.983,-34,-89,2,-3,0,0,0,0,2767,2718,1472,1291,2036,2136,2097,2050,-32,-81,0,-1,0,0,0,0,34,-57,266,-2,10,-55,3,8,-0.429,-0.05,0.968
2561,2132,1474,1288,2033,2136,2097,2051,-24,-84,1,0,0,0,0,1,16,-69,318,-68,11,-54,1,7,-0.374,-0.021,0.971,17,30,21,4,0,0,0,0,2331,1442,1517,1272,2033,2135,2097,2051,0,28,14,0,0,0,0,2,73,16,588,-28,10,-50,3,7,-0.408,-0.035,0.947
2329,1648,1595,1298,2032,2135,2097,2051,-1,31,0,5,0,0,0,0,204,16,855,-19,9,-50,2,7,-0.445,0.019,0.933,-36,14,17,0,0,0,0,0,2329,1965,1630,1327,2033,2135,2097,2051,0,15,0,0,1,0,0,-1,105,11,999,-12,9,-50,3,11,-0.471,0.008,0.947
2178,2070,1695,1328,2033,2135,2098,2052,-49,18,0,0,1,0,1,3,45,12,928,-16,10,-50,0,-1,-0.435,0.041,0.941,-11,12,34,47,0,0,0,0,1832,2190,1833,1495,2033,2135,2098,2055,0,0,12,31,1,0,0,1,56,26,986,153,9,-50,-2,-10,-0.484,-0.018,0.926
1747,2187,1959,1690,2038,2135,2097,2057,1,0,26,28,1,0,0,0,64,94,934,668,8,-50,1,-9,-0.608,-0.108,0.859,65,11,-32,20,0,0,0,0,1776,2186,2228,2082,2041,2119,2085,2056,69,1,-26,6,1,0,0,0,284,283,233,939,9,20,52,-9,-0.561,-0.119,0.852
2240,2186,2009,2084,2041,2119,2085,2056,77,1,-27,0,1,0,0,0,241,400,246,999,10,18,52,-9,-0.528,-0.106,0.856,-24,2,-26,-40,0,0,0,0,2880,2205,1696,2050,2046,2123,2084,2056,1,0,-21,-34,2,0,0,1,4,537,2,402,10,1,57,-11,-0.495,-0.153,0.921
2820,2319,1512,1805,2048,2125,2086,2055,-3,8,-26,-32,1,0,0,0,-61,351,0,297,10,-8,49,-11,-0.38,-0.136,0.942,4,-29,47,4,0,0,0,0,2552,2402,1432,1521,2042,2126,2101,2049,-7,1,31,0,-1,0,0,0,16,53,405,237,9,-11,-15,11,-0.521,-0.056,0.898
2505,2309,1626,1552,2041,2125,2100,2049,-14,-27,12,11,1,0,0,1,78,-11,881,224,8,-7,-12,10,-0.487,-0.026,0.912,33,-27,-15,3,0,0,0,0,2489,1986,1627,1633,2041,2125,2098,2051,0,-26,0,7,1,0,0,1,353,-14,724,70,8,-8,-4,7,-0.57,-0.026,0.897
2546,1810,1598,1670,2042,2125,2098,2052,71,-25,-37,1,0,0,0,1,534,-17,402,-1,9,-8,-3,0,-0.543,-0.032,0.938,-35,68,0,12,0,0,0,0,2845,1784,1489,1713,2042,2125,2098,2055,1,53,0,0,1,0,0,1,202,87,376,134,9,-7,-2,-11,-0.506,-0.032,0.895
2794,2052,1492,1709,2043,2125,2098,2055,-24,22,1,-1,1,0,0,1,27,352,365,494,10,-7,-2,-9,-0.52,-0.089,0.877,-38,5,33,25,0,0,0,0,2438,2261,1622,1713,2046,2124,2099,2055,-38,1,26,2,2,0,1,0,-14,694,431,992,9,-4,-4,-8,-0.573,-0.071,0.897
2138,2261,1801,1757,2046,2124,2099,2056,-48,1,34,6,1,0,0,0,12,679,608,963,9,-4,-7,-8,-0.538,-0.091,0.799,40,-54,-28,-12,0,0,0,0,1794,2318,2020,1790,2047,2124,2099,2055,1,1,-2,0,1,0,0,0,290,131,271,779,10,-4,-7,-10,-0.494,-0.098,0.85
2060,2111,1823,1793,2047,2124,2100,2054,42,-43,-29,0,1,0,0,0,254,18,286,425,10,-4,-9,-11,-0.499,-0.053,0.895,15,-22,20,27,0,0,0,0,2420,1643,1608,1867,2046,2125,2098,2054,0,-12,0,18,0,0,0,0,304,-12,642,217,8,-7,-2,-11,-0.52,-0.041,0.89
2467,1522,1664,2024,2046,2125,2096,2054,1,-21,25,27,0,0,0,1,378,-16,939,325,7,-7,3,-11,-0.553,-0.088,0.885,-21,100,19,-53,0,0,0,0,2587,1464,1724,2040,2048,2125,2096,2055,0,100,0,-52,2,0,0,2,187,307,997,47,8,-7,4,-11,-0.729,0.037,0.585
2568,2163,1724,1680,2050,2125,2098,2054,-15,111,0,-49,1,0,0,0,60,244,999,122,8,-7,-2,-11,-0.529,-0.074,0.878,-51,-72,10,3,0,0,0,0,2231,2981,1745,1300,2050,2125,2098,2053,-48,-54,20,0,1,0,0,0,18,-45,969,67,8,-7,-4,-7,-0.451,-0.027,0.935
1849,2506,1839,1337,2051,2125,2098,2051,-47,-72,20,9,1,0,0,-3,38,-45,834,10,9,-7,-4,11,-0.4,-0.014,0.971,21,29,11,-5,0,0,0,0,1495,1986,1982,1363,2049,2125,2098,2050,1,26,1,0,1,0,0,0,135,14,759,-105,10,-7,-4,11,-0.391,0.01,0.962
1610,2153,1769,1304,2050,2125,2099,2050,46,26,-28,-9,1,0,0,0,130,30,108,-9,10,-7,-5,12,-0.321,0.006,0.987,-17,11,-9,41,0,0,0,0,1841,2373,1610,1360,2049,2124,2098,0,1,0,0,21,2,0,0,0,12,75,3,356,10,-3,0,0,-0.222,-0.074,1.067
2052,2065,2049,2070,2046,2088,2056,2049,1,0,0,0,0,0,0,0,-9,-10,-5,-4,0,0,0,0,0.031,0.004,1.03,-25,-38,6,-23,0,0,0,0,1954,1961,2074,1997,2046,2089,2055,2050,-32,-33,2,-20,1,0,0,0,-16,-47,4,-126,-7,-5,3,-7,0.143,0.081,1.041
1746,1699,2078,1827,2043,2106,2056,2048,-28,-43,0,-28,0,0,0,-1,14,-41,151,-67,11,-75,-4,7,-0.005,0.004,1.057,-10,3,-27,22,0,0,0,0,1458,1374,2046,1732,2012,2112,2056,2049,0,0,-22,20,-3,0,1,1,36,-16,-15,0,19,-104,0,0,0.149,0.066,1.034
1421,1358,1853,1853,2009,2106,2056,2049,-16,-1,-27,10,1,-3,-1,1,23,14,-1,98,19,-79,-4,0,-0.283,-0.156,1.182,35,1,-13,5,0,0,0,0,1524,1327,1588,1982,2045,2088,2053,2049,30,2,-12,1,1,0,0,1,20,42,-1,380,12,0,12,0,-0.174,-0.217,0.994
1720,1327,1503,2002,2044,2087,2053,2049,32,0,-12,5,0,0,0,1,41,47,-1,443,12,3,12,0,-0.188,-0.215,1.0,39,65,51,-30,0,0,0,0,2061,1394,1543,1976,2044,2087,2058,2049,0,45,34,-29,0,0,0,1,187,388,349,156,10,3,-9,0,-0.499,-0.135,0.833
2067,1864,1772,1777,2043,2093,2062,2047,1,82,30,-23,0,4,0,0,610,231,826,143,8,-21,-24,9,-0.429,-0.03,0.859,-44,-31,8,46,0,0,0,0,2450,2508,1838,1706,2043,2094,2060,2049,-3,-34,0,32,0,0,0,1,73,-12,999,300,9,-26,-17,-3,-0.517,-0.069,0.886
2234,2254,1948,1933,2044,2094,2059,2049,-40,-37,7,33,1,0,0,1,23,24,696,652,10,-26,-14,0,-0.517,-0.152,0.84,25,-19,-48,-47,0,0,0,0,1953,1854,1942,2138,2045,2089,2059,2048,30,-23,-45,-41,1,0,0,0,77,86,13,284,12,-5,-14,7,-0.384,-0.114,0.927
2150,1797,1611,1854,2032,2090,2060,2046,16,-20,-50,-42,-6,0,0,-1,69,25,0,107,12,-10,-17,12,-0.374,-0.126,0.942,-59,25,50,-20,0,0,0,0,2183,1779,1424,1445,2014,2090,2055,2048,-64,31,39,-18,0,0,0,1,-18,21,248,-63,17,-8,4,7,-0.271,-0.101,0.969
1720,1969,1705,1323,2013,2090,2055,2047,-71,24,46,-18,1,0,0,-3,15,16,479,-124,16,-8,3,11,-0.376,0.089,0.969,92,44,-10,40,0,0,0,0,1415,2328,2057,1307,2048,2092,2057,2048,35,34,0,33,1,0,0,1,429,38,471,25,-10,-17,-6,-6,-0.467,0.017,0.882
1526,2456,2040,1460,2049,2092,2057,2050,12,4,-18,20,1,0,0,1,693,234,253,517,-10,-17,-4,-5,-0.489,0.025,0.97,53,-28,5,13,0,0,0,0,1969,2623,1953,1663,2052,2091,2056,2050,31,1,0,15,1,0,0,1,593,230,384,831,-10,-13,-3,-10,-0.534,0.008,0.944
2384,2679,1953,1807,2052,2083,2046,2050,70,20,0,25,1,0,0,0,466,-14,527,593,-10,21,40,-6,-0.503,-0.073,0.849,-7,-72,6,18,0,0,0,0,3109,2170,2011,2017,2050,2083,2042,2050,1,-73,0,27,0,0,0,1,35,-17,559,480,-10,21,58,-10,-0.512,-0.028,0.873
3108,1684,2013,2188,2050,2090,2043,2050,0,-70,0,20,1,0,0,0,13,-19,722,264,-10,-7,54,-7,-0.527,0.011,0.913,-39,-2,23,-27,0,0,0,0,2957,1110,2157,2285,2063,2090,2057,2049,-26,0,39,-25,4,0,0,1,-44,-14,748,-63,-12,-8,-4,0,-0.51,0.087,0.912
2718,1110,2362,2108,2068,2091,2056,2049,-42,0,32,-26,1,0,0,1,-51,-18,534,-76,-13,-12,-2,0,-0.403,0.037,0.898,-14,33,-35,-40,0,0,0,0,2282,1199,2528,1722,2095,2104,2056,2048,0,34,-28,-39,1,0,0,0,-14,18,-65,-85,-28,-68,-2,7,-0.306,0.196,0.955
2285,1419,2321,1453,2097,2110,2056,2047,1,34,-30,-38,0,0,0,1,-82,18,-185,-96,-30,-94,0,11,-0.144,0.24,1.006,38,4,-38,67,0,0,0,0,2294,1719,1826,1423,2075,2114,2056,2052,17,5,-50,65,-1,0,0,0,-14,-10,-28,2,-16,-110,-2,-11,-0.272,0.213,0.953
2479,1717,1547,1780,2064,2108,2055,2052,34,-6,-42,38,0,-1,-1,1,23,21,129,349,-12,-88,2,-10,-0.361,0.103,0.99,-60,30,0,11,0,0,0,0,2591,1579,1281,1987,2047,2088,2053,2055,-60,0,2,0,2,0,0,1,-42,426,3,999,-7,0,12,-8,-0.368,-0.13,0.952
2191,1579,1286,1987,2047,2088,2053,2055,-52,0,0,0,0,0,0,1,-51,728,-20,999,-11,-1,12,-8,-0.377,-0.119,0.97,49,73,62,-7,0,0,0,0,1839,1578,1550,1986,2044,2089,2053,2055,39,0,52,0,1,0,0,1,29,708,32,871,11,-4,12,-9,-0.396,-0.041,0.963
1921,1612,1820,1989,2043,2089,2053,2055,0,20,40,0,2,0,0,-1,356,643,635,663,8,-4,10,-10,-0.489,-0.019,0.91,-21,15,23,15,0,0,0,0,1968,2043,2087,1988,2045,2092,2057,2054,1,17,26,0,1,1,0,0,410,475,873,704,-4,-16,-5,-10,-0.535,-0.032,0.837
1978,2294,2279,2082,2046,2086,2051,2051,1,36,23,10,1,0,0,0,190,187,708,738,0,8,17,-10,-0.677,-0.048,0.855,-41,41,-8,-50,0,0,0,0,1815,2744,2528,2145,2050,2093,2058,2050,-33,86,4,-45,1,0,-1,1,19,46,267,32,-12,-20,-11,-7,-0.592,-0.035,0.967
1495,3065,2502,1803,2049,2093,2057,2050,-42,42,-7,-47,0,0,0,0,49,37,148,0,-12,-21,-5,-7,-0.362,-0.006,0.941,12,-87,1,48,0,0,0,0,1153,3154,2436,1569,2047,2099,2053,2048,1,-51,0,36,0,0,0,0,164,-116,179,280,-7,-47,10,5,-0.379,-0.038,0.974
1214,2744,2438,1804,2048,2085,2036,2051,32,-96,0,35,1,0,0,1,164,-208,197,652,-11,13,82,-11,-0.49,-0.117,0.965,54,72,-1,-13,0,0,0,0,1357,1820,2437,2178,2047,2090,2036,2050,28,64,0,0,1,0,0,-1,453,289,215,430,-10,-8,83,-6,-0.631,-0.055,0.795
1736,2340,2433,2152,2048,2092,2045,2050,85,118,-1,-9,2,2,7,1,376,152,198,167,-11,-15,46,-7,-0.414,0.025,0.878,43,0,-40,-9,0,0,0,0,2668,3166,2271,2049,2084,2110,2054,2047,51,1,-42,-12,0,0,0,0,34,-14,4,-4,-21,-93,6,11,-0.534,-0.073,0.926
2956,3177,1999,1976,2078,2109,2045,2045,37,5,-39,-7,-3,0,-5,0,42,-16,30,58,-17,-89,41,12,-0.313,-0.101,0.969,-57,-30,12,24,0,0,0,0,3145,3206,1739,1932,2045,2098,2038,2043,-46,-17,11,13,1,0,0,1,-47,-162,117,391,7,-40,75,10,-0.363,-0.093,0.95
2864,2918,1842,2091,2044,2089,2038,2043,-46,-53,13,19,-1,0,0,1,-142,-52,29,402,11,-6,75,10,-0.417,-0.086,0.938,11,26,-19,3,0,0,0,0,2436,2644,1867,2296,2045,2089,2038,2039,0,13,-18,0,-1,0,0,0,-73,42,-39,382,7,-5,75,10,-0.436,-0.146,0.921
2435,2769,1746,2296,2045,2088,2038,2023,0,40,-19,0,1,0,1,1,-19,61,-71,469,7,0,77,14,-0.231,-0.122,1.084,-38,-91,49,-11,0,0,0,0,2308,3039,1691,2434,2035,2090,2054,2037,-60,-20,38,0,0,0,0,0,-11,-502,443,-211,10,-11,7,9,-0.276,-0.121,1.016
1978,2721,1985,2435,2035,2083,2053,2036,-46,-34,48,0,0,0,0,0,29,-633,605,-534,10,20,11,9,-0.105,-0.067,0.939,14,-19,0,3,0,0,0,0,1646,1786,2399,2373,2036,2083,2052,2036,-1,-27,0,0,1,0,0,0,150,-183,480,-585,10,20,16,10,-0.07,-0.039,1.031
1646,1636,2399,2373,2036,2083,2052,2036,0,-26,0,0,1,0,0,0,277,-153,482,-500,10,20,16,10,-0.104,-0.01,1.039,46,28,-10,-23,0,0,0,0,1905,1375,2399,2200,2058,2097,2056,2046,43,30,0,-22,6,0,0,1,324,23,298,-91,-12,-38,-1,11,-0.376,0.037,0.968
2424,1581,2380,2047,2075,2098,2056,2048,81,18,0,-22,1,0,-5,2,62,22,93,-101,-16,-43,-5,-7,-0.413,0.044,0.944,-26,-23,9,10,0,0,0,0,2731,1743,2279,1893,2074,2098,2057,2050,0,-20,0,8,1,0,0,1,14,-19,350,0,-15,-43,-5,-7,-0.418,0.082,0.94
2639,1595,2330,1962,2076,2098,2057,2049,-16,-19,18,8,1,0,0,1,-29,-22,398,-1,-16,-43,-5,0,-0.403,0.066,0.931,-56,1,-48,-33,0,0,0,0,2345,1406,2309,1906,2095,2121,2057,2047,-20,0,-37,-34,1,0,0,-1,-214,-14,-113,-76,-26,-137,-5,11,0.026,0.21,0.935
1982,1405,2006,1677,2038,2104,2057,2048,-105,0,-64,-32,0,-12,0,1,-120,-14,-208,-58,12,-74,-5,3,-1.036,1.054,3.877,12,99,21,52,0,0,0,0,1393,1705,1641,1544,2048,2087,2057,2051,8,27,24,23,2,0,0,2,12,184,141,371,-11,4,-2,-9,-0.403,-0.026,0.938
1474,2048,1795,1657,2048,2086,2056,2053,13,47,15,0,0,0,0,1,12,615,85,975,-12,7,0,-8,-0.433,-0.095,0.958,7,8,26,18,0,0,0,0,1517,2911,2039,1657,2047,2088,2055,2052,0,36,17,0,1,0,0,1,48,240,237,999,-7,0,7,-9,-0.53,-0.194,0.972
1514,3175,2160,1797,2047,2088,2055,2052,-1,22,24,48,0,0,0,1,104,42,466,689,-10,-4,4,-10,-0.5,-0.166,0.85,-4,-4,-33,-35,0,0,0,0,1512,3269,2278,1895,2048,2089,2055,2052,0,1,-28,-29,1,0,0,0,143,18,220,212,-12,-4,4,-12,-0.508,-0.211,0.951
1514,3282,2075,1675,2048,2089,2053,2047,0,0,-28,-27,1,0,-1,0,97,-14,136,137,-12,-4,9,11,-0.341,-0.172,0.962,88,-43,-9,37,0,0,0,0,1774,3157,1767,1457,2050,2087,2054,2048,66,-36,-9,34,2,0,0,1,239,-74,166,589,-12,3,7,5,-0.462,-0.225,0.948
2283,2969,1697,1682,2050,2087,2041,2048,85,-41,-6,39,1,0,-4,0,326,-168,207,692,-11,4,61,10,0.139,-0.049,0.763,-73,-74,25,22,0,0,0,0,3047,2060,1699,2090,2045,2090,2035,2049,-33,-81,21,34,1,0,1,1,-85,-13,369,609,-2,-8,91,0,-0.415,-0.083,0.967
2747,1582,1888,2314,2048,2095,2056,2050,-61,-71,30,32,1,0,0,1,-273,-15,289,285,-11,-29,2,-7,-0.365,-0.004,0.917,-35,37,-29,-69,0,0,0,0,1700,1050,2003,2241,2043,2100,2055,2050,-38,35,-28,-67,0,0,0,-1,14,98,69,0,12,-50,3,-10,-0.123,-0.009,1.168
1471,1342,1801,1770,2039,2099,2057,2048,-42,86,-36,-65,0,0,0,0,14,34,109,0,11,-46,-8,10,-0.081,0.043,1.042,70,-20,-25,10,0,0,0,0,1514,1664,1488,1292,2047,2088,2055,2050,62,-17,-26,10,0,0,0,1,38,-27,-1,-12,-7,-1,2,-7,0.008,0.031,1.027
1947,1528,1294,1354,2046,2088,2056,2050,63,-20,-28,9,0,0,0,1,97,-33,0,20,0,1,0,-7,0.0,0.014,1.022,-21,80,30,43,0,0,0,0,2498,1609,1176,1575,2047,2087,2055,2052,-1,61,23,25,1,0,0,1,18,65,234,240,-11,3,4,-10,-0.31,-0.148,0.91
2380,1894,1409,1700,2049,2087,2055,2052,-12,53,29,0,1,0,0,1,-12,486,209,942,-12,5,4,-8,-0.457,-0.124,0.917,47,-52,10,21,0,0,0,0,2255,2257,1633,1699,2048,2087,2055,2050,30,1,2,0,0,0,0,-2,155,202,499,999,-10,3,2,-6,-0.509,0.009,1.0
2549,2123,1639,1847,2048,2090,2058,2050,38,-34,0,28,0,0,0,0,180,16,758,709,-10,-10,-8,-6,-0.574,-0.112,0.85,-63,1,-9,2,0,0,0,0,2736,1686,1666,2030,2048,2090,2058,2050,-15,0,0,0,1,0,0,0,21,54,816,661,-10,-9,-8,-10,-0.497,-0.073,0.854
2391,1630,1692,2030,2048,2088,2057,2051,-66,-3,0,0,1,0,0,1,-12,132,447,722,-11,-5,-5,-10,-0.444,-0.119,0.924,-41,2,37,-20,0,0,0,0,1718,1620,1832,2028,2047,2086,2057,2050,-45,0,30,-1,0,0,0,0,-11,154,247,427,-7,4,-5,-7,-0.518,-0.092,0.899
1455,1623,2046,1956,2048,2091,2056,2051,-27,1,28,-11,2,0,-1,0,-18,169,397,160,-11,-13,-3,-7,-0.485,0.05,0.863,44,-8,-20,13,0,0,0,0,1155,1724,2303,1836,2049,2092,2057,2050,6,1,-15,1,1,0,0,0,196,34,168,242,-11,-17,-5,-7,-0.429,0.003,0.933
1306,1700,2158,1890,2049,2092,2058,2049,26,-12,-22,2,1,0,0,1,377,23,207,384,-10,-17,-9,0,-0.492,0.07,0.884,87,26,-9,-17,0,0,0,0,1763,1624,1940,1953,2048,2092,2058,2048,7,0,-15,-1,1,0,0,1,698,168,297,237,-10,-17,-9,-3,-0.536,-0.013,0.907
1860,1729,1867,1861,2047,2092,2058,2049,65,32,-20,-17,1,0,0,1,570,217,345,138,-10,-17,-9,-1,-0.514,-0.025,0.871,16,7,16,-7,0,0,0,0,2065,2021,1800,1704,2047,2092,2058,2048,1,14,0,-4,1,0,0,0,659,162,625,103,-5,-17,-8,7,-0.503,-0.015,0.912
2065,2084,1801,1660,2048,2092,2058,2048,1,14,0,-5,1,0,0,0,633,129,988,85,-4,-17,-8,7,-0.481,-0.008,0.904,-43,-25,9,26,0,0,0,0,2065,2154,1801,1656,2047,2092,2057,2048,1,-3,0,21,1,0,0,1,265,16,999,354,-5,-17,-6,-6,-0.481,-0.03,0.89
1969,1962,1861,1786,2048,2092,2057,2049,-51,-34,16,16,1,0,0,1,76,32,848,552,-10,-17,-5,0,-0.477,-0.009,0.91,-25,67,-36,18,0,0,0,0,1581,1726,1946,1949,2049,2088,2056,2051,-12,-1,-31,0,-1,0,0,1,31,616,62,982,-12,-1,-2,-8,-0.469,-0.109,0.908
1526,1724,1736,1949,2046,2087,2056,2051,-10,0,-32,0,2,0,0,1,-31,692,-35,999,-11,3,-2,-9,-0.426,-0.131,0.927,74,81,27,-39,0,0,0,0,1582,1724,1576,1918,2045,2087,2055,2051,76,0,25,-28,0,0,0,0,33,698,-1,404,10,1,1,-10,-0.449,-0.141,0.901
1966,2043,1650,1673,2044,2089,2056,2051,36,87,0,-34,0,1,0,1,163,467,401,317,10,-4,-1,-11,-0.55,-0.083,0.869,8,29,-4,-5,0,0,0,0,2419,3128,1739,1401,2044,2093,2057,2050,-1,59,0,-7,1,0,0,1,331,65,854,73,9,-22,-5,-7,-0.53,-0.066,0.877
2419,3301,1739,1373,2044,2093,2056,2050,0,1,0,-3,1,0,0,1,416,131,741,49,9,-22,-3,-7,-0.517,-0.057,0.889,-61,-37,15,30,0,0,0,0,2420,3310,1739,1405,2044,2093,2056,2051,1,1,0,16,1,0,0,0,68,115,883,306,9,-22,-3,-9,-0.507,-0.075,0.889
2122,3265,1900,1546,2044,2093,2054,2050,-57,-20,19,14,1,0,0,1,-11,-19,637,566,9,-21,4,-6,-0.52,-0.115,0.879,12,3,-12,38,0,0,0,0,1643,3073,2071,1861,2045,2087,2052,2047,1,2,1,46,1,-2,-2,0,73,-56,188,862,5,2,14,9,-0.436,-0.126,0.875
1760,3016,2027,2050,2045,2086,2039,2047,20,-12,-10,0,2,0,0,0,33,-14,1,963,7,4,68,9,-0.479,-0.176,0.901,-6,-3,-28,-8,0,0,0,0,1893,3010,1827,2050,2047,2088,2039,2047,-5,-1,-24,0,0,0,0,0,-13,-14,-47,852,-7,-1,68,10,-0.457,-0.21,0.899
1889,3000,1653,2050,2046,2088,2039,2047,1,-1,-31,0,0,0,0,0,-23,-14,-117,623,0,-1,68,10,-0.455,-0.216,0.905,63,-35,53,-1,0,0,0,0,2055,2949,1648,2050,2047,2086,2038,2046,68,-17,42,0,7,-1,0,0,27,-133,2,337,-7,5,73,10,-0.483,-0.239,0.902
2279,2901,1869,2058,2047,2087,2038,2043,1,-11,25,5,0,0,0,-1,296,-388,534,277,-5,3,72,10,-0.538,-0.103,0.86,-28,8,-32,-42,0,0,0,0,2839,2502,2232,1952,2045,2087,2038,2038,-2,-1,-30,-48,1,0,0,3,13,-131,145,-99,-7,2,72,11,-0.465,-0.052,0.953
2801,2432,2016,1652,2056,2100,2057,2048,1,1,-26,-36,4,4,1,2,-105,-22,149,-32,-11,-49,-4,7,-0.224,0.046,1.012,-13,-51,31,34,0,0,0,0,2676,2282,1846,1474,2062,2111,2056,2047,-49,-46,19,34,1,0,0,0,-205,-43,385,0,-11,-98,-4,10,-0.329,0.097,0.994
2344,1942,2017,1705,2062,2111,2056,2048,-35,-47,32,33,1,0,0,1,-13,-47,550,0,-11,-98,-4,7,-0.36,0.089,0.959,26,82,7,25,0,0,0,0,2188,1755,2302,2051,2079,2111,2054,2050,17,73,0,7,1,0,0,0,125,60,499,90,-18,-98,4,-7,-0.473,0.043,0.94
2464,2239,2401,2140,2064,2087,2041,2047,44,87,24,10,-8,0,1,2,34,107,284,423,-11,0,61,6,-0.405,0.044,0.902,5,-71,-60,-53,0,0,0,0,2794,2872,2301,2234,2068,2088,2049,2042,22,-27,-54,-40,-4,-2,-4,0,-34,-179,-183,-132,-12,-5,22,11,-0.165,-0.061,0.897
2822,2510,1849,1847,2047,2086,2044,2049,-6,-24,-65,-62,1,0,23,-2,-21,-327,-6,-19,-12,6,67,7,-0.199,0.028,1.073,-73,68,14,-16,0,0,0,0,2494,1906,1343,1349,2033,2101,2056,2048,-96,66,1,-19,0,0,0,0,-19,58,423,-1,11,-56,-5,7,-0.168,0.052,1.02
1973,2325,1510,1224,2036,2088,2057,2048,-72,56,21,-19,5,-2,0,0,-26,145,158,70,11,-9,-8,7,-0.157,0.039,0.956,24,-75,18,54,0,0,0,0,1452,2702,1713,1249,2045,2087,2057,2047,20,-72,15,48,1,0,0,0,13,-14,121,408,7,3,-8,10,-0.3,-0.167,0.901
1552,2167,1806,1605,2049,2087,2056,2049,1,-71,11,44,1,0,0,1,66,-15,278,561,-12,3,-4,0,-0.416,-0.072,0.922,84,52,16,-8,0,0,0,0,1828,1491,1893,2003,2048,2087,2056,2050,39,1,-1,0,0,0,0,1,503,355,843,646,-8,3,-4,-6,-0.576,-0.017,0.985
1956,1653,1928,2001,2049,2087,2056,2051,0,45,12,0,2,0,0,1,651,598,956,426,-9,3,-4,-10,-0.522,-0.027,0.748,19,-14,-44,28,0,0,0,0,1956,1993,2000,1964,2049,2086,2056,2051,0,1,-29,0,1,0,0,1,653,419,278,829,-11,4,-4,-9,-0.562,-0.067,0.893
2322,1992,1726,1969,2049,2086,2054,2052,52,0,-35,0,0,0,0,1,189,272,169,999,-11,6,3,-9,-0.501,-0.113,0.875,-19,-28,11,-6,0,0,0,0,2639,1881,1451,1969,2044,2088,2053,2052,-14,-44,4,0,0,1,0,0,-12,136,81,889,11,-1,8,-10,-0.441,-0.115,0.922
2511,1731,1500,1970,2044,2089,2054,2051,-20,0,7,0,0,0,0,0,-12,75,188,715,11,-5,5,-11,-0.542,-0.203,1.031,-30,45,-13,28,0,0,0,0,2220,1586,1541,1986,2045,2088,2054,2051,-21,0,0,0,2,0,0,0,-12,303,142,932,7,-3,5,-8,-0.429,-0.097,0.926
2041,1596,1496,1986,2046,2087,2054,2051,-25,1,-10,0,0,0,0,0,-19,673,-47,999,0,0,5,-8,-0.407,-0.148,0.945,5,49,-11,21,0,0,0,0,1840,1596,1373,1986,2047,2087,2054,2051,0,0,-11,0,1,0,0,0,-16,654,-162,929,-7,0,5,-11,-0.354,-0.173,0.935
1848,2025,1296,1535,2047,2088,2056,2049,6,87,-5,-51,1,0,0,0,-8,214,-148,189,-7,-2,-3,0,-0.232,-0.135,1.001,5,16,6,53,0,0,0,0,1909,2621,1212,1177,2046,2088,2056,2048,3,18,0,-15,0,0,0,0,0,100,-49,56,-7,-2,-4,7,-0.181,-0.113,1.011
1942,2753,1245,1104,2045,2087,2056,2048,8,20,4,-7,1,0,0,0,8,78,-6,25,7,0,-4,7,-0.186,-0.112,1.016,27,-69,56,57,0,0,0,0,2008,2727,1458,1083,2044,2087,2055,2050,-1,-53,35,6,0,0,0,-1,82,-36,320,-8,10,1,1,-7,-0.386,-0.065,0.934
2005,2308,1716,1165,2044,2089,2054,2047,0,-65,37,12,0,0,0,0,312,-58,817,-38,8,-7,2,11,-0.43,0.021,0.944,-19,-13,37,36,0,0,0,0,2006,1667,1737,1315,2044,2089,2054,2048,1,-13,0,11,1,0,0,1,422,-30,999,-38,8,-7,3,7,-0.433,0.011,0.937
2006,1577,1737,1389,2044,2089,2054,2048,1,-12,0,11,1,0,0,0,232,-30,999,-35,9,-7,2,7,-0.436,0.016,0.929,7,-18,-25,-15,0,0,0,0,1994,1394,1737,1526,2044,2089,2055,2048,0,-19,0,10,1,0,0,1,140,-30,541,-35,10,-7,2,7,-0.383,0.004,0.957
1996,1271,1650,1572,2044,2089,2054,2050,2,-19,-18,0,0,0,0,1,198,-29,190,-8,11,-7,4,-8,-0.346,-0.007,0.961,-5,26,-11,-13,0,0,0,0,2149,1182,1443,1571,2044,2089,2054,2050,2,27,-11,0,0,0,0,0,48,16,4,0,12,-7,4,-7,-0.263,0.006,0.999
2167,1359,1376,1568,2044,2088,2054,2050,1,26,-7,-1,1,0,0,0,21,16,-7,0,12,-4,4,-8,-0.252,0.003,1.0,-23,84,48,46,0,0,0,0,2074,1824,1481,1501,2043,2088,2055,2051,-27,70,38,-19,1,0,0,1,-13,108,85,50,11,-4,1,-8,-0.363,-0.022,0.947
1860,2347,1717,1338,2045,2088,2056,2050,-41,81,35,-26,1,0,0,0,23,149,448,80,6,-4,-3,-7,-0.458,-0.052,0.914,62,14,-5,49,0,0,0,0,1588,3142,1997,1109,2045,2089,2056,2050,0,30,0,-4,0,0,0,0,615,60,774,18,5,-8,-4,-7,-0.46,-0.007,0.928
1588,3288,1997,1105,2045,2089,2056,2050,0,3,0,0,0,0,0,0,668,38,633,0,0,-8,-3,-11,-0.458,-0.017,0.917,-12,-80,-29,3,0,0,0,0,1589,3181,1922,1101,2046,2089,2056,2050,1,-56,-24,1,1,0,0,0,545,-69,238,0,0,-8,-1,-7,-0.383,-0.014,0.962
1713,2633,1750,1113,2045,2089,2054,2048,33,-81,-21,5,-1,0,0,1,193,-55,136,-13,11,-8,4,5,-0.275,0.041,0.998,14,-49,-10,68,0,0,0,0,1854,1777,1504,1250,2043,2089,2054,2048,13,-48,-12,10,1,0,0,1,54,-49,12,-34,12,-6,4,7,-0.196,0.04,1.027
1961,1439,1436,1325,2043,2088,2054,2048,12,-48,-11,10,1,0,0,1,47,-46,12,-33,12,-4,4,7,-0.183,0.042,1.018,61,72,52,17,0,0,0,0,2209,1257,1469,1429,2048,2088,2054,2047,23,70,27,8,1,0,0,-1,224,35,524,-27,-9,-4,4,7,-0.447,-0.023,0.923
2248,1746,1630,1489,2048,2088,2054,2050,0,73,0,0,1,0,1,-1,638,36,968,-17,-8,-4,2,-7,-0.442,0.044,0.932,18,35,-13,37,0,0,0,0,2355,2402,1630,1367,2047,2088,2056,2050,1,35,0,-13,0,0,0,0,591,84,765,43,-5,-4,-4,-7,-0.472,0.025,0.909
2355,2629,1630,1267,2047,2088,2056,2050,1,37,0,-14,0,0,0,1,640,96,393,46,-6,-4,-4,-10,-0.446,0.042,0.919,-67,-11,41,43,0,0,0,0,2495,2915,1573,1145,2047,2088,2056,2051,-12,1,30,-1,0,0,0,1,47,30,900,6,-5,-4,-2,-11,-0.505,0.033,0.903
2050,2902,1789,1143,2047,2088,2056,2049,-67,-14,41,0,0,0,0,-1,54,-10,894,0,-5,-4,-3,-1,-0.488,0.02,0.88,21,-66,8,31,0,0,0,0,1485,2593,2101,1158,2048,2088,2055,2047,0,-63,0,8,1,0,0,1,290,-44,961,-17,-9,-4,2,11,-0.45,0.05,0.913
1485,2168,2101,1237,2048,2088,2054,2047,0,-64,0,11,0,0,0,0,464,-57,999,-36,-9,-4,3,10,-0.458,0.062,0.925,35,79,15,45,0,0,0,0,1485,1862,2101,1366,2047,2088,2055,2050,0,80,0,11,1,0,0,1,610,36,999,-33,-9,-4,1,-7,-0.444,0.075,0.929
1485,2346,2066,1346,2048,2089,2056,2050,0,64,-63,-16,1,0,0,2,604,90,507,32,-11,-7,-5,-9,-0.396,0.009,0.929,28,20,15,55,0,0,0,0,2197,3006,1484,1074,2047,2088,2056,2050,37,24,-19,-5,0,0,0,0,96,116,69,32,-7,-4,-4,-11,-0.371,-0.008,0.95
2401,3111,1378,1059,2046,2088,2056,2050,29,29,-15,0,1,0,0,0,89,146,47,2,-7,-4,-4,-12,-0.348,-0.018,0.971,-9,-97,20,42,0,0,0,0,2632,3130,1255,1056,2047,2086,2056,2050,1,-86,0,0,-1,0,0,0,34,-78,3,0,-8,4,-4,-7,-0.303,-0.004,0.992
2048,2048,2048,2048,2049,2048,2048,2050,0,0,0,0,1,0,0,1,0,0,0,0,0,0,0,-4,0.03,-0.043,1.03,64,33,-9,24,0,0,0,0,2280,2162,2010,2148,2049,2048,2048,2049,62,30,-9,24,1,0,0,1,43,27,-11,23,0,0,0,-8,0.022,-0.039,1.036
2703,2376,1944,2303,2049,2048,2048,2050,62,32,-10,23,1,0,0,0,50,32,-1,44,0,0,0,-7,0.01,-0.035,1.028,-63,32,7,-29,0,0,0,0,3017,2770,1910,2370,2049,2048,2048,2050,-62,32,8,-28,1,0,0,1,-33,36,0,-1,0,0,0,-7,0.009,-0.034,1.038
2599,2986,1959,2177,2049,2048,2048,2050,-64,33,8,-28,1,0,0,0,-36,36,0,0,0,0,0,-7,0.017,-0.045,1.028,18,-72,8,17,0,0,0,0,2132,3015,2048,2021,2049,2048,2048,2050,16,-70,8,16,1,0,0,1,16,-36,0,29,0,0,0,-7,0.019,-0.039,1.024
2247,2531,2101,2134,2049,2048,2048,2050,17,-70,6,17,1,0,0,0,19,-39,0,28,0,0,0,-7,0.011,-0.038,1.044,-16,20,-41,-21,0,0,0,0,2348,1982,1983,2184,2049,2048,2048,2050,-13,19,-39,-22,1,0,0,0,-14,18,-12,-10,0,0,0,-7,0.037,-0.04,1.031
2248,2115,1713,2044,2049,2048,2048,2050,-13,21,-40,-21,2,0,0,0,-17,19,-37,-15,-12,0,0,-7,0.05,-0.042,1.028,10,39,7,-16,0,0,0,0,2154,2429,1420,1811,2049,2048,2048,2050,9,38,9,-15,1,0,0,0,12,30,-13,-29,-8,0,0,-7,0.063,-0.034,1.043
2224,2690,1468,1703,2049,2048,2048,2050,10,39,6,-16,-1,0,0,1,12,32,-21,-29,0,0,0,-7,0.065,-0.042,1.034,5,-35,49,25,0,0,0,0,2321,2906,1736,1681,2048,2048,2048,2050,5,-33,47,25,0,0,0,0,13,-21,0,2,7,0,0,-7,0.047,-0.045,1.023
2351,2672,2062,1849,2047,2048,2048,2050,3,-35,48,25,-1,0,0,0,13,-21,5,8,11,0,0,-8,0.019,-0.047,1.032,-30,-36,-49,8,0,0,0,0,2274,2246,2228,2080,2048,2048,2048,2050,-31,-34,-47,6,0,0,0,1,-18,-26,-4,11,7,-1,0,-7,0.039,-0.031,1.03
2080,2003,1906,2132,2047,2048,2048,2050,-29,-34,-45,7,-2,0,0,1,-23,-28,-23,16,7,-1,0,-7,0.041,-0.045,1.033,-39,33,-22,-8,0,0,0,0,1698,1803,1437,2164,2049,2048,2048,2050,-37,32,-22,-7,0,0,0,1,-41,22,-76,-6,0,-1,0,-8,0.05,-0.031,1.036
1437,2023,1290,2113,2049,2048,2048,2050,-40,33,-21,-7,1,0,0,1,-41,24,-85,-14,-10,-2,0,-7,0.056,-0.033,1.043,102,16,4,-39,0,0,0,0,1464,2362,1119,1879,2050,2048,2048,2050,102,17,1,-38,1,0,0,1,54,20,-17,-16,-8,-2,0,-7,0.066,-0.028,1.027
2159,2474,1145,1620,2049,2048,2048,2050,102,17,1,-37,1,0,0,1,52,18,-13,-39,-8,-2,0,-7,0.07,-0.036,1.034,-8,26,41,51,0,0,0,0,2975,2710,1360,1533,2049,2048,2048,2050,-9,25,40,51,1,0,0,1,-13,22,0,2,0,-2,-1,-7,0.065,-0.036,1.039
2921,2873,1634,1874,2048,2048,2048,2050,-5,25,40,50,-1,0,0,0,-13,28,0,3,7,-2,-1,-7,0.042,-0.038,1.02,-14,-22,-38,-48,0,0,0,0,2800,3027,1789,2061,2048,2048,2048,2050,-13,-21,-37,-47,1,0,0,0,-13,-15,-21,-4,7,-2,-1,-7,0.033,-0.042,1.026
2717,2879,1539,1743,2048,2048,2048,2050,-13,-21,-37,-48,-1,0,0,0,-14,-16,-42,-19,7,-2,-1,-7,0.067,-0.033,1.035,-71,7,19,10,0,0,0,0,2350,2723,1327,1411,2050,2048,2048,2050,-69,6,21,10,2,0,0,1,-52,14,-1,-1,-8,-2,-1,-7,0.085,-0.024,1.044
1875,2761,1456,1480,2049,2048,2048,2050,-69,7,18,10,0,0,0,1,-58,15,0,0,0,-2,-1,-8,0.07,-0.027,1.052,-5,-15,40,4,0,0,0,0,1265,2773,1774,1571,2049,2048,2048,2050,-3,-12,39,2,0,0,0,0,-24,-14,0,-7,0,-2,-1,-7,0.07,-0.041,1.039
1231,2675,2042,1599,2048,2048,2048,2050,-6,-15,40,5,0,0,0,0,-23,-15,0,-5,7,-2,-1,-7,0.056,-0.037,1.033,28,-44,4,-23,0,0,0,0,1265,2392,2372,1539,2048,2048,2048,2050,27,-41,4,-22,1,0,0,0,18,-32,0,-60,7,-2,-1,-7,0.043,-0.028,1.039
1450,2103,2390,1388,2048,2047,2048,2050,29,-41,4,-22,1,0,0,0,18,-40,35,-79,7,3,-1,-7,0.054,-0.038,1.032,23,32,-56,49,0,0,0,0,1770,1829,2179,1413,2049,2048,2048,2050,22,33,-55,48,0,0,0,1,18,18,-2,1,-1,2,-1,-7,0.072,-0.024,1.027
0,0,0,0,0,2870,2843,0,0,0,0,0,0,0,1,0,0,0,0,0,0,0,-2,0,-0.043,0.032,1.034,-31,-47,14,4,0,0,0,0,3250,3266,1098,1081,2222,2870,2842,2128,1,1,0,0,0,0,0,0,0,0,0,0,0,0,0,0,-0.028,0.01,1.035
3250,3266,1099,1081,2222,2870,2842,2128,1,0,0,0,0,0,0,0,0,0,0,0,0,0,0,0,-0.023,0.01,1.032,-50,-14,34,45,0,0,0,0,3250,3266,1099,1081,2222,2870,2842,2128,1,0,0,0,1,0,0,0,0,0,0,0,0,0,0,0,-0.016,0.013,1.034
3250,3266,1099,1081,2222,2870,2842,2128,1,0,0,0,0,0,0,0,0,0,0,0,0,0,0,0,-0.023,0.013,1.033,-11,-85,40,28,0,0,0,0,3250,3266,1099,1081,2222,2870,2842,2128,1,0,0,0,1,0,0,1,0,0,0,0,0,0,0,0,-0.022,0.012,1.037
2042,2001,1937,1924,2076,2092,2105,2051,1,0,0,0,1,0,0,0,13,14,57,53,-7,-26,-26,6,-0.025,0.038,1.029,47,-36,-40,-8,0,0,0,0,2202,1870,1761,1899,2075,2092,2104,2049,54,-32,-42,-7,-1,0,0,0,38,-23,0,0,5,-26,-24,11,0.021,0.041,1.011
2559,1623,1490,1851,2072,2092,2105,2049,48,-38,-39,-7,0,0,0,0,18,-21,0,-20,12,-26,-23,11,-0.047,0.022,0.984,-63,31,59,26,0,0,0,0,2702,1435,1371,1852,2054,2092,2102,2050,-79,31,55,27,1,0,0,1,-29,21,338,199,12,-26,-14,6,-0.357,-0.016,0.987
2237,1453,1742,1989,2055,2092,2102,2050,-61,3,51,19,1,0,0,1,-16,241,441,361,11,-26,-15,5,-0.509,0.021,0.889,48,24,-13,3,0,0,0,0,1712,1670,2181,2147,2060,2081,2100,2052,52,38,0,0,1,0,0,1,244,417,311,606,11,19,-6,-5,-0.554,-0.075,0.869
2026,1798,2113,2147,2060,2081,2100,2053,58,1,-9,0,1,0,0,1,267,557,227,692,11,20,-6,-9,-0.618,-0.086,0.77,-57,53,5,-2,0,0,0,0,2449,2352,2060,2186,2061,2081,2099,2052,-39,49,13,0,1,0,0,1,-54,270,117,590,12,20,-1,-7,-0.353,-0.115,0.848
2064,2841,2102,2247,2069,2085,2101,2053,-70,46,4,-1,1,0,0,1,-36,111,79,269,12,4,-8,-7,0.004,0.064,0.924,-12,-63,-50,-38,0,0,0,0,1453,3232,1920,2134,2074,2086,2077,2022,-1,-7,-44,-34,1,-5,-3,-3,31,-170,12,-24,7,-12,87,15,-0.077,-0.115,0.992
1436,3072,1603,1966,2073,2085,2065,2015,-5,-13,-47,-23,1,0,-3,-1,-13,-613,-7,-388,7,0,141,16,0.164,-0.073,1.012,15,-97,11,23,0,0,0,0,1411,3049,1255,1754,2074,2086,2063,2019,14,0,5,0,1,1,0,0,12,-772,16,-340,7,0,151,15,0.233,-0.165,1.0
1509,3047,1325,1862,2073,2086,2064,2020,15,-1,10,23,0,0,0,0,12,-763,35,-124,7,0,146,15,0.265,-0.153,0.999,27,-81,47,17,0,0,0,0,1603,2915,1563,2109,2073,2085,2086,2056,2,49,44,13,2,0,7,0,127,0,266,-98,0,3,57,-11,-0.163,-0.211,0.989
1676,3162,1823,2212,2074,2085,2103,2059,0,19,36,15,-1,0,0,2,324,0,502,-20,-1,3,-18,-11,-0.417,-0.126,0.934,24,-103,-12,7,0,0,0,0,1674,3233,2117,2368,2075,2088,2102,2060,1,1,0,5,1,0,0,1,777,0,602,-1,-5,-9,-14,-11,-0.459,-0.087,0.918
1674,3233,2117,2406,2075,2088,2102,2057,1,1,0,6,1,0,0,0,771,0,263,24,-6,-9,-14,-11,-0.435,-0.053,0.947,68,-67,-41,-14,0,0,0,0,2104,3234,1816,2409,2074,2088,2097,2052,85,-1,-38,-14,0,0,-1,0,489,0,360,-18,6,-10,4,-1,-0.5,-0.093,0.968
2626,3233,1558,2343,2074,2086,2097,2049,75,1,-40,-9,0,0,0,0,386,0,289,-138,7,0,7,11,-0.227,0.003,1.101,-77,-28,55,-31,0,0,0,0,3215,3238,1461,2097,2072,2089,2099,2058,-45,1,43,-32,1,1,0,1,-42,0,363,-138,10,-11,-1,-11,-0.324,0.028,0.881
2721,3242,1788,1919,2073,2089,2100,2056,-101,2,51,-22,1,0,0,0,-34,0,546,-265,6,-14,-5,-10,-0.34,0.024,0.951,-34,-63,9,25,0,0,0,0,1800,3256,2254,1757,2076,2082,2100,2050,-34,0,12,7,1,0,0,3,64,0,572,-155,-11,15,-5,1,-0.345,0.074,0.927
1589,3253,2357,1898,2076,2089,2100,2054,-30,-1,20,21,1,0,-1,0,40,0,398,-4,-11,-13,-7,-11,-0.367,0.064,0.952,34,-103,-57,12,0,0,0,0,1313,3250,2241,2148,2072,2096,2096,2048,2,0,-54,12,0,0,-1,1,316,0,10,0,11,-43,7,10,-0.27,-0.043,0.989
1599,3249,1860,2216,2072,2095,2090,2045,63,0,-54,10,1,0,-5,0,160,0,0,18,8,-39,33,11,-0.182,-0.079,1.027,-12,-91,-1,-20,0,0,0,0,1996,3246,1425,2231,2075,2085,2083,2045,-6,4,0,-19,-1,0,0,-1,0,0,36,-19,-8,2,67,11,-0.085,-0.199,1.007
1914,3249,1424,2115,2075,2084,2082,2043,-13,2,-1,-16,-1,0,0,0,-9,0,8,-95,-10,4,71,10,-0.024,-0.192,1.034,-35,-3,23,-7,0,0,0,0,1682,3251,1504,1947,2075,2085,2084,2045,-36,1,22,-4,0,0,0,3,-16,0,68,-176,-7,2,64,10,-0.01,-0.177,1.023
1489,3251,1632,1904,2076,2085,2098,2055,-33,1,20,-2,1,0,2,2,-39,0,179,-191,-12,2,7,-10,-0.092,-0.154,1.019,49,-2,20,-30,0,0,0,0,1352,3266,1849,1778,2075,2086,2100,2068,41,1,0,-12,1,0,0,0,35,0,397,-454,-6,-2,-5,-10,-0.048,-0.079,0.998
1395,3271,1913,1665,2077,2086,2099,2065,0,1,3,-32,4,0,0,0,452,0,700,-843,-9,-2,-2,-9,-0.027,-0.098,0.997,3,-44,-25,-6,0,0,0,0,1645,3243,2064,1211,2073,2098,2103,2050,10,-9,-13,-11,0,0,0,2,323,0,268,-22,7,-52,-18,3,-0.522,0.007,0.935
1657,3241,1907,1155,2074,2098,2100,2050,1,4,-17,-4,0,0,0,0,338,0,215,55,7,-51,-6,7,-0.374,-0.02,0.945,4,-15,-8,45,0,0,0,0,1826,3244,1705,1222,2073,2096,2097,2051,16,-1,-6,27,0,0,-1,1,119,0,85,406,7,-47,5,5,-0.457,-0.141,0.947
1926,3247,1664,1447,2073,2086,2086,2050,15,1,-8,41,1,0,-2,0,62,0,27,742,10,-4,51,5,-0.493,-0.217,0.87,-14,-63,11,25,0,0,0,0,2003,3244,1663,1870,2074,2084,2080,2049,-11,-1,9,3,1,0,0,0,-14,0,0,913,3,3,79,9,-0.491,-0.157,0.891
1909,3244,1738,2007,2073,2085,2080,2040,-19,2,10,31,-1,0,0,-9,-14,0,0,858,7,1,79,10,-0.349,-0.169,0.825,72,-63,-23,-45,0,0,0,0,1860,3253,1680,2218,2061,2089,2097,2044,42,1,-20,-41,1,0,0,-5,226,0,153,-60,11,-16,8,10,-0.337,-0.128,0.981
2313,3258,1502,2015,2060,2089,2096,2042,63,2,-26,-30,-1,0,0,1,318,0,248,-468,10,-16,12,9,-0.24,-0.197,1.039,-73,-52,4,-32,0,0,0,0,2764,3272,1330,1562,2064,2084,2084,2037,-35,1,0,-34,2,0,0,1,14,0,291,-653,11,5,62,9,0.111,-0.209,0.982
2321,3272,1339,1278,2076,2084,2105,2049,-67,0,2,-58,1,0,2,1,-13,0,363,-374,-12,5,-20,11,-0.118,-0.217,0.961,-23,-51,8,57,0,0,0,0,1702,3239,1476,1124,2073,2084,2107,2043,-14,0,8,33,5,0,0,2,-29,0,73,281,0,3,-36,10,-0.254,-0.241,0.954
1558,3250,1542,1439,2076,2085,2103,2045,-22,2,10,52,1,0,-1,1,-32,0,20,580,-8,1,-21,10,-0.234,-0.227,0.915,45,-97,15,20,0,0,0,0,1507,3251,1683,1956,2073,2085,2100,2048,45,2,13,46,2,1,1,9,25,0,-1,677,7,1,-4,-7,-0.072,-0.125,0.931
1691,3254,1709,2277,2038,2089,2102,2098,1,3,-1,28,-1,0,0,-3,135,0,275,-97,18,-16,-14,-25,-0.456,-0.241,0.951,19,-97,5,-26,0,0,0,0,1865,3252,1762,2312,2039,2089,2103,2097,-1,1,0,-16,1,0,-1,0,564,0,647,-95,16,-13,-21,-23,-0.394,-0.239,0.92
2005,3253,1762,2157,2048,2088,2103,2096,14,2,1,-22,1,0,0,0,525,0,793,-179,11,-12,-18,-22,-0.387,-0.255,0.947,38,-111,-13,4,0,0,0,0,2005,3269,1773,2056,2050,2088,2102,2093,0,1,0,0,1,0,0,0,703,0,673,-536,11,-12,-14,-21,-0.379,-0.226,0.928
2005,3269,1772,2056,2050,2088,2102,2091,0,1,-4,0,1,0,0,1,707,0,311,-423,12,-12,-14,-20,-0.349,-0.177,0.985,0,-7,28,-23,0,0,0,0,2171,3271,1666,2035,2049,2088,2101,2089,1,1,0,-7,0,0,0,0,601,0,830,-626,11,-12,-10,-18,-0.379,-0.171,0.918
2170,3279,1720,1930,2050,2088,2099,2059,2,1,8,-43,1,0,0,1,579,0,988,-853,11,-12,-2,-9,-0.317,-0.222,0.969,-13,-81,-39,26,0,0,0,0,1390,3279,1957,1751,2054,2088,2100,2060,-16,-2,-37,0,1,0,0,2,0,0,66,-303,13,-12,-4,-11,-0.113,-0.193,0.859
0,0,0,0,0,0,0,0,0,0,0,0,0,0,0,0,0,0,0,0,0,0,0,0,-0.075,-0.2,1.017,61,105,78,93,0,0,0,0,0,0,0,0,0,0,0,0,0,0,0,0,0,0,0,0,0,0,0,0,0,0,0,0,-0.062,-0.191,1.02
2238,2125,2142,2061,2051,2007,1998,2065,1,1,0,0,1,0,0,1,-21,-17,-9,-16,-13,0,5,-7,0.156,-0.016,1.035,-30,-43,-20,-19,0,0,0,0,2124,1987,2080,1997,2052,2008,2002,2063,-31,-39,-20,-24,1,1,0,0,-46,-55,-118,-108,-13,-2,-8,7,0.208,0.107,0.993
1930,1669,1953,1856,2046,2022,2002,2063,-33,-47,-20,-20,0,0,0,2,-45,-36,-155,-49,12,-63,-7,7,0.158,0.141,0.871,66,49,-10,-22,0,0,0,0,1729,1445,1668,1585,2012,2020,2000,2063,55,70,-15,-25,1,0,0,-1,228,29,192,-1,21,-58,0,7,-0.282,0.106,1.023
2182,1786,1595,1438,2012,2020,2000,2065,74,50,0,-21,1,0,0,4,212,44,204,-12,21,-58,0,-12,-0.44,0.092,0.875,32,-20,48,31,0,0,0,0,2930,2189,1601,1387,2014,2020,1999,2066,33,-17,47,31,2,0,0,0,140,-16,720,11,17,-56,4,-11,-0.411,0.275,1.071
3260,2041,1953,1613,2015,2007,2000,2066,55,-18,40,31,2,-6,1,-2,51,-16,700,5,17,-14,2,-7,-0.208,0.174,0.757,-28,-6,-43,-13,0,0,0,0,3292,1763,2341,1782,2049,2006,2000,2064,1,-2,-35,-1,5,0,0,0,121,42,-49,152,4,2,1,7,-0.314,0.089,0.902
3274,1738,2053,1694,2049,2007,2001,2063,-5,0,-42,-11,1,0,0,1,-18,25,-146,117,8,-1,-5,7,-0.197,0.173,0.991,-2,48,-16,19,0,0,0,0,3248,1713,1789,1593,2049,2006,2001,2062,0,1,-6,1,1,-1,0,0,-202,334,-750,463,7,2,-5,9,-0.28,0.183,0.993
3248,1926,1644,1657,2046,1994,2000,2063,1,31,-45,9,0,-6,0,0,-216,457,-619,734,12,47,0,9,-0.387,0.171,0.956,-86,-32,19,32,0,0,0,0,2747,2248,1452,1791,2050,2007,1974,2064,-109,1,18,0,2,0,0,1,-79,234,36,994,0,-1,110,4,-0.484,-0.056,0.928
2120,2146,1587,1791,2050,2007,1974,2064,-90,-20,21,0,0,0,0,1,-51,112,7,999,-13,-2,110,5,-0.391,-0.081,0.992,64,-35,32,-36,0,0,0,0,1580,1790,1829,1858,2047,2008,1976,2065,23,-27,9,-2,0,0,1,1,91,51,201,235,12,-4,103,-12,-0.489,0.021,0.959
1703,1671,1928,1671,2045,2008,2000,2063,-1,-20,12,-32,0,0,0,0,619,-24,702,-22,9,-5,0,7,-0.532,0.099,0.78,29,39,-43,26,0,0,0,0,1787,1523,1979,1507,2045,2008,2001,2066,1,40,-39,26,1,0,0,2,737,21,372,-1,12,-5,-4,-11,-0.474,0.158,0.892
2152,1761,1717,1649,2046,2008,2000,2064,56,29,-33,12,1,0,0,1,291,46,252,99,12,-5,-3,3,-0.443,0.107,0.919,3,73,39,-27,0,0,0,0,2600,2082,1537,1683,2052,2004,1998,2065,0,56,27,-30,1,0,0,1,61,473,315,318,-12,12,8,-6,-0.638,0.021,0.792
2598,2622,1731,1506,2051,2006,1999,2064,0,89,35,-28,0,1,0,-1,83,316,606,299,-7,6,4,7,-0.523,0.275,0.905,-68,-37,-14,18,0,0,0,0,2394,3302,1985,1394,2051,2006,1999,2065,-81,-6,0,0,1,0,0,1,-12,14,567,205,-8,3,4,-7,-0.501,0.044,0.875
1956,3168,1990,1442,2051,2004,1998,2064,-57,-16,0,6,1,0,0,0,-14,-54,150,522,-9,7,8,5,-0.46,-0.029,0.923,-8,-87,15,39,0,0,0,0,1443,2416,1954,1671,2051,2005,1995,2066,-2,-78,15,41,1,-1,0,1,-24,-15,112,861,-9,4,21,-10,-0.523,-0.07,0.927
1379,1777,2044,1966,2051,2007,1995,2066,-2,-98,9,47,0,1,0,0,-18,-2,155,732,-9,1,21,-6,-0.472,-0.115,0.867,75,48,17,-10,0,0,0,0,1380,1176,2174,2353,2051,2004,1996,2065,34,29,0,-1,1,0,1,0,308,191,418,196,-7,11,20,-7,-0.531,-0.02,0.935
1550,1328,2215,2280,2050,2004,1996,2064,26,38,0,-16,0,0,0,0,645,390,731,208,-6,11,16,-7,-0.593,0.014,0.779,-21,-2,-21,-12,0,0,0,0,1871,1790,2325,2159,2048,2004,1995,2064,1,24,0,-14,1,0,0,0,477,268,451,174,8,11,21,6,-0.555,0.026,0.851
1872,1800,2229,2084,2050,2004,1996,2064,1,1,-19,-9,1,0,0,0,249,248,246,149,-8,11,16,7,-0.512,0.048,0.883,45,29,17,-4,0,0,0,0,1872,1885,2085,1965,2050,2004,1996,2064,2,35,0,0,0,0,0,0,324,269,475,185,0,11,16,6,-0.604,0.032,0.829
2152,2077,2143,1930,2049,2004,1996,2064,37,38,25,-5,1,0,0,0,395,285,730,219,8,11,16,6,-0.689,0.061,0.756,-5,14,6,-5,0,0,0,0,2742,2579,2395,1893,2041,2003,1998,2063,29,4,0,-8,2,0,0,1,38,51,329,148,12,14,8,7,-0.589,0.02,0.868
2752,2637,2411,1868,2041,2003,1998,2063,-2,12,0,0,1,0,1,1,15,85,428,111,12,14,7,7,-0.584,0.039,0.831,-29,23,-36,23,0,0,0,0,2643,2859,2384,1860,2044,2006,1999,2063,-19,16,-29,4,1,0,0,0,-30,76,18,408,13,3,4,6,-0.555,0.032,0.838
2639,3039,2182,2003,2045,2007,1999,2063,0,54,-31,12,3,0,0,0,-252,29,-95,463,12,-1,4,6,-0.485,0.017,0.938,29,-14,3,9,0,0,0,0,2390,3224,1864,2334,2048,2003,1991,2050,-9,-2,-1,12,1,-13,0,0,-22,-14,110,10,12,5,36,11,-0.395,0.086,0.901
2398,3194,1861,2397,2048,2003,1997,2059,23,-30,0,6,1,0,0,1,80,-32,207,-12,12,15,12,11,-0.452,0.135,0.917,15,-37,-17,-5,0,0,0,0,2732,2986,1818,2470,2048,2003,1997,2053,24,-26,-16,0,1,0,0,-3,43,-107,166,-124,13,16,13,11,-0.322,0.155,0.965
2868,2792,1716,2471,2048,2002,1996,2040,14,-24,-15,0,1,0,0,0,27,-173,114,-270,13,18,16,13,-0.222,0.171,0.98,-20,-75,29,-58,0,0,0,0,2982,2581,1624,2328,2048,1991,1997,2050,-22,2,25,-34,1,-2,0,1,-26,-737,482,-852,8,62,12,7,0.056,0.176,0.987
2807,2581,1835,2146,2048,1989,1997,2058,-17,1,29,-5,0,0,0,4,-13,-719,417,-955,12,73,12,7,0.069,0.179,1.019,-54,-29,-4,-41,0,0,0,0,2450,2581,2093,2045,2043,1987,1997,2067,-44,1,19,0,0,0,0,0,-33,-701,223,-974,12,82,12,-8,0.277,0.161,0.953
2130,2581,2114,1885,2044,1983,1985,2066,-79,1,0,-40,1,0,0,0,-48,-696,13,-883,12,94,60,-8,0.479,0.195,0.786,-7,-12,6,-21,0,0,0,0,1545,3240,2099,1489,2052,1989,1986,2061,-12,7,0,-13,0,0,1,0,23,0,52,-351,-13,73,57,10,0.275,0.234,0.975
1493,3247,2114,1393,2054,1987,1986,2061,-7,2,0,-11,1,0,0,0,24,0,163,-551,-13,81,57,9,0.299,0.203,0.986,49,0,-1,55,0,0,0,0,1520,3255,2145,1378,2054,1989,1994,2064,32,0,0,52,1,0,6,2,183,0,214,-54,-12,75,29,7,0.032,0.301,0.995
1831,3251,2150,1724,2049,2008,2001,2065,65,0,0,53,1,0,0,1,172,0,165,0,8,-6,-6,-11,-0.179,0.297,0.928,-27,-93,-49,-22,0,0,0,0,2433,3244,1997,2057,2051,2010,1999,2063,1,2,-40,-20,-1,0,0,-1,-136,0,-135,-38,-8,-15,2,11,0.052,0.361,0.929
2388,3249,1653,1918,2053,2002,1945,2039,-47,2,-56,-19,4,0,-5,0,-218,0,-87,-75,-13,17,223,14,0.113,0.155,1.017,-38,-97,9,16,0,0,0,0,1780,3248,1297,1790,2052,2007,1946,2039,-39,0,9,11,-1,0,0,0,-35,0,-20,30,-1,-1,224,14,0.13,0.012,1.015
1537,3248,1358,1885,2048,2007,1946,2039,-37,-1,11,17,2,0,0,0,-43,0,-26,93,3,-1,224,14,0.142,-0.001,1.02,-6,-96,15,-28,0,0,0,0,1194,3245,1497,1943,2050,2007,1946,2038,-5,2,12,-20,1,0,0,-1,-23,0,-9,-146,-9,-1,223,14,0.135,-0.043,1.036
1156,3248,1597,1763,2050,2007,1947,2037,-5,1,13,-28,1,0,0,0,-23,0,0,-192,-8,-2,220,14,0.244,0.001,1.0,33,-72,-22,28,0,0,0,0,1187,3252,1612,1645,2051,2007,1947,2039,27,1,-20,16,3,0,0,1,25,0,-15,-102,-9,-3,220,14,0.182,-0.01,1.031
1407,3249,1468,1804,2049,2007,1947,2039,35,0,-21,26,-1,0,0,0,24,0,-33,33,-8,-3,220,14,0.115,-0.045,1.029,50,-32,56,-8,0,0,0,0,1830,3247,1493,2017,2047,2006,1956,2037,19,1,42,0,0,0,7,2,89,0,173,-84,12,2,189,15,-0.217,-0.027,0.995
1953,3249,1777,2002,2047,2006,1989,2049,3,1,41,-5,0,0,4,10,420,0,564,-253,9,2,47,10,-0.36,0.04,0.915,68,-13,-15,-37,0,0,0,0,1952,3254,1956,1880,2046,2001,1991,2057,0,1,0,-34,0,-4,0,0,701,0,724,-691,10,20,38,9,-0.281,0.042,0.969
1952,3259,1956,1729,2047,1994,1991,2057,0,1,1,-44,1,0,0,1,692,0,295,-917,11,51,38,9,0.005,0.013,1.108,-2,-2,3,37,0,0,0,0,2318,3241,1847,1360,2046,2012,1996,2063,-1,14,-11,5,0,-2,0,1,202,0,300,153,12,-22,16,7,-0.425,0.064,0.868
2322,3241,1846,1591,2047,2009,1998,2063,1,1,0,32,0,0,0,0,176,0,396,245,12,-12,5,7,-0.458,-0.046,0.911,-32,-7,16,-1,0,0,0,0,2329,3220,1929,1822,2048,2009,1998,2062,-26,-4,18,0,0,0,0,1,14,0,449,481,12,-12,8,10,-0.498,-0.057,0.923
2095,3206,2026,1822,2048,2009,1998,2062,-41,0,2,0,1,0,0,0,22,0,488,453,12,-12,8,10,-0.488,-0.057,0.896,52,-99,12,-5,0,0,0,0,1857,3207,2172,1825,2047,2009,1998,2062,24,3,0,0,0,0,0,0,314,0,629,320,10,-12,8,11,-0.564,-0.016,0.857
2067,3201,2170,1827,2047,2009,1999,2063,43,0,0,0,1,0,0,0,501,0,966,170,9,-12,4,11,-0.582,0.0,0.831,-40,-69,-36,22,0,0,0,0,2474,3221,2165,1906,2048,2009,2000,2063,1,-4,-13,12,1,0,0,0,174,0,365,75,12,-12,-1,7,-0.541,-0.038,0.905
2416,3173,1965,1956,2048,2009,1998,2062,-30,-13,-28,2,1,0,0,0,-11,0,171,489,8,-12,8,10,-0.452,-0.126,0.921,-29,-78,-2,-18,0,0,0,0,2035,3202,1709,2127,2042,2008,1988,2039,-34,37,-4,12,-2,0,0,-1,-24,0,12,171,13,-7,50,14,-0.246,-0.268,0.98
1813,3247,1698,2045,2043,2007,1981,2029,-27,1,-2,-20,1,0,0,0,-16,0,0,-6,13,-3,79,20,-0.167,-0.331,1.074,-9,-80,-26,9,0,0,0,0,1569,3238,1592,1939,2050,2006,2000,2048,1,-4,-26,8,0,0,0,1,-24,0,-98,21,-9,0,-2,12,0.079,-0.038,1.039
1522,3215,1414,1998,2050,2006,2001,2051,-10,0,-25,6,0,0,0,1,-27,0,-87,27,-9,0,-4,11,0.082,-0.025,1.062,94,-6,63,-22,0,0,0,0,1774,3183,1477,1980,2043,2007,2001,2064,96,0,55,-21,1,0,0,-2,43,0,2,-12,12,-3,-4,7,-0.227,-0.031,1.006
2279,3226,1825,1854,2043,2005,2001,2062,76,16,60,-16,0,0,0,0,165,0,293,-102,12,3,-4,1,-0.173,-0.025,0.938,5,-40,-30,-18,0,0,0,0,3172,3212,2248,1584,2049,2006,2001,2064,1,-3,-31,-17,0,0,0,0,25,0,-3,-37,9,1,-4,7,0.014,-0.044,1.041
3196,3192,2048,1466,2049,2006,2001,2064,1,-3,-30,-16,0,0,0,0,31,0,0,-51,8,1,-4,7,0.021,-0.036,1.014,-65,-39,-1,28,0,0,0,0,3148,3170,1816,1432,2056,2009,2001,2063,-10,-2,0,27,2,0,0,0,-202,0,-22,12,-12,-11,-5,11,0.095,0.105,1.018
2864,3144,1826,1608,2053,2028,2001,2062,-53,-4,1,26,-3,0,0,0,-354,0,-86,69,-12,-91,-4,8,0.132,0.138,1.04,30,-1,0,-13,0,0,0,0,2412,3100,1826,1791,2048,2027,2001,2063,0,-2,0,-12,1,0,0,0,-175,0,-121,-14,9,-89,-4,7,0.176,0.107,1.017
2453,3102,1823,1707,2046,2026,2001,2064,28,2,0,-12,0,0,0,1,-23,0,-117,-31,12,-86,-4,7,0.117,0.079,1.025,33,-50,16,15,0,0,0,0,2763,3182,1857,1672,2044,2026,2001,2063,31,3,14,16,1,0,0,-1,15,0,45,-2,13,-84,-4,7,-0.012,0.019,1.028
2982,3213,1960,1775,2049,2018,1999,2063,33,6,15,14,1,-2,0,0,15,0,68,0,8,-55,3,11,-0.019,-0.013,1.052,-36,-47,-31,13,0,0,0,0,3153,3243,1979,1939,2048,2006,2002,2066,-1,0,-27,12,2,0,0,1,-68,0,-62,13,0,0,-7,-12,0.061,0.028,0.993
3082,3241,1795,2022,2053,2009,2001,2064,0,-1,-32,10,2,0,0,0,-289,0,-173,31,-12,-13,-4,7,0.143,0.104,1.034,-31,-60,14,-1,0,0,0,0,2973,3190,1604,2116,2053,2009,2002,2064,-4,-4,1,0,0,0,0,2,-722,0,-127,43,-12,-14,-4,5,0.201,0.112,0.999
2902,3162,1702,2116,2053,2009,2002,2063,-15,-6,12,0,1,0,0,0,-670,0,-144,15,-12,-14,-4,0,0.138,0.148,0.977,18,6,-6,3,0,0,0,0,2625,3099,1806,2113,2051,2008,2001,2064,0,-3,0,1,0,0,0,1,-391,0,-232,52,-7,-6,-2,7,0.141,0.116,1.047
2625,3068,1799,2128,2051,2006,2001,2064,0,-4,-2,5,0,0,0,2,-209,0,-370,73,-8,-3,-4,7,0.109,0.077,0.853,-1,3,28,-42,0,0,0,0,2518,3009,1777,1982,2047,2013,2002,2065,-2,-4,25,-42,1,7,0,0,-3,0,43,-3,13,-29,-4,-7,-0.063,0.036,1.022
2532,3068,1934,1727,2051,2021,2001,2065,1,22,21,-43,1,0,0,-1,-16,0,182,-111,-13,-65,-3,0,-0.241,0.061,0.951,-49,-20,4,1,0,0,0,0,2501,3181,2187,1384,2083,2028,2001,2064,-22,-1,13,0,0,0,0,1,-221,0,119,-45,-19,-94,-2,7,-0.146,0.11,0.999
2118,3177,2244,1384,2083,2035,2001,2064,-82,0,2,0,1,0,0,1,-103,0,-3,-18,-20,-124,-2,4,-0.146,0.098,0.995,32,-91,-39,28,0,0,0,0,1494,3137,2081,1480,2045,2033,2000,2062,1,-3,-37,24,0,0,0,1,244,0,1,139,12,-117,1,11,-0.176,-0.03,1.052
1802,3173,1823,1637,2049,2009,1989,2064,54,18,-35,20,1,-1,0,0,82,0,0,271,9,-16,47,6,-0.299,-0.12,0.995,32,-20,11,3,0,0,0,0,2298,3242,1576,1827,2049,2005,1979,2061,32,2,9,0,1,0,0,0,21,0,19,462,8,3,91,10,-0.375,-0.143,0.965
2470,3242,1624,1875,2048,2005,1979,2060,27,1,7,12,-1,0,0,0,49,0,129,354,9,2,91,11,-0.377,-0.123,0.956,-65,-55,33,6,0,0,0,0,2534,3243,1815,1936,2048,2008,1985,2061,-57,0,31,10,0,0,1,1,-31,0,302,306,12,-10,67,11,-0.431,-0.08,0.927
2048,3242,2041,1971,2048,2008,1985,2061,-74,1,35,7,0,0,0,1,-14,0,289,325,12,-10,65,11,-0.446,-0.106,0.914,46,-53,-6,-31,0,0,0,0,1522,3245,2301,1961,2048,2008,1985,2060,1,1,0,-27,0,0,0,0,291,0,172,-16,12,-10,65,11,-0.458,-0.054,0.933
1756,3246,2258,1766,2048,2007,1994,2066,20,1,0,-26,0,0,8,0,430,0,184,-74,12,-7,32,-10,-0.467,0.016,0.949,-17,-71,1,-16,0,0,0,0,2035,3242,2188,1448,2049,2017,2001,2065,1,-1,0,-15,1,0,0,0,313,0,298,-67,7,-49,-2,-7,-0.46,0.055,0.916
2034,3241,2188,1343,2050,2017,2001,2065,1,1,0,-15,1,0,0,0,154,0,326,-81,0,-49,-2,-7,-0.435,0.053,0.913,40,-43,-6,40,0,0,0,0,1973,3241,2188,1379,2050,2017,2001,2064,0,1,0,39,1,0,0,0,392,0,249,0,-7,-49,-3,1,-0.51,0.06,0.865
2191,3229,2149,1644,2050,2017,2000,2063,38,0,-10,39,1,0,0,0,372,0,242,5,-6,-49,0,7,-0.563,0.035,0.886,-58,-109,-25,-21,0,0,0,0,2662,3245,2017,1868,2051,2017,2001,2064,-23,1,-21,-22,1,0,0,0,-60,0,134,-6,-13,-49,-4,7,-0.44,0.035,0.897
2244,3204,1861,1687,2050,2016,1994,2062,-76,7,-24,-24,0,0,-4,0,-24,0,38,153,0,-45,22,11,-0.306,-0.082,0.979,18,-105,2,1,0,0,0,0,1790,3245,1687,1535,2048,2005,1984,2062,7,1,0,0,0,0,0,0,33,0,18,122,12,2,69,11,-0.283,-0.124,0.981
1877,3246,1685,1535,2048,2005,1984,2062,13,1,0,0,0,0,0,0,56,0,81,149,12,1,69,11,-0.312,-0.116,0.975,14,-20,30,20,0,0,0,0,2002,3247,1771,1606,2048,2005,1985,2063,0,1,21,18,1,0,0,-1,147,0,342,256,11,1,65,6,-0.462,-0.054,0.921
2002,3246,1938,1731,2048,2004,1985,2063,0,-1,18,18,0,0,0,0,273,0,495,305,11,3,65,6,-0.527,-0.066,0.872,39,-68,-51,2,0,0,0,0,2258,3247,2003,1930,2048,2004,1984,2061,76,2,-42,0,1,0,0,0,245,0,269,167,13,4,69,11,-0.476,-0.088,0.911
2692,3246,1706,1929,2049,2005,1979,2054,59,0,-43,0,1,0,0,-2,71,0,6,228,9,0,90,11,-0.386,-0.143,0.945,12,-9,12,23,0,0,0,0,3140,3246,1383,1974,2049,2006,1974,2026,11,0,11,21,1,0,0,-3,16,0,-2,539,8,-3,111,21,-0.429,-0.147,0.878
3231,3247,1463,2214,2049,2008,2002,2054,14,1,11,52,3,8,9,1,13,0,0,177,11,-11,8,11,-0.465,-0.12,1.062,-77,-19,48,-46,0,0,0,0,3175,3246,1685,2253,2052,2012,2001,2069,-35,1,45,-42,1,0,0,0,-208,0,322,-94,-12,-27,-3,-11,-0.392,0.122,0.963
2754,3248,2000,1950,2054,2012,1999,2058,-105,1,52,-48,1,0,-2,-3,-211,0,363,-117,-12,-28,3,11,-0.466,0.077,0.961,-31,-79,-41,-7,0,0,0,0,1663,3258,2253,1608,2050,2000,1980,2039,-21,1,-38,-10,0,0,-1,-3,31,0,51,-333,-9,21,83,14,-0.054,0.09,1.021
1519,3258,2002,1554,2051,2005,1974,2038,-20,0,-39,-11,1,0,1,0,-13,0,0,-312,-9,3,112,14,0.106,0.044,1.06,7,-5,-7,14,0,0,0,0,1302,3264,1645,1548,2048,2005,1979,2049,3,1,-8,0,1,0,0,0,14,0,27,-257,13,2,90,12,0.223,-0.08,1.003
1339,3264,1600,1619,2047,2005,1983,2053,10,1,-7,15,0,0,1,2,16,0,10,-149,13,-1,74,11,0.22,-0.054,1.016,-6,-87,-13,20,0,0,0,0,1406,3263,1493,1794,2051,2006,1986,2066,1,0,-9,18,1,1,0,0,-14,0,-8,-5,-9,-2,60,-11,0.063,-0.144,1.008
1390,3262,1416,1905,2051,2006,1986,2061,-6,0,-11,13,1,0,0,1,-24,0,-48,55,-13,-2,60,11,0.039,-0.198,1.002,-5,-27,38,23,0,0,0,0,1317,3255,1466,2157,2048,2005,1985,2063,-2,0,37,23,1,0,0,2,-22,0,20,81,8,2,65,7,-0.142,-0.211,1.017
1285,3254,1692,2306,2046,2006,2002,2064,-5,0,35,20,0,0,0,-1,-22,0,141,100,12,-6,-6,7,-0.268,-0.16,0.966,58,-65,23,-4,0,0,0,0,1346,3218,2040,2492,2044,2008,2002,2066,6,-3,16,-2,0,0,0,1,154,0,363,3,11,-10,-7,-12,-0.432,-0.214,0.891
1413,3223,2121,2464,2043,2008,2002,2068,8,8,9,-3,0,0,0,1,615,0,671,1,10,-10,-8,-11,-0.499,-0.133,0.874,4,-97,9,-67,0,0,0,0,1436,3251,2272,2178,2043,2007,2001,2065,1,2,0,-68,1,0,0,2,673,0,967,-164,9,-7,-4,-10,-0.456,-0.114,0.936
1435,3263,2272,1890,2043,1990,2001,2064,0,2,0,-62,1,-5,0,0,645,0,999,-805,9,58,-4,5,-0.232,0.063,1.024,62,-39,-60,24,0,0,0,0,1594,3238,2215,1284,2049,2026,2001,2066,1,-5,-56,16,1,0,1,1,678,0,296,28,7,-87,-2,-11,-0.621,-0.043,0.931
1861,3116,1806,1338,2049,2024,1997,2066,84,-21,-53,27,1,0,-1,1,414,0,310,481,8,-81,13,-10,-0.473,-0.068,0.924,-8,-13,11,53,0,0,0,0,2656,3129,1423,1523,2048,2005,1986,2066,1,5,2,35,0,0,0,0,43,0,145,946,13,0,60,-10,-0.574,-0.178,0.894
2657,3207,1512,1801,2050,2006,1974,2061,1,22,12,58,3,0,0,-1,14,0,85,743,-13,-3,109,9,-0.531,-0.2,0.884,-50,-56,39,18,0,0,0,0,2471,3239,1748,2441,2046,2007,1991,2025,-61,3,21,36,0,0,2,2,-44,0,169,112,12,-7,37,21,-0.53,-0.142,0.854
2048,3243,1965,2552,2046,2008,1998,2054,-58,0,33,46,0,0,-1,2,-11,0,374,158,12,-10,8,11,-0.477,-0.04,0.83,-19,-91,-46,-77,0,0,0,0,1451,3202,2108,2431,2049,2001,1990,2047,-8,-3,-42,-63,1,0,0,2,92,0,204,-173,8,18,41,11,-0.241,-0.181,0.991
1454,3244,1826,1937,2048,2001,1995,2045,-3,4,-44,-49,0,0,0,0,-13,0,6,-266,13,18,22,11,0.169,-0.093,1.026,-10,-54,13,2,0,0,0,0,1314,3269,1526,1448,2048,2005,1980,2050,-10,1,15,0,0,0,0,2,-26,0,74,-625,13,0,84,10,0.226,-0.143,1.0
1248,3269,1590,1448,2047,2005,1981,2062,-9,0,10,0,0,0,0,2,-27,0,174,-569,12,0,82,10,0.228,-0.134,0.996,13,-44,17,51,0,0,0,0,1191,3269,1756,1591,2045,2008,1999,2068,16,1,15,49,-2,0,6,1,8,0,215,-62,12,-11,12,-12,-0.047,-0.118,1.064
1261,3266,1876,1910,2036,2007,2004,2070,15,-2,29,44,1,0,0,0,13,0,201,-1,13,-8,-15,-11,-0.134,-0.138,0.947,-4,-56,-5,11,0,0,0,0,1302,3259,1993,2318,2036,2007,2004,2066,2,0,0,8,0,0,0,0,26,0,174,121,13,-8,-15,-11,-0.242,-0.115,1.003
1302,3255,1990,2397,2036,2007,2004,2066,1,-1,-2,16,1,0,0,0,14,0,43,108,12,-8,-15,-11,-0.206,-0.104,0.993,34,-92,-13,-68,0,0,0,0,1361,3239,1886,2232,2049,2003,1998,2064,16,0,-16,-67,1,0,0,5,72,0,72,-99,8,8,9,-11,-0.313,-0.248,0.99
1523,3263,1775,1848,2048,2003,1998,2060,26,1,-19,-45,0,0,0,0,136,0,167,-402,7,8,10,9,0.129,-0.091,1.063,36,-78,-27,8,0,0,0,0,1761,3269,1541,1545,2063,2003,1997,2061,55,0,-27,0,1,0,0,1,309,0,226,-739,-12,8,13,10,0.084,-0.117,0.976
2068,3269,1363,1545,2063,2004,1997,2062,39,1,-29,0,1,0,0,2,269,0,207,-512,-13,8,13,11,0.156,-0.134,1.046,26,-68,19,12,0,0,0,0,2474,3270,1166,1597,2062,2003,1997,2066,21,1,1,11,0,0,0,1,268,0,487,-240,-11,9,13,-11,0.056,-0.126,1.047
2549,3271,1248,1681,2061,2003,1998,2072,0,1,2,15,0,0,0,4,439,0,691,-248,-10,9,9,-11,-0.095,-0.075,1.045,-29,-10,-1,-28,0,0,0,0,2684,3274,1370,1771,2061,2003,1998,2086,1,1,0,-2,0,0,0,1,265,0,791,-744,-11,9,8,-11,-0.106,-0.108,1.018
2679,3275,1370,1587,2061,2002,1998,2085,-1,1,0,-46,1,0,0,0,57,0,765,-789,-12,13,9,-12,0.019,-0.082,1.003,-35,-28,56,37,0,0,0,0,2311,3275,1660,1364,2061,2002,2001,2079,-34,0,68,8,-1,0,-1,0,53,0,550,-87,-12,13,-3,-11,-0.434,-0.104,0.953
2066,3268,2017,1584,2052,2003,2002,2079,-48,0,54,38,-3,0,0,0,63,0,638,52,-11,10,-7,-11,-0.49,-0.09,0.932,35,-8,-18,-17,0,0,0,0,1720,3263,2400,1843,2051,2009,2001,2081,1,1,0,-13,1,0,0,0,424,0,529,-125,-7,-16,-5,-11,-0.424,-0.077,0.899
1723,3265,2349,1717,2051,2009,2001,2077,2,1,-3,-20,0,0,0,0,687,0,237,-84,-11,-16,-3,-11,-0.422,-0.078,0.974,-26,-65,-24,8,0,0,0,0,1855,3265,2106,1594,2050,2009,1999,2069,1,0,-21,6,-1,0,0,0,295,0,205,19,5,-16,4,-12,-0.408,-0.116,0.958
1856,3265,1958,1632,2048,2009,1998,2062,1,1,-23,9,0,0,0,0,78,0,146,86,13,-16,9,11,-0.232,-0.182,0.982,19,-52,15,4,0,0,0,0,1772,3269,1787,1748,2010,2010,1999,2067,1,1,0,0,-1,0,0,1,87,0,345,-63,21,-19,6,-12,-0.266,-0.204,0.981
1772,3268,1846,1781,2010,2010,2001,2070,1,-1,19,6,0,0,0,1,240,0,536,-82,20,-20,-2,-12,-0.282,-0.146,1.008,63,-41,0,25,0,0,0,0,2115,3268,1925,1918,2010,2011,2001,2089,65,-1,0,22,0,0,0,0,359,0,697,-11,20,-24,-5,-14,-0.551,-0.029,0.872
2491,3263,1922,2079,2010,2011,2001,2089,56,0,0,24,0,0,0,0,406,0,706,0,20,-24,-5,-14,-0.485,0.013,0.771,-39,-50,1,-32,0,0,0,0,3190,3261,1937,2148,2029,2027,2001,2071,-42,1,0,-26,1,0,0,0,-16,0,664,-94,12,-92,-3,-11,-0.464,-0.034,0.925
3059,3263,1938,1971,2046,2027,2001,2070,-22,2,0,-23,1,0,0,0,-135,0,689,-254,11,-92,-3,-11,-0.378,-0.001,0.961,9,-36,-33,30,0,0,0,0,2660,3265,1926,1797,2048,2016,2001,2064,0,0,-28,32,2,1,0,1,12,0,156,-6,11,-44,-3,7,-0.304,0.07,1.009
2752,3263,1704,2002,2050,2017,2002,2062,9,0,-35,31,0,0,1,-6,-18,0,149,0,-8,-50,-5,12,-0.409,-0.024,0.963,-68,-21,-14,-29,0,0,0,0,2529,3260,1409,2116,2048,2014,1987,2056,-66,0,-13,-29,1,-3,0,0,-36,0,43,-67,13,-37,56,11,-0.06,-0.168,1.045
2054,3257,1319,1925,2051,2006,1983,2057,-70,1,-8,-29,1,0,0,2,-30,0,4,-81,-9,-3,72,11,0.075,-0.21,1.025,-7,-36,41,-14,0,0,0,0,1503,3261,1388,1721,2049,2004,1983,2058,-1,1,36,0,0,0,1,2,-27,0,39,-440,8,3,75,10,0.164,-0.14,1.029
1459,3264,1594,1670,2048,2004,1991,2072,-6,1,37,-19,0,0,1,1,-27,0,332,-639,12,4,41,-10,0.09,-0.082,1.051,84,-16,18,28,0,0,0,0,1322,3273,1895,1596,2050,2004,1991,2072,4,1,9,33,1,0,0,1,640,0,751,-260,-6,4,39,-11,-0.058,-0.104,1.01
1339,3273,2022,1768,2048,2005,1991,2074,0,2,11,29,0,1,0,2,675,0,731,-187,10,1,39,-11,-0.269,-0.161,0.983,46,-8,-4,21,0,0,0,0,1340,3269,2150,2048,2037,2019,0,0,1,-1,0,15,-2,0,0,0,655,0,717,-9,10,0,0,0,-0.013,-0.17,0.934
0,0,0,0,0,0,0,0,0,0,0,0,0,0,0,0,0,0,0,0,0,0,0,0,-0.016,-0.256,1.012,74,128,97,72,0,0,0,0,0,0,0,0,0,0,0,0,0,0,0,0,0,0,0,0,0,0,0,0,0,0,0,0,-0.008,-0.251,1.015
0,0,0,0,0,0,0,0,0,0,0,0,0,0,0,0,0,0,0,0,0,0,0,0,-0.013,-0.25,1.009,119,168,68,131,0,0,0,0,0,0,0,0,0,0,0,0,0,0,0,0,0,0,0,0,0,0,0,0,0,0,0,0,-0.011,-0.252,1.01
2063,1989,2036,1985,2060,2124,2071,2052,-1,0,0,0,1,0,0,0,9,14,15,7,-12,-10,-9,0,-0.028,0.032,1.027,28,14,-37,3,0,0,0,0,2180,1997,1879,1983,2057,2123,2070,2050,34,8,-34,0,0,0,-1,1,14,44,-11,68,11,-4,-7,11,-0.037,-0.01,1.042
2405,2041,1638,1982,2059,2121,2051,2054,28,5,-42,0,1,0,-4,2,-8,97,-57,158,-7,4,70,-11,-0.114,-0.188,1.055,-33,-30,39,-28,0,0,0,0,2487,2081,1502,1898,2059,2124,2063,2052,-32,-2,36,-20,1,0,7,0,-26,15,27,81,-7,-6,29,0,-0.143,-0.088,1.02
2231,1944,1694,1731,2049,2125,2070,2050,-39,-24,30,-26,-3,0,0,1,-12,-19,321,-10,11,-11,-6,11,-0.295,0.036,0.981,56,8,30,-10,0,0,0,0,1916,1735,2045,1491,2042,2126,2069,2051,0,0,10,-9,3,0,0,0,422,-14,692,-111,8,-14,0,11,-0.481,0.105,0.965
1943,1783,2189,1426,2060,2126,2069,2050,1,3,30,-10,0,0,0,1,701,13,901,-125,-8,-13,0,7,-0.411,0.126,0.911,25,56,-14,19,0,0,0,0,1943,2056,2244,1415,2061,2126,2069,2051,1,57,0,20,1,0,0,2,684,27,744,-3,-10,-13,0,3,-0.488,0.103,0.917
1943,2424,2244,1527,2062,2126,2070,2053,1,48,0,16,0,0,0,0,686,37,344,20,-11,-13,-3,-7,-0.533,0.091,0.877,37,-39,7,-13,0,0,0,0,2410,2800,2156,1626,2068,2125,2068,2052,49,-31,0,-12,3,0,0,0,266,-42,375,-17,-11,-11,3,0,-0.125,0.162,1.108
2872,2536,2171,1543,2080,2136,2068,2051,106,-41,6,-9,0,0,0,1,42,-37,518,-37,-12,-57,3,7,-0.493,0.113,0.886,-11,-3,9,27,0,0,0,0,3198,2125,2392,1479,2069,2127,2072,2052,1,-17,8,18,0,0,0,2,-12,22,-2,308,-12,-20,-15,-1,-0.411,0.125,0.929
3174,2066,2447,1606,2059,2121,2071,2054,-11,-17,10,10,0,0,0,1,-34,46,6,537,-7,5,-9,-10,-0.436,0.089,0.906,-68,49,-39,6,0,0,0,0,2947,2032,2413,1756,2044,2122,2069,2061,-36,1,-19,0,-2,0,0,1,-253,427,-281,917,10,0,-2,-8,-0.403,0.08,0.938
2937,2034,2266,1756,2019,2122,2069,2061,1,1,-39,0,-5,0,0,0,-634,743,-776,999,18,0,-2,-8,-0.382,0.056,0.926,10,5,-41,-3,0,0,0,0,2939,2034,2103,1757,2005,2122,2070,2061,1,1,0,0,0,0,0,0,-534,713,-1000,944,24,2,-6,-9,-0.332,0.102,0.959
2938,2034,2103,1757,2005,2122,2070,2061,0,1,0,0,0,0,0,0,-420,707,-1000,859,24,2,-6,-9,-0.336,0.111,0.957,-18,21,0,-27,0,0,0,0,2939,1797,2049,1759,2006,2124,2070,2061,1,-91,-1,0,2,0,0,1,-493,0,-775,255,24,-5,-6,-11,-0.103,0.181,0.994
2937,1528,2048,1616,2009,2123,2070,2059,0,0,-1,-25,0,0,0,0,-640,0,-768,29,24,-3,-6,-11,-0.009,0.196,1.006,-56,85,-22,-6,0,0,0,0,2937,1569,1932,1389,2023,2124,2070,2051,1,4,-28,-7,1,0,0,1,-629,0,-690,20,15,-7,-5,7,0.16,0.256,1.033
2938,1591,1887,1349,2023,2124,2069,2051,0,3,0,-5,1,0,0,1,-612,0,-986,18,15,-7,-4,7,0.243,0.147,0.812,3,-23,12,49,0,0,0,0,3250,1630,1649,1425,2021,2118,2068,2074,0,4,5,33,-1,0,0,1,0,0,-185,408,20,18,3,-12,-0.091,0.228,0.954
3251,1583,1729,1724,2015,2118,2067,2074,1,-23,9,43,0,0,-1,1,0,0,-176,554,23,18,3,-12,-0.305,0.147,0.986,-69,86,17,-18,0,0,0,0,3249,1275,1872,2102,2013,2118,2052,2070,0,-2,10,0,0,1,0,1,0,0,-61,252,26,17,68,-12,-0.297,-0.048,0.85
3249,1269,1983,2022,2023,2120,2054,2069,1,0,15,-10,6,1,0,0,0,0,-26,77,16,10,63,-12,-0.251,0.037,1.005,-38,59,12,32,0,0,0,0,3247,1314,2155,1985,2057,2122,2057,2069,1,4,10,25,1,0,0,-1,0,0,13,234,12,1,49,-12,-0.329,-0.013,0.98
3245,1264,2241,2164,2057,2121,2057,2069,0,-18,12,32,1,0,0,0,0,0,1,385,12,6,49,-11,-0.38,-0.076,0.936,-110,73,-33,-24,0,0,0,0,3244,915,2210,2383,2057,2121,2068,2068,1,-13,-30,-25,2,0,0,0,0,0,-93,17,11,6,1,-12,-0.22,-0.028,0.998
3246,920,2002,2233,2056,2121,2068,2068,0,4,-33,-23,0,0,0,0,0,0,-156,0,12,6,3,-12,-0.119,-0.018,1.03,-63,30,-4,-30,0,0,0,0,3250,977,1770,1909,2060,2122,2070,2065,1,5,-2,-28,1,0,0,-1,0,0,-348,0,-12,3,-5,-11,0.06,0.031,1.022
3251,1006,1737,1714,2060,2124,2071,2047,1,4,0,-28,1,0,0,1,0,0,-324,-3,-12,-6,-6,11,0.084,0.123,1.024,-77,8,-3,-10,0,0,0,0,3252,1039,1703,1435,2059,2125,2070,2049,1,1,0,-7,-1,0,0,0,0,0,-370,-9,-10,-10,-6,11,0.127,0.172,1.004
3252,1051,1687,1371,2059,2126,2070,2049,1,3,-3,-9,0,0,0,0,0,0,-389,-26,-7,-13,-5,11,0.138,0.224,0.984,-53,7,22,57,0,0,0,0,3252,1070,1700,1498,2060,2125,2068,2055,1,2,18,44,1,0,-1,1,0,0,-129,169,-12,-11,0,-11,-0.099,0.144,1.062
3252,1084,1853,1831,2033,2121,2067,2059,0,4,24,50,-9,0,0,1,0,0,-142,395,17,6,7,-11,-0.335,-0.051,0.971,-18,26,-21,-47,0,0,0,0,3249,982,1936,2160,2028,2121,2066,2055,2,8,-21,-45,4,0,0,0,0,0,-160,3,14,6,10,-12,-0.066,0.017,1.025
3251,1016,1816,1838,2061,2122,2068,2053,0,3,-19,-46,0,0,0,-1,0,0,-252,0,-11,2,3,-7,0.163,0.124,1.0,-104,114,-14,44,0,0,0,0,3253,1051,1656,1612,2055,2121,2068,2055,0,3,-4,33,-1,0,0,1,0,0,-535,252,10,5,2,-11,0.074,0.09,1.022
3254,1069,1602,1882,2024,2117,2068,2055,0,4,-11,52,0,0,0,0,0,0,-703,378,17,23,2,-11,0.051,0.205,0.985,-1,65,42,-28,0,0,0,0,3255,881,1548,2184,2024,2119,2065,2054,1,0,36,-24,2,0,0,0,0,0,-157,10,17,16,14,-11,0.176,0.02,0.776
3251,893,1802,2010,2042,2118,2066,2053,0,3,35,-21,6,0,0,0,0,0,-1,-29,11,20,11,-7,0.054,0.002,1.009,-88,24,-2,6,0,0,0,0,3247,945,2112,1805,2060,2124,2070,2051,1,3,0,5,1,0,0,0,0,0,14,20,-12,-5,-6,7,-0.065,0.034,1.04
3247,966,2102,1837,2059,2124,2070,2051,1,4,-2,3,0,0,0,2,0,0,-2,57,-7,-5,-6,7,-0.066,0.035,1.033,-25,66,-5,-18,0,0,0,0,3247,1013,2080,1818,2060,2124,2070,2050,1,5,-4,-16,1,0,0,2,0,0,-66,-5,-12,-4,-6,7,-0.039,0.047,1.031
3247,1036,2046,1701,2060,2125,2070,2050,1,4,-6,-17,1,0,0,1,0,0,-71,-23,-12,-9,-6,7,-0.023,0.201,1.035,-30,44,-16,-17,0,0,0,0,3247,1070,1946,1481,2062,2125,2069,2051,1,2,-16,-17,1,0,0,2,0,0,-109,-12,-12,-9,-3,7,-0.008,0.199,1.019
3249,1082,1846,1366,2061,2126,2069,2050,2,2,-15,-16,0,0,0,1,0,0,-141,-13,-12,-14,-4,7,0.055,0.253,0.98,-8,18,13,42,0,0,0,0,3252,1095,1758,1395,2062,2131,2069,2054,1,2,8,32,1,0,0,2,0,0,-64,81,-12,-35,-3,-11,-0.053,0.198,1.01
3252,1102,1844,1628,2062,2122,2067,2074,1,2,14,38,-1,0,0,2,0,0,-52,298,-11,2,6,-13,-0.205,0.107,0.993,-101,16,-23,17,0,0,0,0,3252,1134,1924,1992,2015,2121,2061,2074,1,4,-26,14,0,0,0,1,0,0,-391,475,23,7,31,-13,-0.191,0.104,0.954
3252,1145,1784,2127,2015,2121,2061,2074,-1,-3,-5,19,0,0,0,1,0,0,-452,394,21,7,31,-13,-0.128,0.067,1.068,-53,13,-24,-34,0,0,0,0,3255,894,1505,2182,2015,2121,2070,2072,1,-2,-25,-31,1,0,0,0,0,0,-483,11,22,7,-6,-13,0.128,0.258,1.019
3256,901,1344,1971,2016,2125,2070,2066,1,9,-33,-31,0,1,0,-3,0,0,-492,0,21,-8,-7,-11,0.214,0.269,0.967,-107,105,16,28,0,0,0,0,3257,953,1146,1816,2016,2133,2067,2054,1,4,0,21,1,0,-1,1,0,0,-156,59,22,-42,2,-12,0.194,0.237,0.985
3256,964,1252,1983,2016,2131,2067,2055,0,-2,14,24,1,0,0,1,0,0,-136,155,22,-35,5,-11,0.122,0.211,0.995,-53,22,50,4,0,0,0,0,3254,876,1581,2227,2040,2121,2052,2053,0,-1,46,9,2,0,0,0,0,0,-2,121,12,5,69,-11,0.002,0.148,2.0
3252,872,1909,2261,2045,2122,2059,2053,-1,-2,43,12,2,0,0,0,0,0,0,94,11,4,39,-7,-0.112,0.006,1.06,-76,92,-28,-18,0,0,0,0,3247,875,2173,2238,2057,2122,2059,2053,0,1,-25,-17,1,0,0,0,0,0,-9,-19,12,3,39,-11,-0.044,-0.009,1.03
3247,878,2004,2117,2057,2122,2061,2053,0,1,-26,-18,-1,0,0,0,0,0,-87,-15,12,4,31,-7,0.031,0.007,1.038,-12,53,-2,10,0,0,0,0,3249,910,1800,2012,2057,2121,2060,2053,1,1,0,10,-1,0,0,2,0,0,-196,26,11,7,33,-12,0.081,0.017,1.033
3249,913,1791,2063,2056,2121,2061,2054,1,0,0,7,0,0,0,1,0,0,-216,93,11,7,31,-11,0.059,0.006,1.035,-87,59,-8,-22,0,0,0,0,3250,906,1754,2066,2046,2121,2061,2053,1,0,-3,-18,1,0,0,0,0,0,-277,-2,11,7,31,-8,0.14,0.03,1.016
3252,922,1720,1920,2060,2122,2061,2053,1,6,-2,-24,1,0,0,-1,0,0,-360,-11,-11,4,31,-9,0.14,0.003,1.03,-110,31,5,9,0,0,0,0,3254,975,1664,1755,2060,2121,2069,2053,1,4,0,7,1,-2,1,1,0,0,-299,123,-12,5,-2,-7,0.151,0.024,1.013
3253,0,0,0,0,0,0,0,0,0,0,0,0,0,0,0,0,0,0,0,0,0,0,0,-0.04,0.122,0.957,137,102,88,116,0,0,0,0,0,0,0,0,0,0,0,0,0,0,0,0,0,0,0,0,0,0,0,0,0,0,0,0,-0.032,0.21,1.004
2045,2074,2039,2064,2041,2048,2063,2047,0,1,0,0,0,0,0,1,0,-12,0,0,5,0,0,0,0.008,0.02,1.025,-3,-5,-4,-35,0,0,0,0,2028,2075,2019,1933,2043,2047,2062,2048,-1,1,-3,-34,2,0,0,-1,3,-18,4,-103,-12,2,3,-7,0.04,0.07,0.956
2005,2062,1990,1679,2042,2070,2065,2046,-5,-14,-3,-40,-3,2,-1,2,13,-23,16,-38,7,-91,-11,7,-0.118,0.097,1.0,27,-3,21,-14,0,0,0,0,1942,1997,1944,1362,2033,2070,2062,2046,0,-1,11,-10,0,0,0,-1,171,-21,466,-120,10,-94,3,11,-0.201,0.169,1.002
1946,1983,2074,1267,2034,2071,2062,2046,0,0,23,-10,2,0,0,1,446,-23,519,-118,10,-95,3,7,-0.396,0.16,0.93,-15,-27,-16,26,0,0,0,0,2454,1844,2246,1253,2081,2071,2062,2046,14,-24,3,25,2,0,0,1,-22,-33,198,-2,-21,-98,3,7,-0.182,0.235,1.042
2455,1665,2199,1428,2082,2071,2062,2046,1,-26,-22,24,1,0,0,1,-104,-34,-72,0,-22,-98,3,9,-0.207,0.216,0.992,41,50,-24,-21,0,0,0,0,2472,1593,1956,1551,2081,2071,2062,2045,26,48,-26,-20,0,0,0,1,-28,23,-21,-87,-22,-98,3,7,-0.149,0.177,1.031
2735,1932,1774,1403,2081,2071,2062,2046,42,49,-26,-24,0,0,0,1,-21,27,0,-63,-21,-98,3,7,-0.174,0.149,0.978,-39,-31,-2,33,0,0,0,0,3044,2241,1575,1365,2076,2070,2063,2048,-1,-27,-5,29,1,0,1,0,-277,-18,70,20,-18,-95,0,-7,-0.182,0.172,0.996
2910,2016,1570,1566,2054,2070,2064,2048,-44,-33,-4,30,-5,-1,0,0,-387,-13,39,114,-11,-94,-4,-7,-0.322,0.062,0.965,-9,-33,39,-13,0,0,0,0,2174,1607,1620,1752,2042,2058,2065,2047,-20,-9,29,1,0,0,0,0,21,-14,485,186,-7,-45,-8,-9,-0.421,0.061,0.914
2065,1448,1819,1711,2042,2059,2064,2046,-13,-31,27,-11,0,0,0,0,54,-37,754,-16,-5,-48,-5,6,-0.495,0.101,0.968,67,23,-26,18,0,0,0,0,1969,1222,1925,1685,2042,2059,2062,2050,34,22,0,17,1,0,-2,1,476,14,523,0,-6,-48,4,-12,-0.512,0.16,0.873
2464,1376,1767,1804,2042,2059,2063,2048,84,25,-29,18,1,0,0,1,403,14,433,12,-6,-48,0,-8,-0.54,0.081,0.882,-15,26,-10,21,0,0,0,0,3273,1527,1595,1962,2044,2059,2063,2049,1,5,-11,6,1,0,0,1,-6,157,119,331,-12,-48,-1,-10,-0.493,0.037,0.891
3239,1586,1530,2033,2042,2058,2063,2050,0,0,-11,21,-1,-1,0,1,-38,358,104,635,-9,-47,0,-9,-0.499,0.005,0.877,-46,51,29,-30,0,0,0,0,3047,1634,1542,2106,2042,2052,2063,2051,-39,37,20,-1,0,0,0,0,-143,662,265,443,-7,-19,0,-10,-0.564,-0.027,0.897
2623,1970,1725,1920,2043,2049,2063,2050,-61,53,28,-33,0,0,0,0,-37,558,320,365,-7,-7,0,-10,-0.587,-0.065,0.893,3,-44,-6,8,0,0,0,0,2161,2466,1914,1715,2042,2049,2063,2050,0,1,0,0,1,0,0,0,30,75,371,384,-11,-7,0,-11,-0.554,-0.021,0.863
2160,2279,1901,1751,2042,2049,2063,2050,0,-41,-6,18,1,0,0,0,47,14,251,467,-11,-8,0,-11,-0.508,-0.018,0.861,29,43,-9,32,0,0,0,0,2162,1945,1832,1888,2042,2050,2062,2051,6,0,-4,2,0,0,0,1,194,276,179,740,-11,-9,2,-8,-0.52,-0.028,0.853
2359,1953,1772,1956,2043,2047,2061,2051,4,27,-11,0,1,0,0,1,194,635,166,993,-11,4,6,-8,-0.544,-0.078,0.873,-61,46,-15,-5,0,0,0,0,2547,2013,1666,1955,2042,2047,2061,2052,-38,1,-10,0,-1,0,0,1,-26,712,34,911,-7,3,6,-9,-0.498,-0.133,0.88
2176,2013,1587,1954,2041,2048,2061,2052,-61,1,-9,0,-1,0,0,1,-41,707,-50,772,0,-1,7,-9,-0.49,-0.163,0.875,58,45,21,-1,0,0,0,0,1872,2012,1560,1954,2039,2048,2061,2050,60,1,13,0,-2,2,0,-1,26,695,-3,586,11,-2,6,-10,-0.574,-0.381,0.952
2131,1575,1596,1976,2032,2050,2062,2049,53,-6,0,2,0,0,0,0,174,0,398,464,10,-9,0,-11,-0.525,-0.102,0.942,-32,-20,-20,18,0,0,0,0,2372,1516,1645,2056,2032,2049,2063,2048,1,-11,0,5,1,0,0,1,177,0,525,426,11,-6,-1,-10,-0.538,-0.086,0.905
2329,1438,1603,2125,2033,2049,2061,2047,-25,-9,-10,16,1,0,0,1,20,0,130,643,11,-6,8,0,-0.396,-0.218,0.895,26,35,-16,-13,0,0,0,0,2198,1182,1403,2275,2043,2046,2062,2045,22,-12,-15,0,0,0,0,0,38,0,0,365,-11,6,5,11,-0.335,-0.283,0.943
2371,1143,1297,2254,2042,2047,2062,2045,26,-1,-15,-11,0,0,0,0,41,0,0,78,-8,3,5,11,-0.286,-0.273,0.964,-2,49,27,-7,0,0,0,0,2583,1188,1245,2134,2043,2047,2065,2046,0,5,13,-6,0,0,1,1,22,0,193,27,-12,4,-9,7,-0.362,-0.247,0.949
2564,1217,1367,2088,2042,2047,2067,2046,-8,4,26,-8,0,0,0,0,27,0,457,23,-7,4,-16,7,-0.443,-0.135,0.914,-73,47,16,-29,0,0,0,0,2216,1258,1627,1902,2034,2051,2064,2046,-69,4,3,-27,0,0,-1,-1,-11,0,542,0,11,-13,-7,7,-0.426,-0.123,0.939
1750,1275,1783,1721,2031,2051,2063,2045,-72,4,22,-25,1,0,0,0,-12,0,341,-25,11,-13,0,7,-0.391,-0.012,0.945,-2,82,-37,38,0,0,0,0,1242,1305,1803,1652,2037,2051,2064,2046,0,4,-30,36,2,0,0,0,-23,0,22,18,11,-13,-2,7,-0.333,-0.077,0.934
1221,1322,1587,1832,2043,2048,2061,2046,-1,4,-31,23,1,0,0,0,-21,0,-41,340,-9,0,8,6,-0.346,-0.232,0.983,21,72,57,-26,0,0,0,0,1256,1310,1534,2074,2039,2047,2066,2045,20,0,52,-17,1,0,0,-1,13,0,26,91,11,3,-11,11,-0.383,-0.262,0.907
1398,1338,1845,1911,2038,2050,2065,2045,23,3,44,-20,0,0,-1,0,13,0,323,0,11,-10,-7,11,-0.459,-0.018,0.895,45,9,-49,17,0,0,0,0,1466,1374,2081,1787,2039,2059,2064,2047,7,3,-44,16,1,0,0,0,369,0,306,19,11,-48,-5,0,-0.437,-0.081,0.921
1757,1397,1773,1853,2039,2059,2061,2046,60,4,-46,11,1,0,0,2,296,0,207,226,11,-48,7,-4,-0.406,-0.091,0.953,26,27,45,10,0,0,0,0,2361,1445,1530,1992,2037,2058,2064,2046,0,3,24,8,0,0,2,0,186,0,449,390,10,-42,-1,7,-0.509,-0.095,0.896
2359,1441,1708,2083,2035,2058,2064,2047,0,-2,19,5,0,0,0,1,446,0,899,290,8,-43,-5,0,-0.547,-0.087,0.876,-54,20,33,-21,0,0,0,0,2359,1382,1715,2119,2036,2058,2064,2047,1,1,0,-13,1,0,1,1,201,0,999,74,9,-43,-3,0,-0.547,-0.117,0.878
2142,1408,1819,1984,2036,2058,2065,2046,-62,5,20,-18,1,0,0,0,76,0,931,0,9,-43,-7,7,-0.493,-0.059,0.859,76,46,-17,-17,0,0,0,0,1695,1453,2010,1760,2038,2058,2063,2045,0,4,0,-14,1,0,-1,1,685,0,685,-21,10,-43,-2,7,-0.502,-0.051,0.882
1695,1476,1963,1666,2038,2058,2062,2048,1,4,-13,-11,1,0,0,5,683,0,391,-109,10,-43,4,-11,-0.492,-0.027,0.898,79,-16,-23,-10,0,0,0,0,2047,1520,1727,1490,2039,2059,2062,2045,73,3,-26,-8,1,0,0,1,553,0,393,-121,10,-47,4,7,-0.466,-0.03,0.929
2363,1538,1585,1423,2041,2059,2062,2042,24,4,-18,-8,1,0,0,2,589,0,346,-128,0,-47,4,11,-0.477,-0.025,0.911,-39,59,-9,-8,0,0,0,0,2737,1564,1393,1307,2041,2059,2062,2045,1,3,-11,-9,0,0,0,0,241,0,219,-116,0,-47,4,7,-0.413,-0.024,0.94
2703,1577,1354,1253,2038,2059,2062,2046,-33,2,0,-8,0,0,0,0,22,0,131,-119,12,-47,4,7,-0.319,0.001,0.984,-57,-15,36,44,0,0,0,0,2235,1597,1440,1367,2033,2058,2062,2047,-56,3,32,43,1,0,0,1,-22,0,136,0,11,-43,4,-7,-0.287,0.017,0.938
1822,1615,1671,1647,2033,2058,2065,2047,-56,1,33,34,0,0,0,1,-14,0,184,35,11,-43,-5,0,-0.428,-0.064,0.958,-18,75,-32,6,0,0,0,0,1356,1542,1842,1916,2040,2047,2061,2047,-19,-2,-28,0,1,0,0,0,-32,0,7,473,7,-1,8,0,-0.383,-0.129,0.939
1230,1524,1647,1938,2041,2048,2061,2047,-19,-3,-28,2,1,0,0,0,-29,0,-30,555,-7,-1,8,0,-0.361,-0.164,0.944,53,30,11,-32,0,0,0,0,1245,1480,1446,1939,2042,2048,2060,2046,54,2,8,-25,0,0,0,0,27,0,-19,152,-8,-1,12,0,-0.304,-0.152,0.984
1610,1499,1518,1755,2040,2048,2062,2046,53,3,6,-27,0,0,0,1,24,0,-4,-3,7,-2,3,7,-0.272,-0.123,0.992,65,9,20,9,0,0,0,0,2077,1550,1539,1554,2040,2048,2062,2047,35,3,0,9,1,0,0,-1,282,0,622,-30,5,-1,3,7,-0.477,-0.021,0.917
2355,1571,1593,1614,2039,2048,2062,2046,54,3,9,8,0,0,0,1,520,0,950,-20,8,-1,3,7,-0.491,0.005,0.897,19,73,46,-23,0,0,0,0,2487,1617,1593,1606,2039,2048,2062,2046,0,5,0,-25,0,0,0,0,645,0,999,-129,8,-1,1,7,-0.49,0.002,0.892
2017,2044,1995,2049,2045,2047,2054,2049,1,0,1,0,0,0,0,0,9,9,4,3,0,0,0,7,0.001,-0.014,1.037,-42,39,-27,17,0,0,0,0,1866,2134,1893,2077,2046,2046,2032,2041,-38,32,-25,13,0,0,-9,-2,-31,64,-72,203,-9,4,87,11,-0.21,-0.265,0.994
1601,2482,1709,2207,2050,2047,2017,2018,-37,56,-28,31,0,0,0,0,-44,12,-71,137,-12,1,153,17,-0.111,-0.195,0.944,101,-40,17,-7,0,0,0,0,1612,2743,1511,2400,2021,2050,2049,2074,104,-1,4,0,0,2,0,1,49,-137,193,-255,13,-7,17,-13,-0.123,-0.248,0.974
1991,2698,1506,2402,2020,2049,2050,2100,69,1,0,0,1,0,0,1,466,-556,694,-461,10,-8,16,-24,-0.164,-0.168,0.976,17,-4,-6,-25,0,0,0,0,2273,2699,1505,2376,2020,2049,2050,2101,0,1,0,0,1,0,0,0,687,-723,890,-967,10,-7,16,-23,-0.183,-0.18,0.985
2272,2699,1505,2376,2020,2049,2050,2101,1,0,0,0,1,0,0,0,681,-713,718,-1000,12,-7,16,-23,-0.187,-0.183,0.993,23,14,13,-4,0,0,0,0,2272,2699,1505,2376,2020,2049,2050,2101,1,0,0,0,1,0,0,0,662,-557,756,-1000,11,-7,16,-23,-0.189,-0.183,1.01
2272,2699,1505,2376,2020,2049,2050,2100,0,0,0,0,1,0,0,0,643,-380,996,-1000,10,-7,16,-24,-0.173,-0.156,0.983,30,-1,45,-32,0,0,0,0,1568,2700,1846,2267,2021,2049,2050,2100,-35,1,45,-12,1,0,0,1,0,-254,648,-955,12,-7,16,-25,0.037,-0.139,0.958
1185,2700,2189,2071,2022,2049,2049,2098,-72,1,57,-35,1,0,0,0,0,-267,481,-883,12,-7,19,-23,0.121,-0.217,1.009,93,-74,-14,-17,0,0,0,0,817,2694,2528,2247,2014,2063,2050,2094,0,-11,0,71,1,0,0,0,0,-565,278,-233,17,-65,16,-23,-0.044,-0.258,1.005
817,2068,2457,2561,2011,2063,2058,2093,1,-56,-18,0,0,0,0,1,0,-404,170,-40,18,-66,-15,-24,0.02,-0.208,1.009,86,36,3,-13,0,0,0,0,820,2262,2385,2568,2026,2065,2059,2095,1,21,0,0,1,0,0,0,0,0,73,0,12,-74,-22,-24,-0.016,-0.159,1.025
820,2349,2398,2568,2031,2065,2059,2094,0,11,3,0,1,0,0,0,0,0,108,0,12,-78,-21,-23,-0.033,-0.148,1.03,119,-19,-27,-72,0,0,0,0,820,2422,2332,2567,2042,2071,2055,2089,1,1,-24,0,1,0,0,0,0,0,-21,0,12,-99,-6,-21,0.05,-0.12,1.024
822,2425,2163,2566,2042,2072,2055,2079,1,0,-26,0,1,0,0,-1,0,0,-76,0,11,-102,-5,-17,0.071,-0.093,1.038,120,-35,-42,-35,0,0,0,0,854,2552,1734,2570,2046,2054,2055,2053,4,29,-46,0,1,-3,0,-3,0,0,-1,-1,-11,-32,-6,-12,0.048,0.024,1.046
872,2603,1459,2571,2047,2046,2055,2048,2,3,-38,0,0,0,0,1,0,0,0,0,-12,3,-5,11,0.19,-0.001,1.007,62,29,36,-61,0,0,0,0,877,2591,1282,2571,2046,2046,2055,2051,0,2,29,0,2,0,0,1,0,0,52,0,-7,3,-5,-12,0.123,-0.023,1.023
877,2617,1458,2571,2047,2047,2056,2066,1,7,30,0,1,0,0,1,0,0,330,0,-11,4,-9,-12,0.024,-0.011,1.044,79,-12,20,-33,0,0,0,0,890,2685,1823,2571,2047,2046,2056,2066,2,5,16,0,1,0,0,0,0,0,351,0,-11,5,-9,-12,-0.078,0.045,1.041
908,2711,1972,2571,2047,2046,2056,2066,3,4,20,0,1,0,0,0,0,0,300,0,-12,5,-9,-12,-0.134,0.042,0.993,25,-82,-40,-36,0,0,0,0,957,2731,2014,2573,2046,2049,2055,2041,6,0,-39,0,0,0,0,1,0,0,1,0,-7,-6,-5,11,-0.033,0.033,1.019
984,2724,1737,2573,2045,2049,2055,2039,5,-3,-41,0,0,0,0,0,0,0,0,0,0,-6,-5,12,0.039,0.001,1.057,76,-44,4,-70,0,0,0,0,1006,2683,1438,2573,2045,2047,2053,2039,1,-1,0,0,1,0,0,0,0,0,79,0,0,3,3,12,0.102,-0.019,1.024
1012,2679,1447,2573,2044,2047,2053,2039,2,0,3,0,-1,0,0,0,0,0,158,0,7,2,3,12,0.096,-0.019,1.033,17,21,25,-45,0,0,0,0,1023,2690,1561,2573,2045,2047,2055,2056,1,2,20,0,1,0,0,2,0,0,272,0,-7,2,-6,-12,0.006,-0.014,1.055
1035,2700,1721,2573,2047,2047,2056,2061,2,3,31,0,1,0,0,1,0,0,310,0,-12,3,-8,-12,-0.107,0.019,1.021,27,-18,-26,-66,0,0,0,0,1070,2735,1855,2573,2046,2047,2055,2044,5,-2,-25,0,1,0,0,0,0,0,76,0,-9,2,-5,12,-0.021,0.006,1.029
1097,2726,1681,2574,2042,2048,2054,2042,3,0,-26,0,0,0,0,0,0,0,2,0,11,-5,-1,12,0.013,-0.016,1.045,3,-22,6,-33,0,0,0,0,1133,2701,1495,2573,2042,2048,2053,2041,3,0,0,0,0,0,0,0,0,0,116,0,12,-3,4,11,0.066,-0.015,1.045
1149,2701,1521,2573,2042,2048,2053,2042,2,1,8,0,0,0,0,1,0,0,184,0,11,-3,3,11,0.046,-0.02,1.036,88,-58,36,-57,0,0,0,0,1177,2712,1700,2573,2044,2048,2056,2058,3,4,30,0,1,0,0,0,0,0,290,0,7,-3,-9,-12,-0.113,0.012,1.052
1203,2735,1948,2573,2044,2048,2056,2058,6,6,38,0,1,0,0,0,0,0,275,0,7,-3,-9,-12,-0.253,0.042,0.981,64,-23,4,-24,0,0,0,0,1017,2784,2251,2573,2046,2046,2056,2059,-12,0,5,0,-1,0,0,0,0,0,264,0,-11,6,-9,-12,-0.173,0.053,1.014
943,2783,2290,2573,2047,2047,2056,2058,-7,0,9,0,1,0,0,0,0,0,214,0,-12,2,-9,-12,-0.161,0.046,1.028,114,-40,8,-76,0,0,0,0,869,2783,2361,2574,2047,2047,2056,2058,-10,0,7,0,0,0,0,0,0,0,194,0,-12,2,-9,-12,-0.178,0.052,1.025
831,2785,2407,2573,2047,2047,2056,2058,-3,2,1,0,0,0,0,0,0,0,220,0,-12,2,-9,-12,-0.169,0.059,1.017,103,-68,-1,-18,0,0,0,0,816,2786,2469,2574,2047,2047,2056,2058,0,1,0,0,1,0,0,0,0,0,208,0,-12,2,-9,-12,-0.169,0.042,1.023
816,2786,2469,2574,2047,2047,2056,2058,0,1,0,0,1,0,0,0,0,0,180,0,-12,2,-9,-12,-0.168,0.051,1.018,119,-71,-45,-18,0,0,0,0,817,2781,2304,2574,2047,2050,2056,2055,3,0,-39,0,1,0,0,0,0,0,-2,0,-12,-10,-9,-12,-0.02,0.112,0.978
850,2772,2018,2575,2043,2060,2055,2047,6,-2,-44,0,-3,0,0,-4,0,0,-66,0,12,-52,-5,11,-0.036,0.075,1.083,95,-85,35,-55,0,0,0,0,890,2765,1751,2574,2045,2054,2056,2053,3,3,28,0,2,0,0,2,0,0,218,0,0,-29,-9,-11,-0.045,0.091,1.026
908,2767,1990,2574,2046,2046,2056,2054,3,0,41,0,1,0,0,1,0,0,212,0,-7,4,-9,-12,-0.067,0.085,1.017,26,-7,-19,-11,0,0,0,0,889,2765,2217,2575,2046,2047,2056,2052,-2,-1,-19,0,1,0,0,0,0,0,10,0,-7,1,-9,-11,-0.061,0.106,1.024
897,2761,2101,2575,2046,2049,2055,2047,5,0,-18,0,0,0,-1,0,0,0,0,0,-11,-7,-7,11,-0.042,0.117,1.029,38,-16,-19,-15,0,0,0,0,950,2743,1867,2575,2044,2049,2055,2043,4,-2,-20,0,-1,0,0,-2,0,0,0,0,7,-7,-5,11,0.003,0.072,1.007
974,2738,1735,2575,2044,2049,2055,2025,4,-3,-17,0,3,0,0,-1,0,0,0,0,0,-7,-5,14,0.08,0.078,1.042,79,-57,-1,-39,0,0,0,0,1011,2716,1583,2575,2046,2048,2055,2019,3,1,0,0,1,0,0,0,0,0,19,0,-12,-3,-5,17,0.081,0.063,1.029
1028,2715,1578,2575,2046,2048,2055,2019,3,0,0,0,-1,0,0,0,0,0,9,0,-10,-3,-5,16,0.082,0.065,1.028,66,-33,-11,-45,0,0,0,0,1056,2709,1516,2574,2047,2048,2055,2018,3,0,-12,0,1,0,0,0,0,0,6,0,-8,-3,-3,18,0.182,0.024,1.002
1072,2699,1443,2574,2046,2048,2053,2018,4,-1,-11,0,1,0,0,0,0,0,0,0,-7,-3,4,17,0.162,0.032,1.014,31,-16,-3,-26,0,0,0,0,1099,2679,1348,2574,2046,2047,2053,2018,3,-1,-4,0,0,0,0,0,0,0,-1,0,-10,2,4,17,0.176,0.014,1.023
1113,2676,1329,2574,2046,2047,2053,2018,3,0,-2,0,0,0,0,1,0,0,-2,0,-7,1,4,17,0.172,0.011,1.024,94,-11,9,-18,0,0,0,0,1139,2673,1333,2574,2046,2046,2053,2018,3,0,5,0,0,0,0,1,0,0,52,0,-7,4,3,17,0.161,0.017,1.021
1153,2674,1376,2574,2046,2046,2053,2018,3,1,6,0,1,0,0,1,0,0,128,0,-12,4,3,17,0.159,0.009,1.043,109,5,55,-74,0,0,0,0,1179,2692,1652,2574,2047,2046,2055,2054,3,9,51,0,1,0,0,1,0,0,284,0,-12,4,-6,-12,-0.002,0.095,0.903
1203,2718,2025,2574,2047,2046,2055,2055,-3,5,42,0,1,0,0,1,0,0,277,0,-11,4,-6,-12,-0.19,0.023,1.062,68,-41,-43,-32,0,0,0,0,831,2763,2324,2574,2047,2051,2055,2050,-5,-2,-40,0,0,0,0,0,0,0,4,0,-11,-13,-7,-7,-0.045,0.125,1.02
854,2756,2056,2575,2048,2060,2054,2047,6,0,-39,0,-1,0,0,1,0,0,-58,0,-10,-54,-2,11,-0.006,0.074,0.996,52,18,19,-17,0,0,0,0,900,2753,1745,2575,2044,2058,2055,2037,3,3,14,0,0,0,0,7,0,0,181,0,7,-47,-6,11,-0.02,0.085,1.027
918,2762,1865,2575,2044,2058,2055,2053,4,1,18,0,1,0,0,0,0,0,221,0,7,-47,-6,-12,-0.027,0.112,1.038,90,-36,-33,-50,0,0,0,0,965,2751,1911,2575,2046,2052,2054,2036,5,-2,-32,0,0,0,0,-4,0,0,2,0,-7,-21,-3,12,-0.031,0.134,1.056
991,2741,1688,2575,2046,2049,2054,2020,4,0,-34,0,1,-2,0,-1,0,0,0,0,-11,-10,-3,16,0.163,0.119,1.096,39,24,7,-63,0,0,0,0,1021,2703,1453,2574,2044,2047,2054,2017,1,0,4,0,0,0,0,0,0,0,72,0,7,0,-3,18,0.122,0.038,1.028
1034,2703,1487,2575,2045,2047,2054,2017,2,0,6,0,1,0,0,0,0,0,131,0,5,0,-3,17,0.104,0.043,1.02,112,-63,11,-27,0,0,0,0,1058,2710,1566,2574,2046,2047,2055,2018,3,2,10,0,1,0,0,1,0,0,235,0,-7,0,-6,17,0.064,0.044,1.04
1074,2719,1626,2574,2047,2047,2055,2025,3,2,9,0,1,0,0,1,0,0,289,0,-12,0,-6,14,0.03,0.051,1.037,77,-79,-18,-53,0,0,0,0,1114,2723,1679,2575,2047,2047,2055,2032,3,0,-17,0,0,0,0,-2,0,0,91,0,-12,2,-6,12,0.053,0.051,1.019
1137,2716,1568,2575,2046,2047,2054,2020,3,0,-17,0,1,0,0,0,0,0,11,0,-7,0,-3,16,0.125,0.045,1.054,73,-49,10,-60,0,0,0,0,1173,2696,1463,2574,2046,2046,2052,2020,4,0,7,0,0,0,0,0,0,0,87,0,-7,1,3,16,0.104,0.029,1.034
1195,2698,1509,2575,2047,2047,2053,2020,4,2,6,0,0,0,0,1,0,0,177,0,-12,2,1,16,0.098,0.038,1.035,46,-19,-2,-50,0,0,0,0,1239,2703,1569,2574,2047,2046,2054,2020,4,1,0,0,1,0,0,0,0,0,218,0,-12,2,-2,16,0.085,0.037,1.031
2057,2055,2071,2056,2066,2052,2102,2050,1,1,0,0,-1,0,0,1,-13,-14,-30,-19,7,-1,5,0,0.103,0.032,1.021,-9,-28,28,0,0,0,0,0,2033,1999,2185,2060,2068,2052,2101,2051,-13,-22,26,2,1,0,0,0,-15,-55,12,-32,-12,0,10,-7,0.103,0.002,0.994
1943,1812,2361,2067,2068,2052,2100,2052,-8,-33,28,0,0,0,0,1,8,-49,67,-63,-7,0,13,-12,0.208,-0.056,0.971,-14,64,1,13,0,0,0,0,1821,1569,2600,2073,2068,2051,2082,2062,-10,40,0,2,0,0,0,2,-12,277,-8,152,-8,3,87,-10,0.043,-0.12,1.036
1765,1919,2607,2081,2064,2050,2081,2045,-4,75,0,0,1,0,0,0,-30,319,-5,483,12,7,94,10,-0.183,-0.072,0.85,51,-23,-5,15,0,0,0,0,1806,2688,2606,2374,2072,2056,2103,2062,32,-7,-2,13,1,0,-2,-2,35,-47,-62,-21,-12,-16,-1,-12,0.131,0.135,0.983
2183,2575,2594,2477,2076,2055,2102,2060,58,-21,-1,17,1,0,0,0,15,-70,-155,-30,-12,-14,3,-12,0.187,0.117,0.989,-44,-42,-28,-55,0,0,0,0,2604,2334,2496,2456,2079,2053,2099,2048,1,0,-19,-32,1,0,0,1,-279,-289,-424,-487,-10,-4,16,7,0.423,0.07,1.021
2395,2337,2370,2213,2080,2053,2099,2048,-29,1,-22,-30,1,0,0,0,-357,-748,-689,-887,-10,-4,18,8,0.537,0.122,0.791,-3,-26,18,-14,0,0,0,0,1874,2337,2141,1938,2079,2050,2081,2032,-23,1,0,0,0,0,0,0,-91,-731,-318,-996,-11,11,92,8,0.564,0.074,0.851
1803,2338,2215,1938,2078,2049,2081,2032,-9,1,17,0,0,0,0,0,-52,-721,-109,-1000,-12,12,92,8,0.554,0.045,0.87,10,2,-16,2,0,0,0,0,1735,2531,2322,1838,2067,2064,2093,2048,10,129,0,-19,1,0,0,0,12,0,-262,-539,-8,-49,42,11,0.448,0.144,0.928
1776,2921,2297,1762,2068,2065,2100,2048,19,24,-13,0,1,0,2,-1,16,0,-616,-163,-6,-56,13,11,0.43,0.16,0.898,-7,-43,0,-11,0,0,0,0,1884,3070,2207,1712,2067,2068,2103,2048,0,11,0,-11,0,0,0,0,-24,0,-767,-91,-6,-71,0,7,0.464,0.199,0.903
1870,3143,2207,1638,2067,2069,2103,2049,-7,8,0,-11,0,0,0,-1,-42,0,-767,-94,-6,-72,0,8,0.443,0.176,0.909,14,-66,-13,30,0,0,0,0,1817,3228,2182,1661,2066,2069,2103,2049,16,0,-36,30,0,1,0,1,12,0,-905,9,5,-69,0,7,0.516,0.238,0.849
1917,3211,2095,1853,2065,2068,2104,2049,17,-4,0,28,0,0,0,1,-11,0,-889,55,9,-71,-5,7,0.423,0.229,0.906,-14,-30,21,-5,0,0,0,0,2038,3158,2094,2077,2065,2069,2104,2049,0,-4,0,-4,0,0,0,1,-69,0,-614,5,11,-70,-5,7,0.387,0.267,0.906
1998,3126,2158,2043,2065,2069,2104,2049,-22,-4,18,-3,0,0,0,1,-103,0,-278,4,11,-70,-5,7,0.401,0.221,0.917,13,-24,24,-24,0,0,0,0,1806,3104,2410,1919,2065,2068,2102,2049,9,0,23,-21,0,0,0,0,12,0,-201,-79,12,-69,3,7,0.332,0.136,0.981
1865,3159,2550,1771,2067,2051,2100,2054,14,14,20,-19,0,-7,0,0,19,0,-113,-142,-9,-4,9,-12,0.351,0.042,0.976,-8,-76,-49,11,0,0,0,0,1997,3241,2567,1609,2069,2054,2102,2046,1,1,-18,4,1,0,0,2,-26,0,-288,-50,-11,-7,5,11,0.459,0.092,0.895
1999,3239,2345,1677,2070,2054,2104,2049,1,0,-35,11,1,0,0,0,-69,0,-753,-1,-10,-8,-4,7,0.45,0.19,0.929,39,-55,0,-11,0,0,0,0,2060,3237,2217,1723,2069,2056,2104,2050,42,0,-3,-6,0,0,0,1,-15,0,-907,-55,-10,-15,-4,0,0.413,0.185,0.92
2341,3239,2179,1667,2069,2056,2103,2049,36,0,-8,-8,0,0,0,1,-22,0,-750,-137,-10,-16,0,0,0.455,0.138,0.911,-16,-26,-2,29,0,0,0,0,2659,3241,2128,1677,2069,2055,2102,2050,1,0,0,25,0,0,0,1,-154,0,-566,0,-10,-12,4,-11,0.374,0.121,0.943
2659,3240,2129,1851,2069,2055,2102,2051,0,-1,1,25,-1,0,0,1,-292,0,-625,95,-10,-11,4,-7,0.333,0.158,0.93,-8,-57,-5,37,0,0,0,0,2624,3207,2270,2261,2067,2055,2102,2050,-25,-3,79,42,1,0,0,-1,-330,0,-292,15,-7,-11,4,0,0.571,0.092,1.225
2351,3191,2580,2513,2070,2048,2104,2050,0,0,0,28,2,0,0,-1,-149,0,-51,10,-12,17,-3,0,0.313,0.034,0.955,3,-33,-7,-35,0,0,0,0,2351,3181,2581,2634,2075,2048,2103,2050,0,0,0,-16,1,0,0,1,-195,0,0,57,-12,17,1,0,0.306,0.073,0.973
2351,3175,2581,2460,2075,2048,2100,2048,0,0,0,-19,0,0,0,0,-167,0,0,-197,-11,17,10,10,0.375,0.012,0.951,-44,-87,-50,5,0,0,0,0,2169,3149,2582,2208,2075,2047,2102,2052,-40,-3,0,0,1,0,0,0,-163,0,-1,-204,-12,21,4,-8,0.445,0.064,0.928
2072,2048,2048,2048,2050,2048,2047,2050,1,1,0,0,1,0,0,0,-13,0,0,0,0,-1,-1,0,0.026,0.005,1.036,33,11,0,0,0,0,0,0,2161,2080,2046,2048,2050,2047,2045,2049,33,12,0,0,1,0,0,0,22,13,7,0,-9,4,7,-4,-0.054,-0.038,1.039
2387,2169,2046,2050,2050,2046,2043,2049,36,12,0,0,1,0,0,0,21,-10,7,-7,-8,6,13,7,-0.021,-0.071,1.052,-7,-33,0,0,0,0,0,0,2624,2261,2046,2050,2049,2045,2035,2049,1,-10,0,0,1,0,0,1,13,-125,7,-9,11,10,47,7,0.002,-0.073,1.021
2589,2039,2045,2051,2049,2045,2034,2052,-7,-47,0,0,2,0,0,1,-13,-89,10,-13,-5,11,53,-12,-0.025,-0.055,1.028,8,9,0,0,0,0,0,0,2573,1656,2045,2051,2052,2049,2047,2051,7,0,0,0,1,0,0,0,8,18,11,-13,-12,-6,-3,-8,-0.069,-0.029,1.03
2624,1673,2044,2050,2052,2049,2047,2051,8,9,0,0,0,0,0,1,12,40,12,-10,-12,-6,-3,-12,-0.107,-0.029,1.03,-32,42,0,0,0,0,0,0,2615,1847,2043,2045,2051,2046,2045,2052,-13,39,0,-1,0,0,0,0,-40,87,18,9,-8,4,6,-11,-0.143,-0.053,1.048
2505,2136,2049,2032,2047,2048,2048,2049,-19,48,0,0,2,0,0,0,-138,75,-6,65,7,-4,-5,7,-0.168,-0.011,1.035,-12,-8,0,0,0,0,0,0,2245,2550,2061,2031,2047,2050,2048,2052,-22,1,0,0,1,0,0,1,-157,-14,-57,72,11,-12,-6,-12,0.001,0.058,1.05
2146,2526,2061,2031,2047,2051,2048,2051,-27,-6,0,0,0,0,0,0,-128,-24,-57,71,12,-14,-6,-7,0.005,0.072,1.04,39,-22,0,0,0,0,0,0,2029,2438,2060,2046,2047,2048,2045,2049,29,-8,-1,7,2,0,-1,-1,13,-71,-54,12,12,-2,4,7,-0.056,-0.005,1.05
2288,2338,2059,2051,2048,2045,2039,2046,41,-14,0,0,0,0,-4,0,14,-121,-49,-11,7,10,29,11,-0.01,-0.054,1.036,-6,-29,0,0,0,0,0,0,2558,2079,2045,2054,2049,2044,2024,2050,1,-45,0,0,2,0,0,4,12,-107,8,-25,5,15,95,-11,0.023,-0.026,1.004
2531,1753,2045,2054,2052,2049,2038,2051,-5,-38,0,0,1,0,2,-2,-13,-17,11,-25,-12,-4,37,-7,-0.06,0.017,1.043,-32,6,0,0,0,0,0,0,2495,1505,2049,2053,2052,2052,2048,2048,-12,1,1,-1,0,1,0,2,-119,16,-4,-21,-12,-16,-8,7,-0.037,0.077,1.038
2357,1513,2050,2048,2054,2062,2049,2048,-37,2,0,0,1,2,0,0,-187,30,-10,-2,-12,-58,-9,10,0.038,0.125,1.018,12,2,0,0,0,0,0,0,1991,1553,2051,2046,2046,2063,2049,2048,0,0,0,0,0,0,0,0,-18,38,-14,10,12,-65,-11,11,0.031,0.137,1.012
2037,1574,2051,2046,2046,2063,2049,2049,11,5,0,0,0,0,0,0,12,32,-14,8,11,-65,-9,11,-0.009,0.13,1.025,-25,23,0,0,0,0,0,0,2114,1644,2050,2045,2048,2063,2049,2048,-14,15,0,0,1,0,0,1,-59,59,-11,12,11,-65,-10,7,0.001,0.104,1.02
1940,1747,2052,2032,2048,2061,2050,2048,-32,17,0,0,2,-1,0,0,-46,114,-16,65,12,-59,-11,11,-0.037,0.04,1.041,10,-16,0,0,0,0,0,0,1677,1909,2051,2025,2049,2048,2047,2048,0,1,0,0,1,0,0,0,22,53,-14,97,7,-1,-2,11,-0.049,0.01,1.029
1695,1869,2050,2025,2048,2048,2048,2049,7,-14,0,0,-1,0,0,0,56,16,-11,96,11,-2,-6,7,-0.031,0.029,1.04,2,30,0,0,0,0,0,0,1728,1777,2047,2025,2047,2049,2048,2048,0,15,0,0,0,0,0,0,102,83,3,95,11,-6,-6,11,-0.085,0.011,1.041
1764,1930,2049,2025,2048,2049,2048,2048,1,22,0,0,1,0,0,0,78,146,-5,97,12,-5,-6,11,-0.128,-0.007,1.029,30,-17,0,0,0,0,0,0,1929,2170,2047,2020,2049,2049,2048,2049,32,1,-2,0,0,0,0,1,42,44,2,117,7,-5,-6,7,-0.176,0.0,1.013
2159,2136,2045,2021,2050,2050,2047,2050,34,-16,0,0,1,0,0,1,27,-13,10,113,-8,-9,-2,-7,-0.207,-0.003,1.0,4,16,0,0,0,0,0,0,2442,2019,2035,2027,2052,2049,2045,2052,9,3,0,0,1,0,0,0,12,35,52,88,-12,-5,6,-11,-0.212,-0.006,1.003
2475,2104,2035,2027,2051,2046,2045,2051,8,16,0,0,0,0,0,0,3,46,52,88,-8,3,6,-7,-0.245,-0.03,1.0,13,-13,0,0,0,0,0,0,2545,2239,2036,2026,2050,2046,2044,2051,12,-1,0,0,0,0,0,1,12,14,48,91,-7,7,9,-7,-0.252,-0.035,1.005
2604,2182,2035,2026,2050,2046,2044,2051,8,-12,0,0,0,0,0,1,23,-15,52,91,-7,7,9,-7,-0.261,-0.049,0.995,0,-12,0,0,0,0,0,0,2738,2016,2035,2027,2051,2046,2045,2052,0,-9,0,0,1,0,0,1,-13,-14,52,89,-12,7,6,-12,-0.247,-0.029,1.007
2738,1934,2035,2027,2052,2049,2046,2051,0,-9,0,0,1,1,0,2,-13,-13,52,88,-12,-3,2,-12,-0.236,-0.013,1.014,-24,13,0,0,0,0,0,0,2714,1841,2035,2028,2052,2050,2048,2051,-5,0,0,0,1,0,0,-1,-51,36,52,83,-12,-9,-4,-7,-0.234,0.015,1.03
2653,1887,2037,2027,2052,2050,2048,2051,-8,8,0,0,1,0,0,1,-154,66,45,83,-11,-9,-6,-7,-0.235,0.023,1.005,1,5,0,0,0,0,0,0,2521,1986,2049,2027,2050,2050,2048,2051,1,1,0,0,0,0,0,0,-206,87,-6,87,-7,-9,-6,-7,-0.242,0.017,1.0
2521,2013,2049,2027,2050,2050,2048,2051,1,1,0,0,0,0,0,0,-196,95,-6,87,-7,-9,-6,-7,-0.25,0.017,0.997,-18,17,0,0,0,0,0,0,2516,2101,2050,2023,2049,2050,2048,2051,-12,19,0,0,0,0,0,0,-248,106,-10,102,7,-9,-7,-7,-0.229,0.003,1.008
2373,2223,2055,2023,2047,2050,2048,2051,-15,16,2,0,1,0,0,1,-228,97,-29,103,11,-9,-8,-8,-0.242,0.025,1.016,-31,-18,0,0,0,0,0,0,2055,2362,2061,2021,2048,2050,2048,2050,-53,1,0,0,1,0,0,0,-119,22,-57,115,12,-9,-7,-7,-0.146,-0.041,1.004
1721,2288,2060,2020,2050,2047,2035,2048,-41,-12,0,0,1,0,0,0,-27,-13,-53,116,-8,5,49,7,-0.155,-0.062,1.007,47,-15,0,0,0,0,0,0,1550,2089,2046,2019,2049,2047,2033,2050,36,-11,-8,0,1,0,0,1,42,14,-3,119,7,2,59,-7,-0.16,-0.071,1.018
1807,1989,2040,2021,2050,2050,2048,2051,33,-15,-3,0,1,0,1,-1,101,9,26,113,-7,-7,-1,-7,-0.207,-0.02,0.993,13,-10,0,0,0,0,0,0,2233,1844,2025,2047,2052,2058,2049,2050,26,-9,0,0,1,0,1,0,62,-14,94,4,-12,-46,-7,-7,-0.258,0.042,0.999
2356,1793,2025,2048,2052,2059,2048,2050,13,-9,0,0,1,0,0,0,40,-14,94,-1,-12,-47,-5,-7,-0.283,0.062,1.013,-48,14,0,0,0,0,0,0,2420,1718,2026,2047,2054,2059,2049,2049,-31,6,0,0,2,0,0,0,-58,23,91,1,-12,-47,-9,7,-0.238,0.054,1.0
2064,1743,2027,2031,2046,2058,2049,2049,-58,0,0,-1,0,0,0,1,-26,84,85,65,12,-44,-12,11,-0.173,0.013,1.025,40,42,0,0,0,0,0,0,1689,1889,2028,2017,2049,2047,2042,2052,25,40,0,0,2,0,0,1,84,213,82,128,7,3,20,-11,-0.371,-0.095,0.936
1946,2172,2027,2011,2048,2047,2042,2051,35,43,0,0,0,0,0,1,97,191,85,154,7,4,20,-7,-0.407,-0.083,0.93,8,-7,0,0,0,0,0,0,2400,2633,2026,2012,2050,2050,2048,2051,14,6,0,0,1,0,0,1,12,28,89,150,-7,-8,-5,-11,-0.435,-0.072,0.929
2440,2637,2026,2013,2050,2050,2048,2051,4,1,0,0,1,0,0,0,16,-9,90,148,-8,-8,-5,-7,-0.445,-0.072,0.931,-34,-4,0,0,0,0,0,0,2427,2593,2026,2012,2050,2050,2048,2051,-25,-11,0,0,1,0,0,0,-23,-14,90,146,-7,-8,-5,-7,-0.392,-0.07,0.939
2212,2535,2028,2012,2048,2048,2045,2047,-28,-4,0,0,0,-1,0,0,-31,14,85,150,7,-3,6,11,-0.374,-0.116,0.954,-17,-52,0,0,0,0,0,0,1860,2388,2038,2012,2050,2046,2033,2048,-19,-54,0,0,-2,0,0,2,-14,-33,40,151,-7,8,58,8,-0.345,-0.118,0.982
1717,1980,2033,2013,2051,2047,2041,2049,-19,-53,0,0,2,0,6,1,13,-14,59,147,-12,4,30,7,-0.244,-0.083,0.976,4,-6,0,0,0,0,0,0,1538,1525,2025,2017,2047,2050,2049,2048,0,-8,0,0,1,0,0,1,50,16,94,129,11,-8,-9,12,-0.272,-0.054,0.988
1538,1488,2025,2017,2047,2050,2049,2048,0,-6,0,0,0,0,0,0,76,14,94,129,12,-8,-9,10,-0.28,-0.053,0.998,36,4,0,0,0,0,0,0,1538,1438,2024,2018,2047,2050,2049,2048,0,0,0,0,0,0,0,1,334,23,95,125,11,-9,-9,9,-0.344,-0.016,0.973
1774,1439,2003,2029,2047,2065,2048,2049,38,1,-2,2,1,2,0,1,262,40,183,81,11,-69,-6,7,-0.37,0.024,0.978,-9,50,0,0,0,0,0,0,2025,1582,2002,2031,2048,2065,2048,2051,1,33,0,0,1,0,0,0,264,120,191,70,11,-72,-5,-7,-0.452,-0.04,0.944
2026,1798,2004,2011,2048,2064,2047,2051,1,33,0,0,1,0,0,1,171,293,184,152,11,-68,0,-9,-0.539,-0.095,0.883,31,-16,0,0,0,0,0,0,2127,2211,2005,1997,2049,2053,2045,2051,14,0,0,0,1,0,0,0,131,135,181,214,7,-22,7,-7,-0.498,-0.078,0.875
2256,2212,2003,1997,2049,2053,2045,2050,8,1,0,0,0,0,0,0,237,29,186,214,6,-22,7,-7,-0.542,-0.062,0.855,-32,14,0,0,0,0,0,0,2459,2150,2001,1999,2049,2053,2047,2051,0,0,0,0,1,0,0,0,85,40,195,206,7,-22,0,-11,-0.524,-0.064,0.879
2354,2150,2002,1999,2050,2054,2048,2052,-24,1,0,0,1,0,0,1,13,138,191,206,-7,-22,-5,-11,-0.508,-0.07,0.911,2,25,0,0,0,0,0,0,2115,2245,2005,1997,2050,2053,2048,2051,0,17,0,0,0,0,0,0,20,267,179,214,-7,-22,-5,-10,-0.521,-0.057,0.892
2116,2383,2007,1991,2049,2052,2048,2051,1,37,1,0,0,0,0,1,27,276,173,237,7,-18,-5,-7,-0.521,-0.146,0.893,-25,-57,0,0,0,0,0,0,2094,2626,2019,1982,2049,2046,2042,2049,-17,-12,1,0,-1,0,0,2,-13,-13,122,277,12,7,20,-2,-0.495,-0.128,0.893
1901,2256,2017,1983,2049,2046,2042,2050,-35,-60,0,0,1,0,0,1,14,-12,127,274,7,7,20,-7,-0.428,-0.091,0.926,-11,20,0,0,0,0,0,0,1632,1810,2016,1986,2049,2049,2045,2051,-9,0,0,0,0,0,0,0,29,72,133,261,7,-4,4,-7,-0.432,-0.127,0.944
1561,1810,2016,1985,2049,2049,2046,2051,-11,1,0,0,2,0,0,1,26,249,133,263,7,-3,5,-6,-0.426,-0.137,0.926,24,3,0,0,0,0,0,0,1506,1904,2018,1984,2048,2048,2045,2050,2,0,0,0,2,0,0,0,96,336,124,269,7,-3,8,-7,-0.483,-0.18,0.915
1593,1970,2017,1984,2048,2048,2045,2050,23,26,0,0,0,0,0,0,164,228,128,268,7,-3,8,-7,-0.449,-0.118,0.9,-9,23,0,0,0,0,0,0,1748,2069,2015,1983,2049,2048,2045,2051,1,1,0,0,1,0,0,1,147,299,136,270,6,-3,7,-6,-0.521,-0.167,0.92
1748,2151,2015,1982,2049,2048,2045,2051,1,20,0,0,0,0,0,0,77,423,134,276,7,-3,7,-6,-0.507,-0.155,0.902,4,20,0,0,0,0,0,0,1749,2358,2018,1960,2049,2046,2045,2050,1,28,0,0,-1,0,0,0,38,435,124,368,11,4,7,5,-0.528,-0.181,0.875
1778,2530,2021,1960,2049,2047,2045,2048,8,32,0,0,1,0,0,0,34,360,111,369,7,2,7,10,-0.537,-0.216,0.848,-9,-60,0,0,0,0,0,0,1815,2919,2025,1966,2048,2047,2044,2038,-3,3,0,1,0,0,0,-2,13,-140,90,347,12,2,13,10,-0.409,-0.218,0.944
1768,2715,2026,1966,2048,2046,2026,2034,-12,-89,1,0,0,0,1,1,13,-240,90,344,9,6,90,11,-0.412,-0.264,1.007,11,-21,0,0,0,0,0,0,1632,1793,2002,1966,2049,2049,2051,2034,0,-20,0,0,1,0,0,0,92,31,190,345,7,-7,-16,11,-0.45,-0.158,0.927
1632,1676,2001,1969,2049,2050,2051,2033,0,-18,0,0,1,0,0,0,183,18,193,333,7,-10,-16,11,-0.459,-0.129,0.913,45,17,0,0,0,0,0,0,1633,1516,2000,1991,2049,2051,2051,2033,3,0,0,0,1,0,0,0,659,76,198,238,5,-14,-16,11,-0.478,-0.134,0.925
1633,1521,2000,1990,2049,2051,2051,2033,1,4,0,-1,1,0,0,0,719,199,198,239,5,-14,-16,10,-0.508,-0.148,0.877,27,48,0,0,0,0,0,0,1711,1710,2000,1988,2050,2051,2050,2034,51,42,0,0,1,0,0,1,540,373,198,249,-6,-14,-12,10,-0.546,-0.136,0.829
1927,1958,1989,1985,2050,2051,2050,2034,4,35,0,0,1,0,0,0,574,458,244,262,-6,-14,-12,10,-0.598,-0.128,0.714,-21,-28,0,0,0,0,0,0,2253,2643,1990,1987,2049,2045,2046,2033,1,0,0,0,0,0,0,0,201,-20,240,255,6,11,5,11,-0.545,-0.152,0.868
2252,2456,1989,1987,2049,2045,2045,2033,-2,-38,0,0,-1,0,0,0,48,-14,244,255,7,11,8,11,-0.537,-0.147,0.854,29,25,0,0,0,0,0,0,2110,2217,1989,1988,2049,2046,2045,2034,0,2,0,0,1,0,0,1,185,81,244,251,6,10,8,10,-0.544,-0.118,0.857
2188,2343,1989,1988,2049,2045,2045,2034,29,34,0,0,0,0,0,0,299,95,244,251,7,10,8,11,-0.575,-0.155,0.857,-21,-55,0,0,0,0,0,0,2467,2524,1989,1988,2049,2046,2045,2034,-1,-30,0,0,0,0,0,1,118,-38,244,251,7,7,8,11,-0.559,-0.115,0.808
2405,2147,1987,2010,2050,2050,2048,2044,-33,-56,0,7,2,0,0,4,55,-26,252,161,-7,-9,-3,11,-0.517,-0.06,0.873,-31,19,0,0,0,0,0,0,2142,1698,1988,2034,2051,2052,2049,2048,-26,0,0,0,1,0,0,0,40,38,249,55,-9,-13,-5,11,-0.45,-0.076,0.891
1962,1717,1989,2027,2050,2051,2048,2048,-30,1,0,-2,0,0,0,1,19,151,244,84,-7,-13,-4,10,-0.469,-0.126,0.899,-2,33,0,0,0,0,0,0,1729,1853,1992,1998,2048,2051,2048,2048,0,38,0,0,0,0,0,0,20,281,233,206,12,-13,-4,10,-0.404,-0.094,0.88
1727,2060,1999,1992,2048,2048,2048,2048,0,28,0,-2,0,0,0,1,15,335,205,231,11,0,-4,10,-0.5,-0.161,0.905,8,9,0,0,0,0,0,0,1727,2256,2012,1976,2048,2048,2048,2048,1,1,0,0,0,0,0,0,25,519,149,301,11,0,-4,10,-0.498,-0.192,0.893
1727,2256,2012,1976,2048,2048,2048,2048,1,1,0,0,0,0,0,0,65,633,149,302,12,0,-4,10,-0.498,-0.179,0.901,38,-29,0,0,0,0,0,0,1879,2426,2010,1961,2048,2047,2048,2048,32,1,0,0,0,0,0,0,109,215,156,365,11,4,-4,10,-0.537,-0.154,0.863
2060,2425,2006,1962,2048,2047,2048,2048,23,-2,-4,0,0,0,0,0,223,22,171,361,11,4,-4,10,-0.573,-0.145,0.865,-28,1,0,0,0,0,0,0,2248,2235,1983,1965,2048,2047,2048,2048,1,0,0,0,1,0,0,0,172,19,270,349,11,4,-4,11,-0.532,-0.135,0.863
2192,2233,1984,1965,2048,2047,2048,2048,-28,-3,0,0,0,0,0,1,44,23,267,349,11,4,-4,10,-0.513,-0.14,0.884,-29,-2,0,0,0,0,0,0,1941,2204,1988,1964,2048,2048,2048,2048,-15,-7,0,0,0,0,0,0,-12,41,251,352,12,0,-4,11,-0.482,-0.18,0.897
2176,2061,2070,2050,2070,1989,2018,2065,1,0,0,0,0,0,0,1,-18,-14,-5,-3,-7,1,3,-7,0.056,0.003,1.035,31,7,0,0,0,0,0,0,2244,2084,2070,2050,2070,1988,2016,2066,29,7,0,0,-1,0,0,0,14,13,-4,-3,7,5,15,-8,0.023,-0.055,1.031
2442,2135,2067,2051,2069,1987,2008,2065,27,10,0,0,1,0,0,1,19,-10,5,-5,11,9,49,-1,-0.027,-0.079,1.024,10,51,0,0,0,0,0,0,2708,2348,2067,2051,2069,1988,2020,2065,22,53,0,0,-1,0,0,-1,16,17,6,-5,12,4,-2,6,-0.052,-0.062,1.041
2818,2675,2069,2048,2069,1991,2021,2066,12,52,0,0,1,1,0,1,-13,26,-3,7,7,-3,-10,-7,-0.225,-0.021,0.993,-41,-39,0,0,0,0,0,0,2929,3076,2072,2052,2072,1991,2022,2067,0,-12,0,1,-2,0,0,-1,-237,-98,-13,-6,-8,-7,-12,-11,0.113,0.069,1.037
2653,2862,2074,2053,2072,1990,2017,2063,-51,-36,0,0,1,0,-2,0,-168,-138,-22,-12,-8,-4,4,11,0.122,0.059,1.035,22,-4,0,0,0,0,0,0,2240,2444,2073,2054,2071,1988,2017,2064,2,-2,0,0,0,0,0,0,6,-34,-21,-17,-8,5,7,11,0.146,0.027,1.025
2340,2419,2073,2054,2071,1988,2017,2063,19,-7,0,0,1,0,0,0,21,-33,-18,-17,-7,7,7,6,0.117,0.007,1.025,6,0,0,0,0,0,0,0,2565,2367,2072,2054,2070,1988,2016,2063,8,0,0,0,0,0,0,1,-8,-22,-13,-17,0,5,9,7,0.113,0.001,1.052
2606,2367,2072,2054,2069,1988,2016,2063,7,0,0,0,0,0,0,1,-8,-21,-13,-17,7,5,11,7,0.104,-0.016,1.014,19,-11,0,0,0,0,0,0,2723,2354,2068,2054,2068,1988,2007,2063,21,-3,0,0,0,0,0,0,11,-43,3,-17,7,5,51,10,0.101,-0.056,1.025
2835,2319,2067,2062,2068,1988,1996,2063,18,-7,0,0,0,0,-5,0,12,-75,6,-49,11,5,95,10,0.137,-0.108,1.04,12,19,0,0,0,0,0,0,3015,2287,2067,2066,2069,1989,1986,2063,12,0,0,0,2,0,-2,0,13,-42,5,-67,7,2,139,10,0.136,-0.114,1.033
3071,2334,2067,2065,2069,1990,1985,2064,10,16,0,0,0,0,0,1,25,13,5,-64,7,-2,145,6,0.07,-0.14,1.028,-49,31,0,0,0,0,0,0,3067,2577,2070,2065,2070,1990,1988,2063,-41,40,0,0,0,0,0,1,-30,13,-7,-64,0,-3,134,10,0.133,-0.122,0.922
2931,2821,2074,2065,2072,1989,1999,2064,-47,40,0,0,1,0,6,1,-162,-16,-21,-64,-11,1,86,5,0.215,-0.049,1.046,6,8,0,0,0,0,0,0,2716,3093,2109,2050,2074,1991,2020,2063,-1,-3,0,-3,1,0,0,-1,-450,-16,-170,-8,-11,-7,-7,8,0.269,0.03,1.0
2715,3113,2109,2050,2074,1991,2020,2063,0,4,0,0,0,0,0,-1,-374,14,-169,0,-11,-7,-7,10,0.254,0.006,1.002,6,-56,0,0,0,0,0,0,2715,3067,2108,2052,2074,1991,2019,2066,0,-36,0,0,0,0,0,1,-263,-73,-167,-7,-11,-6,-3,-7,0.226,0.012,1.021
2714,2812,2108,2072,2072,1991,2019,2066,0,-24,0,1,0,0,0,0,-202,-245,-167,-91,-11,-7,-3,-5,0.313,0.067,0.99,-23,-4,0,0,0,0,0,0,2686,2632,2107,2101,2072,1990,2018,2066,-3,0,0,0,0,0,0,0,-232,-703,-162,-219,-11,-4,2,-5,0.376,0.011,0.927
2642,2614,2108,2101,2072,1990,2018,2066,-5,-37,0,0,0,0,0,1,-411,-685,-166,-219,-11,-4,2,-5,0.395,0.041,0.944,-9,30,0,0,0,0,0,0,2584,2603,2109,2101,2073,1990,2018,2066,-20,0,0,0,1,0,0,1,-649,-445,-171,-219,-10,-4,2,-6,0.421,0.033,0.937
2583,2603,2109,2101,2073,1990,2018,2067,1,0,0,0,1,0,0,1,-689,-139,-171,-219,-10,-4,1,-11,0.391,0.081,0.918,20,15,0,0,0,0,0,0,2584,2709,2109,2099,2074,1991,2019,2068,1,9,0,0,1,0,0,0,-522,-14,-173,-212,-11,-7,-2,-11,0.405,0.043,0.956
2584,2798,2110,2091,2074,1991,2019,2067,0,14,0,-2,1,0,0,0,-300,13,-174,-182,-11,-7,-2,-11,0.413,0.028,0.942,-12,-29,0,0,0,0,0,0,2592,2878,2109,2083,2075,1991,2019,2066,0,-6,0,0,1,0,0,0,-201,-55,-171,-144,-11,-7,-2,-7,0.383,0.031,0.95
2592,2758,2109,2083,2075,1991,2019,2066,0,-15,0,0,1,0,0,0,-314,-124,-171,-144,-11,-7,-2,-6,0.392,0.049,0.95,-26,-14,0,0,0,0,0,0,2591,2668,2109,2085,2075,1991,2018,2066,0,-8,0,1,1,0,0,0,-619,-398,-171,-151,-10,-7,0,-10,0.413,0.057,0.933
2583,2644,2109,2085,2075,1991,2018,2067,0,0,0,0,1,0,0,1,-652,-526,-171,-152,-10,-7,0,-10,0.402,0.034,0.913,19,4,0,0,0,0,0,0,2576,2603,2109,2095,2075,1991,2018,2066,0,0,0,0,1,0,0,0,-500,-590,-171,-195,-10,-7,0,-9,0.431,0.043,0.939
2576,2603,2109,2095,2075,1991,2018,2066,0,0,0,0,1,0,0,1,-301,-533,-171,-195,-11,-7,0,-10,0.417,0.038,0.938,-24,-2,0,0,0,0,0,0,2576,2603,2109,2095,2075,1991,2018,2066,0,0,0,0,1,0,0,1,-274,-492,-171,-195,-11,-7,0,-10,0.421,0.044,0.937
2576,2603,2109,2095,2075,1991,2018,2067,1,0,0,0,1,0,0,1,-525,-510,-171,-195,-10,-7,0,-10,0.418,0.044,0.937,12,-9,0,0,0,0,0,0,2576,2603,2109,2095,2075,1991,2018,2066,1,0,0,0,1,0,0,1,-550,-606,-171,-195,-10,-7,0,-10,0.418,0.046,0.938
2576,2603,2109,2095,2075,1991,2018,2066,0,0,0,0,1,0,0,0,-411,-677,-171,-195,-11,-7,0,-6,0.427,0.044,0.938,20,11,0,0,0,0,0,0,2577,2686,2109,2093,2076,1991,2019,2067,2,33,0,-1,0,0,0,0,-204,0,-171,-187,-11,-7,-2,-11,0.484,0.081,0.966
2588,2804,2109,2086,2075,1991,2019,2066,19,11,0,-5,0,0,0,0,-64,0,-171,-159,-12,-7,-4,-7,0.399,0.038,0.951,-22,-32,0,0,0,0,0,0,2650,2875,2108,2080,2075,1991,2019,2066,1,1,0,0,0,0,0,0,-79,0,-167,-127,-12,-7,-5,-7,0.393,0.047,0.958
2634,2884,2108,2080,2075,1991,2019,2066,0,2,0,0,0,0,0,1,-232,0,-167,-127,-11,-7,-4,-7,0.391,0.036,0.954,30,3,0,0,0,0,0,0,2621,2889,2109,2080,2075,1991,2019,2066,1,0,0,0,0,0,0,1,-234,0,-171,-127,-12,-7,-4,-7,0.393,0.035,0.951
2622,2889,2108,2080,2075,1991,2019,2066,5,0,0,0,0,0,0,-1,-30,0,-168,-127,-12,-7,-4,-10,0.377,0.043,0.961,-5,0,0,0,0,0,0,0,2773,2915,2108,2079,2075,1991,2019,2065,1,2,0,0,0,0,0,0,-13,0,-167,-124,-12,-7,-5,-7,0.364,0.038,0.957
2065,2081,2048,2051,2048,2048,2048,2050,0,1,0,0,0,0,0,1,-14,-14,0,0,0,0,0,-8,0.063,0.005,1.032,20,7,0,0,0,0,0,0,2122,2102,2048,2052,2047,2048,2047,2049,20,5,0,1,0,0,0,1,15,13,0,-3,7,0,2,-7,0.025,-0.01,1.029
2259,2154,2046,2053,2047,2047,2046,2050,20,5,0,0,0,0,0,1,14,0,6,-9,7,2,7,-7,-0.009,-0.032,1.039,-13,50,0,0,0,0,0,0,2417,2357,2048,2051,2047,2049,2050,2050,1,47,1,0,2,0,0,1,-30,21,0,-1,-5,-6,-9,-7,-0.053,0.04,1.053
2418,2664,2050,2048,2049,2050,2052,2051,1,45,0,0,-1,0,0,2,-115,39,-9,11,-7,-9,-19,-9,-0.061,0.088,1.026,35,-48,0,0,0,0,0,0,2353,2992,2050,2052,2050,2068,2046,2044,10,-31,0,1,0,0,0,-1,-14,-45,-9,-6,-12,-86,6,11,-0.016,0.031,1.051
2531,2781,2046,2057,2047,2045,2033,2043,26,-42,0,0,1,-3,-5,0,21,-150,7,-24,7,4,59,11,-0.011,-0.019,1.034,19,4,0,0,0,0,0,0,2833,2362,2036,2067,2047,2046,2016,2044,21,-4,0,0,-1,1,-3,1,29,-69,54,-68,9,7,129,11,0.08,-0.051,1.039
2986,2353,2037,2067,2046,2048,2012,2045,20,0,0,0,-1,0,-1,1,19,-42,46,-68,10,0,152,11,0.094,-0.065,1.029,-29,-16,0,0,0,0,0,0,3070,2347,2041,2067,2047,2048,2011,2044,-25,-6,2,0,1,0,0,0,-16,-71,28,-68,7,-2,159,11,0.121,-0.064,1.031
2910,2289,2050,2067,2049,2048,2012,2044,-18,-10,0,0,1,0,0,0,-38,-131,-5,-68,-7,-2,155,11,0.193,-0.025,1.005,5,33,0,0,0,0,0,0,2716,2198,2051,2067,2049,2048,2012,2045,0,2,0,0,-1,0,0,2,-33,-19,-13,-68,-7,-2,155,11,0.161,-0.034,1.015
2717,2324,2052,2065,2048,2048,2013,2048,1,23,0,-1,0,0,0,1,-16,31,-16,-61,0,-2,152,7,0.108,-0.043,1.026,27,-20,0,0,0,0,0,0,2839,2607,2051,2054,2048,2047,2012,2045,28,2,0,0,0,0,0,1,12,-50,-12,-12,5,-1,155,11,0.072,-0.079,1.027
2980,2584,2047,2054,2047,2047,2006,2045,21,-23,0,0,-1,0,0,1,20,-144,4,-14,9,3,180,11,0.122,-0.079,1.016,-25,33,0,0,0,0,0,0,3131,2371,2047,2054,2046,2048,2006,2045,-20,16,0,0,0,1,0,1,-14,16,6,-14,7,1,180,11,0.039,-0.083,1.034
2981,2587,2050,2054,2049,2048,2008,2045,-21,42,0,0,1,0,1,1,-22,14,-7,-14,-11,-3,174,11,0.041,-0.039,1.013,12,-12,0,0,0,0,0,0,2922,2927,2053,2084,2047,2048,2010,2035,0,1,0,1,1,0,0,0,-77,-98,-18,-144,-12,-1,164,11,0.168,-0.088,1.003
2924,2927,2052,2090,2049,2047,2010,2035,4,0,0,0,0,0,0,0,-17,-207,-16,-168,-7,3,164,10,0.239,-0.057,1.001,-36,-47,0,0,0,0,0,0,2961,2888,2052,2091,2049,2047,2009,2033,-15,-48,0,1,0,0,0,0,-101,-543,-16,-173,-7,5,167,10,0.386,-0.136,1.008
2774,2566,2053,2107,2049,2047,2009,2034,-34,-55,0,0,0,0,0,2,-150,-487,-21,-241,-12,2,168,10,0.462,-0.034,0.913,8,9,0,0,0,0,0,0,2517,1942,2063,2106,2050,2048,2008,2051,0,2,0,0,1,0,0,1,-126,-84,-62,-239,-12,-1,172,-11,0.45,-0.083,0.906
2517,1942,2063,2106,2050,2048,2008,2051,0,2,0,0,1,0,0,1,-65,-32,-62,-239,-12,-1,172,-11,0.461,-0.081,0.933,-12,60,0,0,0,0,0,0,2519,2069,2063,2105,2050,2047,2009,2053,1,37,0,0,0,0,0,0,-66,77,-62,-235,-12,1,169,-11,0.422,-0.121,0.914
2519,2545,2077,2098,2052,2049,2045,2051,1,79,0,0,1,1,7,1,-163,16,-121,-205,-12,-4,19,-11,0.541,0.133,0.871,37,-31,0,0,0,0,0,0,2523,2975,2079,2053,2064,2050,2048,2050,1,-11,-1,0,0,0,0,1,-70,-41,-131,-11,-12,-11,-1,-7,0.363,0.068,0.948
2664,2845,2077,2062,2063,2050,2048,2047,12,-17,0,2,0,0,0,2,12,-102,-122,-45,-12,-11,-1,7,0.372,0.123,0.91,-24,-12,0,0,0,0,0,0,2865,2704,2077,2075,2061,2051,2048,2048,-11,-14,0,2,0,0,0,1,-24,-306,-120,-101,-12,-14,-1,6,0.399,0.06,0.934
2775,2673,2077,2080,2061,2050,2047,2048,-18,0,0,1,0,0,0,1,-76,-393,-121,-123,-12,-11,2,6,0.394,0.045,0.941,-11,-24,0,0,0,0,0,0,2646,2607,2077,2089,2062,2050,2047,2048,-1,-17,0,0,0,0,0,1,-179,-603,-121,-165,-11,-11,3,6,0.437,0.06,0.915
1983,1963,2048,2049,2048,2049,2048,2050,0,1,0,0,0,0,0,1,0,0,1,-4,7,-5,-3,-8,0.081,0.019,1.03,19,27,27,-12,0,0,0,0,1712,1794,2170,2012,2049,2048,2039,2050,-140,-44,26,-4,0,0,0,-1,0,0,2,-72,-7,-2,37,-7,0.172,-0.014,0.891
992,1363,2356,1923,2044,2068,2046,2051,-76,-64,27,-12,-4,22,0,-8,0,0,0,-43,12,-74,5,3,0.307,0.025,1.217,87,57,-21,1,0,0,0,0,798,1000,2487,1822,2048,2074,2049,2049,0,3,-22,0,1,0,0,0,0,0,-81,2,7,-111,-5,7,0.154,0.126,1.002
798,1034,2350,1830,2047,2074,2049,2049,0,0,-20,0,0,0,0,0,0,0,-95,3,12,-111,-5,7,0.141,0.027,1.266,66,83,6,-14,0,0,0,0,1291,1778,2182,1781,2048,2049,2049,2049,12,174,7,-19,1,-1,0,1,0,0,30,-28,7,-4,-5,7,0.098,-0.03,1.108
1377,2280,2232,1690,2048,2047,2048,2050,27,1,8,-14,1,0,1,1,0,0,0,-43,7,3,0,-7,0.119,-0.015,0.956,42,-10,-37,56,0,0,0,0,1863,2323,2162,1791,2054,2059,2033,2051,24,-10,-37,51,-2,-13,-2,-1,0,0,-205,112,-12,-55,60,-7,-0.165,-0.118,1.083
3220,2234,1870,2106,2048,2047,2010,2049,160,-1,-31,45,1,0,4,1,0,0,-32,373,7,3,161,0,0.229,-0.002,1.298,-20,92,9,-56,0,0,0,0,3262,855,1633,2389,2052,2076,2048,2048,1,2,0,-56,-1,0,0,0,0,0,-90,-12,-12,-120,-2,7,0.121,0.051,1.047
3262,970,1681,2015,2051,2076,2048,2049,1,41,11,-54,1,0,0,1,0,0,-17,-14,-12,-120,-2,7,0.191,0.095,1.04,-54,101,37,19,0,0,0,0,3262,1453,1928,1652,2048,2058,2051,2048,0,-37,34,19,-1,1,0,0,0,0,-1,11,-5,-48,-14,7,-0.251,0.098,1.045
3254,1454,2149,1750,2050,2057,2047,2052,-1,14,34,19,0,-1,0,1,0,0,38,142,-7,-41,3,-11,-0.249,0.065,0.992,-61,64,15,13,0,0,0,0,3175,1359,2497,1938,2049,2047,2046,2052,-15,-10,15,10,-1,0,0,0,0,0,67,224,-8,2,6,-11,-0.305,0.025,1.032
3066,1318,2604,2012,2047,2045,2046,2053,-6,-5,14,14,0,0,0,1,0,0,39,280,11,7,6,-11,-0.295,-0.05,0.973,-18,74,-12,-9,0,0,0,0,2985,1208,2643,2104,2046,2046,2046,2052,0,1,0,0,0,0,0,1,0,0,151,153,12,6,6,-12,-0.295,-0.051,0.987
2984,1219,2609,2066,2047,2047,2046,2052,0,4,-8,-8,1,0,0,1,0,0,-51,56,10,3,6,-12,-0.269,-0.02,0.996,5,53,-41,4,0,0,0,0,3039,1251,2358,1998,2046,2047,2050,2052,20,-6,-37,0,-1,0,0,0,0,0,-145,122,11,1,-11,-12,-0.127,0.023,1.008
1972,2238,2050,2048,2048,2058,2054,2050,0,0,0,0,-1,6,0,0,0,0,-3,0,11,-41,-25,-7,0.076,0.05,1.013,12,34,37,17,0,0,0,0,1276,2509,2219,2089,2045,2047,2021,2045,-134,-2,34,19,-4,0,0,0,0,0,0,138,11,3,112,11,-0.083,-0.191,1.0
935,2564,2455,2209,2048,2047,2021,2042,3,4,36,17,1,0,0,1,0,0,27,114,7,2,113,11,0.0,-0.037,1.21,86,2,-37,19,0,0,0,0,798,3090,2586,2439,2047,2075,2049,2050,1,-3,-29,17,0,0,0,0,0,0,6,57,11,-116,-2,-8,-0.129,0.091,0.955
798,2938,2323,2571,2040,2066,2049,2050,1,-11,-39,21,2,-12,0,-1,0,0,0,43,12,-84,-5,-7,0.058,0.135,1.0,94,19,-14,-30,0,0,0,0,826,2722,2008,2600,2047,2061,2048,2045,9,3,-13,-29,1,0,0,-1,0,0,-87,-17,12,-57,-1,11,0.154,0.196,0.987
847,2747,1914,2440,2048,2050,2045,2042,1,13,-15,-25,1,-4,0,0,0,0,-92,-193,7,-14,9,11,0.222,0.12,0.999,93,-43,23,-16,0,0,0,0,931,3010,1877,2155,2051,2045,2035,2048,1,16,19,-11,2,0,0,1,0,0,34,-276,-12,9,52,7,0.253,0.064,1.038
2062,2061,2048,2048,2048,2048,2048,2049,0,2,0,0,0,0,0,1,-13,-14,-1,-1,0,-1,0,0,0.082,0.006,1.022,36,-10,12,-9,0,0,0,0,2197,2051,2084,2035,2049,2046,2045,2050,37,-2,7,-1,1,-2,0,-1,22,-26,71,-113,-7,3,11,-8,0.085,-0.064,1.019
2427,2030,2157,1993,2047,2046,2033,2051,32,-4,4,-2,1,0,-1,1,32,-59,105,-191,7,7,60,-11,0.166,-0.086,1.031,-60,39,-12,-1,0,0,0,0,2538,1947,2236,1869,2052,2049,2019,2061,-48,34,-4,-1,2,-1,0,1,-51,67,-56,10,-12,-4,122,-11,0.235,-0.067,1.03
2184,2223,2225,1848,2054,2046,2021,2047,-47,48,-2,-4,1,0,0,1,-98,54,-348,69,-11,4,114,9,0.205,-0.009,0.989,21,-12,-7,1,0,0,0,0,1782,2576,2138,1840,2054,2047,2050,2048,0,-3,-23,0,0,0,0,1,-38,-17,-519,92,-11,3,-9,6,0.315,0.059,0.97
1882,2533,2092,1840,2054,2047,2050,2048,19,-3,0,0,0,0,0,1,-17,-37,-515,120,-11,4,-9,6,0.32,0.045,0.982,3,11,-13,3,0,0,0,0,2079,2489,1983,1850,2054,2046,2049,2048,15,0,-10,0,0,0,0,2,-35,-25,-535,168,-11,6,-6,6,0.322,0.049,0.984
2082,2511,1904,1861,2054,2047,2049,2048,1,1,-21,4,0,0,0,1,-23,13,-577,210,-10,3,-6,6,0.343,0.064,0.967,5,-23,2,2,0,0,0,0,2141,2511,1848,1892,2053,2046,2048,2047,1,-14,0,2,0,0,0,1,-31,-18,-730,216,-10,4,-2,10,0.328,0.071,0.977
2181,2416,1848,1925,2053,2046,2046,2047,1,-14,0,5,1,0,0,0,-34,-57,-672,133,-11,6,6,10,0.332,0.06,0.976,4,16,11,5,0,0,0,0,2198,2281,1847,1977,2053,2046,2045,2048,1,0,0,6,0,0,0,0,-14,-21,-400,75,-11,6,11,7,0.326,0.072,0.99
2245,2344,1850,1996,2052,2046,2046,2048,2,15,7,6,1,0,0,1,-23,13,-100,135,-12,6,6,7,0.269,0.049,1.003,-23,-30,-4,-12,0,0,0,0,2253,2366,1929,2018,2052,2045,2045,2047,-13,-14,0,-9,0,0,0,1,-111,-35,-138,-15,-12,9,9,9,0.301,0.053,0.988
2131,2237,1930,1955,2053,2045,2044,2048,-16,-22,0,-7,1,0,0,2,-139,-91,-255,-92,-11,9,12,0,0.379,0.057,0.951,29,-12,-5,7,0,0,0,0,1930,1861,1858,1875,2052,2049,2049,2051,23,-18,-12,4,0,0,0,1,12,-18,-184,-18,-11,-7,-6,-12,0.374,0.05,0.945
2126,1775,1831,1924,2052,2046,2047,2051,31,-7,-1,8,0,0,0,0,11,-19,-205,-29,-12,3,1,-11,0.311,0.036,0.988,-45,17,9,-6,0,0,0,0,2298,1690,1792,1969,2052,2049,2049,2048,-31,12,8,-7,0,0,0,-1,-139,28,-40,-101,-11,-7,-6,6,0.385,0.068,0.939
1977,1799,1866,1912,2052,2049,2049,2047,-50,13,8,-9,0,0,0,1,-109,34,-95,-31,-12,-7,-4,9,0.426,0.055,0.934,44,16,-1,-6,0,0,0,0,1636,1990,1932,1829,2052,2048,2048,2049,34,23,0,-4,1,0,0,0,41,38,-95,2,-11,-6,-4,0,0.282,0.036,0.961
1955,2162,1931,1792,2051,2046,2045,2051,50,21,0,0,0,0,0,1,23,12,-119,-12,-11,4,9,-11,0.333,0.033,1.006,-12,-17,-5,20,0,0,0,0,2315,2318,1906,1830,2049,2046,2044,2050,1,-4,0,18,-1,0,0,-1,-30,-84,-141,8,-7,5,13,-7,0.302,0.017,0.981
2282,2205,1903,1962,2050,2045,2038,2050,-4,-16,0,20,0,0,0,0,-69,-77,-271,19,-11,9,38,-7,0.301,-0.003,0.984,13,-22,-7,-15,0,0,0,0,2248,1881,1855,2064,2050,2046,2039,2050,0,-22,0,-9,0,0,0,5,-48,-16,-363,-32,-12,6,38,-11,0.373,0.047,0.954
2290,1732,1770,1987,2049,2049,2049,2050,15,-18,-9,-13,0,1,1,1,-22,-17,-213,-132,-12,-5,-3,-7,0.375,0.056,0.95,-19,31,29,-7,0,0,0,0,2385,1646,1796,1840,2050,2048,2048,2051,0,25,28,-8,2,0,0,2,-107,27,-2,-140,-12,-4,-3,-11,0.314,0.022,0.964
2218,1844,1992,1787,2050,2048,2046,2056,-25,31,28,-8,0,0,0,2,-57,31,0,-118,-12,-4,6,-11,0.254,-0.021,0.951,16,28,-10,16,0,0,0,0,2055,2259,2200,1770,2052,2047,2038,2058,15,31,-6,15,1,0,0,-3,12,13,-110,22,-12,0,39,-10,0.167,-0.038,1.012
2153,2444,2145,1857,2049,2049,2049,2046,20,25,-9,18,1,0,0,2,14,15,-164,114,-7,-8,-4,6,0.149,0.062,1.016,-28,-45,7,4,0,0,0,0,2226,2507,2098,2001,2050,2047,2045,2046,-28,-31,0,9,0,-1,-2,-1,-42,-30,-169,111,-12,-3,10,11,0.255,0.024,1.012
2090,2292,2124,2056,2049,2045,2035,2043,-29,-37,6,3,1,0,-1,-1,-91,-104,-75,-4,-7,8,49,11,0.305,0.025,0.987,30,-22,-19,-7,0,0,0,0,1882,1754,2115,2091,2050,2046,2035,2051,26,-26,-18,0,1,0,1,0,15,-28,-160,-158,-12,5,54,-11,0.34,0.021,0.973
2096,1619,1983,2065,2050,2050,2046,2050,33,-21,-21,-8,1,0,2,0,12,-38,-149,-250,-12,-11,11,-7,0.304,0.061,0.962,5,16,19,9,0,0,0,0,2371,1440,1894,1998,2046,2062,2048,2049,0,12,18,7,1,-1,0,3,-13,18,-5,-10,12,-65,-3,-10,0.234,0.053,1.011
2384,1477,2013,2059,2045,2061,2046,2052,3,6,19,10,2,0,0,1,12,67,0,-2,11,-60,5,-11,0.174,0.034,1.0,4,23,-6,4,0,0,0,0,2446,1612,2153,2135,2049,2048,2030,2053,4,10,-5,2,2,0,-1,0,-9,190,-83,21,-12,-5,70,-11,0.104,-0.042,1.038
2473,1740,2119,2140,2048,2045,2022,2053,3,19,-5,0,0,0,0,0,-9,216,-111,113,-1,4,105,-10,0.083,-0.075,0.995,3,38,0,0,0,0,0,0,2534,2231,2090,2157,2048,2045,2036,2045,8,64,0,2,0,0,0,0,-15,37,-184,177,0,8,50,11,0.195,-0.007,0.975
2571,2490,2090,2179,2047,2045,2036,2048,7,42,0,0,0,0,0,1,-21,50,-184,82,7,8,49,1,0.046,0.04,0.975,-52,-1,-2,5,0,0,0,0,2587,2865,2092,2221,2052,2073,2048,2050,-32,0,0,3,1,0,0,1,-284,-13,-229,1,-11,-110,-4,-7,0.327,0.229,0.925
2207,2849,2093,2233,2051,2075,2048,2049,-75,-1,0,5,-1,1,0,1,-182,13,-290,86,-11,-117,-3,-7,0.448,0.202,0.929,16,-63,9,-15,0,0,0,0,1889,2618,2094,2230,2051,2073,2047,2046,0,-53,0,-12,1,0,0,1,-246,-48,-197,-20,-12,-111,4,10,0.423,0.175,0.905
1888,2333,2143,2224,2050,2071,2046,2046,0,-41,10,0,0,0,0,0,-97,-213,-140,-413,-12,-103,6,9,0.49,0.125,0.897,-8,-22,-18,8,0,0,0,0,1865,1754,2153,2142,2050,2059,2046,2045,0,-13,-13,0,1,0,0,0,-22,-219,-228,-418,-11,-51,6,10,0.511,0.104,0.891
1867,1575,2063,2141,2049,2059,2046,2046,1,-33,-19,0,0,0,0,1,-63,-154,-362,-188,-10,-51,6,10,0.488,0.108,0.867,42,43,-10,-9,0,0,0,0,1953,1350,1920,2165,2050,2060,2045,2050,52,26,-3,-7,1,0,-1,1,-17,50,-538,-189,-11,-56,10,-10,0.478,0.067,0.895
2205,1542,1801,2089,2050,2045,2034,2054,37,39,-34,-10,1,0,-2,1,11,140,-338,-127,-11,5,56,-11,0.379,0.039,0.931,-13,-14,24,6,0,0,0,0,2533,2016,1768,2040,2049,2048,2028,2048,1,1,21,3,1,-1,0,1,-56,-29,-42,-96,-9,-2,82,6,0.356,0.069,0.951
2422,2003,1921,2080,2049,2047,2028,2048,-20,-12,24,6,0,0,0,1,-28,-93,-1,-98,-7,0,82,6,0.378,0.071,0.971,5,-1,-8,7,0,0,0,0,2272,1888,2085,2158,2049,2047,2028,2047,1,0,-6,8,0,0,0,0,16,-88,-74,-101,-7,1,82,9,0.341,0.067,0.969
2310,1850,2047,2202,2049,2049,2033,2047,10,-8,0,4,0,0,0,1,13,-52,-139,-84,-7,-7,63,11,0.334,0.083,0.995,-18,29,0,-26,0,0,0,0,2346,1875,1998,2170,2049,2049,2034,2048,-16,31,0,-22,0,0,-1,1,-39,14,-198,-204,-7,-8,54,6,0.388,0.07,0.947
2212,2081,1998,2004,2050,2046,2031,2050,-18,28,0,-29,0,0,0,1,-31,13,-198,-240,-11,5,68,-10,0.407,0.044,0.962,-10,22,13,10,0,0,0,0,2083,2410,2021,1803,2050,2048,2032,2053,-10,17,11,0,1,0,0,0,-76,13,-50,-72,-12,-4,64,-11,0.354,0.031,0.956
1998,2558,2110,1856,2049,2046,2032,2054,-5,25,16,5,1,0,0,0,-68,12,-58,3,-7,5,65,-11,0.317,0.041,0.979,-10,-26,-15,1,0,0,0,0,1906,2749,2211,1939,2049,2046,2031,2052,-13,-1,-6,2,0,0,0,0,-83,-132,-332,-2,-7,5,67,-11,0.366,0.053,0.957
1875,2559,2131,1945,2049,2047,2030,2052,-20,-40,-21,0,1,1,0,1,-115,-79,-427,0,-11,3,72,-11,0.411,0.086,0.923,-12,-12,0,11,0,0,0,0,1733,2201,2020,1998,2048,2049,2032,2050,0,-11,0,10,0,0,0,0,-134,-16,-454,15,-2,-7,66,-7,0.425,0.104,0.929
1698,2132,2020,2074,2048,2049,2032,2049,0,-11,0,15,1,0,0,-1,-195,-22,-454,12,0,-7,65,-7,0.457,0.091,0.914,30,4,3,-2,0,0,0,0,1560,2020,2020,2152,2045,2061,2049,2050,22,5,0,-1,0,0,0,1,12,14,-400,-3,11,-57,-5,-7,0.41,0.146,0.923
1750,2045,2019,2149,2044,2062,2048,2048,34,10,0,0,0,0,0,0,12,14,-311,-42,11,-61,-3,7,0.379,0.142,0.95,6,17,8,-13,0,0,0,0,2042,2149,2019,2111,2049,2060,2045,2048,6,20,1,-10,0,-1,-1,0,-17,14,-64,-190,-12,-55,6,6,0.356,0.085,0.951
2060,2277,2065,2043,2049,2046,2038,2049,11,23,5,-9,2,-1,-2,0,-13,13,-21,-273,-12,2,34,0,0.338,0.06,0.986,32,5,10,0,0,0,0,0,2169,2469,2172,1950,2047,2047,2037,2047,20,7,10,0,-1,0,0,1,61,-23,-1,-309,11,2,42,6,0.325,0.032,0.909
2387,2504,2228,1950,2046,2046,2017,2052,45,7,10,0,0,0,-1,1,42,-24,25,-309,11,4,124,-10,0.305,-0.066,0.974,-46,5,-11,6,0,0,0,0,2553,2582,2278,1950,2048,2048,2016,2052,-33,1,0,0,2,0,0,1,-42,-31,-62,-200,-11,-1,132,-11,0.339,-0.031,0.965
2312,2600,2270,1953,2049,2046,2018,2052,-34,0,-2,0,0,0,0,-1,-108,-22,-338,-39,-7,5,124,-11,0.404,-0.014,0.961,24,1,3,6,0,0,0,0,1967,2622,2197,2023,2048,2048,2025,2050,12,1,0,8,0,1,2,0,-13,-15,-345,-11,0,0,95,-7,0.334,0.066,0.967
2118,2630,2196,2062,2047,2049,2033,2048,23,2,0,3,2,0,0,0,12,-16,-257,-15,7,-6,61,6,0.307,0.075,0.987,-27,-46,-4,-12,0,0,0,0,2295,2573,2196,2110,2049,2048,2030,2048,-16,-37,0,-1,0,-1,-2,1,-101,-149,-230,-247,-8,-5,69,9,0.427,0.058,0.93
2073,2251,2179,2069,2049,2047,2025,2049,-33,-59,-20,-11,0,0,0,1,-57,-108,-279,-417,-7,3,94,0,0.411,0.036,0.897,12,5,-17,-2,0,0,0,0,1846,1941,2083,1983,2049,2048,2024,2048,2,0,-22,-8,0,0,0,0,-13,-156,-323,-490,-7,0,97,5,0.517,0.06,0.855
1946,1940,1987,1964,2049,2048,2025,2048,14,0,-21,0,0,0,0,0,-18,-112,-403,-465,-7,-1,95,5,0.538,0.046,0.916,-12,26,3,-7,0,0,0,0,2060,1971,1891,1896,2049,2049,2025,2049,0,19,0,-9,0,0,0,0,-90,-14,-500,-372,-7,-5,94,-6,0.529,0.053,0.886
2055,2145,1891,1823,2047,2050,2026,2050,-10,26,0,-13,0,0,0,2,-177,-10,-415,-273,6,-8,91,-6,0.549,0.076,0.912,-12,12,-6,2,0,0,0,0,1918,2386,1891,1735,2047,2053,2038,2051,0,13,0,0,1,0,0,1,-203,13,-426,-93,0,-23,39,-11,0.489,0.088,0.866
1874,2452,1892,1728,2047,2054,2041,2050,-22,8,0,-3,1,0,1,1,-211,14,-600,-11,6,-23,27,-10,0.528,0.114,0.878,53,-21,10,5,0,0,0,0,1807,2492,1891,1767,2047,2059,2045,2051,44,-17,0,5,2,0,-1,0,10,-21,-616,2,6,-46,9,-11,0.525,0.09,0.918
2155,2399,1890,1805,2046,2050,2038,2050,34,-17,0,6,-2,0,0,0,15,-53,-325,-23,11,-8,39,-7,0.335,0.034,0.947,-26,-11,14,7,0,0,0,0,2496,2236,1962,1890,2048,2048,2037,2051,-24,0,14,5,1,0,0,1,-39,-109,0,-88,0,-1,44,-11,0.429,0.03,0.936
2297,2183,2058,1941,2048,2047,2033,2052,-29,-3,15,8,2,-1,0,1,-23,-137,-1,-101,-11,2,58,-11,0.392,0.011,0.936,2,-29,-10,7,0,0,0,0,2070,2011,2141,2035,2049,2047,2029,2050,4,-22,-9,9,1,0,0,0,8,-185,-117,-134,-7,4,78,-7,0.453,0.032,0.919
2082,1765,2078,2081,2049,2049,2029,2049,1,-40,-10,6,1,1,0,0,12,-113,-133,-137,-7,-1,76,0,0.446,0.032,0.933,-27,49,-1,-8,0,0,0,0,2058,1576,2017,2124,2050,2050,2031,2051,-11,33,1,-4,1,0,-1,1,-66,30,-222,-236,-11,-8,65,-11,0.458,0.056,0.93
1956,1892,2018,2054,2050,2049,2032,2048,-27,56,0,-10,1,0,0,1,-144,30,-256,-163,-11,-5,64,6,0.484,0.093,0.911,-13,23,-1,13,0,0,0,0,1690,2339,2018,1973,2050,2049,2034,2052,-8,15,0,4,1,0,0,1,-142,74,-308,155,-11,-5,55,-10,0.433,0.1,0.935
1613,2475,2018,2073,2045,2066,2049,2051,-24,31,0,38,-2,12,0,0,-150,69,-338,117,10,-70,-4,-11,0.488,0.169,0.867,13,-8,7,-6,0,0,0,0,1342,2737,2010,2169,2014,2069,2048,2050,-8,1,-3,-6,0,0,0,0,45,-13,-211,1,17,-91,-4,-7,0.369,0.223,0.926
1339,2709,2015,2130,2015,2069,2048,2050,1,-7,5,-5,1,0,0,0,135,-21,-26,-1,17,-90,-4,-7,0.33,0.162,0.915,32,-61,7,7,0,0,0,0,1453,2519,2098,2132,2013,2069,2045,2048,46,-50,9,7,-1,0,0,0,251,-160,-1,-70,18,-90,5,6,0.361,0.245,0.873
1766,2201,2134,2210,2027,2068,2045,2047,50,-49,3,5,6,0,0,0,137,-320,33,-203,12,-87,8,9,0.435,0.251,1.122,-13,-22,-2,-14,0,0,0,0,2113,1807,2187,2282,2048,2047,2025,2047,-2,-30,0,0,1,0,0,0,13,-661,5,-533,-7,5,92,8,0.473,0.122,0.886
2044,1746,2174,2282,2048,2047,2025,2047,-12,1,-2,0,0,0,0,0,-12,-736,-2,-933,-7,4,93,7,0.497,0.121,0.889,21,44,1,-17,0,0,0,0,2010,1746,2172,2279,2049,2046,2025,2047,14,0,0,0,0,-1,0,0,24,-285,-38,-1000,-7,5,93,9,0.436,0.113,0.92
2099,1830,2171,2228,2048,2047,2025,2047,15,61,2,-15,0,0,0,0,59,-69,-1,-904,-7,3,93,9,0.452,0.155,0.888,11,10,-10,-8,0,0,0,0,2327,2259,2135,2053,2046,2048,2026,2048,19,1,-11,0,0,0,0,1,41,-101,-12,-863,7,0,90,4,0.497,0.171,0.89
2426,2312,2064,1980,2047,2049,2026,2049,16,24,-12,-21,0,0,0,2,25,-112,-2,-796,7,-5,90,-5,0.436,0.161,0.904,-41,-20,5,16,0,0,0,0,2413,2399,2015,1945,2049,2047,2026,2050,-48,1,8,0,2,-1,0,1,-26,-250,-11,-608,-7,1,90,-10,0.499,0.188,0.816
2125,2399,2049,1966,2047,2049,2027,2050,-38,1,2,18,1,0,0,0,-23,-483,-20,-233,7,-5,86,-5,0.488,0.19,0.914,10,25,9,-12,0,0,0,0,1880,2238,2140,2084,2047,2048,2027,2049,0,1,9,0,2,0,0,0,-28,-214,-69,-429,7,-4,85,0,0.433,0.131,0.894
1890,2285,2191,2073,2048,2049,2028,2049,9,17,9,0,-1,0,1,0,12,-71,-29,-721,-7,-6,83,0,0.505,0.156,0.895,44,-42,-26,16,0,0,0,0,2035,2467,2163,1966,2047,2046,2024,2052,30,-3,-25,0,2,0,-8,1,112,-344,-99,-377,7,4,94,-10,0.398,0.09,0.957
2430,2200,1974,2054,2048,2046,2017,2049,50,-37,-27,24,-1,0,0,-1,24,-391,-71,-263,0,6,129,-2,0.556,0.089,0.87,-33,17,22,-12,0,0,0,0,2821,2074,1866,2179,2048,2047,2018,2048,-22,1,21,0,0,0,0,0,-130,-537,-15,-493,0,2,125,4,0.462,0.093,0.911
2577,2073,2014,2174,2047,2047,2018,2048,-46,1,23,0,1,0,0,0,-92,-329,0,-818,7,2,124,4,0.488,0.097,0.903,-22,-10,-13,-2,0,0,0,0,2150,2058,2144,2284,2048,2046,2048,2051,-12,-33,-34,25,1,0,5,0,-44,-154,-132,-147,6,3,6,-10,0.122,0.058,1.035
2010,1752,2066,2294,2046,2047,2051,2049,-21,-18,-6,0,1,0,0,1,-47,14,-167,0,11,2,-14,0,0.369,0.126,0.975,25,13,13,-3,0,0,0,0,1897,1682,2020,2335,2046,2049,2050,2050,10,1,0,2,1,0,0,1,12,40,-165,-6,12,-9,-12,-7,0.271,0.125,0.988
2068,1799,2080,2392,2047,2048,2049,2050,25,17,11,11,2,0,0,1,6,20,-47,-34,7,-7,-7,-7,0.187,0.121,0.996,0,35,-3,-13,0,0,0,0,2203,1998,2177,2452,2048,2048,2048,2049,4,23,0,1,0,0,0,3,22,73,-77,-2,0,-3,-5,-11,0.15,0.157,1.007
2227,2273,2177,2453,2045,2060,2049,2051,1,47,0,0,-1,9,0,-1,14,32,-163,0,11,-47,-7,-11,0.063,0.189,1.004,-33,-9,0,-24,0,0,0,0,2165,2575,2162,2448,2049,2066,2048,2048,-14,-4,0,0,2,0,0,0,-58,-14,-198,0,-8,-78,-3,7,0.181,0.215,0.991
2046,2518,2163,2447,2050,2067,2048,2048,-23,-10,0,0,1,0,0,1,-165,-15,-202,0,-11,-82,-3,7,0.259,0.253,0.966,11,-2,-19,-10,0,0,0,0,1718,2424,2149,2420,2045,2067,2048,2048,0,-1,-21,-3,0,0,0,1,-23,-10,-498,4,10,-83,-3,7,0.325,0.266,0.939
1764,2407,2026,2393,2043,2072,2048,2049,15,0,-22,-7,0,0,0,0,-14,4,-523,15,10,-104,-4,0,0.343,0.253,0.91,29,-28,1,-17,0,0,0,0,1980,2309,1855,2354,2029,2072,2048,2049,34,-20,0,0,0,0,0,-1,-14,-29,-411,0,12,-104,-3,0,0.306,0.267,0.956
2203,2166,1854,2414,2030,2071,2047,2048,29,-21,0,14,0,0,0,1,-19,-62,-378,-42,12,-101,2,6,0.305,0.232,0.949,10,38,12,-28,0,0,0,0,2433,2011,1834,2531,2027,2070,2049,2051,5,33,13,0,1,0,0,1,0,19,-9,-2,13,-96,-6,-11,0.188,0.245,0.996
2499,2249,1916,2529,2026,2071,2048,2050,7,39,12,0,0,0,0,0,0,26,-16,0,13,-101,-3,-7,0.104,0.253,1.006,8,-44,-8,-39,0,0,0,0,2640,2440,2004,2513,2027,2071,2047,2048,13,-35,0,1,0,0,0,-2,-19,-39,-162,-1,13,-101,1,11,0.141,0.225,0.986
2702,2183,1934,2568,2028,2070,2048,2047,12,-40,-8,3,1,0,0,1,-23,-70,-98,-24,12,-97,-2,6,0.221,0.209,0.978,-11,29,9,-32,0,0,0,0,2754,1892,1871,2570,2031,2069,2049,2050,1,8,11,0,1,0,0,1,-63,13,74,0,12,-93,-5,-7,0.189,0.215,0.998
2745,2083,1956,2571,2037,2070,2049,2050,1,28,9,0,1,0,0,2,-139,12,-13,0,11,-96,-5,-11,0.099,0.193,0.991,-40,2,4,-31,0,0,0,0,2498,2304,2050,2569,2042,2072,2049,2051,-50,6,1,0,1,0,0,2,-132,13,-53,0,11,-103,-4,-11,0.097,0.239,1.022
2209,2319,2085,2558,2045,2072,2048,2049,-13,1,11,-1,2,0,0,1,-136,14,-83,2,11,-104,-3,-7,0.228,0.265,0.972,33,15,-8,-30,0,0,0,0,1973,2369,2124,2522,2046,2072,2048,2050,1,13,0,-3,0,0,0,1,-26,23,-266,10,11,-104,-3,-7,0.212,0.265,0.983
2140,2472,2085,2501,2044,2072,2048,2051,29,9,-10,-5,-1,0,0,2,11,23,-336,12,11,-104,-3,-11,0.142,0.264,0.974,-23,1,1,-27,0,0,0,0,2344,2590,2003,2431,2043,2072,2048,2050,-14,5,0,-5,1,0,0,1,-48,20,-233,14,11,-104,-4,-11,0.159,0.242,0.979
2262,2607,2004,2404,2044,2072,2048,2050,-14,2,0,-3,1,0,0,0,-120,17,-206,9,11,-104,-4,-7,0.191,0.262,0.978,-22,-37,11,-28,0,0,0,0,2077,2519,2050,2382,2045,2072,2048,2050,-31,-28,8,0,1,0,0,0,-218,-34,-161,-1,11,-104,-4,-7,0.27,0.278,0.937
1840,2297,2120,2413,2045,2071,2046,2047,-43,-30,6,7,1,0,0,2,-103,-50,-144,-22,12,-101,3,7,0.298,0.267,0.936,25,7,2,-39,0,0,0,0,1566,1993,2199,2518,2044,2071,2047,2050,19,0,3,7,0,0,0,0,49,-15,-76,-18,11,-101,1,-7,0.249,0.27,0.953
1784,2020,2213,2570,2044,2071,2048,2050,30,3,0,1,0,0,0,1,16,3,-78,-14,11,-101,-3,-7,0.217,0.247,0.949,0,-30,-9,-26,0,0,0,0,2002,2059,2221,2570,2049,2070,2048,2050,1,-17,-2,0,2,0,0,0,-13,-101,-210,0,-7,-96,-6,-7,0.313,0.248,0.876
2003,1889,2167,2570,2048,2069,2048,2050,1,-25,-9,0,0,0,0,1,-13,-140,-245,0,0,-93,-6,-7,0.297,0.223,0.967,36,57,-4,-26,0,0,0,0,2139,1691,2082,2572,2046,2070,2045,2047,29,46,-2,0,0,0,-1,0,23,49,-259,0,11,-96,6,11,0.209,0.247,0.949
2395,2039,2051,2571,2046,2070,2046,2049,47,80,0,0,0,0,0,1,14,52,-240,0,11,-96,4,0,0.096,0.246,0.989,-53,3,8,-42,0,0,0,0,2711,2569,2028,2539,2048,2072,2048,2050,-27,1,0,-6,0,0,0,1,-300,18,-129,18,0,-105,-5,-11,0.178,0.285,0.914
2242,2575,2083,2493,2047,2064,2048,2050,-94,6,9,-6,1,-9,0,1,-88,23,-127,18,7,-72,-4,-7,0.035,0.105,0.829,-13,-59,8,-33,0,0,0,0,1576,2441,2143,2446,2036,2080,2047,2047,-33,-53,0,5,-1,0,-1,-1,24,-45,32,-4,11,-144,-1,11,0.151,0.179,0.999
1455,2079,2176,2533,2036,2080,2048,2048,-20,-51,6,17,0,0,1,1,42,-80,121,-54,11,-143,-1,7,0.157,0.167,1.011,71,9,-20,-35,0,0,0,0,1402,1596,2162,2571,2035,2080,2048,2048,66,1,-24,1,1,0,0,1,431,-21,46,-1,11,-144,-5,7,-0.008,0.141,1.0
1999,1617,2026,2572,2041,2080,2048,2047,105,14,-21,0,10,0,0,0,162,-9,72,0,11,-145,-4,11,0.152,0.165,1.047,-13,19,17,-25,0,0,0,0,2743,1781,1911,2572,2049,2067,2047,2022,-6,20,15,0,1,0,0,1,-19,-9,216,0,-8,-85,1,14,-0.049,0.067,1.026
2645,1893,2035,2573,2050,2066,2048,2032,-16,11,5,0,1,0,-1,1,-14,14,170,0,-12,-82,-5,11,-0.012,0.126,1.081,-5,32,-2,-37,0,0,0,0,2505,2145,2201,2551,2046,2048,2049,2051,-4,33,0,-1,-1,1,0,1,0,31,2,5,1,-4,-7,-12,-0.119,0.073,1.046
2476,2368,2188,2549,2054,2064,2048,2049,-3,31,0,0,3,0,0,-1,-13,28,-3,0,-12,-73,-4,-7,-0.093,0.087,1.028,-1,-54,-21,-33,0,0,0,0,2445,2452,2089,2503,2052,2070,2048,2049,-6,-43,-19,0,1,0,0,1,-13,-30,-40,4,-12,-99,-4,0,0.074,0.094,1.019
2451,2113,1957,2513,2054,2070,2047,2048,1,-51,-20,3,1,0,0,0,-17,-45,-83,-8,-12,-99,0,7,0.143,0.096,1.023,-39,35,1,-17,0,0,0,0,2473,1742,1821,2533,2046,2073,2049,2050,-9,29,0,0,0,1,0,0,-273,29,-189,0,10,-108,-7,-7,0.158,0.129,1.02
2283,1959,1821,2503,2043,2083,2048,2050,-55,35,0,-3,-1,0,0,-1,-288,39,-161,13,11,-155,-4,-7,0.111,0.056,1.005,-2,-10,21,-38,0,0,0,0,1662,2285,1880,2505,2048,2046,2044,2044,-9,1,18,1,0,0,0,1,11,-25,18,-8,-12,2,13,10,-0.034,0.009,1.027
1647,2230,1996,2531,2049,2046,2047,2047,-2,-6,15,5,1,0,0,1,12,-30,125,-16,-7,4,3,7,-0.081,0.006,1.038,61,1,-1,-38,0,0,0,0,1711,2186,2124,2571,2049,2046,2049,2051,55,2,0,0,1,0,0,1,194,-45,262,0,-10,4,-7,-11,-0.21,0.001,1.027
2065,2186,2122,2571,2050,2047,2049,2051,43,1,0,0,1,0,0,1,271,-40,246,0,-7,0,-7,-11,-0.046,0.142,1.108,-15,10,-13,-43,0,0,0,0,2743,2148,2118,2557,2048,2048,2047,2047,-7,10,-11,-1,-1,0,0,1,-16,17,-16,1,-4,-3,2,11,0.036,0.044,1.022
2674,2207,2048,2542,2048,2048,2048,2048,-9,9,-12,-2,1,0,0,1,-32,21,-89,6,-4,-4,-2,7,0.074,0.077,1.023,-3,2,-7,-19,0,0,0,0,2601,2294,1948,2497,2048,2049,2048,2049,1,6,0,-1,2,0,0,1,-75,18,-225,6,-7,-8,-4,0,0.065,0.083,1.02
2574,2313,1898,2481,2047,2049,2048,2049,-8,1,-10,-2,-1,0,0,1,-67,17,-221,5,10,-8,-4,0,0.066,0.083,1.044,-49,-36,-3,-31,0,0,0,0,2426,2230,1832,2478,2045,2063,2049,2050,-29,-33,0,0,0,2,0,-1,-208,-27,-225,-1,11,-64,-6,-7,0.158,0.171,0.985
2147,1985,1834,2476,2046,2060,2046,2047,-72,-39,0,0,0,-1,-3,0,-198,-25,-319,0,11,-59,4,11,0.052,0.02,1.065,30,18,9,-22,0,0,0,0,1620,1718,1765,2511,2046,2048,2046,2047,17,11,6,4,0,0,0,0,32,21,37,-17,12,-5,7,11,0.016,-0.039,1.032
1788,1842,1803,2536,2046,2049,2049,2050,30,19,5,0,0,0,0,-1,49,19,132,-4,11,-8,-4,-9,-0.055,-0.042,1.024,-2,10,25,-23,0,0,0,0,2003,2044,1936,2552,2045,2050,2049,2051,0,13,14,2,0,0,0,0,48,14,335,-7,11,-12,-6,-11,-0.235,-0.031,1.011
2001,2116,2079,2572,2045,2054,2049,2052,0,12,26,1,0,1,0,1,39,13,450,-6,10,-28,-6,-11,-0.317,-0.012,0.982,-9,3,-19,-21,0,0,0,0,1948,2218,2247,2573,2047,2054,2048,2050,0,4,0,0,1,0,-1,-1,32,-1,218,0,7,-30,-5,-7,-0.271,-0.018,0.985
1904,2226,2145,2572,2046,2054,2046,2047,-6,-1,-16,0,-1,0,-1,0,25,14,102,0,10,-30,5,11,-0.173,-0.077,1.005,-13,7,1,-24,0,0,0,0,1814,2226,2014,2567,2046,2053,2046,2046,-13,1,0,-1,1,0,0,0,-9,43,45,0,9,-25,6,11,-0.147,-0.05,1.018
1729,2266,2014,2566,2046,2053,2046,2042,-9,12,0,0,0,0,0,-1,-12,41,73,0,11,-25,7,11,-0.119,-0.076,0.998,28,5,-1,-23,0,0,0,0,1630,2398,2013,2569,2044,2061,2048,2047,7,8,0,0,0,0,0,1,134,14,92,0,11,-59,2,11,-0.16,-0.05,1.015
1767,2441,2011,2569,2040,2062,2049,2051,20,7,0,0,0,0,0,1,174,13,72,0,11,-64,-5,-11,-0.226,-0.053,1.005,-20,-5,6,-32,0,0,0,0,1951,2478,1991,2569,2039,2063,2050,2051,0,-1,0,0,0,0,0,1,76,-14,233,0,11,-67,-9,-11,-0.212,-0.048,1.029
1890,2446,2006,2569,2039,2063,2049,2049,-22,-4,18,0,0,0,0,0,24,-14,351,0,11,-67,-4,-7,-0.215,-0.06,0.994,47,-25,-13,-40,0,0,0,0,1789,2343,2051,2570,2038,2062,2050,2050,30,-16,-8,0,0,0,0,1,231,-45,113,0,11,-67,-7,-7,-0.224,-0.051,1.006
2083,2210,1941,2572,2038,2062,2050,2050,44,-15,-16,0,0,0,0,1,238,-81,201,-1,11,-64,-9,-11,-0.216,-0.045,1.014,-9,28,13,-34,0,0,0,0,2499,2078,1835,2572,2039,2046,2050,2052,0,10,0,0,1,0,0,1,104,-14,460,0,10,4,-8,-11,-0.274,-0.025,1.0
2500,2249,1898,2573,2040,2046,2050,2067,1,33,10,0,1,1,0,1,44,9,568,-1,10,1,-8,-12,-0.356,-0.062,0.927,0,-49,3,-39,0,0,0,0,2493,2366,2008,2574,2048,2056,2050,2068,0,-28,0,0,0,0,0,1,14,-122,590,0,-6,-38,-7,-12,-0.268,-0.019,0.996
2471,2095,2007,2574,2048,2045,2049,2067,0,-55,0,0,0,0,0,0,23,-163,679,0,0,8,-7,-11,-0.223,0.01,1.002,-50,30,1,-21,0,0,0,0,2259,1753,2082,2574,2048,2045,2050,2050,-47,0,15,0,0,0,0,-7,-11,-47,487,-1,-7,8,-8,6,-0.165,0.017,0.983
1925,1844,2128,2576,2048,2050,2049,2045,-43,27,2,1,-1,0,0,0,-11,14,317,-1,7,-12,-5,11,-0.144,-0.021,1.093,12,33,3,-24,0,0,0,0,1537,2163,2184,2575,2046,2056,2046,2040,0,38,1,0,0,4,0,2,57,43,166,0,11,-33,8,11,-0.151,0.01,1.02
1536,2422,2198,2576,2046,2063,2049,2050,0,35,0,0,0,0,0,1,150,26,193,0,11,-67,-4,-11,-0.202,0.004,1.018,10,-13,-2,-44,0,0,0,0,1561,2682,2196,2574,2046,2064,2049,2051,42,-11,0,0,0,0,0,1,252,-19,264,-1,10,-69,-5,-11,-0.25,-0.009,1.009
1615,2618,2196,2576,2045,2063,2049,2050,0,-11,0,0,0,0,0,-1,330,-30,207,0,11,-68,-5,-8,-0.239,-0.023,0.996,40,6,-13,-19,0,0,0,0,1827,2541,2124,2576,2045,2063,2050,2052,59,0,-19,0,0,0,0,1,345,-22,199,0,11,-67,-8,-11,-0.335,-0.001,0.997
2187,2556,2033,2576,2046,2063,2050,2052,51,9,-22,0,1,0,0,1,221,-15,209,0,11,-67,-8,-11,-0.36,0.024,0.93,-40,-3,17,-34,0,0,0,0,2659,2603,1959,2576,2050,2064,2050,2054,-16,1,12,0,1,0,0,1,-90,-22,414,0,-11,-68,-8,-11,-0.343,0.048,0.955
2349,2591,2081,2576,2050,2063,2049,2053,-63,-2,21,0,0,0,0,0,-29,-25,388,0,-11,-69,-5,-11,-0.372,0.021,0.958,41,-56,1,-24,0,0,0,0,1924,2435,2181,2576,2049,2063,2049,2050,1,-34,0,0,0,0,0,1,294,-156,541,0,-10,-66,-7,-7,-0.287,0.066,0.983
2082,2139,2180,2575,2049,2048,2050,2049,52,-69,0,0,0,0,0,0,349,-207,576,0,-6,-5,-7,2,-0.101,0.066,0.786,5,32,-23,-21,0,0,0,0,2794,1609,2254,2575,2047,2048,2036,2022,11,30,-16,1,11,0,0,1,-14,13,-131,-1,-12,-1,49,14,0.203,-0.04,0.989
2844,1692,2101,2574,2046,2047,2034,2022,3,9,-17,0,-1,0,0,0,-16,115,-139,0,11,3,57,14,0.338,-0.016,0.987,-39,11,-2,-30,0,0,0,0,2884,2126,1955,2576,2047,2047,2049,2031,1,21,0,0,1,0,0,5,-246,-14,-322,0,6,2,-6,11,0.38,-0.004,0.948
2837,2199,1956,2576,2049,2050,2049,2048,-15,11,0,0,1,0,0,2,-607,9,-384,0,-8,-10,-6,-6,0.295,0.088,0.979,-30,-22,13,-30,0,0,0,0,2829,2264,1956,2576,2050,2051,2050,2051,-1,-13,0,0,2,0,0,-1,-710,-63,-213,0,-10,-15,-8,-11,0.297,0.027,0.999
2740,2150,2024,2576,2050,2050,2049,2049,-1,-5,10,0,1,0,0,0,-662,-90,-132,0,-10,-11,-6,0,0.397,0.048,0.958,-38,-11,-8,-17,0,0,0,0,2469,1917,2145,2576,2050,2049,2049,2049,0,-10,0,0,1,0,0,1,-680,-77,-353,0,-10,-6,-6,0,0.416,0.063,0.935
2464,1864,2136,2575,2049,2046,2048,2046,0,-4,-18,0,0,0,0,0,-662,-106,-541,0,-7,5,-2,11,0.418,0.043,0.912,-19,6,-11,-24,0,0,0,0,2826,1689,1953,2575,2049,2046,2048,2046,11,0,-21,0,0,0,0,0,0,-14,-251,0,-7,5,-2,11,0.468,0.088,0.911
2900,1690,1890,2575,2049,2046,2048,2046,12,2,-2,0,0,0,0,0,0,17,-290,0,-7,5,-2,11,0.446,0.097,1.029,-75,1,22,-38,0,0,0,0,3030,1746,1847,2575,2049,2046,2048,2045,7,10,24,0,0,0,1,1,0,13,-12,0,-7,5,0,11,0.407,0.041,0.937
3029,1775,1983,2575,2049,2046,2048,2045,1,1,22,0,1,0,0,1,0,-14,0,0,-7,3,-1,11,0.407,0.017,0.954,-25,-12,-13,-36,0,0,0,0,3013,1811,2106,2575,2048,2047,2048,2045,0,-1,-11,0,-1,0,0,0,0,-69,-44,0,0,1,-1,11,0.414,0.029,0.952
3020,1753,2027,2575,2049,2047,2049,2045,5,-13,-11,0,0,0,0,0,0,-77,-82,0,-7,1,-5,11,0.428,0.053,0.934,-42,51,9,-17,0,0,0,0,3087,1719,1953,2575,2049,2047,2049,2046,-4,43,11,0,0,0,0,-1,0,41,-18,0,-12,1,-2,11,0.405,0.069,0.947
3060,2113,2012,2576,2045,2050,2049,2047,-3,52,7,0,-1,0,0,1,0,17,-23,0,11,-10,-5,7,0.224,0.153,0.965,-40,-42,-15,-15,0,0,0,0,3062,2445,2045,2576,2047,2051,2049,2042,0,-30,-11,0,1,0,0,0,0,-92,-150,0,7,-18,-7,10,0.268,0.24,0.959
3077,2249,1946,2576,2047,2051,2049,2042,6,-33,-23,0,2,0,0,0,0,-195,-161,0,7,-15,-6,10,0.333,0.262,0.922,-35,-15,19,-35,0,0,0,0,3156,2016,1876,2575,2049,2047,2049,2032,-3,0,18,0,0,0,0,0,0,-482,-2,0,-8,2,-6,10,0.351,0.224,0.931
3152,1989,1995,2574,2049,2047,2049,2032,0,0,16,0,0,0,0,0,0,-623,38,0,-10,4,-6,10,0.378,0.14,0.914,-21,4,9,-40,0,0,0,0,3110,1931,2200,2574,2046,2046,2049,2029,-1,0,12,0,-1,0,0,0,0,-655,-11,0,7,4,-6,10,0.435,0.133,0.937
3091,1932,2259,2574,2047,2047,2049,2029,-3,1,8,0,0,0,0,0,0,-588,-10,0,7,1,-6,10,0.438,0.111,0.912,-18,41,-1,-26,0,0,0,0,3062,1932,2327,2574,2046,2047,2049,2030,-2,1,0,0,2,0,0,1,0,-170,-31,0,7,1,-6,12,0.402,0.135,0.945
3045,2070,2328,2575,2047,2049,2050,2046,-4,21,0,0,1,1,0,4,0,-38,-61,0,7,-6,-9,6,0.32,0.161,0.963,-70,22,-18,-41,0,0,0,0,3004,2392,2299,2576,2048,2051,2048,2048,-2,20,-11,0,1,0,0,0,0,14,-312,0,-7,-15,-2,6,0.315,0.238,0.953
2983,2513,2205,2576,2048,2055,2047,2047,-3,20,-1,0,0,0,-1,0,0,23,-424,0,-7,-31,0,10,0.325,0.269,0.948,-37,-6,10,-37,0,0,0,0,2956,2673,2057,2575,2047,2058,2047,2048,1,1,0,0,0,0,0,2,0,14,-216,0,7,-44,3,-7,0.31,0.259,0.948
2952,2647,2094,2576,2046,2058,2048,2051,0,-6,8,0,0,0,0,1,0,-10,-86,0,12,-44,-1,-11,0.269,0.247,0.958,-45,-21,-4,-38,0,0,0,0,2904,2536,2169,2576,2046,2058,2049,2047,-4,-19,0,0,0,0,0,0,0,-21,-144,0,12,-44,-5,11,0.292,0.245,0.95
2890,2462,2170,2576,2047,2058,2049,2046,-1,-7,0,0,1,0,0,1,0,-75,-259,0,7,-44,-5,11,0.289,0.24,0.941,-69,-6,0,-18,0,0,0,0,2877,2334,2169,2576,2047,2058,2049,2046,0,-1,0,0,0,0,0,0,0,-124,-391,0,7,-45,-7,10,0.281,0.244,0.948
2873,2308,2169,2576,2047,2057,2050,2045,-1,-12,0,0,1,0,0,0,0,-145,-391,0,7,-43,-6,10,0.299,0.253,0.945,-50,-29,-17,-41,0,0,0,0,2872,2176,2082,2576,2046,2056,2049,2032,1,-14,-23,0,-1,0,0,0,0,-211,-347,0,11,-37,-7,10,0.384,0.284,0.902
2919,2050,1979,2576,2047,2056,2049,2030,10,-31,-10,0,0,0,0,0,0,-319,-385,0,6,-36,-7,11,0.46,0.258,0.891,-34,27,-5,-35,0,0,0,0,3037,1897,1805,2575,2047,2047,2049,2027,3,0,-3,0,1,0,0,0,0,-202,-318,0,7,0,-5,12,0.461,0.266,0.866
3052,1926,1783,2576,2046,2048,2050,2028,1,23,0,0,2,0,0,1,0,-46,-365,-1,7,-3,-8,12,0.402,0.28,0.905,-44,20,16,-15,0,0,0,0,3188,2166,1741,2576,2042,2050,2050,2052,11,19,19,0,0,0,0,1,0,-14,-51,0,11,-11,-8,-11,0.294,0.305,0.963
3215,2289,1848,2577,2040,2051,2049,2050,1,16,17,0,0,0,0,0,0,11,-1,0,11,-15,-8,-7,0.255,0.305,0.922,-28,-30,1,-22,0,0,0,0,3192,2399,1969,2576,2040,2054,2049,2046,-2,-12,3,0,1,0,0,0,0,-86,-7,0,11,-28,-6,11,0.268,0.314,0.935
3167,2277,1975,2576,2043,2054,2049,2040,-3,-14,1,0,2,0,0,0,0,-177,-7,0,12,-27,-6,10,0.301,0.301,0.936,-44,-10,-2,-33,0,0,0,0,3118,2128,1982,2576,2048,2047,2049,2035,-1,1,0,0,0,0,0,0,0,-373,-40,0,0,2,-6,10,0.361,0.317,0.913
3110,2098,1981,2576,2049,2047,2049,2032,-1,0,0,0,1,0,0,0,0,-434,-96,0,-7,4,-6,10,0.372,0.289,0.94,-75,-3,-8,-43,0,0,0,0,3101,2068,1939,2575,2048,2047,2049,2027,0,0,-11,0,0,0,0,0,0,-528,-135,0,0,2,-6,11,0.333,0.294,0.924
3105,2040,1885,2575,2049,2046,2049,2025,1,-35,-14,0,1,0,0,0,0,-432,-140,0,-7,5,-6,12,0.386,0.28,0.909,-28,-23,18,-26,0,0,0,0,3127,1988,1876,2575,2050,2046,2049,2020,-3,0,15,0,1,0,0,0,0,-624,-9,0,-12,5,-6,13,0.406,0.238,0.9
2050,2048,2047,2053,2046,2049,2048,2051,-1,-1,0,-1,1,0,0,0,-13,-14,-6,0,-7,-2,-26,9,0.011,-0.017,1.045,-24,21,-8,-7,0,0,0,0,1969,2115,2026,2017,2044,2049,2048,2051,-24,22,-8,-6,-2,0,0,1,-22,19,-66,11,11,-4,-26,11,0.056,-0.014,1.037
1793,2238,1980,1969,2044,2049,2047,2051,-24,23,-3,-8,1,0,-1,0,-17,28,-102,22,6,-2,-23,11,0.088,-0.023,0.979,14,-10,8,9,0,0,0,0,1609,2469,1919,1941,2047,2047,2035,2051,4,1,6,9,1,0,0,1,30,-47,41,82,-6,7,28,11,-0.0,-0.128,1.041
1654,2457,1961,1999,2045,2047,2036,2051,8,-10,6,9,2,0,0,0,72,-90,92,95,6,7,27,11,-0.036,-0.107,1.032,2,-36,3,-16,0,0,0,0,1739,2253,2018,2043,2046,2046,2030,2050,7,-37,0,-2,1,-1,-1,4,94,-130,174,-91,-5,9,47,7,0.017,-0.138,1.006
1749,1999,2017,1961,2047,2046,2044,2050,1,-50,0,-19,2,0,13,-3,100,-100,262,-205,-10,14,1,11,-0.062,0.01,1.041,7,2,14,7,0,0,0,0,1747,1566,2058,1817,2039,2065,2043,2052,0,1,10,6,0,0,-1,2,166,14,452,5,9,-69,-7,7,-0.219,0.093,0.99
1747,1567,2137,1870,2039,2065,2043,2052,1,1,12,7,0,0,0,1,232,15,518,0,9,-69,-5,7,-0.247,0.08,0.973,36,31,-2,-6,0,0,0,0,1814,1689,2232,1891,2047,2065,2043,2052,54,35,0,-4,4,0,0,1,427,34,543,-1,-9,-69,-5,7,-0.416,0.08,0.929
2163,1913,2232,1851,2058,2065,2042,2052,65,33,0,-6,4,0,0,1,230,26,487,0,-10,-70,-1,7,-0.413,0.075,0.927,-7,-19,-2,15,0,0,0,0,2697,2123,2249,1848,2064,2063,2043,2054,2,-19,0,15,1,0,0,1,-15,-14,314,106,-11,-62,-6,-7,-0.417,0.057,0.937
2682,1981,2249,1940,2064,2063,2043,2054,-6,-22,0,14,1,0,0,1,-29,-13,254,141,-11,-62,-6,-7,-0.393,0.066,0.929,-20,0,-18,9,0,0,0,0,2615,1801,2203,2067,2064,2063,2044,2055,-1,0,-16,5,1,0,0,1,-116,19,8,273,-11,-60,-9,-11,-0.402,0.067,0.953
2616,1800,2113,2090,2045,2061,2044,2055,-2,0,-15,3,2,0,0,1,-301,20,-87,427,-5,-51,-9,-10,-0.375,0.106,0.986,-47,19,5,2,0,0,0,0,2182,1799,1995,2172,2047,2047,2026,2054,-83,0,-3,0,2,0,-6,1,-116,107,-95,418,-6,4,61,-9,-0.369,-0.083,0.992
1703,1798,2010,2171,2047,2049,2024,2054,-49,0,7,0,1,0,0,0,-27,282,-3,479,-6,0,75,-6,-0.344,-0.103,0.975,9,37,-7,-2,0,0,0,0,1353,1888,2040,2169,2047,2049,2017,2053,0,71,-3,0,2,0,-2,-1,12,567,-103,515,-9,-1,101,0,-0.437,-0.156,0.899
1412,2251,1992,2168,2046,2049,2017,2039,7,59,-9,0,1,0,0,-8,8,365,-104,463,-6,-1,104,10,-0.475,-0.216,0.794,22,-57,-2,4,0,0,0,0,1548,2881,1912,2238,2045,2049,2012,2008,19,-15,-3,5,2,0,0,1,21,-258,-36,172,-6,0,128,23,-0.399,-0.325,0.944
1684,2523,1889,2266,2046,2047,2013,2000,13,-16,-2,22,-1,0,0,-1,30,-308,8,173,-2,7,126,29,-0.123,-0.213,1.005,-2,4,-5,-5,0,0,0,0,1812,2078,1849,2366,2045,2048,2011,1992,1,-26,-2,0,1,0,0,0,43,-208,17,-216,6,6,134,36,-0.131,-0.242,1.004
1813,2043,1815,2364,2045,2048,2010,1992,2,1,-6,-1,0,0,0,-1,32,-149,4,-351,6,4,137,33,-0.115,-0.268,0.972,45,-1,8,-2,0,0,0,0,1949,2044,1775,2338,2047,2047,2009,1992,30,1,0,0,1,0,0,1,96,-122,164,-446,-6,8,145,32,-0.195,-0.245,0.977
2188,2044,1774,2338,2046,2047,2009,1993,39,1,0,0,0,0,0,1,148,-129,397,-505,0,8,142,30,-0.235,-0.252,0.965,-24,26,26,-31,0,0,0,0,2522,2074,1926,2172,2044,2047,2011,2057,1,14,29,-48,1,0,0,7,33,-38,514,-445,10,8,135,-11,-0.388,-0.158,0.935
2392,2188,2065,1882,2045,2054,2043,2054,-36,12,21,-36,2,0,0,0,24,12,662,-97,-5,-19,-2,-7,-0.452,-0.056,0.942,-11,-3,4,15,0,0,0,0,2142,2393,2245,1691,2050,2074,2042,2054,-27,0,3,15,1,0,0,1,46,-22,844,-36,-8,-105,-2,-7,-0.424,-0.027,0.917
2028,2374,2290,1791,2050,2074,2042,2053,-20,-5,6,13,1,0,0,-1,63,-21,763,-4,-9,-105,-2,-7,-0.424,-0.046,0.898,21,-25,-13,6,0,0,0,0,1947,2262,2338,1931,2050,2074,2039,2053,1,-21,0,7,1,0,0,1,204,-41,458,0,-10,-105,10,0,-0.411,-0.041,0.937
1960,2101,2299,1971,2050,2074,2039,2054,27,-28,-14,6,1,0,0,1,345,-42,248,0,-9,-102,11,-8,-0.48,-0.058,0.913,12,9,-3,2,0,0,0,0,2174,1877,2200,2024,2050,2074,2039,2054,0,4,0,2,1,0,0,0,399,13,177,1,-10,-104,9,-8,-0.449,-0.072,0.914
2354,1922,2167,2037,2050,2073,2039,2054,21,10,0,0,1,0,0,0,222,14,234,2,-10,-102,11,-7,-0.505,-0.083,0.917,-12,18,-5,2,0,0,0,0,2465,2052,2125,2056,2049,2073,2039,2053,0,14,-6,0,1,0,0,0,114,24,213,24,-10,-102,11,-7,-0.432,-0.08,0.925
2466,2154,2109,2054,2049,2073,2040,2053,1,10,0,0,1,0,0,0,36,41,142,89,-10,-102,8,7,-0.441,-0.07,0.926,-32,-13,-1,1,0,0,0,0,2327,2249,2080,2053,2050,2073,2043,2053,-30,0,0,0,1,0,0,1,-19,19,80,181,-10,-102,-6,0,-0.412,-0.063,0.987
2092,2174,2080,2052,2045,2073,2042,2052,-37,-12,0,0,-1,0,0,0,-13,16,51,211,7,-102,-2,7,-0.341,-0.101,0.97,6,4,8,8,0,0,0,0,1829,2063,2082,2053,2044,2072,2040,2052,0,0,0,1,0,0,0,0,23,34,157,389,10,-98,6,6,-0.364,-0.135,0.939
1829,2063,2120,2088,2044,2072,2040,2051,2,0,2,0,0,0,0,0,50,55,222,465,10,-98,6,6,-0.392,-0.106,0.951,28,1,-7,-16,0,0,0,0,1899,2063,2174,2153,2044,2072,2041,2052,23,0,0,0,0,0,0,1,159,88,136,164,10,-98,4,7,-0.445,-0.119,0.94
2062,2098,2122,2073,2045,2073,2041,2053,19,9,-5,-15,1,0,0,1,220,52,152,15,5,-101,4,-7,-0.438,-0.082,0.932,-4,10,-5,6,0,0,0,0,2305,2222,2038,1964,2046,2073,2043,2054,1,4,-6,1,1,0,0,2,130,18,179,87,0,-101,-4,-12,-0.429,-0.079,0.925
2315,2246,2017,1983,2046,2073,2043,2054,6,7,-7,4,0,0,0,0,83,43,126,181,0,-101,-5,-7,-0.43,-0.087,0.933,1,-25,16,14,0,0,0,0,2349,2254,1998,2063,2046,2073,2042,2052,6,-7,13,19,0,0,0,0,37,14,343,303,0,-101,-2,6,-0.475,-0.092,0.945
2352,2092,2072,2173,2046,2073,2040,2052,0,-20,22,20,0,0,0,0,40,-12,487,237,5,-101,7,7,-0.478,-0.12,0.913,15,24,-13,-19,0,0,0,0,2351,1910,2155,2239,2047,2073,2040,2052,1,20,0,-20,1,0,0,0,128,71,426,7,-5,-101,7,7,-0.473,-0.105,0.908
2399,2119,2118,2116,2047,2073,2039,2052,28,31,-5,-18,0,0,0,1,165,36,210,0,-5,-101,12,7,-0.488,-0.124,0.918,-7,-10,-13,-3,0,0,0,0,2569,2353,1966,1960,2047,2073,2039,2053,2,-6,-15,-1,1,0,0,1,72,-19,172,14,-6,-101,12,-7,-0.409,-0.108,0.922
2570,2277,1889,1940,2047,2073,2039,2054,1,-12,-10,0,0,0,0,1,32,-15,131,14,-6,-101,12,-7,-0.394,-0.105,0.938,-22,-21,15,15,0,0,0,0,2485,2082,1794,1941,2043,2073,2044,2054,-17,-22,0,15,0,0,1,1,-13,-13,371,190,9,-101,-7,-7,-0.384,-0.112,0.951
2331,1929,1888,2040,2043,2073,2044,2054,-26,-16,15,17,0,0,0,0,-12,-13,412,204,10,-101,-9,-9,-0.403,-0.12,0.995,-8,45,-9,-16,0,0,0,0,2085,1826,1999,2108,2043,2073,2043,2054,-5,32,0,-14,0,0,0,0,19,133,274,106,10,-101,-5,-7,-0.416,-0.121,0.938
2049,2100,1986,1991,2043,2072,2043,2053,-6,46,-6,-17,1,0,0,1,13,166,70,148,10,-98,-5,0,-0.397,-0.155,0.941,25,-22,17,17,0,0,0,0,2042,2506,1937,1876,2043,2063,2040,2052,10,-1,8,9,0,0,0,0,62,13,290,421,10,-59,7,6,-0.478,-0.186,0.894
2128,2395,2011,1994,2043,2062,2037,2051,17,-17,7,16,0,0,0,0,152,-14,462,410,9,-56,18,10,-0.519,-0.164,0.883,-36,-21,10,-13,0,0,0,0,2240,2135,2137,2147,2043,2057,2032,2053,0,-18,22,0,0,0,0,2,28,-15,691,83,9,-34,41,-1,-0.458,-0.101,0.913
1999,1994,2198,2074,2044,2057,2033,2055,-39,-19,21,-11,2,0,0,1,39,-15,717,0,8,-34,37,-11,-0.439,-0.082,0.925,11,43,-28,13,0,0,0,0,1710,1947,2276,2012,2044,2058,2039,2054,0,37,-19,0,1,0,0,0,119,46,201,89,3,-39,12,-7,-0.435,-0.117,0.933
1772,2125,2112,2015,2044,2057,2039,2052,32,27,-27,0,-1,0,0,0,102,172,42,446,10,-38,12,5,-0.451,-0.17,0.933,11,-26,-8,-2,0,0,0,0,2048,2410,1875,2049,2045,2049,2036,2050,13,1,-8,0,-1,0,0,0,13,52,0,703,10,-2,24,10,-0.385,-0.22,0.909
2121,2320,1818,2050,2045,2048,2036,2050,11,-28,-10,0,0,0,0,0,14,15,0,645,6,3,24,10,-0.384,-0.195,0.929,-7,-31,0,8,0,0,0,0,2168,1941,1748,2086,2044,2048,2036,2051,0,-35,-6,7,1,0,0,0,13,26,48,574,10,3,25,10,-0.353,-0.225,0.935
2137,1748,1746,2163,2044,2050,2036,2050,-6,-33,0,16,0,0,0,1,-10,17,59,476,10,-5,23,10,-0.353,-0.201,0.94,30,17,19,-20,0,0,0,0,2128,1496,1770,2228,2043,2050,2036,2052,21,0,12,-11,0,0,0,1,75,111,311,84,10,-6,23,7,-0.433,-0.176,0.929
2231,1607,1833,2102,2042,2050,2040,2052,18,23,20,-19,0,0,1,0,189,90,595,2,8,-6,8,7,-0.538,-0.105,0.865,-16,20,15,3,0,0,0,0,2351,1936,1942,1965,2042,2050,2043,2051,1,19,0,0,0,0,0,2,200,20,972,26,8,-9,-6,7,-0.503,-0.103,0.899
