2065,2153,2051,2079,2048,2049,2056,2049,1,1,0,0,1,0,0,1,-13,-16,-9,-9,6,-4,-5,0,0.021,0.032,1.032,-21,12,2,0,0,0,0,0,2018,2189,2061,2076,2047,2050,2057,2048,-18,15,3,0,-1,0,0,1,-37,12,-11,3,8,-6,-8,5,0.054,0.057,1.018
1873,2270,2075,2075,2047,2050,2057,2048,-21,9,2,0,1,0,0,0,-35,13,-15,6,6,-6,-8,7,0.062,0.061,1.033,22,3,8,3,0,0,0,0,1746,2373,2129,2074,2046,2050,2057,2051,14,7,6,1,0,0,0,2,16,-10,-27,68,10,-8,-8,-12,0.014,0.061,1.028
1866,2395,2181,2094,2043,2050,2058,2051,20,4,8,3,0,0,0,1,29,-10,-4,67,10,-8,-12,-12,0.01,0.064,1.039,-24,-16,1,3,0,0,0,0,1991,2395,2245,2146,2048,2050,2059,2050,-22,-7,0,3,1,0,0,0,-19,-37,-7,1,6,-8,-16,-7,0.025,0.056,1.021
1822,2313,2253,2169,2047,2049,2058,2048,-23,-8,1,6,0,0,0,0,-17,-57,-11,-6,10,-4,-13,7,0.037,0.045,1.028,26,23,-21,-6,0,0,0,0,1720,2216,2206,2161,2046,2050,2057,2049,26,18,-16,-9,0,0,0,1,17,13,-172,-5,10,-8,-8,-1,0.031,0.08,1.034
1905,2349,2074,2119,2046,2053,2057,2050,28,15,-17,-6,0,2,0,0,14,20,-211,0,10,-19,-8,-7,0.054,0.08,1.04,9,-49,12,-1,0,0,0,0,2193,2396,1920,2072,2046,2057,2054,2047,7,-29,4,-1,1,-1,0,0,-20,-59,-38,-3,11,-38,5,12,0.078,0.053,1.038
2224,2170,1997,2083,2048,2047,2052,2046,11,-28,10,0,1,0,0,0,0,-179,-2,-78,6,3,13,11,0.127,0.032,1.054,-11,-15,11,-18,0,0,0,0,2226,1628,2067,2021,2052,2067,2055,2050,-11,-31,20,-54,1,8,0,6,13,-47,292,-193,-10,-77,-1,-11,-0.052,0.142,0.987
2192,1475,2213,1868,2055,2069,2055,2048,2,-20,16,-11,1,0,0,1,-23,-24,14,-48,-11,-88,1,7,0.048,0.141,1.036,19,71,-4,4,0,0,0,0,2176,1583,2302,1734,2060,2069,2056,2050,10,59,0,4,0,0,0,2,12,44,-101,-4,-11,-89,-4,-12,-0.064,0.124,1.031
2267,1979,2280,1732,2061,2068,2056,2052,11,54,-1,0,1,0,0,1,22,144,-123,110,-10,-86,-1,-11,-0.143,0.114,0.999,-20,-26,-12,26,0,0,0,0,2432,2460,2211,1757,2063,2068,2056,2055,-11,1,-6,33,1,0,0,0,-60,47,-188,633,-10,-84,-4,-10,-0.125,0.103,1.002
2327,2301,2143,1883,2063,2060,2055,2055,-7,-35,-27,21,0,0,0,1,-80,54,-252,843,-10,-52,-1,-9,-0.086,0.076,1.051,6,35,6,0,0,0,0,0,2273,2075,2092,1957,2062,2060,2055,2055,0,0,0,0,0,0,0,1,-164,340,-316,999,-10,-50,0,-8,-0.12,0.08,1.067
2273,2147,2092,1957,2060,2060,2055,2055,0,2,0,0,0,0,0,1,-112,663,-145,999,-10,-50,0,-9,-0.175,0.064,1.015,-1,-16,7,0,0,0,0,0,2246,2726,2142,2080,2048,2049,2055,2055,-1,26,8,1,0,0,0,0,-48,21,-20,474,6,-3,0,-11,-0.14,0.041,1.02
2217,2693,2186,2091,2048,2049,2055,2055,-8,-7,6,14,2,0,0,1,-32,-19,0,431,6,-3,0,-11,-0.11,0.063,1.025,14,-27,-19,-8,0,0,0,0,2216,2541,2159,2101,2049,2048,2052,2050,13,-20,-18,0,2,0,0,-1,13,-103,-14,235,-6,0,13,-7,-0.015,0.037,1.032
2305,2424,2035,2092,2049,2047,2038,2049,12,-28,-19,-4,3,0,-2,1,13,-166,-31,43,-10,5,68,0,-0.03,0.034,1.027,17,-28,10,14,0,0,0,0,2460,1873,1877,2042,2050,2051,2042,2055,14,-30,-1,12,0,0,0,1,26,15,189,253,-10,-11,55,-11,0.011,0.055,1.028
2546,1672,1943,2171,2050,2050,2046,2056,22,-29,13,13,0,0,2,0,42,15,213,119,-6,-9,40,-12,-0.064,0.036,1.046,-12,51,-8,-11,0,0,0,0,2686,1476,2019,2250,2050,2049,2053,2055,-4,26,0,-11,0,-1,0,0,-12,277,74,40,-7,-6,7,-11,-0.048,0.031,1.059
2624,1703,1978,2146,2049,2047,2051,2056,-10,40,-7,-13,1,0,0,1,-14,465,2,166,-6,4,16,-11,-0.074,0.024,1.05,-13,28,-9,2,0,0,0,0,2481,2407,1890,2046,2049,2049,2051,2051,-13,72,-10,0,-1,2,6,2,-17,103,-47,269,5,-4,21,-11,-0.022,0.074,1.041
2447,2697,1837,2054,2049,2051,2055,2051,0,8,-21,0,2,0,0,1,-56,71,-81,291,-6,-13,-1,-11,-0.125,0.042,1.035,-42,-54,13,0,0,0,0,0,2255,2777,1813,2083,2050,2048,2050,2049,-66,-53,15,0,1,-1,-1,0,-116,-23,-2,231,-6,-4,17,0,0.003,0.075,1.0
1845,2487,1903,2110,2048,2047,2037,2044,-47,-35,15,9,1,0,-2,0,-34,-93,-12,124,-6,4,71,11,-0.008,0.028,1.022,59,20,4,-2,0,0,0,0,1686,2174,2009,2161,2048,2049,2037,2031,53,0,0,0,0,1,0,1,42,-70,16,-134,6,-2,75,12,-0.041,0.014,1.016
2009,2225,2005,2161,2048,2050,2040,2036,48,20,0,0,0,0,1,1,121,-18,144,-191,6,-8,64,11,-0.062,0.044,1.021,0,-16,5,-2,0,0,0,0,2558,2331,2080,2117,2048,2047,2039,2039,1,1,12,0,0,0,0,0,22,-47,58,-110,5,4,65,11,0.012,0.019,1.037
2560,2311,2107,2117,2048,2047,2038,2038,1,-1,8,0,1,0,0,0,21,-139,87,-166,4,3,69,10,0.018,0.018,1.044,-53,16,-11,-5,0,0,0,0,2402,2238,2125,2100,2049,2048,2038,2036,-44,0,-8,-4,0,0,0,0,-34,-81,-31,-257,-6,-2,69,11,0.059,0.053,1.026
2124,2263,2105,2046,2050,2050,2039,2038,-44,12,-9,-14,0,0,0,1,-114,-21,-259,-169,-8,-8,65,11,0.08,0.063,1.02,19,-13,-6,2,0,0,0,0,1703,2360,2035,1965,2051,2050,2039,2044,2,-2,-3,0,0,0,0,1,-13,-51,-437,50,-10,-8,65,11,0.046,0.056,1.002
1815,2266,1955,1965,2051,2049,2039,2048,24,-9,-22,0,0,0,0,1,0,-44,-285,107,-10,-4,66,7,0.07,0.042,1.029,8,16,-7,-4,0,0,0,0,1994,2170,1865,1970,2051,2049,2039,2051,7,10,-14,0,0,0,0,1,-13,13,-231,78,-11,-4,67,-12,0.067,0.052,1.01
2081,2250,1841,1957,2050,2050,2039,2051,16,19,0,-3,0,0,0,1,-23,19,-322,17,-10,-8,65,-12,0.087,0.057,1.028,-14,-24,15,5,0,0,0,0,2160,2328,1792,1920,2050,2050,2039,2050,1,-15,4,0,1,0,0,0,-111,-28,-80,133,-10,-7,65,-9,0.062,0.054,1.015
2041,2210,1889,1960,2050,2047,2038,2050,-27,-22,15,5,1,0,0,2,-65,-55,-40,112,-10,2,68,-12,0.072,0.034,1.021,24,-22,-12,8,0,0,0,0,1916,1855,1953,2061,2050,2048,2038,2052,22,-30,-13,9,0,0,0,0,21,-15,-52,2,-10,1,70,-12,0.067,0.055,1.025
2098,1693,1878,2119,2051,2050,2038,2051,30,-23,-8,9,0,0,0,0,13,-13,-72,0,-11,-7,70,-12,0.067,0.063,1.003,15,55,1,6,0,0,0,0,2386,1601,1780,2202,2050,2048,2033,2051,9,27,0,4,-1,1,-1,1,-13,183,-43,4,-9,1,88,-11,-0.01,0.003,1.028
2448,1893,1780,2208,2050,2048,2030,2045,11,74,0,0,0,0,0,0,15,216,-15,148,-6,0,104,11,0.133,-0.097,1.367,7,-43,9,-12,0,0,0,0,2608,2409,1819,2237,2048,2048,2036,2044,7,-46,3,-16,-1,0,0,0,13,-23,22,-9,6,3,77,11,0.092,0.04,1.018
2638,2211,1874,2202,2048,2048,2034,2038,11,-30,8,0,1,0,0,0,14,-115,51,-188,6,0,84,11,0.041,0.017,1.029,-54,32,-2,-2,0,0,0,0,2503,1956,1947,2139,2050,2048,2029,2038,-51,0,-2,-5,0,0,0,2,-30,-19,2,-365,-6,0,107,11,0.076,0.055,1.035
2222,2130,1947,2071,2050,2051,2038,2044,-36,34,0,-12,0,0,0,2,-119,11,-51,-134,-10,-11,70,11,0.121,0.064,1.017,-9,-27,10,-12,0,0,0,0,1665,2344,1969,1989,2047,2049,2030,2042,-19,0,10,0,2,0,0,2,-18,-100,-6,-69,6,-3,101,10,0.032,0.011,1.06
1598,2321,2031,1953,2049,2048,2026,2042,-7,-28,6,-3,1,0,-1,1,-15,-269,2,-259,-6,0,114,10,0.103,0.027,1.004,31,29,-15,9,0,0,0,0,1611,2176,2038,1868,2050,2048,2025,2056,29,0,-15,-1,2,0,0,1,29,-149,0,-138,-6,1,127,-12,0.054,0.013,1.031
1816,2189,1936,1890,2048,2049,2025,2056,34,19,-12,8,0,0,0,1,29,12,0,31,6,-3,124,-11,0.062,0.008,1.044,-8,6,-4,-2,0,0,0,0,2088,2447,1813,1936,2047,2050,2028,2055,-2,3,0,0,0,0,1,0,-18,-14,-32,98,8,-7,114,-12,0.026,0.031,1.04
2052,2472,1798,1935,2047,2050,2030,2055,-6,8,-1,0,0,0,0,0,-27,-10,-86,44,10,-7,102,-12,0.029,0.052,1.024,-18,-35,1,13,0,0,0,0,1915,2485,1763,1954,2048,2049,2029,2046,-24,1,-4,23,1,0,0,0,-29,-140,-53,144,2,-2,106,11,0.039,0.026,1.053
1779,2335,1763,2084,2048,2048,2028,2038,-20,-47,0,13,0,0,0,0,-24,-197,-22,-32,-2,0,111,10,0.064,0.007,1.031,29,-5,24,-5,0,0,0,0,1712,1956,1870,2196,2049,2047,2027,2036,26,0,22,0,1,0,0,0,20,-110,13,-178,-6,3,115,11,0.042,0.004,1.032
1844,1956,1984,2197,2048,2048,2027,2036,11,1,13,0,0,0,0,0,78,-151,212,-323,5,1,115,10,0.005,0.038,1.03,-9,37,9,-15,0,0,0,0,1956,1963,2167,2127,2048,2048,2027,2038,0,29,5,-21,0,0,0,1,126,-17,406,-475,5,1,114,10,0.008,0.065,1.057
1956,2218,2225,2006,2049,2050,2031,2042,0,36,3,-28,2,0,1,1,59,-20,418,-395,-9,-7,101,10,-0.073,0.062,1.043,23,4,-25,-4,0,0,0,0,1898,2502,2264,1815,2051,2055,2046,2048,1,3,-23,-10,1,0,0,1,213,-17,86,-159,-10,-28,36,7,-0.089,0.033,1.027
2090,2516,2085,1766,2051,2055,2047,2048,36,3,-24,-2,0,0,0,1,118,-14,127,-65,-11,-28,31,7,-0.012,0.054,1.006,-17,-45,9,28,0,0,0,0,2362,2503,1918,1833,2049,2050,2038,2050,-20,-26,11,22,0,-4,-2,1,-15,-172,177,46,0,-13,65,-7,0.021,0.017,1.053
2235,2194,1985,2021,2048,2046,2030,2048,-17,-56,11,31,0,0,0,0,-12,-129,149,54,6,9,102,7,0.028,0.024,1.064,-19,42,0,-19,0,0,0,0,2003,1709,2065,2171,2048,2047,2030,2050,-14,29,3,-18,0,-1,0,0,-12,140,112,-14,6,3,101,-8,0.007,-0.001,1.034
1883,1989,2073,2033,2049,2048,2028,2052,-14,61,5,-21,1,1,0,2,-13,111,76,0,0,2,110,-12,0.033,0.021,1.025,39,-39,-8,3,0,0,0,0,1840,2411,2049,1888,2048,2049,2033,2051,37,-36,-12,0,0,0,0,1,54,-87,8,69,6,-4,90,-11,0.033,0.027,1.043
2075,2191,1983,1919,2048,2047,2031,2051,30,-34,-9,5,1,0,0,1,82,-132,72,28,6,5,96,-12,0.02,0.017,1.027,1,-16,-1,7,0,0,0,0,2430,1669,1915,1984,2050,2056,2050,2052,20,-15,0,5,1,2,3,0,27,-16,81,-17,-7,-32,19,-12,-0.019,0.048,1.05
2495,1567,1916,2031,2051,2060,2055,2050,2,-15,0,7,0,0,0,0,-13,-17,49,-6,-11,-50,-2,-8,-0.033,0.054,1.041,-50,9,-6,-3,0,0,0,0,2422,1448,1889,2072,2049,2061,2056,2049,-31,3,-5,-6,-1,0,0,0,-144,15,11,-20,6,-51,-5,-7,0.027,0.089,1.001
2027,1475,1859,2043,2046,2059,2053,2051,-80,0,0,-5,0,-3,0,0,-51,34,-29,19,10,-45,3,-12,-0.15,-0.019,1.042,-6,65,14,15,0,0,0,0,1518,1533,1861,1994,2050,2048,2051,2057,-2,47,13,0,1,0,-1,6,-13,448,24,401,-7,2,15,-10,-0.011,0.018,0.984
1481,1849,1960,1994,2050,2047,2045,2064,2,39,12,0,0,0,0,1,-12,660,8,830,-10,5,39,-8,-0.064,-0.017,1.02,63,25,-3,13,0,0,0,0,1619,1912,2054,2124,2050,2046,2035,2062,54,3,-3,22,1,0,-2,0,86,631,14,871,-10,8,78,-9,-0.104,-0.042,1.07
2030,1943,2033,2260,2050,2047,2035,2052,78,25,0,1,0,0,9,13,82,488,22,657,-6,5,81,-12,0.042,0.056,1.145,-52,-17,-6,-31,0,0,0,0,2537,2597,1966,2384,2050,2070,2054,2047,-49,-12,-1,-31,0,0,1,-1,-113,-21,97,-12,-6,-92,3,7,-0.103,-0.147,1.254
2064,2510,1936,2190,2047,2049,2040,2041,-77,-13,-1,-26,0,0,0,0,-18,-35,51,-72,8,-7,60,11,0.149,0.041,1.076,40,-18,20,-8,0,0,0,0,1753,2494,1944,2010,2050,2047,2032,2041,17,-17,10,0,1,0,0,1,64,-244,188,-484,-6,5,95,10,0.115,0.154,1.166
1896,2476,2016,2009,2050,2048,2032,2040,24,0,0,0,1,0,0,0,209,-442,451,-709,-4,2,94,9,-0.005,0.034,0.97,-13,3,-10,4,0,0,0,0,2172,2329,2143,1916,2050,2048,2033,2041,12,0,0,0,0,0,0,1,136,-371,400,-510,-6,2,91,10,-0.042,0.039,1.029
2173,2328,2137,1915,2050,2048,2033,2041,0,0,-6,0,0,0,0,1,43,-342,134,-393,-6,2,91,10,-0.007,0.031,1.035,24,17,-9,-6,0,0,0,0,2197,2313,2036,1913,2049,2047,2033,2043,24,1,-12,0,0,0,0,2,47,-155,62,-361,-6,2,91,10,0.019,0.02,1.029
2348,2319,1966,1881,2049,2047,2032,2044,18,16,-9,0,0,0,0,1,58,-55,100,-399,-6,6,93,11,0.068,0.04,0.994,-2,-8,18,17,0,0,0,0,2575,2473,1960,1827,2050,2047,2033,2046,0,0,25,7,0,0,0,1,16,-126,168,-51,-7,4,91,11,0.06,0.021,1.018
2575,2472,2092,1942,2049,2047,2034,2046,0,0,13,18,0,0,0,0,12,-188,120,-14,-6,3,88,11,0.022,0.039,1.016,-18,-34,-18,12,0,0,0,0,2508,2249,2187,2125,2049,2049,2033,2037,-10,-27,-14,11,2,0,0,-1,-16,-177,-21,-44,-6,-3,91,11,0.083,0.014,1.056
2424,2009,2091,2219,2049,2049,2032,2032,-10,-50,-15,11,1,0,0,0,-36,-142,-127,-103,-8,-3,94,11,0.078,0.047,1.029,-3,45,12,-29,0,0,0,0,2338,1680,1980,2234,2051,2047,2030,2032,-1,42,11,-23,1,0,0,0,-93,55,-16,-310,-11,4,101,11,0.083,0.038,1.018
2252,2082,2061,2046,2049,2048,2031,2032,-3,61,12,-28,0,0,0,2,-31,12,-5,-334,0,3,100,11,0.089,0.037,1.041,13,-28,-9,21,0,0,0,0,2259,2471,2109,1850,2051,2049,2032,2038,12,-1,-3,16,1,0,0,1,-14,-190,-10,-70,-10,-3,92,11,0.041,0.011,1.063
2330,2357,2060,1989,2050,2048,2031,2036,11,-29,-11,19,1,0,0,-1,12,-253,-55,-25,-8,2,98,11,0.097,0.028,1.026,1,-7,-8,-15,0,0,0,0,2430,2039,1959,2146,2049,2048,2028,2032,1,0,-7,-6,2,0,-2,0,-9,-170,-81,-312,-9,2,108,10,0.108,0.012,1.037
2437,2038,1903,2063,2049,2047,2022,2032,1,0,-9,-15,0,0,0,0,-9,-235,-73,-392,-7,3,135,10,0.114,-0.006,1.029,-9,-1,7,2,0,0,0,0,2399,1843,1838,1925,2051,2050,2025,2055,-9,-41,0,-9,2,1,2,1,-13,-41,69,-270,-10,-5,123,-12,-0.008,0.031,1.041
2339,1736,1855,1901,2050,2050,2045,2052,-6,0,12,0,-1,0,3,-3,-13,6,200,-109,-6,-7,39,-11,0.022,0.069,1.063,4,31,20,8,0,0,0,0,2334,1816,1995,1925,2048,2057,2052,2051,0,24,18,7,-1,0,0,0,-24,40,213,7,5,-36,9,-12,-0.031,0.022,1.037
2307,2016,2120,1966,2048,2056,2050,2051,0,34,13,1,1,0,-1,0,13,43,255,63,5,-35,17,-11,0.112,-0.002,1.176,-36,-15,-25,4,0,0,0,0,2215,2258,2234,1972,2049,2049,2034,2049,-30,-12,-21,0,1,0,0,0,-26,-14,-33,375,-6,-4,85,-7,0.016,0.017,1.034
2054,2146,2142,1990,2049,2050,2035,2050,-21,-12,-1,0,-1,0,0,1,-101,9,-344,415,-5,-7,81,-11,0.091,0.032,1.003,9,14,-16,12,0,0,0,0,1913,1992,1974,2075,2050,2051,2037,2051,0,0,-43,11,1,0,0,1,-190,86,-780,410,-3,-11,72,-11,0.14,0.061,1.007
1913,2048,1882,2238,2047,2068,2055,2048,0,46,-16,40,0,-1,-1,-6,-113,69,-829,91,9,-84,-1,12,-0.12,0.049,1.221,30,22,33,-4,0,0,0,0,1877,2502,1630,2394,2018,2051,2040,2051,0,25,31,0,1,0,0,1,88,-51,310,-282,14,-12,61,-11,-0.061,-0.056,1.015
1922,2620,1770,2393,2018,2051,2050,2050,37,12,43,-1,0,0,0,0,257,-32,658,-389,13,-12,20,-11,-0.186,0.024,0.986,14,-30,4,-4,0,0,0,0,1945,2760,1910,2306,2017,2052,2055,2050,0,-7,0,0,0,0,0,-1,731,-169,999,-227,11,-15,-1,-7,-0.117,0.021,1.033
1945,2633,1910,2286,2017,2052,2055,2049,-1,-10,0,0,0,0,0,0,714,-268,999,-258,12,-14,0,0,-0.083,0.001,1.012,3,-1,17,-18,0,0,0,0,1945,2557,1910,2275,2017,2051,2054,2047,1,0,0,-1,0,0,0,0,678,-500,999,-674,12,-12,2,9,-0.083,-0.034,1.034
1945,2558,1910,2217,2017,2051,2054,2046,1,1,0,-28,0,0,0,0,658,-496,999,-930,12,-11,2,7,-0.007,-0.065,1.067,26,-20,0,3,0,0,0,0,1264,2559,2142,2140,2026,2050,2053,2047,-75,0,36,-6,1,1,0,1,0,-707,260,-803,12,-6,6,9,0.155,-0.006,1.032
1023,2559,2170,2140,2027,2050,2053,2047,-16,2,0,0,1,0,0,1,0,-704,127,-711,11,-5,6,9,0.126,-0.014,1.029,89,9,5,-1,0,0,0,0,955,2560,2205,2140,2035,2049,2053,2047,-6,1,4,0,2,0,0,1,0,-612,73,-629,10,-3,6,9,0.142,-0.003,1.025
928,2560,2236,2140,2046,2049,2053,2047,-5,1,2,0,1,0,0,0,0,-490,84,-658,10,-3,6,9,0.109,-0.011,1.04,43,-48,-12,8,0,0,0,0,895,2659,2237,2093,2044,2055,2057,2057,0,112,-14,-32,-1,3,-2,-1,0,0,1,-365,10,-25,-10,-11,0.034,0.072,1.025
846,3029,2163,2081,2048,2049,2056,2053,1,15,-8,0,1,0,0,0,0,0,-13,-67,6,-3,-6,-12,0.054,0.023,1.028,90,-40,-5,-3,0,0,0,0,848,3111,2075,2115,2049,2050,2056,2051,1,5,-1,-2,-1,0,0,1,0,0,-128,-1,-6,-6,-7,-11,0.056,0.038,1.046
849,3134,2041,2095,2048,2050,2056,2051,1,5,-3,-2,1,0,0,0,0,0,-126,-1,6,-6,-7,-12,0.046,0.008,1.012,66,-26,13,-1,0,0,0,0,854,3172,2035,2073,2048,2048,2056,2051,1,2,11,0,0,0,0,0,0,0,-2,-20,6,2,-6,-12,0.04,0.031,1.038
854,3177,2109,2073,2047,2049,2055,2050,1,1,10,0,0,0,0,0,0,0,30,-48,10,-5,-3,-7,0.027,0.024,1.046,71,-45,-9,1,0,0,0,0,849,3181,2174,2073,2048,2047,2055,2050,1,1,-7,0,0,0,0,0,0,0,4,-64,6,4,-5,-7,0.049,0.03,1.036
851,3188,2124,2072,2049,2047,2056,2050,1,2,-7,0,1,0,0,0,0,0,-25,-32,-6,4,-6,-7,0.05,0.028,1.033,73,-78,-1,8,0,0,0,0,852,3199,2062,2102,2050,2047,2056,2049,1,1,0,7,1,0,0,1,0,0,-81,21,-6,4,-6,-7,0.047,0.029,1.035
852,3198,2056,2147,2050,2047,2056,2049,1,-1,0,6,2,0,0,0,0,0,-85,60,-6,4,-7,-7,0.038,0.038,1.033,45,-37,9,-12,0,0,0,0,849,3187,2074,2175,2048,2047,2056,2049,0,2,9,-7,0,0,0,0,0,0,-3,-17,6,3,-5,-7,0.042,0.033,1.041
849,3192,2133,2101,2047,2047,2055,2050,0,1,8,-8,0,0,0,1,0,0,0,-48,2,1,-3,-7,0.029,0.038,1.029,47,-78,-6,-5,0,0,0,0,849,3232,2169,2005,2048,2047,2055,2050,0,2,-6,-3,0,0,0,0,0,0,3,-131,10,4,-3,-7,0.061,0.037,1.041
851,3233,2130,1975,2048,2047,2055,2050,1,1,-4,-2,1,0,0,0,0,0,4,-144,6,1,-3,-7,0.06,0.025,1.042,48,-55,-8,1,0,0,0,0,854,3235,2058,1942,2049,2048,2054,2050,2,0,-6,0,1,0,0,0,0,0,-38,-153,-6,0,0,-7,0.067,0.031,1.03
861,3235,2011,1942,2050,2048,2054,2049,1,1,-4,0,0,0,0,0,0,0,-64,-124,-6,0,0,0,0.067,0.037,1.034,45,-73,0,15,0,0,0,0,873,3234,1955,1986,2050,2048,2056,2050,1,0,0,10,1,0,0,1,0,0,-94,9,-6,0,-7,-7,0.066,0.028,1.038
877,3234,1955,2079,2050,2048,2056,2049,1,1,0,10,1,0,0,0,0,0,-94,39,-6,0,-7,0,0.039,0.042,1.036,85,-33,7,-19,0,0,0,0,886,3225,1968,2125,2049,2047,2055,2050,1,6,7,-19,0,0,0,2,0,0,-9,-17,-7,4,-5,-7,0.063,0.039,1.026
890,3233,2014,2015,2048,2047,2055,2049,1,1,6,-16,1,0,0,0,0,0,0,-89,6,4,-3,-7,0.086,0.028,1.022,76,-29,-9,17,0,0,0,0,909,3237,2024,1929,2048,2047,2055,2049,2,0,-6,16,1,0,0,1,0,0,0,-12,-6,4,-5,0,0.065,0.039,1.033
904,3235,1981,2031,2049,2047,2056,2049,0,0,-8,16,0,0,0,1,0,0,-67,17,-6,4,-7,0,0.021,0.034,1.051,76,-91,19,-4,0,0,0,0,911,3234,1980,2141,2047,2047,2056,2048,-2,1,19,0,-1,0,0,1,0,0,-1,36,9,4,-5,7,0.029,-0.002,1.036
909,3234,2096,2122,2048,2047,2055,2049,0,0,14,-1,1,0,0,0,0,0,44,-4,5,4,-4,-9,0.009,0.027,1.018,44,-41,4,-9,0,0,0,0,858,3228,2234,2074,2048,2047,2055,2049,-4,2,1,-7,1,0,0,2,0,0,165,-91,6,4,-4,0,0.031,0.043,1.064
841,3235,2260,2018,2048,2047,2055,2049,-1,1,6,-10,1,0,1,1,0,0,176,-113,6,4,-3,0,0.026,0.011,1.051,100,-46,0,0,0,0,0,0,828,3236,2286,1966,2048,2047,2054,2048,0,1,0,0,1,0,0,0,0,0,198,-192,6,4,0,7,0.038,0.023,1.037
828,3236,2285,1966,2048,2047,2054,2048,0,1,0,0,1,0,0,0,0,0,198,-191,6,4,0,7,0.036,0.025,1.031,96,-36,-29,12,0,0,0,0,828,3236,2204,1981,2049,2048,2055,2048,1,1,-24,9,-1,0,0,1,0,0,-4,-18,-6,3,-5,7,0.077,0.039,1.037
830,3236,2030,2051,2049,2047,2056,2048,1,1,-30,12,0,0,0,0,0,0,-93,18,-6,3,-7,7,0.029,0.054,1.003,41,-54,0,-18,0,0,0,0,884,3234,1792,2073,2048,2047,2053,2049,5,3,0,-17,2,0,0,1,0,0,-50,-17,-4,4,4,0,0.076,0.029,1.039
914,3236,1792,1973,2048,2047,2053,2049,5,1,0,-16,0,0,0,0,0,0,-51,-103,6,4,4,0,0.107,0.013,1.034,69,-49,23,18,0,0,0,0,963,3240,1878,1900,2048,2047,2055,2049,5,0,22,20,1,0,0,1,0,0,19,-12,6,1,-4,0,0.044,0.028,1.018
988,3237,2020,2019,2048,2048,2056,2049,-2,0,20,16,1,0,0,1,0,0,73,0,5,1,-8,0,0.01,0.027,1.033,81,-32,-16,-18,0,0,0,0,905,3222,2138,2082,2048,2048,2056,2049,0,6,-16,-15,0,0,0,1,0,0,3,-58,6,1,-8,-7,0.043,0.029,1.03
914,3238,2034,1976,2048,2048,2054,2050,4,1,-13,-14,2,0,0,1,0,0,0,-119,6,1,-2,-7,0.084,0.026,1.023,39,-79,1,-4,0,0,0,0,969,3240,1918,1836,2048,2048,2055,2050,6,1,0,-6,1,0,0,0,0,0,3,-199,6,0,-4,-7,0.08,0.037,1.031
1003,3241,1920,1802,2048,2047,2055,2049,6,1,0,-6,1,0,0,0,0,0,20,-174,6,1,-6,-7,0.061,0.027,1.026,66,-45,3,16,0,0,0,0,1021,3242,1929,1813,2048,2047,2056,2049,1,1,2,15,1,0,0,1,0,0,72,-41,6,3,-8,0,0.062,0.03,1.036
1015,3241,1964,1917,2047,2048,2056,2048,-1,0,6,13,0,0,0,-1,0,0,12,0,10,1,-8,6,0.041,0.024,1.03,70,-74,11,-12,0,0,0,0,974,3240,2029,1986,2047,2047,2056,2049,-4,0,8,-11,0,0,0,2,0,0,39,-20,6,3,-6,-11,0.03,0.033,1.038
961,3240,2087,1939,2048,2047,2055,2050,0,1,8,-9,1,0,0,1,0,0,112,-162,6,4,-5,-9,-0.031,0.01,1.001,87,-41,-2,18,0,0,0,0,888,3241,2168,1898,2047,2047,2057,2049,-1,-1,2,18,-1,0,0,0,0,0,99,-11,10,4,-12,0,0.046,0.027,1.034
864,3240,2177,2004,2048,2047,2057,2049,-2,0,0,17,1,0,0,-1,0,0,3,18,6,4,-13,7,0.025,0.042,1.036,39,-71,5,-17,0,0,0,0,839,3239,2186,2078,2048,2047,2056,2048,-1,1,5,-15,1,0,0,1,0,0,0,-20,6,4,-8,7,0.039,0.028,1.036
838,3240,2202,1982,2048,2047,2055,2050,0,1,1,-12,1,0,0,1,0,0,64,-97,6,4,-4,-7,0.049,0.024,1.023,69,-32,-16,-5,0,0,0,0,838,3242,2180,1847,2048,2047,2055,2047,1,1,-12,-3,1,0,0,1,0,0,2,-181,6,4,-4,10,0.057,0.042,1.037
842,3242,2084,1805,2050,2047,2055,2047,2,1,-14,-2,2,0,0,1,0,0,-25,-152,-7,4,-5,10,0.085,0.043,1.026,63,-85,15,5,0,0,0,0,853,3245,2022,1780,2047,2047,2055,2047,1,1,12,0,-1,0,0,0,0,0,-1,-121,10,4,-5,11,0.072,0.041,1.034
850,3245,2116,1797,2048,2047,2056,2048,0,0,14,3,2,0,0,1,0,0,18,-49,6,4,-5,7,0.059,0.032,1.035,52,-28,-23,13,0,0,0,0,842,3243,2140,1891,2049,2047,2055,2049,1,0,-21,13,0,0,0,1,0,0,-16,-1,-6,4,-7,0,0.065,0.041,1.013
845,3243,2000,1967,2050,2047,2056,2048,2,0,-22,12,-1,0,0,0,0,0,-81,20,-6,4,-7,7,0.04,0.073,1.06,100,-89,-4,-12,0,0,0,0,890,3241,1800,2024,2048,2047,2054,2048,5,0,-7,-11,2,0,0,0,0,0,-79,-19,-6,4,1,7,0.063,0.018,1.032
921,3242,1770,1967,2049,2048,2053,2049,5,1,-3,-9,3,0,0,1,0,0,-66,-120,-6,4,6,0,0.064,0.019,1.043,56,-73,27,18,0,0,0,0,972,3243,1842,1933,2048,2047,2054,2050,5,0,25,15,0,0,0,0,0,0,10,-3,5,4,1,-8,0.052,0.021,1.032
1000,3241,2010,2045,2047,2047,2055,2050,1,0,22,15,0,0,0,1,0,0,68,6,6,4,-5,-8,0.019,0.021,1.035,47,-77,6,-19,0,0,0,0,880,3230,2229,2109,2047,2047,2056,2050,-7,0,5,-13,1,0,0,0,0,0,148,-30,10,4,-4,-7,0.007,0.025,1.036
847,3240,2267,2000,2047,2047,2054,2049,-4,2,7,-14,0,0,-1,0,0,0,162,-104,6,4,-1,0,0.043,0.035,1.061,89,-58,0,3,0,0,0,0,826,3243,2301,1869,2048,2047,2056,2047,0,0,0,0,1,0,0,0,0,0,217,-127,5,4,-6,7,0.033,0.023,1.04
826,3243,2301,1871,2048,2047,2056,2048,0,0,0,2,1,0,0,2,0,0,217,-50,6,4,-6,7,0.027,0.019,1.036,96,-42,-1,10,0,0,0,0,824,3243,2306,1933,2048,2047,2055,2048,0,0,0,10,1,0,0,1,0,0,175,-3,6,4,-5,7,0.018,0.02,1.034
2105,2059,2049,2068,2049,2052,2074,2050,0,1,0,0,1,0,0,0,-14,0,0,2,0,0,0,-1,0.023,0.021,1.038,-12,-25,-16,9,0,0,0,0,2091,1972,1994,2106,2049,2054,2074,2050,0,-25,-13,7,0,0,0,1,-43,-21,-69,8,0,-6,0,-7,0.061,0.036,1.031
2023,1793,1898,2153,2050,2054,2076,2050,-12,-26,-14,2,1,0,0,0,-45,-17,-115,63,-7,-9,-9,0,0.083,0.041,1.012,-14,42,23,-19,0,0,0,0,1810,1588,1839,2159,2051,2050,2067,2050,-21,11,18,-19,1,0,0,1,-14,199,32,-19,-9,7,24,0,0.059,-0.044,1.039
1691,1858,1972,2027,2051,2050,2061,2051,-12,58,20,-19,0,0,0,2,-9,151,122,-1,-12,7,53,-7,0.016,-0.06,1.06,19,-40,-7,9,0,0,0,0,1595,2391,2139,1924,2049,2051,2063,2046,11,-14,0,7,0,0,0,0,64,-181,51,-7,-8,4,44,11,0.041,-0.036,1.019
1708,2104,2094,1988,2049,2051,2061,2047,16,-55,-7,11,0,0,0,2,75,-134,38,-34,0,6,55,11,0.014,-0.034,1.039,-9,8,9,-10,0,0,0,0,1790,1631,2029,2054,2047,2054,2068,2049,1,2,0,-1,1,0,0,2,84,17,252,-203,11,-5,24,-2,0.045,-0.036,1.032
1790,1672,2059,2003,2047,2054,2076,2048,1,9,15,-14,0,0,1,2,32,20,386,-275,11,-8,-8,7,0.023,0.052,1.003,25,30,-7,12,0,0,0,0,1705,1866,2146,1908,2046,2059,2075,2051,0,27,0,8,0,0,0,-1,215,28,183,21,12,-31,-3,-8,-0.051,0.023,1.03
1806,2030,2120,1945,2046,2059,2074,2050,54,25,-5,5,0,0,0,1,263,59,88,203,11,-31,-5,-7,-0.06,0.014,1.027,-3,8,-7,-6,0,0,0,0,2230,2322,2041,2036,2046,2059,2074,2050,16,12,-7,0,0,0,0,0,12,39,58,110,12,-31,-4,0,-0.043,0.006,1.041
2245,2367,2003,2014,2046,2059,2074,2050,1,8,-4,-3,0,0,0,1,-16,43,23,31,12,-31,-3,-2,-0.053,0.021,1.019,-27,-8,-6,-1,0,0,0,0,2141,2443,1923,1955,2047,2058,2074,2050,-32,0,-6,-5,1,0,0,0,-40,13,6,56,11,-27,-3,0,0.014,0.011,1.041
1925,2407,1905,1949,2047,2053,2071,2049,-26,-9,-1,0,1,0,0,0,-22,-14,-80,57,12,-6,9,11,-0.001,-0.039,1.039,47,18,4,16,0,0,0,0,1854,2433,1857,1956,2047,2051,2065,2051,41,17,2,2,-1,0,3,0,37,13,-3,290,7,3,34,-7,-0.011,0.021,1.076
2167,2501,1862,2111,2046,2061,2073,2050,55,11,0,42,0,0,0,0,35,33,88,106,12,-38,0,0,-0.169,-0.032,1.04,-18,-6,-6,0,0,0,0,0,2543,2653,1860,2248,2047,2067,2074,2051,1,1,-1,0,1,0,0,0,-34,14,121,39,12,-65,-3,-7,-0.093,0.025,1.031
2441,2617,1826,2247,2047,2067,2074,2050,-24,-6,-6,0,1,0,0,0,-37,14,92,42,12,-65,-3,0,-0.04,0.032,1.024,-39,-46,19,-13,0,0,0,0,2109,2401,1864,2203,2047,2060,2070,2046,-62,-45,24,-13,0,0,0,-1,-27,-24,93,-13,12,-37,14,11,0.117,0.021,1.036
1803,2190,1997,2170,2047,2052,2058,2040,-41,-25,16,-1,1,0,0,0,-14,-130,65,-240,12,-6,64,10,0.144,0.007,1.042,25,-7,-5,7,0,0,0,0,1500,1892,2119,2156,2048,2050,2053,2039,1,-12,0,0,2,0,0,1,105,-214,89,-489,7,6,85,10,0.097,-0.015,1.015
1594,1863,2079,2157,2048,2050,2053,2039,16,0,-8,0,1,0,0,0,189,-268,111,-290,7,6,85,10,0.068,-0.024,1.038,-8,47,-12,-8,0,0,0,0,1774,1813,1992,2191,2047,2051,2054,2039,18,27,-4,0,-1,0,0,0,125,-15,93,-347,11,5,82,11,0.169,0.005,1.003
1821,2106,1925,2109,2048,2052,2056,2043,2,45,-12,-20,1,-1,1,1,30,12,3,-234,7,-2,76,11,0.116,0.001,1.023,33,-17,5,-7,0,0,0,0,1928,2431,1847,1995,2047,2053,2058,2048,25,-6,0,-3,0,0,0,-1,34,-33,54,-138,11,-4,65,11,0.038,-0.017,1.037
2071,2400,1844,1980,2047,2053,2057,2048,17,-7,-1,0,0,0,0,0,106,-117,208,-275,11,-5,69,10,0.006,0.0,1.018,-20,5,22,-2,0,0,0,0,2253,2375,1901,1971,2046,2053,2058,2048,1,1,20,0,0,0,0,0,56,-196,550,-508,10,-5,65,10,-0.032,0.007,1.008
2152,2374,2037,1935,2046,2053,2058,2048,-19,0,16,0,0,0,0,0,39,-150,599,-413,10,-5,65,10,-0.091,0.007,1.005,-15,11,-6,-3,0,0,0,0,1885,2374,2199,1881,2046,2053,2058,2050,-7,0,0,-1,0,0,0,1,70,-49,535,-309,11,-5,65,0,-0.052,-0.005,1.01
1813,2409,2200,1850,2046,2053,2059,2051,-15,15,0,-1,0,0,0,1,49,-29,360,-261,11,-5,61,-7,-0.047,-0.025,1.015,32,14,2,7,0,0,0,0,1722,2535,2201,1806,2047,2055,2073,2050,0,9,0,0,1,0,0,0,243,-16,191,-52,10,-12,4,0,-0.099,0.021,1.043
1818,2596,2200,1846,2048,2064,2075,2049,2,4,0,6,0,0,0,0,448,13,252,-1,6,-51,-5,7,-0.138,0.003,1.059,-14,-6,-18,6,0,0,0,0,2146,2702,2164,1927,2048,2064,2075,2049,1,-3,-19,5,1,0,0,1,150,-16,135,-2,7,-51,-5,6,-0.098,0.021,1.026
2177,2638,2039,1954,2049,2064,2075,2048,0,-4,-14,1,1,0,0,0,27,-10,155,45,0,-51,-5,7,-0.019,0.034,1.04,-12,-21,-4,6,0,0,0,0,2066,2535,1912,1996,2046,2061,2072,2048,-10,-15,-3,5,1,-1,0,0,-13,-27,13,177,12,-43,6,12,-0.011,0.012,1.027
1995,2453,1888,2040,2046,2054,2069,2047,-5,-15,-4,8,0,0,-1,0,-13,-72,-1,167,12,-11,16,11,0.012,0.008,1.036,-1,-33,11,4,0,0,0,0,1904,2175,1911,2138,2048,2051,2055,2042,-5,-30,11,8,2,0,0,0,-13,-100,-2,23,7,3,77,11,0.075,-0.011,1.035
1884,1880,1973,2175,2048,2050,2054,2040,0,-39,8,3,1,0,0,1,8,-36,31,-20,7,4,81,11,0.034,-0.013,1.029,47,25,15,-15,0,0,0,0,1906,1596,2024,2203,2047,2051,2055,2049,37,25,1,-6,2,0,0,0,178,47,457,-286,6,3,79,6,-0.031,-0.024,1.02
2181,1845,2082,2138,2047,2050,2042,2048,50,36,5,-1,0,-1,-15,0,209,12,631,-438,6,5,126,10,0.031,-0.041,0.951,-7,-26,-14,-5,0,0,0,0,2729,2011,2283,1924,2046,2051,2039,2053,0,-36,-12,-2,-1,0,0,1,13,-49,5,-122,12,3,147,-11,0.1,-0.023,1.03
2699,1756,2198,1893,2051,2054,2077,2046,0,-28,-12,-13,3,1,11,0,-13,-15,-11,-137,-12,-10,2,11,0.126,0.04,0.981,-39,61,-4,-4,0,0,0,0,2715,1692,2180,1788,2071,2069,2074,2049,1,50,0,-8,2,0,0,1,-324,104,-472,60,-12,-73,-2,7,0.116,0.026,1.021
2546,2001,2182,1729,2073,2069,2073,2050,-25,47,0,-6,1,0,0,1,-427,240,-595,195,-12,-73,1,0,0.156,0.035,1.011,10,-41,0,25,0,0,0,0,2225,2464,2183,1710,2074,2065,2073,2050,0,-5,0,18,1,0,0,0,-282,16,-732,606,-13,-58,2,0,0.107,0.015,1.057
2224,2197,2182,1864,2074,2065,2073,2050,-1,-49,0,19,1,0,0,0,-182,20,-729,680,-13,-57,2,-6,0.094,-0.031,1.039,-21,40,-18,-13,0,0,0,0,2225,1823,2146,2046,2074,2064,2073,2050,1,0,0,0,1,0,0,0,-245,360,-910,499,-12,-54,2,-6,0.007,0.023,1.064
2138,1968,2107,2009,2074,2055,2072,2051,-75,71,-37,-10,0,0,0,1,-272,413,-901,279,-12,-17,6,-7,0.062,-0.059,1.078,-11,-18,0,6,0,0,0,0,1963,2603,2087,1981,2072,2072,2074,2049,-28,-15,0,6,0,0,0,0,-284,-13,-996,81,-12,-86,-1,7,0.164,0.068,1.009
1722,2491,2087,2021,2072,2072,2072,2050,-30,-17,0,6,0,0,-1,2,-112,-13,-996,85,-12,-86,3,-7,0.0,0.013,1.114,47,-36,-19,-2,0,0,0,0,1650,2271,2407,2101,2063,2052,2073,2050,41,-21,4,0,0,0,0,-1,35,-71,-28,-97,-12,-3,3,7,0.144,0.044,1.049
1924,2184,2410,2108,2052,2050,2064,2049,51,0,-4,0,-9,-1,-2,0,63,-308,7,-183,-8,3,34,6,0.119,-0.013,1.036,5,0,-19,-5,0,0,0,0,2360,1888,2344,2108,2048,2051,2055,2049,1,-17,-3,0,2,0,0,0,23,-219,10,-342,7,2,77,6,0.161,0.002,1.024
2404,1880,2325,2108,2047,2051,2055,2050,7,0,-2,0,1,0,0,1,18,-214,6,-485,7,2,77,0,0.156,-0.005,1.029,-41,-13,-24,-1,0,0,0,0,2321,1811,2311,2108,2049,2052,2055,2050,-38,-25,0,0,1,0,0,1,-27,-180,-1,-671,0,-1,77,0,0.244,0.027,1.015
2038,1564,2314,2054,2054,2062,2075,2049,-46,-33,0,-23,5,10,0,1,-26,-25,-1,-473,-12,-41,-3,-5,0.25,0.118,1.143,49,48,-20,-1,0,0,0,0,1859,1484,2574,1925,2063,2068,2073,2050,28,50,1,-3,0,-2,-1,3,47,106,-16,23,-12,-71,-1,-7,0.036,0.05,0.957
2150,1731,2572,1900,2059,2056,2072,2053,58,16,0,-7,-1,-4,0,1,59,253,0,100,-12,-22,5,-11,0.052,-0.016,1.094,-25,40,-18,22,0,0,0,0,2531,2059,2539,1864,2049,2051,2071,2056,-20,46,0,0,-2,0,0,1,-19,466,0,625,6,2,9,-9,-0.112,-0.019,1.012
2375,2530,2542,1882,2049,2051,2071,2052,-23,93,0,23,0,0,-1,-1,-25,149,-2,965,0,3,8,-11,0.019,0.014,0.961,-7,-54,-37,-1,0,0,0,0,2233,2900,2587,2281,2088,2050,2073,2050,0,-48,0,-5,0,0,0,0,-95,-48,-1,-73,-21,6,1,0,0.185,0.089,1.079
2233,2676,2587,2284,2088,2049,2072,2048,1,-25,0,0,0,0,0,0,-152,-225,0,-108,-21,9,4,10,0.177,0.096,1.023,-26,9,-18,-1,0,0,0,0,2143,2513,2587,2301,2088,2048,2072,2047,-4,-13,0,0,1,0,0,0,-292,-499,0,-233,-21,13,5,10,0.186,0.088,0.978
2001,2495,2587,2300,2088,2048,2072,2048,-12,0,0,0,0,0,0,1,-342,-362,0,-258,-21,13,5,11,0.225,0.096,1.005,33,-29,-36,-17,0,0,0,0,1758,2424,2587,2286,2088,2048,2072,2048,1,0,0,-4,0,0,0,1,-35,-401,0,-545,-21,13,5,4,0.209,0.093,1.014
1890,2419,2589,2264,2086,2047,2072,2048,33,2,0,-16,-1,0,0,0,12,-692,-1,-942,-20,16,5,8,0.162,0.068,1.017,-29,-35,-37,-16,0,0,0,0,2104,2421,2593,2260,2076,2047,2071,2047,-16,1,0,0,1,0,0,0,-70,-671,0,-1000,-15,17,5,8,0.199,0.061,1.017
1997,2421,2592,2258,2077,2047,2072,2047,-10,-1,0,0,1,0,0,2,-171,-661,0,-1000,-15,17,6,8,0.214,0.094,1.059,18,15,-18,-18,0,0,0,0,1786,2421,2592,2212,2077,2047,2071,2047,1,0,0,0,1,0,0,0,-61,-519,0,-999,-16,17,8,9,0.214,0.069,1.013
1823,2421,2592,2212,2076,2047,2071,2047,13,0,0,0,0,0,0,0,-13,-352,0,-1000,-15,17,7,9,0.222,0.085,1.019,-11,-38,-40,-4,0,0,0,0,1938,2422,2593,2212,2076,2047,2072,2049,-4,1,0,0,0,0,1,2,-34,-530,0,-1000,-15,17,5,6,0.146,0.113,0.987
1915,2797,2591,2013,2078,2049,2072,2050,1,67,-1,-19,1,0,0,0,-83,0,0,-227,-16,10,4,-7,0.145,0.094,1.018,-8,-25,-19,4,0,0,0,0,1916,3075,2591,1956,2078,2049,2072,2051,0,9,0,0,1,0,0,1,-236,0,0,-41,-16,10,4,-7,0.156,0.082,1.004
1916,3114,2591,1976,2079,2049,2073,2051,0,3,0,2,1,0,0,0,-318,0,0,-3,-16,10,0,-7,0.182,0.083,1.015,-14,-48,-25,12,0,0,0,0,1815,3127,2590,2054,2079,2049,2073,2050,-36,1,0,8,1,0,0,0,-313,0,0,24,-17,10,0,0,0.206,0.099,1.007
1610,3110,2590,2126,2080,2049,2073,2050,-26,-3,0,11,1,0,0,1,-155,0,0,58,-17,8,-1,0,0.196,0.099,0.959,60,-18,-37,-16,0,0,0,0,1608,3050,2590,2166,2080,2049,2073,2050,25,-2,0,-12,0,0,0,0,12,0,0,-16,-17,8,0,-1,0.165,0.115,0.999
2028,3069,2591,2090,2078,2048,2072,2051,80,7,0,0,0,0,0,2,-16,0,0,-144,-16,13,5,-12,0.051,0.056,0.993,-10,-54,-36,10,0,0,0,0,2446,3233,2596,1982,2067,2051,2072,2052,0,1,0,8,1,0,1,0,-28,0,0,-23,-13,2,7,-12,0.072,0.047,1.024
2421,3233,2596,2037,2067,2050,2072,2051,-4,1,0,9,1,0,0,1,-58,0,0,21,-13,4,5,-8,0.067,0.05,1.03,-38,-56,-40,5,0,0,0,0,2282,3226,2594,2113,2069,2048,2072,2051,-26,-2,0,1,1,0,0,0,-197,0,0,120,-13,9,3,-7,0.141,0.106,1.031
2128,3222,2592,2152,2070,2049,2074,2051,-20,-1,0,10,1,0,0,0,-346,0,0,105,-12,8,-3,-7,0.235,0.112,1.042,17,-35,-42,-18,0,0,0,0,1885,3167,2591,2137,2071,2049,2074,2051,0,-6,0,-13,1,0,0,0,-265,0,0,-9,-14,6,-2,-7,0.201,0.107,1.012
1885,3169,2591,2023,2071,2050,2074,2051,0,1,0,-14,1,0,0,0,-112,0,0,-35,-13,6,-3,-7,0.162,0.085,1.0,-18,-71,-29,20,0,0,0,0,1950,3234,2591,1958,2071,2049,2074,2050,0,1,0,19,1,0,0,1,-171,0,0,15,-13,8,-4,0,0.189,0.096,1.011
1951,3230,2591,2084,2071,2050,2074,2050,-1,-2,0,20,1,0,0,0,-348,0,0,50,-13,7,-4,0,0.214,0.134,0.975,41,-55,-26,-24,0,0,0,0,1883,3175,2591,2143,2071,2049,2074,2050,1,-4,0,-22,1,0,0,0,-111,0,0,-1,-14,6,-4,0,0.195,0.142,1.091
2064,3172,2592,2010,2070,2049,2072,2050,46,3,0,-25,0,0,0,1,-40,0,-1,-106,-14,8,2,0,0.128,0.085,0.987,-39,-53,-36,22,0,0,0,0,2260,3239,2595,1906,2070,2048,2074,2049,-24,0,0,18,1,0,0,0,-133,0,0,-8,-13,11,-1,7,0.115,0.069,1.006
2129,3239,2592,2027,2070,2049,2074,2049,-16,0,0,23,2,0,1,2,-306,0,0,68,-13,11,-2,7,0.167,0.11,1.008,-23,-48,-25,3,0,0,0,0,1742,3198,2591,2207,2072,2049,2074,2050,-30,-3,0,4,1,0,0,1,-298,0,0,86,-14,8,-3,7,0.162,0.156,0.944
1562,3166,2591,2226,2072,2049,2074,2049,1,-5,0,1,1,0,0,0,-309,0,0,87,-13,8,-2,7,0.247,0.105,0.979,12,-47,-39,-5,0,0,0,0,1522,3102,2591,2245,2072,2049,2074,2049,0,-5,0,-4,1,0,0,0,-385,0,0,10,-14,8,-2,7,0.23,0.108,0.999
1522,3071,2590,2212,2072,2049,2074,2049,0,-3,0,-4,1,0,0,0,-257,0,0,3,-14,8,-2,7,0.227,0.112,1.004,62,-28,-20,-9,0,0,0,0,1630,3051,2591,2138,2071,2049,2074,2050,41,3,0,-7,1,0,0,1,17,0,0,-9,-14,8,-3,0,0.354,0.104,1.084
2111,3059,2592,2116,2069,2048,2072,2051,69,6,1,-2,0,0,-1,-1,-17,0,-1,-167,-13,13,4,-7,0.081,0.059,1.037,16,-65,-31,8,0,0,0,0,2584,3191,2583,2056,2049,2051,2072,2054,15,7,-2,0,1,0,0,0,15,0,5,-64,0,0,6,-12,0.051,0.031,1.048
2679,3192,2565,2101,2048,2051,2072,2053,16,-2,-3,10,0,0,0,0,20,0,7,-7,7,0,6,-12,0.053,0.043,1.03,-53,-41,-16,-11,0,0,0,0,2647,3166,2538,2140,2049,2051,2072,2049,-33,-3,4,-11,0,0,0,0,-52,0,-8,-136,0,0,6,6,0.049,0.059,1.046
2364,3181,2591,2066,2050,2049,2073,2048,-36,7,0,-8,2,0,0,0,-125,0,-11,-131,-11,8,3,9,0.116,0.062,1.032,-2,-57,-24,7,0,0,0,0,2091,3235,2591,1986,2050,2049,2073,2051,1,1,0,0,1,0,0,0,-299,0,0,-27,-7,8,2,-7,0.113,0.06,1.019
2091,3235,2591,2026,2050,2049,2073,2051,0,1,0,5,1,0,0,1,-319,0,0,4,-7,8,2,-7,0.122,0.054,1.024,-15,-74,-39,9,0,0,0,0,2091,3232,2591,2101,2050,2049,2074,2052,1,0,0,8,1,0,0,1,-474,0,0,85,-7,8,0,-7,0.138,0.07,1.032
2056,3219,2590,2144,2050,2049,2074,2051,0,-1,0,7,1,0,0,1,-593,0,0,160,-6,8,-1,-7,0.131,0.021,1.031,-9,-74,-17,-17,0,0,0,0,2056,3183,2590,2181,2050,2049,2074,2051,0,0,0,-14,1,0,0,0,-690,0,0,-19,-6,8,-1,-8,0.133,0.073,1.021
2056,3188,2591,2082,2050,2049,2072,2051,0,4,0,-11,1,0,-1,0,-680,0,0,-83,-6,8,3,-10,0.168,0.064,0.966,40,-66,-42,0,0,0,0,0,2004,3213,2590,1963,2050,2049,2073,2052,0,2,0,0,1,0,0,2,-262,0,0,-140,-7,8,2,-12,0.11,0.062,0.988
2092,3234,2592,1962,2050,2049,2072,2053,15,7,0,0,1,0,0,0,-60,0,-1,-138,-12,8,6,-12,0.105,0.056,1.03,17,-87,-41,8,0,0,0,0,2364,3240,2594,1971,2048,2050,2072,2053,16,1,0,8,0,0,0,1,12,0,0,-23,7,4,6,-12,0.058,0.029,1.037
2464,3239,2591,2020,2048,2050,2072,2053,12,0,-1,6,1,0,0,1,13,0,1,1,7,4,6,-12,0.056,0.028,1.034,-21,-27,-23,0,0,0,0,0,2529,3239,2583,2080,2049,2052,2072,2053,-18,0,0,0,1,0,0,1,-20,0,0,4,-7,-3,6,-12,0.059,0.037,1.039
2450,3238,2595,2081,2050,2050,2072,2052,-13,1,0,1,0,0,0,0,-62,0,-2,-2,-8,3,5,-12,0.064,0.04,1.04,2,-71,-35,-1,0,0,0,0,2359,3232,2596,2078,2050,2050,2072,2051,0,0,0,0,0,0,0,1,-113,0,0,-4,-7,5,5,-7,0.073,0.041,1.03
2359,3231,2595,2071,2050,2050,2072,2051,0,0,0,-1,0,0,0,1,-98,0,0,-3,-7,5,5,-12,0.071,0.04,1.035,-39,-86,-29,2,0,0,0,0,2307,3228,2595,2074,2049,2050,2072,2051,0,0,0,4,-2,0,2,1,-292,0,0,-5,0,5,5,-7,0.165,0.06,1.022
2132,3215,2594,2086,2050,2050,2074,2051,0,0,0,0,-1,0,0,0,-432,0,0,-7,-7,5,-1,-7,0.14,0.079,1.019,-9,-29,-24,-4,0,0,0,0,2032,3200,2592,2091,2049,2050,2074,2052,0,1,0,0,0,0,0,1,-690,0,0,-38,0,5,-3,-8,0.132,0.075,1.02
2032,3201,2592,2076,2049,2050,2074,2051,1,1,0,-2,0,0,0,0,-678,0,0,-83,0,5,-2,-7,0.108,0.072,1.015,-13,-80,-43,-11,0,0,0,0,2032,3212,2592,2010,2049,2050,2073,2052,0,1,0,-11,0,0,0,1,-661,0,0,-143,-6,5,2,-8,0.1,0.08,1.04
2032,3225,2592,1943,2050,2050,2072,2050,0,5,0,-8,1,0,0,-1,-654,0,0,-171,-6,5,4,0,0.113,0.104,1.151,17,-82,-43,7,0,0,0,0,2320,3244,2597,1854,2049,2051,2072,2053,14,0,0,0,0,0,0,1,0,0,0,-33,0,2,6,-12,0.077,0.043,1.053
2388,3244,2597,1899,2048,2051,2072,2053,9,1,0,7,1,0,0,1,0,0,0,-9,7,1,6,-12,0.052,0.035,1.042,-39,-36,-28,-9,0,0,0,0,2446,3243,2596,1933,2048,2051,2072,2052,3,1,0,-3,1,0,0,0,0,0,0,-103,7,1,6,-11,0.072,0.035,1.033
2461,3244,2594,1889,2048,2051,2072,2051,2,1,0,-6,0,0,0,0,0,0,0,-171,7,1,6,-7,0.077,0.035,1.031,-39,-61,-23,-5,0,0,0,0,2496,3247,2594,1804,2049,2051,2073,2049,4,1,0,-1,1,0,0,0,0,0,0,-211,0,1,3,7,0.091,0.028,1.041
2508,3247,2593,1779,2048,2051,2073,2048,1,1,0,-7,0,0,0,0,0,0,0,-248,7,1,2,11,0.078,0.035,1.034,-14,-39,-20,26,0,0,0,0,2509,3249,2593,1813,2050,2051,2073,2051,1,0,0,23,2,0,0,2,0,0,0,-19,-8,1,2,-7,0.068,0.029,1.042
2516,3247,2593,1970,2048,2051,2072,2051,2,-1,0,25,1,0,0,0,0,0,0,10,7,1,5,-7,0.046,0.036,1.025,-33,-37,-22,3,0,0,0,0,2538,3243,2593,2162,2048,2051,2072,2050,2,-1,0,6,1,0,0,-1,0,0,0,113,7,1,5,-7,0.028,0.019,1.035
2544,3240,2594,2178,2048,2051,2072,2051,1,-1,0,1,1,0,0,1,0,0,0,134,7,1,5,-7,0.027,0.023,1.036,-34,-57,-29,-7,0,0,0,0,2548,3215,2593,2197,2048,2051,2072,2050,1,0,0,-7,2,0,0,0,0,0,0,8,7,1,5,0,0.035,0.018,1.037
2551,3226,2593,2158,2047,2051,2072,2050,2,4,0,-5,0,0,0,0,0,0,0,-18,7,1,5,0,0.03,0.026,1.035,-21,-30,-23,-18,0,0,0,0,2556,3242,2593,2039,2049,2051,2072,2050,1,3,0,-18,2,0,0,0,0,0,0,-77,-1,1,5,7,0.084,0.036,1.039
2217,2063,2088,2079,2044,2082,2061,2048,1,1,0,2,0,0,0,1,-19,-14,-12,-42,6,2,2,7,0.02,0.015,1.039,14,-26,-13,-11,0,0,0,0,2255,2033,2041,2070,2044,2082,2059,2048,21,-20,-13,-4,0,0,0,1,-13,-70,-56,-212,6,2,7,7,0.084,0.016,1.023
2349,1867,1932,2009,2047,2081,2059,2048,12,-27,-17,-8,0,0,0,-3,9,-75,-3,-268,-11,5,7,7,0.022,-0.079,1.142,-48,37,18,22,0,0,0,0,2475,1686,1930,1954,2044,2086,2063,2050,-36,30,17,22,1,0,0,1,-261,31,-22,13,9,-15,-8,-7,0.002,0.059,1.028
2155,1876,2065,2047,2045,2086,2062,2050,-61,26,25,16,1,0,0,0,-219,86,-105,243,-6,-15,-5,-6,0.008,0.033,1.016,32,-6,-18,-13,0,0,0,0,1697,1990,2185,2114,2045,2084,2060,2051,11,1,-20,0,-1,0,0,0,11,249,-359,448,0,-7,7,-8,-0.0,0.042,1.053
1917,1991,2067,2103,2044,2084,2060,2051,39,0,-18,-9,-1,0,0,0,-13,192,-375,118,4,-7,4,-12,0.016,0.049,1.039,-7,-15,7,-1,0,0,0,0,2205,2018,1916,2012,2044,2085,2061,2051,1,0,0,0,1,0,0,-1,-65,31,-202,58,6,-11,0,-10,0.03,0.056,1.032
2205,1974,1928,2009,2043,2085,2062,2051,0,-17,3,0,0,0,0,0,-116,7,-51,43,10,-11,-4,-9,0.017,0.057,1.018,-36,-9,7,5,0,0,0,0,2010,1821,2021,2014,2044,2087,2063,2049,-49,-11,4,0,1,0,0,0,-124,-10,-83,81,6,-18,-8,0,0.068,0.067,1.035
1664,1751,2075,2014,2045,2087,2061,2050,-46,-15,8,0,0,0,0,1,-38,14,-107,225,0,-18,-1,-7,-0.067,0.073,0.92,36,41,-8,-8,0,0,0,0,1393,1625,2079,2047,2044,2082,2062,2050,22,16,-8,-2,1,0,0,0,80,291,-46,103,6,1,-5,-7,-0.004,0.045,1.038
1604,1886,2027,1981,2045,2082,2062,2050,33,49,-6,-5,0,0,0,0,102,282,-51,153,0,2,-4,-7,-0.015,0.048,1.014,8,22,-7,-5,0,0,0,0,2047,2470,1947,1914,2042,2084,2063,2050,19,35,-2,-4,0,0,0,0,9,68,-108,73,10,-6,-6,-7,-0.002,0.077,1.036
2104,2679,1868,1893,2041,2084,2062,2050,3,24,-7,-5,1,0,0,1,12,29,16,18,10,-7,-5,-7,0.002,0.08,1.034,-20,-4,1,19,0,0,0,0,2129,2851,1816,1904,2043,2084,2062,2050,-19,1,0,13,0,0,0,0,-34,16,25,164,10,-7,-3,-7,0.062,0.09,1.031
1972,2850,1832,2031,2043,2084,2063,2050,-21,-1,0,18,0,0,0,0,-23,5,-7,169,10,-7,-4,-7,-0.111,-0.009,1.136,41,-31,13,-6,0,0,0,0,1822,2811,1846,2215,2038,2084,2061,2049,25,-21,10,0,1,0,0,0,136,-110,210,-98,10,-7,1,-7,0.012,0.087,1.019
2035,2664,1862,2216,2039,2084,2061,2049,29,-12,0,0,1,0,0,0,221,-203,508,-273,8,-7,2,0,-0.083,0.045,1.063,-7,-25,-2,-21,0,0,0,0,2166,2440,1910,2190,2040,2084,2059,2047,0,-28,0,-23,1,0,0,0,403,-340,703,-755,8,-7,8,9,0.028,0.046,1.032
2167,2274,1911,2141,2040,2083,2054,2047,1,-32,0,0,1,0,-1,0,321,-312,644,-990,9,-3,29,9,0.066,0.114,0.981,-29,-15,4,-9,0,0,0,0,2167,2143,1911,2075,2040,2081,2050,2047,1,0,0,0,1,0,0,0,66,-614,649,-1000,9,6,46,8,0.043,0.026,1.077
2040,2075,1967,2075,2041,2081,2049,2047,-23,-1,10,0,1,0,0,0,27,-695,529,-1000,9,6,50,8,0.129,0.056,1.019,10,6,11,10,0,0,0,0,1829,2075,2047,2075,2041,2081,2049,2047,0,0,0,0,1,0,0,0,64,-641,524,-818,9,6,50,9,0.088,0.061,0.976
1828,2075,2106,2075,2041,2081,2049,2047,0,0,0,0,0,0,0,0,136,-559,590,-532,9,6,50,10,0.064,0.011,1.032,37,7,-22,-10,0,0,0,0,1897,2074,2189,2085,2041,2081,2050,2047,61,0,-17,0,1,0,0,0,321,-415,198,-426,10,6,47,10,0.012,0.024,1.04
2266,2074,2037,2082,2041,2081,2050,2047,54,1,-16,-2,1,0,0,0,187,-335,213,-701,10,6,48,10,0.075,0.062,1.045,-32,-3,-5,8,0,0,0,0,2649,2073,1891,1986,2045,2083,2043,2048,-27,0,-3,0,1,0,0,0,-20,-293,-1,-476,0,-2,77,6,0.133,0.014,1.014
2465,2073,1882,1986,2045,2082,2043,2047,-17,0,-1,0,0,0,0,0,-43,-325,-101,-249,0,-2,76,11,0.123,0.023,1.026,-17,-18,16,7,0,0,0,0,2251,1785,1898,2050,2046,2084,2045,2048,-32,-23,13,7,0,0,0,1,-132,-90,-4,-119,-6,-6,69,7,0.058,0.047,1.048
2115,1603,2010,2074,2046,2095,2062,2048,-18,-34,17,0,0,0,0,1,-117,-36,-28,-24,-6,-52,-3,7,0.098,0.085,1.048,-23,40,-13,-7,0,0,0,0,1870,1526,2151,2088,2045,2096,2062,2050,-31,31,0,-9,0,0,0,-1,-94,35,-357,-4,-2,-57,-4,-7,0.075,0.058,1.055
1648,1735,2112,2032,2043,2095,2061,2051,-14,34,0,-13,1,0,0,0,-49,84,-578,47,9,-52,0,-12,0.122,0.067,1.045,-2,12,-7,-11,0,0,0,0,1409,2051,1861,1932,2046,2082,2038,2065,6,2,0,-11,4,0,0,1,-15,130,-80,34,-6,2,98,-12,0.009,-0.043,1.001
1404,2236,1807,1851,2045,2082,2039,2065,0,25,-4,-10,1,0,0,1,-17,37,-57,62,0,2,96,-12,0.075,-0.052,1.045,16,7,2,17,0,0,0,0,1438,2466,1757,1779,2046,2082,2039,2064,19,1,0,4,0,0,0,0,11,-17,-40,312,-6,2,93,-11,0.006,-0.038,1.044
1548,2511,1764,1889,2045,2082,2039,2051,16,9,2,22,0,0,0,-5,11,-19,-11,341,0,2,93,-6,0.077,-0.037,1.038,-6,-8,10,-7,0,0,0,0,1632,2559,1828,2041,2044,2082,2040,2048,0,-7,10,0,1,0,0,1,-12,-37,0,133,6,2,90,7,0.02,-0.023,1.039
1592,2553,1886,2019,2044,2082,2040,2048,-3,0,8,-8,1,0,0,1,-12,-81,17,16,6,2,90,7,0.033,-0.029,1.028,16,-3,18,-8,0,0,0,0,1547,2554,2012,1942,2045,2081,2040,2051,0,1,13,-8,1,0,0,2,55,-164,150,-31,0,4,90,-11,-0.004,-0.015,1.048
1545,2554,2096,1905,2044,2082,2046,2051,0,1,15,-4,1,0,0,0,178,-189,309,-103,5,3,64,-9,-0.054,-0.028,1.052,58,-22,5,3,0,0,0,0,1633,2504,2195,1869,2043,2082,2051,2050,22,0,0,0,1,0,0,1,665,-313,578,-162,3,2,42,-6,-0.008,0.0,1.007
1647,2416,2202,1871,2043,2082,2049,2051,0,-11,0,0,0,0,-2,1,691,-382,694,-85,3,2,51,-11,-0.011,-0.029,1.031,23,-14,-4,12,0,0,0,0,1648,2021,2251,1942,2044,2082,2045,2052,0,-34,0,12,0,0,0,1,676,-129,580,-58,3,2,67,-11,-0.014,-0.01,1.036
1648,1837,2252,2022,2044,2082,2045,2052,1,-23,0,9,1,0,0,0,672,-52,465,-56,4,2,67,-12,-0.035,-0.005,1.035,4,23,-23,3,0,0,0,0,1544,1688,2216,2115,2044,2082,2042,2055,-94,-1,-11,0,1,0,0,1,0,42,51,0,6,3,80,-12,0.069,-0.031,1.042
1401,1687,2074,2122,2044,2083,2042,2057,0,0,-21,0,1,0,0,0,0,218,-4,55,6,-2,78,-11,0.067,-0.035,1.014,38,-10,13,-18,0,0,0,0,1436,1769,1953,2074,2044,2082,2042,2058,3,1,7,-14,0,0,0,1,0,248,2,3,6,1,81,-11,0.07,-0.018,1.019
1426,1770,2025,1959,2044,2082,2046,2056,-3,1,11,-16,-1,1,2,0,0,154,55,-2,8,1,66,-11,0.058,-0.006,1.023,59,37,-13,17,0,0,0,0,1183,1825,2085,1804,2039,2083,2062,2049,-3,12,-8,0,2,0,0,0,0,251,-10,365,10,-2,-4,0,0.0,-0.004,1.041
1181,1905,2003,1845,2047,2082,2059,2051,3,1,-14,17,3,0,0,0,0,546,-35,690,-7,1,7,-9,-0.03,-0.042,1.028,38,-21,18,-4,0,0,0,0,1246,2241,1975,1883,2046,2082,2048,2050,6,1,16,0,-1,0,0,0,0,216,0,833,-6,2,55,-6,-0.045,-0.048,1.047
1272,2241,2092,1883,2044,2082,2048,2050,1,1,18,0,0,0,0,0,0,61,10,718,6,2,55,-6,-0.018,-0.044,1.026,18,18,-24,14,0,0,0,0,1248,2137,2134,1887,2045,2083,2048,2051,0,0,-23,2,0,0,0,1,0,114,-19,827,0,-1,55,-9,-0.049,-0.048,1.04
1265,2137,1978,1926,2044,2083,2048,2050,5,0,-23,11,-3,0,0,0,0,267,-46,976,6,-1,55,-4,-0.006,-0.042,1.032,55,-15,10,-10,0,0,0,0,1333,2138,1829,1950,2045,2083,2048,2050,8,1,8,0,-3,0,0,0,0,329,-7,817,6,-1,55,-6,-0.045,-0.037,1.021
1371,2138,1896,1950,2046,2083,2048,2051,6,1,9,0,1,0,0,1,0,188,-5,531,-6,-1,55,-7,-0.032,-0.061,1.023,19,-3,13,16,0,0,0,0,1401,2137,2022,1939,2044,2082,2048,2050,-2,0,12,0,1,0,0,1,0,58,18,534,6,2,55,-6,-0.052,-0.048,1.031
1391,2133,2102,1958,2044,2082,2048,2050,-2,-7,12,10,1,0,0,0,0,49,52,921,5,2,55,-5,-0.051,-0.05,1.0,31,-12,-18,-1,0,0,0,0,1258,2116,2124,1659,2042,2084,2063,2045,-24,-9,-15,-35,0,0,0,0,0,14,24,123,10,-7,-8,11,0.014,0.046,1.063
1076,2038,2006,1434,2037,2085,2063,2029,-28,-8,-14,-25,0,0,0,0,0,14,0,97,10,-10,-9,13,0.025,0.129,1.017,51,-13,-1,44,0,0,0,0,1047,1897,1869,1371,2040,2085,2062,2030,5,-12,-1,0,2,0,0,1,0,-14,-1,0,10,-10,-4,12,0.069,0.14,1.019
1070,1816,1862,1372,2042,2084,2062,2031,0,-9,-3,0,0,0,0,1,0,-14,1,0,10,-7,-4,12,0.038,0.118,1.032,51,42,13,29,0,0,0,0,1080,1835,1896,1371,2042,2084,2062,2035,1,40,10,-2,0,0,0,2,0,44,71,3,10,-7,-4,12,-0.009,0.11,1.023
1065,2086,1972,1298,2042,2084,2062,2037,-6,42,11,-14,0,0,0,0,0,70,120,43,10,-7,-5,11,-0.024,0.099,1.023,55,5,4,34,0,0,0,0,931,2479,2098,1155,2041,2084,2063,2036,-5,6,3,-3,1,0,0,0,0,35,94,12,10,-7,-8,12,-0.025,0.105,1.026
914,2522,2121,1138,2041,2084,2063,2036,-3,7,2,-1,0,0,0,0,0,29,108,4,10,-7,-7,11,-0.032,0.102,1.03,41,10,-13,50,0,0,0,0,887,2590,2115,1113,2042,2084,2063,2036,-1,6,-11,-3,1,0,0,0,0,43,2,9,10,-7,-7,12,-0.004,0.117,1.022
890,2643,2049,1085,2045,2084,2063,2036,1,7,-11,-2,1,0,0,0,0,55,-69,8,0,-7,-6,11,-0.002,0.104,1.033,39,-7,3,43,0,0,0,0,926,2691,1964,1069,2044,2084,2062,2037,3,1,0,0,0,0,0,1,0,43,-84,0,6,-7,-4,12,-0.0,0.112,1.026
931,2690,1967,1069,2043,2084,2062,2037,2,0,2,0,0,0,0,1,0,16,-8,0,10,-7,-4,12,-0.008,0.113,1.027,93,-51,-7,40,0,0,0,0,937,2488,1966,1070,2041,2084,2061,2038,5,-47,-9,0,-1,0,0,1,0,-35,-37,-1,10,-7,-1,11,-0.012,0.103,1.033
970,2158,1908,1124,2044,2084,2061,2044,5,-47,-6,11,2,0,0,1,0,-45,0,-34,6,-8,0,11,0.037,0.127,1.014,28,14,15,51,0,0,0,0,1034,1758,1909,1261,2042,2084,2061,2048,6,14,14,12,0,0,0,1,0,13,54,-34,11,-8,0,3,-0.001,0.11,1.026
1009,1832,2001,1297,2042,2085,2061,2050,-4,9,11,0,1,0,0,0,0,16,92,-5,10,-9,1,-7,-0.015,0.112,1.028,44,15,-8,50,0,0,0,0,916,1989,2099,1297,2042,2084,2062,2049,-2,14,-7,0,1,0,0,0,0,25,16,0,10,-7,-2,0,-0.003,0.116,1.025
914,2078,2054,1287,2044,2084,2062,2048,1,11,-4,-2,1,0,0,0,0,33,-17,5,6,-7,-4,7,0.002,0.114,1.027,59,-28,8,27,0,0,0,0,924,2134,2026,1253,2044,2084,2062,2048,1,-20,5,0,0,0,0,1,0,-17,-3,-1,9,-7,-3,7,-0.011,0.111,1.026
925,1959,2061,1267,2043,2084,2061,2047,1,-26,5,5,1,0,0,0,0,-22,71,-12,10,-7,1,8,-0.005,0.111,1.03,39,17,-5,48,0,0,0,0,888,1773,2113,1341,2043,2084,2061,2049,-1,7,0,0,0,0,0,0,0,16,23,-3,10,-7,1,0,-0.012,0.121,1.024
886,1859,2083,1340,2044,2084,2062,2049,1,14,-3,0,2,0,0,0,0,28,-1,0,6,-7,-2,0,-0.0,0.119,1.027,47,19,-6,37,0,0,0,0,894,2050,2038,1308,2045,2084,2062,2049,2,13,-7,-5,1,0,0,0,0,48,-84,16,0,-7,-4,0,0.008,0.124,1.029
898,2162,2002,1257,2045,2084,2062,2049,1,17,-10,-8,0,0,0,0,0,58,-106,24,0,-7,-3,0,0.002,0.108,1.032,64,10,3,42,0,0,0,0,937,2364,1960,1160,2043,2084,2062,2049,2,11,0,-4,1,0,0,0,0,51,-69,17,5,-7,-3,0,-0.0,0.12,1.026
939,2436,1967,1127,2043,2084,2062,2049,0,11,5,-4,0,0,0,0,0,46,-10,13,9,-6,-3,0,0.006,0.113,1.029,62,-36,-13,48,0,0,0,0,937,2446,1948,1102,2044,2084,2062,2049,5,-30,-12,0,-1,0,0,1,0,-20,-76,-1,10,-7,-3,0,0.035,0.124,1.025
969,2218,1856,1118,2042,2084,2061,2048,5,-33,-13,5,0,0,0,1,0,-25,-58,-13,10,-9,2,7,0.056,0.125,1.02,90,-25,10,38,0,0,0,0,1026,1822,1729,1197,2043,2084,2061,2048,4,-23,0,7,2,0,0,2,0,-25,230,-19,5,-7,2,7,-0.08,0.162,1.046
1049,1674,1748,1264,2044,2084,2061,2048,1,-23,6,11,1,0,0,2,0,-35,432,-33,5,-7,2,7,-0.024,0.184,1.038,33,8,6,28,0,0,0,0,1098,1466,1865,1347,2045,2084,2061,2048,6,0,0,3,1,0,0,2,0,-13,391,-9,0,-7,2,2,-0.069,0.205,1.014
1131,1518,1923,1373,2045,2084,2061,2049,5,10,7,3,1,0,0,1,0,9,321,-10,0,-7,2,0,-0.07,0.17,1.019,28,58,15,32,0,0,0,0,1150,1763,2025,1381,2046,2084,2062,2051,-1,57,12,-5,0,0,0,1,0,49,370,8,-5,-7,-2,-11,-0.122,0.186,1.025
1080,2105,2124,1284,2046,2084,2063,2051,-13,55,13,-20,1,0,0,1,0,101,377,61,-5,-7,-5,-8,-0.139,0.167,1.001,41,7,0,47,0,0,0,0,868,2630,2285,1076,2047,2084,2063,2047,-8,8,0,-2,1,0,0,0,0,58,193,15,-10,-7,-7,11,-0.117,0.162,1.006
843,2659,2285,1068,2047,2084,2063,2047,-1,9,0,-1,0,0,0,0,0,77,193,1,-10,-7,-8,11,-0.114,0.169,1.007,99,-8,-26,66,0,0,0,0,842,2684,2212,1060,2046,2083,2063,2048,2,0,-25,-1,1,0,0,1,0,58,3,1,-6,-7,-5,7,-0.08,0.181,1.023
868,2682,2054,1055,2045,2084,2063,2048,6,-2,-23,0,-1,0,0,1,0,23,-60,0,6,-7,-6,7,-0.049,0.168,1.021,32,-21,8,49,0,0,0,0,928,2546,1841,1051,2044,2084,2063,2050,6,-15,1,0,-1,0,0,0,0,14,124,0,10,-7,-5,-7,-0.034,0.195,1.011
952,2427,1882,1052,2044,2084,2062,2050,4,-15,0,1,0,0,0,1,0,-14,183,-1,5,-7,-2,-8,-0.059,0.192,1.012,71,-6,14,57,0,0,0,0,1006,2258,1994,1067,2044,2084,2062,2048,6,-5,18,4,1,0,0,0,0,-16,238,-10,5,-7,0,7,-0.063,0.185,1.008
1010,2222,2089,1094,2045,2084,2061,2048,-7,-6,12,4,1,0,0,0,0,-17,237,-13,-6,-7,2,7,-0.079,0.184,1.005,35,25,6,35,0,0,0,0,884,2229,2228,1121,2047,2084,2062,2048,-6,18,8,0,1,0,0,0,0,27,229,0,-10,-7,-2,7,-0.12,0.18,1.007
852,2382,2270,1116,2047,2084,2063,2047,-2,24,2,-2,1,0,0,1,0,34,221,4,-10,-7,-5,7,-0.122,0.177,1.016,62,-14,-7,59,0,0,0,0,830,2542,2313,1079,2047,2084,2063,2048,0,1,0,0,1,0,0,1,0,13,108,0,-10,-7,-5,9,-0.106,0.184,1.008
831,2473,2284,1079,2047,2084,2063,2047,2,-10,-5,0,1,0,0,1,0,-14,29,0,-10,-7,-5,11,-0.091,0.184,1.009,38,17,-25,62,0,0,0,0,848,2386,2127,1080,2047,2084,2063,2048,5,14,-22,0,0,0,0,2,0,34,-8,0,-10,-7,-5,-5,-0.033,0.201,1.004
882,2456,1964,1071,2043,2084,2063,2051,6,7,-25,-1,-1,0,0,1,0,71,-31,4,9,-7,-4,-12,-0.068,0.226,0.992,75,-16,-2,44,0,0,0,0,932,2522,1745,1048,2046,2084,2063,2051,3,0,0,0,1,0,0,1,0,45,26,1,-7,-7,-5,-8,-0.083,0.193,1.005
948,2472,1731,1048,2046,2084,2064,2050,4,-8,-4,0,-1,0,0,0,0,15,26,0,-6,-7,-9,-7,-0.068,0.197,1.007,73,14,5,55,0,0,0,0,980,2374,1711,1048,2046,2084,2064,2049,3,4,0,0,1,0,0,0,0,48,135,0,-10,-7,-8,0,-0.062,0.189,1.006
1002,2422,1729,1047,2046,2084,2064,2049,4,7,3,0,1,0,0,0,0,91,206,0,-10,-7,-8,0,-0.098,0.184,1.008,38,4,24,38,0,0,0,0,1042,2532,1853,1046,2047,2084,2063,2049,3,4,21,0,1,0,0,0,0,100,298,0,-10,-7,-6,0,-0.115,0.168,1.008
1068,2623,2013,1046,2047,2084,2064,2048,5,16,23,0,-1,0,0,0,0,35,310,0,-10,-6,-8,7,-0.145,0.182,1.006,23,-38,-12,52,0,0,0,0,1022,2595,2169,1047,2047,2084,2063,2049,-6,-39,0,0,1,0,0,1,0,-29,223,0,-10,-6,-4,0,-0.104,0.197,1.005
1011,2337,2116,1056,2047,2084,2061,2047,0,-35,-10,5,1,0,0,-1,0,-29,101,-12,-10,-6,3,9,-0.094,0.197,1.0,90,-4,2,34,0,0,0,0,1055,2009,2028,1154,2047,2084,2061,2049,5,-6,0,4,1,0,0,1,0,-18,115,-16,-11,-6,3,-4,-0.086,0.21,1.008
1064,1970,2027,1179,2048,2084,2061,2049,0,-4,0,2,1,0,0,1,0,-14,172,-8,-10,-6,3,0,-0.097,0.206,1.006,76,-9,2,39,0,0,0,0,1064,1899,2028,1216,2047,2084,2061,2049,0,-6,0,4,0,0,0,1,0,-16,273,-10,-10,-6,3,0,-0.093,0.201,1.009
1064,1842,2032,1243,2047,2084,2061,2049,0,-7,0,4,0,0,0,0,0,-18,315,-12,-10,-6,3,-1,-0.095,0.203,1.003,78,18,14,44,0,0,0,0,1055,1804,2112,1288,2047,2084,2061,2050,-2,14,12,0,0,0,0,1,0,20,302,-2,-10,-6,3,-7,-0.155,0.205,1.002
1018,1910,2192,1288,2047,2084,2062,2050,-9,14,15,0,0,0,0,1,0,27,363,0,-10,-7,-1,-7,-0.121,0.217,0.93,61,29,-6,50,0,0,0,0,838,2139,2326,1244,2048,2084,2063,2048,-3,24,0,-9,0,0,0,2,0,62,152,24,-11,-5,-5,7,-0.139,0.207,1.0
830,2317,2314,1163,2048,2084,2063,2050,0,28,-8,-13,1,0,0,2,0,77,24,39,-10,-5,-5,-7,-0.146,0.205,1.006,49,-27,-25,62,0,0,0,0,831,2514,2161,1067,2047,2084,2062,2050,4,-24,-24,0,1,0,0,0,0,-13,0,2,-9,-5,-4,-10,-0.038,0.231,0.99
868,2354,1994,1068,2046,2084,2062,2050,6,-23,-27,0,0,0,0,0,0,-16,-2,0,-6,-6,-2,-8,-0.044,0.22,0.992,65,-36,25,44,0,0,0,0,916,2010,1840,1099,2045,2084,2061,2047,3,-30,22,10,1,0,0,-1,0,-30,294,-26,0,-6,3,11,-0.067,0.246,0.982
940,1785,2031,1171,2046,2084,2061,2047,4,-35,25,11,1,0,0,1,0,-41,200,-34,-7,-6,3,8,-0.082,0.251,1.01,76,20,-7,54,0,0,0,0,886,1525,2217,1294,2047,2084,2061,2048,-5,16,0,12,1,0,0,2,0,14,113,-33,-10,-6,3,7,-0.107,0.261,0.997
2117,2080,2049,2053,2046,2051,2050,2050,1,1,0,0,0,0,0,1,-14,-14,-1,-9,8,0,-1,0,0.024,0.025,1.031,19,32,0,6,0,0,0,0,2183,2196,2049,2075,2046,2053,2051,2051,21,31,0,4,1,0,0,1,12,20,-1,11,-5,-9,-6,-8,0.043,0.044,1.057
2329,2410,2050,2111,2047,2054,2052,2051,21,27,0,5,1,0,0,0,-14,21,-6,25,0,-14,-9,-8,-0.032,0.036,1.048,0,-58,-1,-4,0,0,0,0,2467,2472,2043,2144,2046,2053,2051,2049,1,-55,-1,-3,0,0,0,0,-13,-35,3,7,7,-9,-6,7,0.123,0.032,1.039
2466,2207,2038,2140,2046,2051,2048,2048,0,-40,0,0,1,0,0,0,-13,-172,-4,-85,3,-2,6,11,0.1,0.012,1.02,-26,-7,10,-14,0,0,0,0,2382,1605,2026,2055,2051,2068,2049,2049,-22,-7,0,-37,2,3,-2,0,-27,-35,196,-128,-12,-69,1,7,0.024,0.061,1.009
2303,1529,2149,1952,2052,2068,2050,2049,-9,-11,10,-14,1,0,0,0,-130,-21,-22,-84,-12,-72,-1,7,-0.047,0.065,1.046,-27,22,-6,21,0,0,0,0,1983,1525,2233,1912,2056,2069,2050,2051,-31,11,0,20,1,0,0,2,-111,17,-167,15,-12,-77,-1,-7,0.036,0.087,1.022
1714,1611,2233,2014,2057,2069,2049,2051,-43,1,0,12,1,0,0,1,-31,64,-342,182,-11,-77,1,-11,0.008,0.093,1.049,57,8,-9,11,0,0,0,0,1642,1608,2151,2175,2057,2068,2048,2051,54,1,-8,7,0,0,0,-1,43,322,-360,397,-12,-73,5,-9,0.047,0.062,1.007
2082,1630,2045,2238,2055,2057,2048,2052,64,0,-14,0,0,-1,0,1,17,375,-173,440,-12,-28,6,-10,-0.054,0.01,1.048,-11,-6,3,2,0,0,0,0,2507,1628,1951,2294,2047,2051,2047,2052,-4,0,5,6,0,0,0,1,-17,405,-9,611,-7,-2,9,-10,-0.035,0.006,1.024
2436,1628,1969,2295,2047,2051,2047,2052,-15,1,2,0,0,0,0,1,-16,336,-3,661,0,-2,9,-10,-0.05,0.009,1.02,-21,29,13,0,0,0,0,0,2290,1628,2058,2330,2046,2051,2047,2052,-21,1,13,8,0,0,0,1,-38,539,0,588,7,-2,9,-9,-0.05,0.011,1.044
2147,1628,2144,2336,2046,2050,2047,2052,-21,1,11,0,0,0,0,1,-37,702,0,555,7,1,9,-9,-0.045,0.015,1.027,16,2,-14,-23,0,0,0,0,1990,1628,2194,2334,2046,2050,2047,2052,16,1,-11,-9,-1,0,0,1,13,692,-75,144,7,2,10,-10,-0.233,-0.023,1.037
2120,1814,2122,2184,2045,2050,2046,2050,28,76,-11,-10,-4,0,0,2,-14,296,-165,123,11,0,13,-1,-0.084,0.012,0.983,-30,14,11,8,0,0,0,0,2234,2088,2030,2012,2048,2053,2050,2051,-24,26,11,0,0,0,0,0,-116,108,-29,232,-7,-11,-3,-7,-0.011,0.034,1.033
2039,2132,2118,2019,2049,2053,2050,2051,-42,5,13,0,2,0,0,0,-114,156,-94,432,-12,-11,-3,-7,-0.005,0.042,1.03,44,-18,6,0,0,0,0,0,1856,2182,2213,2064,2048,2051,2048,2050,36,1,0,13,0,0,0,0,15,124,-24,513,-7,-3,5,0,-0.044,0.02,1.047
2117,2182,2248,2068,2046,2051,2047,2050,41,1,3,0,1,0,0,0,31,23,6,492,7,-3,9,0,-0.032,0.014,1.027,-9,14,-13,4,0,0,0,0,2453,2051,2241,2079,2048,2051,2047,2050,2,1,-12,3,1,0,0,1,-13,86,-14,522,-7,-3,9,-6,-0.049,0.004,1.039
2417,2052,2165,2080,2048,2051,2047,2051,-4,0,-8,0,1,0,0,1,-16,192,-62,624,-7,-3,9,-5,-0.026,0.013,1.034,-15,11,6,-2,0,0,0,0,2297,2157,2080,2088,2047,2050,2047,2050,-11,23,6,0,1,0,0,0,-24,221,-18,688,0,2,9,0,-0.065,0.014,1.014
2216,2297,2121,2088,2046,2050,2047,2050,-10,27,8,0,1,0,0,0,-38,150,-20,631,-8,2,9,0,-0.049,0.0,1.028,-24,5,-19,0,0,0,0,0,2062,2528,2127,2197,2048,2063,2050,2051,-15,9,-20,4,-1,0,0,1,-101,41,-206,106,-11,-52,-3,-7,0.045,0.116,1.015
1837,2583,2011,2200,2048,2063,2050,2050,-37,8,-20,0,1,0,0,0,-37,26,-259,90,-11,-55,-1,0,-0.175,0.002,1.075,21,-7,19,-17,0,0,0,0,1625,2725,1847,2228,2039,2052,2050,2057,-2,16,7,-1,2,0,0,0,44,-64,155,-346,11,-7,-6,-10,0.069,0.091,1.043
1626,2736,1929,2183,2043,2051,2051,2056,0,2,6,-13,1,0,0,0,205,-111,356,-644,10,-5,-6,-10,0.001,0.053,1.08,23,-65,-5,-11,0,0,0,0,1623,2732,2005,2057,2047,2048,2049,2054,1,-13,0,-15,1,0,0,-1,571,-674,575,-863,-1,9,-1,-8,0.017,0.018,1.022
1761,2472,2005,2053,2047,2048,2046,2052,1,-41,0,0,1,0,0,0,653,-556,433,-999,0,10,14,-8,0.01,0.042,1.01,8,-6,-3,-2,0,0,0,0,1948,1972,2004,2053,2046,2047,2044,2051,0,-19,0,0,0,0,0,1,522,-500,215,-1000,6,14,23,-10,0.05,0.013,0.98
2016,1773,1991,2337,2046,2057,2053,2051,95,-92,0,66,2,10,2,-2,355,-161,182,-264,-1,-20,-12,-7,0.025,0.073,1.021,-19,12,3,-16,0,0,0,0,2405,1509,1974,2556,2049,2059,2051,2050,-13,0,0,0,1,0,0,0,-13,14,211,-2,-12,-36,-4,-8,-0.056,0.07,1.029
2284,1543,1975,2554,2048,2059,2051,2050,-20,3,0,0,0,0,0,0,-15,31,293,0,-7,-36,-4,0,-0.03,0.069,1.031,7,34,-14,-21,0,0,0,0,2115,1697,1995,2548,2045,2058,2051,2052,1,35,-18,-2,1,0,2,0,26,106,33,3,9,-32,-5,-7,0.004,0.083,1.017
2206,1998,1900,2526,2046,2058,2050,2050,4,36,-12,-3,0,0,0,0,12,44,45,9,7,-34,-3,0,-0.046,0.104,1.033,-23,15,-1,-20,0,0,0,0,2213,2350,1793,2489,2045,2059,2051,2051,-30,19,0,-1,0,0,0,0,-33,30,14,5,12,-36,-5,-11,-0.058,0.071,1.008
1991,2494,1785,2491,2043,2059,2051,2061,-30,19,-2,0,0,0,0,5,-11,14,16,-1,12,-36,-7,-12,0.025,0.132,1.042,12,-49,24,-34,0,0,0,0,1777,2551,1783,2572,2037,2060,2050,2053,0,-36,21,0,0,0,0,-3,71,-135,441,-3,10,-40,-5,-11,-0.053,0.112,1.021
1776,2400,1904,2571,2037,2060,2050,2039,0,-21,18,0,0,0,0,0,161,-427,618,0,10,-40,-3,10,-0.105,0.148,1.009,33,-5,-7,-22,0,0,0,0,1774,2158,2039,2572,2038,2060,2050,2034,0,1,0,0,1,0,0,0,585,-636,716,0,9,-40,-3,10,-0.072,0.129,0.999
1774,2158,2039,2572,2038,2060,2050,2034,0,1,0,0,1,0,0,0,694,-674,517,0,9,-40,-3,10,-0.071,0.119,1.011,19,-25,-3,-29,0,0,0,0,1774,2158,2038,2573,2038,2060,2050,2033,0,0,-2,0,1,0,0,0,679,-662,236,0,10,-40,-3,10,-0.053,0.097,1.041
1813,2128,2003,2572,2039,2060,2050,2032,1,0,0,0,1,0,0,0,669,-654,291,0,10,-40,-3,10,-0.062,0.126,1.012,6,-3,2,-20,0,0,0,0,1814,2219,1992,2576,2039,2060,2050,2050,2,72,0,0,1,0,0,-3,570,0,274,-3,11,-40,-4,0,-0.027,0.163,0.938
1447,2458,1996,2576,2025,2064,2051,2048,-68,29,0,0,-3,0,0,4,0,0,315,0,13,-57,-6,-7,0.019,0.263,0.963,65,-35,3,-33,0,0,0,0,1033,2606,2053,2576,2038,2059,2050,2048,-1,2,2,0,1,0,0,0,0,0,199,0,11,-37,-4,11,0.012,0.181,1.012
1028,2608,2067,2576,2039,2059,2050,2048,-1,1,3,0,1,0,0,0,0,0,224,0,11,-37,-4,12,0.008,0.191,1.021,39,-43,-14,-39,0,0,0,0,979,2613,2073,2576,2041,2059,2051,2047,-1,1,-13,0,2,0,0,0,0,0,14,0,11,-37,-4,12,0.014,0.189,1.017
972,2614,1992,2576,2045,2052,2050,2047,2,1,-12,0,0,0,0,0,0,0,-21,0,7,-6,-3,12,0.024,0.17,1.017,40,-39,5,-18,0,0,0,0,975,2617,1902,2577,2045,2051,2050,2047,0,1,1,0,1,0,0,0,0,0,-12,0,12,-4,-3,11,0.024,0.187,1.018
971,2617,1935,2576,2045,2051,2050,2047,0,1,3,0,-1,0,0,1,0,0,0,0,7,-3,-3,12,0.023,0.181,1.011,47,-1,-6,-38,0,0,0,0,971,2618,1947,2577,2046,2052,2051,2047,0,0,-3,0,2,0,0,1,0,0,-8,0,7,-4,-4,12,0.028,0.177,1.02
971,2618,1919,2577,2045,2051,2050,2047,0,1,-5,0,0,0,0,0,0,0,-60,0,11,-5,-3,12,0.03,0.177,1.019,63,-37,21,-23,0,0,0,0,973,2619,1950,2577,2046,2051,2050,2048,-2,1,18,0,2,0,0,1,0,0,4,0,5,-3,-3,12,0.009,0.173,1.021
965,2622,2067,2576,2046,2052,2051,2048,-2,1,15,0,1,0,0,1,0,0,128,0,7,-7,-5,11,-0.011,0.164,1.021,65,-24,-19,-26,0,0,0,0,862,2627,2174,2577,2048,2052,2050,2047,-2,2,-14,0,2,0,0,-1,0,0,5,0,-12,-6,-5,11,0.014,0.175,1.01
859,2630,2062,2577,2045,2051,2050,2047,0,1,-14,0,0,0,0,1,0,0,-50,0,8,-4,-3,11,0.007,0.169,0.982,95,-24,7,-44,0,0,0,0,882,2636,1937,2577,2045,2051,2050,2049,3,0,8,0,0,0,0,1,0,0,-21,0,12,-3,-4,7,0.027,0.173,1.014
882,2636,1983,2577,2045,2051,2051,2049,1,0,5,0,-1,0,0,0,0,0,-4,0,7,-3,-5,7,0.025,0.18,1.018,62,-3,-14,-19,0,0,0,0,883,2635,1985,2577,2046,2052,2051,2048,0,1,-12,0,0,0,0,1,0,0,-55,0,7,-5,-5,11,0.039,0.192,1.02
888,2637,1913,2577,2045,2052,2050,2048,3,1,-6,0,1,0,0,1,0,0,-146,0,12,-6,-4,7,0.055,0.134,0.943,60,-30,19,-26,0,0,0,0,943,2634,1849,2577,2046,2051,2051,2048,5,-3,18,0,1,0,0,-1,0,0,12,0,7,-2,-5,12,0.022,0.172,1.016
2159,2074,2082,2057,2043,2067,2048,2047,1,1,0,0,0,0,0,1,-17,-12,-7,-14,6,0,0,0,0.018,0.014,1.038,-2,7,1,8,0,0,0,0,2159,2101,2085,2090,2043,2067,2049,2047,1,11,0,6,0,0,0,1,-21,8,-4,-1,6,0,-6,0,0.028,0.027,1.035
2160,2149,2093,2137,2043,2069,2050,2047,0,8,1,8,0,0,0,1,-29,12,-8,21,6,-9,-8,0,0.009,0.021,1.039,21,2,-13,-23,0,0,0,0,2203,2205,2067,2105,2042,2069,2049,2046,17,8,-11,-22,-1,0,0,0,8,12,-108,-12,10,-9,-6,7,0.056,0.023,1.015
2345,2230,1963,1974,2043,2067,2046,2046,23,5,-15,-20,1,0,0,1,4,-13,-41,-107,6,-2,7,6,0.084,-0.0,1.019,-2,-25,20,18,0,0,0,0,2492,2282,1912,1860,2044,2067,2046,2048,-3,-1,18,19,-1,0,0,0,-13,-143,117,-9,-6,-2,8,-7,0.089,-0.001,1.041
2471,2162,2039,1987,2043,2066,2045,2048,-3,-25,13,19,1,-1,0,1,0,-182,151,-77,6,0,12,-7,0.073,-0.002,0.998,-26,-11,-15,-17,0,0,0,0,2355,1712,2166,2081,2044,2068,2047,2048,-22,-13,-15,-14,1,0,0,0,-18,-12,-6,-201,-6,-3,4,-11,0.124,0.021,1.034
2258,1684,2088,1952,2046,2078,2048,2046,-18,1,-10,-49,1,7,0,1,-76,-33,-101,-148,-10,-44,-1,7,0.198,0.047,1.012,20,59,-6,23,0,0,0,0,2197,1748,2048,1862,2045,2080,2048,2048,2,47,0,7,2,0,0,-1,-93,51,-540,111,-6,-57,-2,-9,0.084,0.016,1.053
2253,1973,2017,1939,2045,2079,2047,2049,17,43,-17,44,0,0,0,0,-30,221,-592,458,-5,-53,3,-10,-0.102,-0.016,1.034,-1,16,-8,12,0,0,0,0,2436,2728,1878,2259,2040,2092,2049,2047,1,14,-32,5,1,0,0,1,-66,17,-352,76,10,-111,-4,0,-0.014,0.069,1.035
2435,2810,1766,2339,2040,2091,2049,2047,0,16,-10,13,1,0,0,1,-73,29,-104,74,10,-108,-4,6,0.08,0.086,1.024,-31,-66,25,-28,0,0,0,0,2435,2726,1792,2324,2039,2091,2047,2043,0,-65,23,-25,0,0,-1,-1,-305,-28,-4,-2,10,-108,1,11,0.066,0.139,0.982
2181,2402,1968,2220,2042,2086,2043,2044,-53,-27,22,-13,2,-5,-1,1,-156,-182,0,-343,5,-88,18,9,0.268,0.108,0.909,2,-12,-13,5,0,0,0,0,1709,1957,2092,2060,2043,2067,2036,2046,0,1,-10,0,1,0,0,1,18,-321,3,-501,6,-4,48,6,0.143,0.021,1.019
1731,1836,2012,2060,2043,2067,2036,2046,8,-25,-13,0,1,0,0,1,14,-225,-9,-360,6,-2,49,7,0.172,0.035,1.0,2,48,-8,9,0,0,0,0,1778,1692,1882,2083,2044,2067,2037,2047,2,23,-5,7,1,0,0,1,8,21,-39,-124,-6,-2,46,-7,0.11,0.033,0.987
1794,2028,1840,2124,2042,2068,2047,2046,2,50,-12,3,0,1,6,0,-8,14,-90,-39,10,-4,10,7,0.098,0.019,1.029,16,-24,4,-9,0,0,0,0,1862,2358,1774,2185,2043,2067,2047,2047,13,-14,4,-1,0,0,1,0,16,-36,-4,-170,6,-2,3,0,0.083,0.032,1.036
1960,2194,1785,2164,2042,2067,2046,2045,13,-19,0,0,-1,0,0,2,21,-38,61,-336,6,-2,7,6,0.096,0.042,1.026,2,-28,24,-11,0,0,0,0,2038,2128,1865,2139,2042,2067,2045,2046,0,-2,13,0,0,0,0,2,52,-334,309,-733,8,-2,10,5,0.1,0.043,1.038
2036,2013,1981,2121,2042,2067,2045,2045,-1,-37,24,-6,1,0,0,1,65,-406,507,-960,5,-2,11,5,0.016,0.092,0.763,-8,16,-21,-3,0,0,0,0,2104,1479,2235,1797,2058,2101,2048,2047,41,7,-2,1,1,0,1,0,-14,12,-160,-22,-10,-151,1,-7,0.012,0.132,0.96
2134,1580,2115,1782,2061,2102,2048,2047,0,14,-15,-5,1,0,0,0,-50,14,-258,-40,-10,-154,-2,-7,0.037,0.155,1.0,-24,44,-11,19,0,0,0,0,2134,1844,1947,1793,2062,2101,2048,2049,1,30,0,1,1,0,0,2,-267,57,-447,162,-10,-153,-2,-11,0.092,0.152,1.026
1926,2009,1916,1836,2040,2072,2026,2066,-30,31,0,10,1,-24,-18,1,-191,213,-630,519,9,-59,83,-11,-0.06,-0.021,0.949,40,-4,8,18,0,0,0,0,1700,2475,1720,2073,2042,2067,2022,2042,47,30,8,43,6,0,0,0,18,23,-10,510,-7,-2,108,11,0.061,-0.004,1.043
1962,2517,1771,2207,2043,2067,2022,2043,42,7,5,1,0,0,0,1,24,-13,0,435,6,-2,108,10,-0.011,0.04,1.044,-9,-31,21,-20,0,0,0,0,2257,2359,1876,2353,2042,2067,2031,2045,-8,-12,14,-9,1,0,0,1,0,-17,206,47,10,-3,71,11,-0.097,-0.002,1.03
2166,2251,1978,2254,2043,2067,2031,2043,-10,-26,13,-8,1,0,0,0,18,-85,372,-109,5,-3,69,10,-0.053,0.018,1.05,14,4,-10,-7,0,0,0,0,2068,2062,2119,2090,2043,2067,2029,2046,2,-16,0,-7,0,0,0,1,108,-92,293,-207,5,-3,78,7,-0.031,-0.002,1.051
2139,2038,2097,2025,2042,2067,2028,2049,26,8,-4,-19,1,0,0,2,120,-64,96,-139,6,-3,81,-12,0.02,0.031,1.027,-28,-21,7,-8,0,0,0,0,2258,1922,2022,1940,2043,2068,2030,2049,-29,-21,0,0,1,0,0,-1,-11,-28,210,-149,6,-5,74,-12,-0.002,0.069,1.06
2061,1783,2033,1873,2046,2070,2043,2049,-30,-23,1,-10,1,0,2,1,13,-30,367,-95,-10,-14,22,-12,-0.022,0.027,1.058,47,-7,-7,12,0,0,0,0,1809,1569,2082,1848,2042,2080,2048,2048,20,-7,0,12,0,0,0,0,329,-19,262,-1,10,-57,-1,-7,-0.082,0.056,1.035
2114,1535,2053,1929,2042,2080,2048,2048,76,-6,-4,11,1,0,0,0,244,-27,184,0,10,-57,-1,-7,-0.125,0.031,0.962,-57,3,5,15,0,0,0,0,2621,1433,2026,2075,2046,2080,2047,2048,-20,2,0,13,1,0,0,0,-127,12,155,28,-10,-60,2,-7,-0.044,0.102,1.077
2395,1433,2090,2158,2046,2080,2049,2048,-42,0,8,10,1,0,0,1,-284,19,30,99,-8,-60,-4,-11,-0.016,0.127,1.004,6,35,-8,-10,0,0,0,0,1657,1415,2112,2202,2041,2080,2048,2049,0,2,0,0,1,0,0,1,28,273,-47,230,10,-58,-2,-10,-0.061,0.071,1.023
1678,1489,2070,2150,2042,2080,2047,2049,18,16,-8,-7,1,0,0,1,36,513,-98,164,10,-57,3,-10,-0.087,0.063,1.008,-2,33,15,10,0,0,0,0,1758,1634,2047,2076,2042,2076,2046,2050,1,1,13,0,-1,0,0,1,13,710,15,330,7,-38,7,-9,-0.05,0.065,1.019
1755,1634,2124,2085,2043,2076,2046,2050,-2,1,12,7,1,0,0,1,13,687,116,577,6,-40,7,-10,-0.228,0.047,0.997,-10,31,-6,-17,0,0,0,0,1714,2035,2255,2151,2044,2067,2040,2050,0,16,-5,0,0,0,0,2,-14,469,-53,317,-6,0,32,-10,-0.139,0.04,1.054
1679,2306,2221,2044,2044,2067,2040,2050,-11,66,-4,-14,1,0,0,0,-26,253,-79,281,-6,0,32,-11,0.102,0.091,1.075,58,-42,1,17,0,0,0,0,1715,2719,2153,1987,2042,2069,2049,2049,43,-36,0,30,2,0,0,0,96,-34,24,282,6,-9,-6,-11,-0.097,0.068,1.001
2071,2479,2149,2144,2042,2069,2046,2045,61,-34,-1,24,0,0,0,-3,116,-71,69,95,5,-9,4,12,0.052,0.034,1.109,-8,-21,-12,-18,0,0,0,0,2613,2109,2119,2244,2043,2065,2030,2031,1,-31,-11,-3,1,0,0,0,13,-101,0,-101,6,6,72,11,0.066,0.011,1.015
2569,1889,2033,2149,2044,2066,2028,2052,-11,-42,-10,-13,1,0,0,2,-8,-30,0,-212,-6,4,82,-12,0.074,0.036,1.045,-37,51,10,-9,0,0,0,0,2438,1760,1962,1936,2045,2072,2044,2054,-27,47,15,-18,1,0,0,0,-70,88,119,-74,-11,-22,15,-12,-0.03,0.042,1.024
2183,2163,2048,1850,2045,2072,2047,2051,-38,55,16,-9,1,0,0,0,-63,43,40,26,-10,-22,3,-12,0.032,0.085,1.044,20,5,-8,13,0,0,0,0,1852,2594,2146,1815,2041,2079,2048,2049,10,4,-1,14,0,0,0,0,32,32,-190,122,10,-51,-4,-12,-0.013,0.091,1.034
2021,2631,2077,1911,2040,2079,2048,2049,32,8,-8,13,0,0,0,0,14,30,-130,91,10,-51,-3,-12,0.009,0.084,1.029,-35,-22,9,-7,0,0,0,0,2216,2630,2034,1992,2041,2080,2048,2048,-13,-14,2,0,1,0,0,1,-181,-12,-46,51,10,-55,-2,-11,0.025,0.082,1.04
1905,2520,2103,1950,2042,2079,2046,2047,-58,-13,10,-8,1,0,0,0,-71,-29,-80,24,10,-51,7,0,0.039,0.053,1.046,-2,-17,-11,5,0,0,0,0,1553,2439,2155,1900,2043,2068,2031,2048,0,-9,-11,0,2,0,0,1,-23,-193,-208,97,5,-5,68,-7,0.044,0.028,1.018
1541,2377,2044,1936,2042,2067,2025,2046,0,-13,-17,7,-2,0,-1,-1,-23,-273,-53,89,6,-2,94,6,0.049,0.021,1.025,31,-35,6,-7,0,0,0,0,1605,2019,1973,2000,2044,2066,2020,2057,28,-53,5,0,0,1,1,6,19,-140,4,-143,0,1,117,-12,0.01,0.077,1.003
1731,1594,1974,1931,2040,2077,2050,2045,-1,-30,-1,-14,0,6,0,2,100,-16,159,-55,9,-41,-8,11,0.074,0.146,1.079,30,33,-9,22,0,0,0,0,1813,1411,1972,1955,2021,2086,2046,2049,6,21,-1,17,0,0,0,1,432,31,203,22,11,-85,3,-11,-0.074,0.096,1.029
2194,1548,1924,2063,2021,2086,2046,2050,59,27,-8,12,0,0,0,1,164,106,149,189,12,-85,6,-11,-0.047,0.12,0.952,-15,-1,10,-22,0,0,0,0,2577,1669,1876,2159,2024,2085,2040,2050,-9,0,1,-14,1,0,0,0,-12,263,236,100,11,-81,32,-11,-0.13,0.057,1.048
2486,1771,1901,2023,2024,2085,2040,2049,-15,20,14,-17,1,0,0,0,-13,112,421,16,10,-81,32,-11,-0.082,0.063,1.027,9,26,-1,20,0,0,0,0,2354,1975,1948,1915,2024,2085,2042,2050,0,12,0,10,1,0,0,1,31,47,536,151,10,-81,23,-11,-0.092,0.068,1.025
2365,2021,1965,1989,2025,2084,2039,2049,1,1,0,9,1,0,0,0,68,199,436,413,10,-79,33,-10,-0.151,0.044,1.006,-46,-15,-10,7,0,0,0,0,2363,2106,2015,2080,2029,2068,2036,2049,-42,1,-6,0,-1,0,0,1,-31,209,6,820,10,-5,48,-9,-0.107,0.045,1.046
2138,2105,1996,2111,2033,2069,2036,2049,-39,0,-1,0,1,0,0,-1,-99,88,-198,885,10,-9,48,-8,-0.174,0.008,1.11,-5,-29,15,-15,0,0,0,0,1666,1930,1941,2215,2042,2066,2022,2048,-9,-26,14,0,2,0,0,1,-20,33,0,401,4,2,107,-7,-0.051,0.002,1.044
1595,1708,2027,2185,2042,2068,2024,2049,-12,-12,10,-9,1,0,1,0,8,42,43,101,10,-4,102,-12,-0.045,0.032,1.002,37,11,-16,11,0,0,0,0,1521,1529,2061,2088,2040,2071,2043,2049,1,0,-16,7,0,0,0,1,236,69,101,217,10,-17,19,-11,-0.061,0.049,1.063
1768,1528,1945,2155,2039,2070,2043,2049,45,0,-13,5,0,0,0,1,179,152,134,248,10,-15,19,-11,-0.06,0.042,1.034,33,63,3,-5,0,0,0,0,2283,1626,1830,2195,2042,2067,2041,2049,37,29,0,0,1,0,0,-1,93,612,145,350,5,-2,25,-10,-0.045,0.032,1.027
2568,1721,1849,2194,2042,2067,2037,2048,37,1,4,-1,2,0,0,1,45,700,149,210,4,0,45,-10,-0.07,0.024,1.036,-26,-10,-5,-22,0,0,0,0,2781,1768,1882,2063,2043,2067,2036,2049,-21,47,-7,-23,1,0,0,1,-14,429,13,190,6,0,46,-11,-0.017,0.065,1.013
2655,1894,1847,1937,2044,2069,2037,2049,-15,25,-5,-18,1,0,0,2,-42,187,17,95,-6,-9,42,-11,-0.001,0.069,1.03,-31,2,22,5,0,0,0,0,2508,2034,1881,1799,2043,2070,2048,2048,-21,9,26,6,0,0,0,0,-249,16,123,43,5,-14,-3,-7,-0.023,0.099,1.022
2227,2057,2046,1828,2042,2079,2049,2047,-55,0,26,1,-1,0,0,0,-130,14,53,64,6,-46,-7,0,-0.044,0.126,0.995,-7,20,5,22,0,0,0,0,1748,2056,2256,1892,2042,2078,2048,2047,-1,0,4,3,2,0,0,0,15,107,-4,361,5,-47,-3,0,-0.078,0.079,1.023
1717,2061,2291,1985,2043,2072,2046,2048,1,0,7,17,2,-2,0,1,12,270,-12,609,1,-25,4,-5,-0.061,0.073,1.037,54,-13,-19,12,0,0,0,0,1874,2070,2251,2154,2044,2067,2036,2045,58,1,-18,10,4,0,0,1,31,349,-41,832,-7,0,45,9,-0.129,0.028,1.011
2239,2070,2120,2255,2046,2066,2035,2045,51,1,-17,17,8,0,0,0,34,223,-25,756,-8,2,51,10,-0.123,0.0,1.035,-18,28,5,-30,0,0,0,0,2692,2229,1989,2388,2042,2066,2043,2044,0,53,2,-37,-7,1,0,0,-34,80,-5,-4,10,1,16,11,0.049,0.045,1.021
2520,2446,2023,2189,2044,2066,2040,2046,-21,43,5,-31,1,0,0,2,-17,51,0,-2,-6,3,30,7,-0.038,0.072,1.021,14,-28,0,3,0,0,0,0,2446,2770,2059,1973,2044,2068,2045,2046,2,-9,0,3,0,0,0,0,-13,-103,5,1,-6,-5,8,7,0.015,0.037,1.011
2515,2598,2057,1993,2044,2066,2043,2046,10,-34,0,2,0,0,0,1,12,-110,12,-1,-6,3,15,7,-0.002,0.014,1.053,-17,-35,5,-9,0,0,0,0,2551,2393,2068,2021,2043,2065,2032,2042,-12,-8,2,0,0,0,0,0,-12,-342,61,-187,5,6,59,10,0.072,0.028,1.03
2446,2228,2096,2020,2043,2065,2021,2041,-18,-38,2,0,1,0,-2,1,-13,-437,84,-440,6,6,105,10,0.17,0.042,0.976,-1,37,-15,14,0,0,0,0,2332,1683,2086,1907,2057,2085,2045,2049,10,23,-6,16,-2,-12,0,1,-21,30,3,3,-10,-90,7,-11,-0.03,0.044,1.006
2336,1849,2045,1948,2048,2084,2045,2048,0,31,-1,0,2,0,0,1,-25,100,-234,216,-10,-78,6,-6,0.006,0.045,1.06,16,35,-12,17,0,0,0,0,2415,2041,1904,2007,2044,2075,2045,2049,9,1,-1,14,-1,-6,0,0,-26,485,-361,759,-5,-40,7,-9,-0.176,0.005,1.013
2449,2387,1745,2067,2043,2067,2044,2048,6,85,-7,29,4,1,-1,1,16,187,-41,877,5,0,9,-11,0.145,0.138,0.916,-55,-56,14,-26,0,0,0,0,2373,2770,1627,2329,2026,2091,2046,2048,-105,-16,-1,-17,-6,0,0,1,-18,-91,320,-174,10,-108,3,-6,0.041,0.194,1.036
1929,2662,1690,2263,2016,2091,2045,2037,-57,-12,24,-10,0,0,0,-1,-4,-467,464,-633,13,-108,7,9,0.114,0.13,1.05,52,-18,20,-4,0,0,0,0,1505,2642,1855,2204,2016,2091,2045,2032,5,0,29,0,1,0,0,1,344,-630,603,-1000,11,-108,7,8,-0.038,0.118,1.082
1674,2643,1899,2203,2018,2090,2045,2033,43,1,6,0,1,0,0,1,518,-609,950,-1000,9,-106,7,8,-0.083,0.087,1.011,-6,-44,-1,5,0,0,0,0,1949,2642,1926,2174,2026,2090,2045,2033,0,0,0,0,1,0,0,1,620,-606,981,-894,7,-104,7,9,-0.04,0.107,1.031
1949,2642,1926,2174,2026,2090,2045,2033,1,0,0,0,0,0,0,0,537,-609,952,-752,7,-104,7,9,-0.058,0.117,1.026,15,-32,-8,-18,0,0,0,0,1949,2642,1926,2174,2027,2090,2046,2033,1,0,0,0,1,0,0,1,610,-599,771,-914,7,-104,5,10,-0.068,0.13,1.053
1949,3036,1926,1895,2028,2090,2046,2040,0,51,0,-25,1,0,0,1,674,0,543,-197,8,-104,3,11,-0.068,0.12,1.008,-14,-59,-9,1,0,0,0,0,1950,3235,1898,1755,2029,2090,2046,2042,1,1,0,0,1,0,0,1,537,0,227,-183,9,-105,4,11,-0.07,0.147,1.036
1951,3237,1840,1748,2029,2090,2046,2043,1,1,-8,0,1,0,0,1,375,0,211,-126,10,-107,4,11,-0.038,0.117,1.048,3,-72,20,8,0,0,0,0,1952,3241,1788,1768,2029,2091,2048,2048,0,1,0,5,1,0,0,-2,254,0,495,-26,9,-108,-3,-7,-0.06,0.123,1.061
1951,3240,1842,1820,2029,2091,2048,2047,0,0,0,7,1,0,0,4,278,0,843,-9,8,-108,-4,-11,-0.115,0.122,1.007,-4,-74,-1,9,0,0,0,0,1950,3239,1904,1924,2029,2091,2048,2047,1,0,0,7,1,0,0,1,276,0,980,-1,7,-108,-5,-4,-0.109,0.133,1.024
1950,3238,1904,1986,2029,2091,2048,2047,1,0,0,10,1,0,0,1,240,0,951,0,8,-108,-4,0,-0.105,0.122,1.021,3,-77,2,-10,0,0,0,0,1950,3237,1904,2014,2030,2091,2048,2048,1,0,0,-6,1,0,0,1,227,0,954,-33,10,-109,-4,-12,-0.148,-0.266,1.168
2060,3242,1547,1962,2029,2082,2045,2045,21,-1,-31,0,1,0,0,0,113,0,145,-96,10,-70,9,11,0.043,0.109,1.024,-11,-72,35,-4,0,0,0,0,2190,3242,1432,1892,2029,2076,2044,2045,-11,0,0,-5,1,0,0,0,-12,0,3,-212,10,-41,12,11,0.061,0.118,1.026
2125,3243,1432,1869,2030,2073,2044,2045,-9,1,0,-1,1,0,0,1,-12,0,0,-227,10,-30,12,11,0.061,0.112,1.028,37,-49,36,3,0,0,0,0,2151,3243,1416,1841,2031,2067,2044,2046,28,1,-8,0,0,0,0,1,38,0,18,-186,10,-5,12,7,0.044,0.118,0.994
2367,3243,1330,1841,2032,2067,2044,2045,33,1,-13,0,1,0,0,0,62,0,41,-101,10,-4,12,11,0.058,0.105,1.026,-26,-73,51,15,0,0,0,0,2641,3242,1257,1916,2042,2067,2046,2047,-18,0,0,13,0,0,0,0,-20,0,0,-6,7,-3,4,-1,0.03,0.109,1.035
2495,3241,1259,2009,2043,2067,2046,2047,-26,0,1,11,1,0,0,1,-34,0,-2,4,6,-3,4,0,0.05,0.114,1.024,20,-28,51,-10,0,0,0,0,2321,3239,1263,2086,2043,2067,2046,2047,16,0,0,-9,0,0,0,0,15,0,0,-25,0,-3,6,0,0.022,0.101,1.018
2443,3240,1260,2032,2043,2067,2045,2047,16,0,0,-5,0,0,0,0,21,0,2,-72,6,-3,7,0,0.024,0.108,1.025,-49,-70,42,2,0,0,0,0,2446,3242,1257,1974,2044,2067,2045,2046,-44,1,2,0,0,0,0,1,-34,0,-2,-123,0,-3,7,7,0.054,0.104,1.026
2128,3242,1279,1974,2044,2067,2045,2046,-47,1,6,0,-1,0,0,0,-41,0,-16,-66,6,-3,7,7,0.051,0.101,1.027,38,-35,36,8,0,0,0,0,1845,3241,1388,2013,2043,2067,2045,2047,33,0,1,6,1,0,0,1,20,0,-13,0,6,-3,7,-3,0.023,0.104,1.035
2074,3240,1379,2058,2043,2067,2045,2047,33,-1,-2,8,0,0,0,1,35,0,5,24,6,-3,7,0,0.011,0.099,1.033,-33,-68,28,-4,0,0,0,0,2281,3239,1332,2107,2043,2067,2046,2047,-26,1,0,-3,1,0,0,1,-18,0,0,0,6,-3,5,0,0.035,0.099,1.029
2072,3240,1339,2080,2043,2067,2045,2047,-31,1,0,-3,0,0,0,1,-24,0,-1,0,6,-3,7,0,0.036,0.095,1.028,45,-91,30,4,0,0,0,0,1950,3240,1392,2070,2043,2067,2046,2047,43,1,0,4,2,0,0,1,29,0,-1,-1,6,-3,7,0,0.016,0.1,1.034
2221,3237,1366,2096,2043,2067,2046,2047,40,0,-8,4,1,0,0,0,58,0,18,0,6,-3,7,0,0.009,0.084,1.02,-9,-34,29,-17,0,0,0,0,2558,3216,1255,2075,2043,2067,2045,2046,1,4,-1,-13,1,0,0,0,20,0,6,-101,6,-3,6,7,0.026,0.119,1.018
2535,3240,1253,1973,2044,2067,2044,2045,-12,2,0,-9,1,0,0,0,4,0,0,-151,-6,-3,7,11,0.08,0.108,1.018,-30,-59,47,-2,0,0,0,0,2358,3243,1256,1848,2044,2067,2044,2046,-26,0,0,0,2,0,0,0,-19,0,-1,-227,-8,-3,11,4,0.07,0.104,1.025
2169,3243,1263,1837,2043,2067,2044,2046,-26,1,2,0,0,0,0,1,-27,0,-4,-239,6,-3,11,7,0.072,0.107,1.028,9,-31,29,3,0,0,0,0,1943,3243,1330,1826,2043,2067,2044,2046,4,0,1,0,1,0,0,1,12,0,-6,-204,6,-3,11,7,0.069,0.101,1.022
1993,3244,1330,1827,2043,2067,2044,2045,7,1,0,0,1,0,0,0,12,0,0,-119,0,-3,11,7,0.072,0.103,1.026,31,-54,36,18,0,0,0,0,2167,3243,1323,1913,2042,2067,2045,2047,26,0,-1,15,-1,0,0,1,32,0,3,-1,6,-3,7,0,0.061,0.11,1.027
2370,3240,1308,2023,2042,2067,2045,2048,26,-1,-4,10,0,0,0,1,40,0,11,12,9,-3,6,-7,0.016,0.1,1.033,-7,-86,47,4,0,0,0,0,2604,3225,1253,2172,2043,2067,2046,2048,1,-3,0,2,2,0,0,0,14,0,0,40,5,-3,5,-7,0.02,0.099,1.03
2580,3208,1253,2193,2042,2068,2046,2049,-7,-2,0,2,2,0,0,1,-13,0,0,62,3,-3,4,-7,0.019,0.094,1.022,-8,-59,45,-13,0,0,0,0,2519,3171,1253,2187,2042,2067,2046,2048,-6,0,0,-13,1,0,0,0,-18,0,0,-22,6,-3,3,-7,0.036,0.102,1.028
2469,3182,1253,2110,2043,2067,2045,2047,-9,5,0,-11,1,0,0,0,-18,0,0,-68,6,-3,6,0,0.039,0.101,1.024,-9,-29,43,-3,0,0,0,0,2350,3240,1256,2003,2043,2067,2045,2047,-8,1,0,-1,1,0,0,0,-14,0,0,-96,6,-3,6,0,0.046,0.106,1.027
2304,3241,1258,1986,2044,2067,2045,2047,-6,1,1,-2,1,0,0,0,-20,0,-1,-112,-6,-3,6,0,0.069,0.101,1.025,-27,-41,39,9,0,0,0,0,2124,3241,1272,1982,2044,2067,2045,2047,-26,0,4,8,-1,0,0,1,-27,0,-11,-15,-6,-3,6,-7,0.062,0.099,1.025
1949,3240,1328,2032,2043,2067,2045,2048,-27,0,10,8,0,0,0,1,-34,0,-30,23,6,-3,6,-8,0.043,0.104,1.021,10,-82,30,-2,0,0,0,0,1740,3239,1438,2098,2042,2067,2045,2048,10,0,3,0,0,0,0,1,12,0,-18,1,10,-3,6,-7,0.043,0.098,1.034
1791,3240,1440,2084,2043,2067,2045,2048,8,1,0,-2,1,0,0,0,13,0,0,-2,6,-3,6,-8,0.039,0.098,1.025,15,-79,27,11,0,0,0,0,1919,3240,1436,2108,2043,2067,2045,2048,14,1,-1,7,2,0,0,1,21,0,1,40,5,-3,6,-12,0.021,0.099,1.028
2014,3234,1433,2174,2042,2067,2046,2048,17,-2,0,11,0,0,0,0,23,0,0,75,8,-3,4,-8,0.005,0.094,1.029,-15,-68,41,-20,0,0,0,0,2104,3178,1416,2193,2042,2067,2045,2047,-9,-3,0,-20,1,0,0,0,-13,0,0,-17,10,-3,5,0,0.054,0.102,1.025
2010,3189,1419,2080,2043,2067,2045,2046,-15,5,0,-18,1,0,0,0,-14,0,-2,-102,6,-3,6,7,-0.002,0.086,1.033,11,-33,30,-11,0,0,0,0,1911,3242,1423,1912,2044,2067,2044,2045,8,1,0,-9,2,0,0,0,16,0,0,-262,-6,-3,11,11,0.062,0.104,1.013
1960,3243,1417,1845,2044,2066,2044,2045,8,1,0,-8,0,0,0,0,28,0,0,-290,-6,2,11,11,0.042,0.096,1.007,24,-27,21,25,0,0,0,0,2125,3245,1378,1815,2045,2065,2046,2046,22,0,-6,22,1,0,0,1,53,0,21,-18,-6,4,3,7,0.052,0.093,1.026
2295,3242,1328,1975,2042,2067,2047,2046,27,0,-7,24,1,0,0,1,42,0,22,0,6,-4,0,7,0.018,0.091,1.028,13,-33,38,-11,0,0,0,0,2549,3233,1255,2121,2043,2067,2047,2047,14,-2,-4,-11,0,0,0,0,36,0,15,-24,5,-4,0,0,0.039,0.087,1.024
2642,3238,1233,2061,2043,2067,2047,2047,14,2,-3,-9,1,0,0,0,31,0,9,-84,6,-4,0,0,0.025,0.087,1.027,-48,-86,46,-5,0,0,0,0,2622,3242,1219,1968,2044,2067,2046,2046,-43,1,0,-4,2,0,0,0,-34,0,0,-147,-10,-4,3,7,0.048,0.103,1.03
2309,3243,1229,1941,2042,2067,2045,2046,-49,1,2,-3,1,0,0,1,-39,0,-5,-176,6,-4,7,7,0.076,0.094,1.017,10,-36,35,15,0,0,0,0,1929,3243,1319,1935,2043,2067,2045,2049,6,0,3,13,1,0,0,1,12,0,-18,-11,6,-4,7,-7,0.086,0.108,1.02
1998,3241,1324,2023,2043,2067,2046,2048,9,0,0,13,1,0,0,0,12,0,0,20,6,-4,6,-7,0.026,0.082,1.03,15,-87,25,-10,0,0,0,0,2123,3240,1324,2105,2042,2067,2045,2048,14,1,0,-7,0,0,0,0,16,0,0,-20,6,-4,7,-7,0.022,0.08,1.024
2206,3241,1317,2046,2042,2067,2045,2048,12,1,0,-6,-1,0,0,0,24,0,1,-51,10,-4,7,-7,0.038,0.083,1.025,-1,-55,40,0,0,0,0,0,2302,3242,1308,1987,2042,2067,2045,2048,0,1,0,0,0,0,0,1,28,0,0,-133,6,-4,7,-7,0.042,0.088,1.027
2302,3242,1308,1987,2043,2067,2045,2047,0,1,0,0,1,0,0,0,24,0,0,-134,6,-4,7,0,0.034,0.083,1.029,-37,-38,24,-4,0,0,0,0,2197,3242,1311,1972,2044,2067,2045,2047,-34,1,0,-4,2,0,0,1,-23,0,-2,-147,-6,-4,7,0,0.042,0.085,1.023
1961,3243,1330,1952,2043,2067,2044,2046,-33,1,6,-3,1,0,0,0,-31,0,-16,-177,2,-4,10,4,0.062,0.097,1.035,-5,-89,26,6,0,0,0,0,1661,3243,1444,1927,2043,2067,2044,2046,-8,1,9,0,2,0,0,1,-27,0,-30,-94,6,-4,11,7,0.049,0.088,1.018
1612,3243,1494,1949,2043,2067,2044,2047,-4,0,5,5,2,0,0,1,-21,0,-18,-8,6,-4,10,0,0.067,0.089,1.027,22,-85,25,-13,0,0,0,0,1614,3242,1530,1967,2042,2067,2044,2045,20,1,0,-8,2,0,0,2,19,0,-1,-133,6,-4,8,7,0.043,0.093,1.034
1741,3243,1520,1897,2043,2066,2044,2046,18,1,-1,-9,1,0,0,2,31,0,4,-208,6,0,11,7,0.063,0.087,1.026,25,-57,38,25,0,0,0,0,1985,3244,1448,1863,2044,2065,2047,2046,27,0,-10,20,0,0,0,1,58,0,31,-7,-6,2,0,7,0.029,0.09,1.034
2170,3242,1381,2024,2042,2067,2047,2047,27,-1,-9,20,1,0,0,1,47,0,30,6,6,-5,0,0,-0.022,0.077,1.034,-30,-71,44,-3,0,0,0,0,2320,3220,1318,2203,2042,2067,2047,2048,-22,-6,0,0,-1,0,0,1,-21,0,0,16,10,-5,0,-7,0.03,0.086,1.039
2129,3217,1323,2185,2043,2067,2047,2047,-29,4,0,-2,1,0,0,0,-25,0,-2,1,6,-5,0,0,0.037,0.081,1.024,-17,-31,42,-19,0,0,0,0,1824,3227,1393,2089,2043,2067,2045,2045,-16,1,8,-13,1,0,0,-1,-27,0,-25,-43,6,-5,7,7,0.05,0.082,1.042
1708,3241,1442,1972,2043,2067,2045,2045,-17,1,7,-16,1,0,0,1,-26,0,-22,-87,6,-5,8,7,0.098,0.081,1.022,55,-33,21,13,0,0,0,0,1736,3243,1488,1870,2043,2065,2045,2048,47,0,-4,13,1,0,0,1,41,0,7,-26,6,0,8,-8,0.033,0.076,1.027
2061,3242,1419,1958,2043,2066,2045,2047,50,0,-18,15,0,0,-1,1,79,0,50,-12,6,0,5,0,0.054,0.077,1.031,-19,-36,41,12,0,0,0,0,2480,3241,1257,2094,2043,2067,2046,2047,-1,1,0,7,1,0,0,1,13,0,6,34,8,-5,5,0,0.021,0.078,1.026
2391,3239,1257,2160,2042,2067,2046,2047,-18,-1,0,11,0,0,0,0,-17,0,0,95,6,-5,4,-8,0.007,0.071,1.035,11,-49,32,-18,0,0,0,0,2279,3190,1261,2201,2044,2067,2045,2047,12,-5,0,-18,2,0,0,0,12,0,0,-19,0,-5,5,0,0.052,0.069,1.038
2329,3193,1261,2100,2042,2067,2045,2045,9,2,0,-15,2,0,0,1,16,0,0,-99,6,-5,7,4,0.038,0.083,1.018,-20,-28,55,-8,0,0,0,0,2353,3241,1257,1947,2043,2066,2044,2045,-14,2,0,-4,0,0,0,-1,-14,0,0,-197,6,0,11,11,0.068,0.076,1.032
2226,3243,1261,1896,2044,2066,2044,2046,-19,1,0,-5,0,0,0,0,-16,0,-1,-210,0,0,11,7,0.071,0.083,1.032,-10,-72,53,5,0,0,0,0,2028,3244,1282,1842,2044,2066,2044,2046,-8,1,3,0,0,0,0,0,-16,0,-7,-155,-6,0,11,4,0.077,0.078,1.035
1965,3244,1305,1845,2044,2066,2044,2046,-8,1,3,0,1,0,0,1,-18,0,-11,-24,-6,0,11,7,0.064,0.08,1.034,9,-66,45,6,0,0,0,0,1905,3243,1346,1909,2044,2066,2045,2048,10,0,0,5,0,0,0,1,12,0,-1,-1,-1,0,7,-7,0.065,0.074,1.033
2130,2051,2050,2052,2046,2055,2049,2049,1,1,0,0,2,0,0,0,-15,-14,-1,-8,-8,0,0,0,0.024,0.016,1.033,-9,-3,4,-5,0,0,0,0,2115,2051,2069,2045,2045,2055,2049,2049,-6,1,4,-4,0,0,0,0,-30,-14,-1,-72,0,0,0,0,0.041,0.024,1.031
2032,2052,2096,2013,2045,2055,2048,2049,-14,1,2,-5,0,0,0,0,-18,-23,-1,-84,0,0,3,0,0.052,0.011,1.033,-15,-14,-19,5,0,0,0,0,1860,1987,2065,1982,2045,2055,2048,2050,-12,-18,-15,0,0,0,0,1,-13,-32,-99,-24,0,0,3,-7,0.092,0.017,1.017
1772,1843,1953,2013,2044,2056,2048,2051,-14,-15,-17,5,0,0,0,0,-13,-14,-168,0,7,-7,3,-11,0.14,-0.022,1.144,-2,-7,8,-10,0,0,0,0,1648,1657,1804,2011,2044,2055,2050,2050,-7,-4,9,-9,1,0,1,0,-12,18,-1,-23,7,0,-3,-11,0.107,0.007,1.014
1626,1620,1851,1957,2043,2056,2051,2047,-3,-7,4,-14,-1,0,0,-1,-9,15,15,-81,12,-3,-9,11,0.081,0.01,1.084,42,12,1,14,0,0,0,0,1643,1578,1875,1902,2023,2063,2052,2047,33,2,0,12,-2,0,0,1,146,44,194,81,13,-33,-10,10,0.004,0.027,1.024
1825,1610,1873,1972,2019,2064,2052,2048,74,13,0,10,0,0,0,1,233,83,231,186,14,-35,-14,10,-0.05,0.031,1.012,22,33,19,9,0,0,0,0,2343,1763,1895,2119,2018,2062,2047,2047,24,24,25,5,0,0,0,1,142,201,531,193,14,-33,8,6,-0.114,-0.03,0.925
2521,2002,2129,2150,2029,2054,2040,2046,73,32,56,14,2,0,0,0,68,190,126,320,11,2,34,10,-0.083,-0.06,1.006,-55,-7,-20,-7,0,0,0,0,2666,2414,2247,2266,2046,2054,2046,2047,-34,1,-9,-6,1,0,0,1,-78,0,-163,-2,-7,3,11,7,-0.043,-0.021,1.005
2385,2374,2198,2212,2048,2056,2050,2048,-47,-17,0,-7,2,0,0,1,-158,-13,-521,13,-10,-5,-4,7,0.219,-0.024,1.096,3,-20,-10,-3,0,0,0,0,2032,2289,2179,2149,2049,2058,2049,2049,0,-14,0,-3,1,0,0,0,-219,-41,-1000,-2,-9,-14,-2,0,0.154,0.013,1.022
2032,2198,2179,2141,2049,2057,2047,2047,0,-9,0,0,1,0,0,-1,-192,-78,-1000,-48,-9,-10,6,10,0.233,-0.023,1.011,30,-28,5,8,0,0,0,0,2038,1905,2087,2155,2049,2056,2046,2048,16,-25,-26,9,-1,0,0,1,-28,-66,-676,-57,-10,-9,11,-6,0.158,-0.013,1.033
2195,1697,2055,2210,2047,2056,2049,2051,23,-32,-25,5,-1,0,1,1,12,-52,-400,-69,-11,-6,0,-11,0.073,0.023,1.017,-14,60,5,-22,0,0,0,0,2411,1594,2048,2205,2047,2053,2042,2051,1,48,0,-22,1,0,-2,1,-45,56,-95,-188,-7,6,25,-11,0.084,-0.033,1.018
2320,1975,2065,2028,2046,2053,2037,2050,-16,73,7,-28,0,0,0,-1,-40,58,-23,-63,-7,7,50,-7,0.131,0.008,1.05,-27,-10,-4,9,0,0,0,0,2175,2522,2127,1877,2047,2060,2050,2049,1,-3,0,8,1,0,0,-1,-155,-18,-194,17,-11,-22,-4,-7,0.133,0.013,1.017
2115,2475,2128,1936,2048,2059,2050,2048,-12,-5,0,8,-1,0,0,0,-319,-27,-313,22,-10,-20,-4,6,0.175,0.019,1.022,5,14,1,-6,0,0,0,0,2004,2416,2129,1982,2048,2059,2049,2048,0,10,0,-5,1,0,0,1,-400,13,-433,9,-11,-19,-2,7,0.131,0.021,1.026
2004,2484,2129,1942,2048,2061,2049,2048,0,12,0,-7,1,0,0,1,-342,20,-404,1,-11,-26,-2,7,0.12,0.014,1.018,20,-9,-15,-3,0,0,0,0,2004,2580,2129,1884,2048,2063,2049,2049,0,-9,0,-2,1,0,0,1,-138,-13,-645,-1,-10,-34,-2,0,0.141,0.015,1.017
2044,2528,2066,1864,2048,2063,2049,2048,53,-12,-10,-2,1,0,-1,0,-73,-13,-814,-1,-10,-35,-3,0,0.126,0.028,1.054,-14,10,-2,15,0,0,0,0,2215,2477,1950,1886,2048,2067,2050,2047,1,4,0,10,1,0,0,-1,-155,16,-857,87,-10,-51,-5,10,0.171,0.025,1.022
2215,2509,1951,1987,2048,2068,2050,2048,0,10,0,14,1,0,0,1,-281,32,-916,89,-9,-60,-3,6,0.173,0.038,1.023,-9,-10,-3,-11,0,0,0,0,2215,2596,1950,2080,2048,2069,2049,2048,0,-1,0,-9,1,0,0,1,-509,-13,-1000,-16,-9,-60,-2,7,0.172,0.038,1.027
2214,2554,1950,2017,2048,2069,2047,2049,0,-9,0,-6,0,0,0,1,-616,-18,-1000,-60,-8,-60,3,0,0.168,0.036,1.021,25,-31,18,6,0,0,0,0,2214,2403,1950,1962,2048,2069,2048,2050,0,-60,0,0,1,0,0,0,-434,-43,-670,-84,-10,-60,3,-7,0.148,0.024,1.028
2214,2223,1955,1990,2048,2067,2046,2050,0,-23,8,5,1,0,-1,0,-193,-95,-176,-27,-12,-53,8,-6,0.184,0.008,1.029,8,-27,-11,11,0,0,0,0,2220,1947,2061,2115,2047,2054,2042,2050,3,-31,-5,8,0,0,0,0,-13,-179,-227,-154,-12,0,28,-6,0.134,0.016,1.036
2284,1693,1986,2182,2047,2057,2044,2050,13,-38,-14,8,1,0,1,1,-15,-102,-229,-125,-12,-9,22,-7,0.125,0.02,1.03,-38,48,3,-23,0,0,0,0,2328,1506,1962,2152,2047,2068,2046,2050,-14,44,0,-16,1,-1,0,1,-186,35,-433,-63,-11,-55,6,-7,0.158,0.027,1.018
2225,1773,1963,2001,2048,2066,2046,2051,-18,50,0,-29,1,0,0,1,-383,73,-351,-77,-11,-48,11,-10,0.21,0.039,1.009,20,-2,17,24,0,0,0,0,1975,2255,2035,1895,2048,2067,2047,2050,0,-1,17,19,1,0,0,0,-270,-14,-238,59,-12,-52,6,-7,0.111,0.011,1.025
1975,2255,2135,2020,2047,2062,2046,2049,0,0,13,18,0,0,0,-1,-100,-15,-174,216,-12,-35,10,0,0.047,-0.014,1.021,3,-10,-24,3,0,0,0,0,2035,2230,2234,2270,2047,2062,2050,2048,4,-10,-16,0,1,1,0,0,-23,-34,-476,5,-11,-29,-4,7,0.056,0.012,1.025
2091,2143,2111,2282,2048,2062,2048,2047,1,-9,-19,6,1,1,0,0,-46,-20,-644,39,-10,-30,2,9,0.062,0.015,1.047,-9,-20,7,-14,0,0,0,0,2188,1961,1982,2257,2048,2067,2048,2050,0,-11,0,-14,1,0,0,-1,-176,-18,-765,-20,-10,-53,1,-7,0.138,0.028,1.025
2187,1859,1982,2203,2048,2066,2048,2050,-1,-10,0,-7,1,0,0,0,-257,-38,-566,-183,-10,-49,5,-6,0.148,0.036,1.039,27,29,5,1,0,0,0,0,2167,1789,1980,2126,2048,2065,2047,2052,0,9,0,-1,1,0,0,1,-121,12,-232,-309,-11,-46,6,-11,0.135,0.017,1.027
2224,1969,1981,2114,2048,2054,2046,2052,19,30,0,0,1,-1,0,0,-23,13,-93,-229,-12,-1,9,-11,0.102,0.002,1.049,6,10,-9,-14,0,0,0,0,2412,2257,2002,2045,2045,2056,2047,2051,9,11,-4,-13,0,0,0,1,-13,-14,-180,-160,0,-6,4,-11,0.077,0.011,1.033
2452,2345,1936,1948,2045,2056,2048,2050,4,13,-14,-14,0,0,0,0,-12,-16,-164,-149,0,-6,2,-11,0.134,0.012,1.006,-52,-23,-6,19,0,0,0,0,2459,2423,1862,1891,2046,2056,2048,2050,-3,-8,1,19,1,0,0,-1,-224,-101,-257,-5,-6,-6,1,-7,0.157,0.014,1.044
2328,2236,1865,2011,2047,2056,2048,2050,-39,-44,0,18,0,0,0,0,-515,-52,-439,19,-10,-6,1,-7,0.199,0.062,0.983,-5,26,13,2,0,0,0,0,1496,2002,1783,2176,2040,2055,2022,2046,-10,44,16,5,-1,0,0,0,-15,34,-34,-16,12,-2,112,11,0.258,-0.059,1.054
1442,2274,1852,2219,2046,2053,2023,2050,-1,15,13,0,2,0,0,1,-8,-14,30,-148,-7,3,107,-7,0.056,-0.07,0.999,38,10,15,-13,0,0,0,0,1442,2510,1969,2188,2042,2055,2035,2049,23,8,0,-11,1,0,0,2,114,-14,241,-189,11,-5,56,-4,0.043,-0.06,1.035
1514,2608,2008,2138,2041,2056,2039,2051,3,15,0,0,0,0,0,0,316,-23,504,-343,9,-6,39,-10,-0.018,-0.062,1.074,43,-34,3,6,0,0,0,0,1757,2713,2043,2068,2039,2056,2040,2051,1,0,0,0,1,0,0,1,660,-253,915,-371,8,-6,36,-10,0.015,-0.02,1.0
1757,2600,2054,2073,2040,2056,2039,2051,1,-16,18,6,1,0,0,1,645,-395,957,-217,9,-6,39,-10,-0.032,-0.047,1.035,51,20,-12,-10,0,0,0,0,1757,2259,2112,2106,2040,2056,2039,2051,0,0,0,-1,1,0,0,1,649,-121,588,-346,10,-5,39,-10,-0.004,-0.052,1.016
1757,2284,2109,2065,2040,2056,2039,2051,0,15,-6,-11,1,0,0,1,647,-28,258,-458,10,-5,39,-10,-0.065,-0.039,1.034,7,-7,-14,18,0,0,0,0,1998,2423,1947,1976,2040,2055,2042,2050,66,0,-10,12,1,0,3,-1,362,-52,278,-77,11,-3,27,-8,-0.043,-0.039,1.055
2232,2388,1862,2085,2040,2055,2048,2050,37,-12,-16,15,1,0,0,2,188,-54,236,-1,12,-5,2,-7,-0.026,-0.022,1.04,-24,3,0,-16,0,0,0,0,2438,2292,1769,2157,2039,2056,2047,2046,-15,0,0,-11,0,0,0,-1,-17,-20,165,-34,11,-7,6,11,0.001,-0.054,1.031
2270,2307,1771,2071,2038,2055,2045,2045,-25,4,0,-12,2,0,-1,-1,-14,-19,156,-120,12,-3,11,11,0.059,-0.041,1.025,-5,10,27,17,0,0,0,0,2034,2394,1856,2004,2042,2054,2042,2049,-18,1,26,18,0,0,3,1,13,-23,305,-25,11,1,27,0,-0.009,-0.043,1.032
1942,2415,1982,2101,2042,2056,2048,2049,-4,11,14,16,1,0,0,1,38,13,540,18,10,-7,2,-7,-0.052,-0.037,1.022,-8,-39,-6,-18,0,0,0,0,1857,2350,2141,2174,2043,2057,2047,2047,0,-37,0,-8,1,0,0,-1,43,-27,654,-61,10,-10,4,10,0.005,-0.041,1.044
1753,2229,2142,2123,2042,2056,2046,2047,0,-5,0,-10,0,0,0,0,85,-203,480,-364,11,-7,9,9,0.004,-0.039,1.031,38,11,-21,-8,0,0,0,0,1748,2124,2074,2001,2043,2052,2029,2048,4,2,-20,-6,1,0,0,1,278,-349,173,-592,11,10,80,0,0.064,-0.062,1.03
1973,2125,1925,1965,2043,2052,2029,2049,42,2,-21,-2,1,0,0,1,263,-234,204,-668,11,11,81,0,0.071,-0.036,0.993,-9,-33,6,-2,0,0,0,0,2351,2125,1767,1901,2043,2052,2025,2051,1,1,0,0,1,0,0,1,109,-398,279,-699,11,9,96,-9,0.084,-0.081,1.058
2351,2024,1767,1879,2042,2074,2044,2054,1,-83,0,-44,-1,18,-7,-2,52,-424,451,-661,11,-78,15,-11,0.052,0.132,0.95,-12,8,4,8,0,0,0,0,2372,1366,1820,1745,2040,2091,2048,2049,-5,1,0,5,1,0,0,1,-28,-14,505,-10,11,-160,0,0,0.003,0.043,1.027
2232,1413,1830,1800,2039,2091,2049,2048,-16,5,0,7,0,0,1,0,13,13,581,-7,10,-160,-2,0,0.014,0.034,1.042,-3,28,15,13,0,0,0,0,2078,1566,1941,1912,2037,2091,2047,2050,0,25,20,12,0,0,0,1,30,23,528,17,10,-160,2,-7,-0.04,0.061,1.069
2046,1733,2040,1981,2037,2091,2047,2049,-4,25,8,7,0,0,0,0,41,39,536,95,11,-160,3,-7,-0.086,0.03,1.025,-13,9,2,-16,0,0,0,0,1972,1997,2216,2028,2037,2091,2047,2049,-2,13,0,-18,0,0,0,1,27,29,320,4,11,-160,4,-7,-0.085,0.013,1.03
1860,2069,2216,1924,2037,2091,2046,2049,0,20,0,-12,0,0,0,0,42,23,381,-1,11,-160,4,0,-0.03,0.018,1.025,32,30,0,5,0,0,0,0,1750,2280,2226,1806,2037,2091,2049,2050,0,25,1,0,-1,0,0,1,266,29,404,69,10,-160,-4,-7,-0.071,0.039,1.022
1841,2463,2236,1842,2038,2091,2048,2049,7,33,0,4,2,0,0,0,465,37,364,66,10,-160,-1,0,-0.149,-0.014,1.024,18,-49,-17,2,0,0,0,0,2471,2641,2236,1912,2049,2089,2048,2050,59,-11,0,0,0,0,0,-1,32,-87,54,-25,-12,-152,-1,-7,-0.055,-0.031,1.029
2584,2418,2119,1919,2046,2056,2036,2048,7,-35,-14,1,0,-6,-5,1,55,-210,52,1,-7,-16,46,8,0.129,-0.026,1.016,-39,26,-4,-1,0,0,0,0,2662,1874,1960,1929,2046,2066,2045,2050,-14,7,0,0,0,0,0,0,-45,44,88,6,-7,-53,10,-7,0.083,0.015,1.014
2517,2039,1961,1920,2044,2064,2048,2050,-6,21,-1,-2,-1,0,0,0,-174,51,-30,13,7,-41,1,-7,0.035,0.019,1.03,-11,-24,-11,21,0,0,0,0,2308,2220,1953,1956,2043,2064,2048,2047,-1,-25,-15,14,1,0,0,1,-334,-14,-333,222,10,-42,0,6,0.035,0.031,1.046
2308,2029,1915,2077,2044,2065,2048,2048,0,-23,0,18,0,0,0,1,-448,9,-485,310,9,-45,0,6,0.054,0.011,1.038,-4,47,-4,-20,0,0,0,0,2309,1850,1834,2200,2044,2066,2048,2048,-1,41,-7,-21,0,0,0,1,-589,185,-587,110,5,-50,0,6,0.08,0.028,1.003
2242,2270,1797,2088,2040,2078,2049,2048,0,75,-26,-15,0,0,0,0,-530,60,-557,4,10,-99,-5,6,0.131,0.073,0.997,-23,-26,22,15,0,0,0,0,1688,2747,1735,2003,2043,2055,2038,2047,-36,0,21,19,-6,0,2,1,-17,-100,3,23,12,-3,43,5,0.184,-0.001,1.098
1504,2742,1862,2133,2039,2055,2040,2050,-28,1,20,11,0,-1,0,0,-12,-338,87,-134,12,-7,33,-6,0.055,-0.049,1.057,51,7,-2,1,0,0,0,0,1369,2503,2012,2248,2039,2056,2040,2050,40,0,0,0,0,0,0,1,186,-186,146,-110,11,-8,33,-10,0.107,-0.035,1.055
1598,2503,1991,2264,2038,2056,2043,2051,48,0,0,0,0,0,1,1,322,-125,177,-149,11,-8,23,-11,-0.074,-0.02,1.033,-7,-47,-1,-12,0,0,0,0,1848,2452,1962,2272,2038,2056,2046,2050,1,-32,0,0,0,0,0,0,477,-302,215,-367,10,-8,8,-5,0.049,0.009,1.022
1848,2200,1944,2272,2039,2054,2045,2050,1,-62,-12,0,1,-2,0,0,392,-327,256,-710,10,-2,11,-4,0.064,-0.02,1.031,29,4,-7,-2,0,0,0,0,1849,1930,1918,2252,2039,2054,2044,2050,0,0,-9,0,1,0,0,0,566,-484,212,-1000,10,0,16,-3,0.052,-0.013,1.08
2068,1930,1858,2248,2039,2054,2044,2050,68,0,0,0,1,0,0,0,436,-432,263,-998,10,0,16,-4,0.02,-0.028,1.076,0,28,23,-16,0,0,0,0,2422,1930,1799,2224,2039,2054,2044,2050,1,0,0,0,1,0,0,0,279,-168,701,-1000,9,0,16,-4,0.01,-0.04,1.03
2422,1976,1826,2189,2038,2054,2044,2051,1,19,0,-6,-1,0,0,1,275,-46,994,-942,9,0,16,-5,0.002,-0.027,1.044,-41,-31,4,1,0,0,0,0,2420,2217,1826,2066,2039,2054,2044,2050,-3,1,0,0,1,0,0,1,47,-268,999,-924,10,0,16,-9,0.046,-0.007,1.039
2184,2177,1908,2046,2039,2051,2040,2051,-42,-9,31,0,1,-1,-4,1,28,-548,745,-811,10,11,29,-10,0.053,-0.007,0.947,-10,48,-2,-13,0,0,0,0,1838,1673,2010,2439,2039,2056,2048,2048,0,35,0,3,0,0,0,2,24,42,395,-23,12,-8,0,-7,0.049,-0.025,1.023
1752,1960,2044,2431,2038,2056,2048,2048,-14,55,0,-5,0,0,0,-1,36,57,198,7,11,-8,-4,6,-0.084,-0.088,1.066,24,-36,12,-13,0,0,0,0,1690,2274,2055,2394,2037,2056,2049,2050,0,-28,0,2,1,0,0,1,156,-15,301,-2,10,-9,-4,-7,0.005,-0.03,1.061
1689,2067,2099,2408,2036,2057,2048,2050,-1,-30,0,5,0,0,0,0,379,-29,459,-12,10,-13,-2,-7,-0.0,-0.016,1.024,35,17,-6,-19,0,0,0,0,1724,1819,2131,2494,2036,2057,2048,2050,1,8,0,0,0,0,0,0,647,13,614,-2,9,-13,-2,-7,-0.048,0.003,1.028
1725,1900,2131,2494,2036,2057,2049,2050,0,13,0,0,0,0,0,0,643,23,443,0,10,-13,-5,-7,-0.03,0.005,1.033,17,-10,-10,-14,0,0,0,0,1725,2020,2108,2491,2036,2057,2049,2049,1,-7,-5,0,0,0,0,2,637,-13,154,0,10,-13,-5,0,-0.055,0.029,1.001
1862,1957,2026,2492,2036,2057,2049,2049,34,-9,-20,0,0,0,0,0,461,-13,207,-1,10,-13,-5,-7,-0.029,-0.002,0.986,0,-19,3,-16,0,0,0,0,2087,1822,1955,2493,2036,2057,2049,2050,0,-16,0,0,0,0,0,1,323,-23,235,0,11,-13,-5,-7,-0.04,0.011,1.041
2086,1706,1955,2507,2036,2057,2048,2050,0,-17,0,3,0,0,0,0,322,-30,321,-8,10,-13,-4,-7,-0.038,0.009,1.031,5,14,13,-21,0,0,0,0,2086,1571,1956,2526,2036,2057,2048,2050,0,8,0,0,0,0,0,1,356,13,656,0,9,-13,-2,-7,-0.017,0.019,1.045
2086,1649,2015,2526,2036,2062,2048,2050,0,16,9,0,0,3,0,1,401,16,784,0,9,-30,-4,-7,-0.054,0.029,1.035,-19,13,10,-21,0,0,0,0,2086,1812,2149,2525,2037,2069,2048,2049,1,15,12,0,1,0,0,2,300,17,838,0,10,-62,-2,0,-0.158,0.032,1.036
2086,1906,2207,2525,2037,2069,2048,2049,1,15,0,0,1,0,0,1,145,17,871,0,10,-62,-2,0,-0.148,0.026,1.001,-15,18,-3,-19,0,0,0,0,1966,2078,2327,2523,2038,2070,2049,2049,0,19,0,-2,1,0,0,1,58,21,641,1,10,-63,-4,0,-0.155,0.018,1.031
1858,2178,2328,2497,2038,2069,2049,2048,-2,19,0,-2,1,0,0,0,77,34,553,8,11,-63,-2,-5,-0.121,-0.001,1.03,-11,5,-18,-26,0,0,0,0,1670,2355,2324,2457,2039,2070,2049,2049,1,6,-7,-4,1,0,0,1,87,24,138,10,12,-66,-4,0,-0.023,0.032,1.06
1630,2394,2210,2438,2039,2070,2048,2048,-8,3,-17,0,1,0,0,2,64,23,100,4,11,-65,-1,5,0.027,0.049,1.021,27,-12,-12,-17,0,0,0,0,1608,2409,2043,2406,2038,2068,2047,2048,15,-14,-11,0,1,0,0,2,139,-9,-17,0,11,-59,3,7,0.02,0.03,1.027
1778,2326,1950,2404,2037,2068,2047,2048,30,-15,-12,0,0,0,0,0,140,9,12,0,11,-58,4,7,0.014,0.03,1.043,-13,-36,-1,-26,0,0,0,0,2018,2102,1846,2409,2036,2068,2049,2049,1,-29,0,2,0,0,0,1,43,-22,59,-2,11,-59,-5,0,0.048,0.025,1.025
1990,1886,1846,2456,2036,2068,2047,2048,-13,-32,0,12,1,0,0,0,14,-37,31,-30,12,-58,3,7,0.05,0.047,1.043,24,19,19,-39,0,0,0,0,1893,1601,1870,2564,2036,2069,2049,2050,-1,16,12,0,0,0,0,0,116,23,248,-3,10,-62,-5,-7,-0.002,0.042,1.026
1893,1719,1952,2565,2035,2069,2050,2051,1,14,26,0,-1,0,0,-1,323,29,450,0,10,-62,-9,-7,-0.07,0.042,1.019,-3,-14,1,-21,0,0,0,0,1948,1867,2040,2563,2034,2070,2049,2049,1,-10,0,0,0,0,0,0,456,-16,723,0,9,-66,-5,0,-0.029,0.051,1.031
1948,1773,2040,2563,2034,2070,2048,2049,0,-12,0,0,0,0,0,1,419,-17,752,0,9,-66,-2,0,-0.034,0.044,1.03,-3,4,-5,-43,0,0,0,0,1948,1675,2040,2564,2034,2070,2048,2049,0,0,0,0,0,0,0,1,361,-14,694,0,10,-66,-2,0,-0.054,0.041,1.037
1948,1688,2040,2564,2034,2070,2048,2048,0,4,0,0,0,0,0,0,333,14,552,0,10,-66,-2,6,-0.055,0.039,1.034,-22,11,-2,-24,0,0,0,0,1948,1741,2040,2563,2034,2070,2049,2048,0,7,0,0,0,0,0,1,153,21,347,0,11,-66,-2,7,-0.061,0.032,1.016
1926,1799,2041,2562,2034,2070,2048,2048,-31,7,1,0,1,0,0,1,49,31,287,0,11,-66,0,7,-0.016,0.026,1.066,28,29,13,-22,0,0,0,0,1750,2002,2059,2552,2034,2070,2049,2048,0,25,9,-3,0,0,0,0,216,41,388,8,10,-66,-4,6,-0.02,0.011,1.062
1749,2202,2109,2534,2034,2070,2049,2048,0,34,0,-2,0,0,0,2,495,38,542,8,9,-66,-4,-3,-0.096,0.059,1.043,32,-32,-21,-12,0,0,0,0,1749,2381,2180,2515,2034,2070,2047,2048,1,-26,0,0,1,0,0,1,632,-27,292,-1,10,-66,3,5,-0.062,0.029,1.004
1853,2170,2044,2520,2033,2070,2047,2047,60,-34,-25,2,1,0,0,0,486,-29,260,-5,10,-66,3,11,-0.064,0.013,1.018,-2,11,15,-14,0,0,0,0,2429,1926,1882,2552,2033,2070,2047,2049,20,9,0,0,1,0,0,1,67,13,525,0,10,-66,4,0,-0.123,0.017,1.031
2464,1982,1908,2553,2033,2070,2047,2049,0,10,18,0,0,0,0,0,39,15,847,0,10,-66,3,5,-0.123,0.018,1.019,-50,-11,-6,-31,0,0,0,0,2358,2051,2059,2551,2034,2070,2050,2050,-35,-10,0,0,1,0,0,0,-48,-14,598,0,11,-66,-5,-7,-0.206,0.03,1.059
1883,1959,2074,2540,2034,2070,2049,2050,-73,-8,0,0,1,0,0,0,33,-13,363,0,11,-66,-5,-7,0.021,0.063,1.038,34,-13,-2,-42,0,0,0,0,1533,1833,2077,2561,2031,2070,2049,2050,1,-10,0,2,0,0,0,2,195,-16,112,-7,11,-66,-5,-11,0.055,0.044,1.087
1613,1758,2067,2566,2028,2070,2050,2050,28,-6,-4,0,0,0,0,0,363,-23,95,0,11,-66,-7,-11,0.005,0.059,1.02,28,23,-1,-25,0,0,0,0,1921,1716,2025,2567,2026,2070,2049,2049,2,15,0,0,1,0,0,0,527,16,190,0,11,-66,-3,0,-0.12,0.044,1.025
2181,1860,2000,2566,2026,2071,2048,2048,41,25,0,0,0,0,0,1,326,19,266,0,12,-70,0,-3,-0.133,0.006,1.008,-47,32,1,-35,0,0,0,0,2675,2167,2004,2567,2044,2074,2048,2050,-12,22,0,0,2,0,0,1,-123,33,234,0,-7,-83,-1,-7,-0.041,0.074,1.043
2561,2373,2024,2546,2046,2074,2049,2049,-19,32,0,-3,1,0,0,0,-387,35,180,9,-6,-83,-5,0,-0.003,0.133,0.895,-31,-29,-6,-26,0,0,0,0,1652,2586,2015,2509,2027,2080,2049,2049,-46,-11,-9,7,-2,0,0,-1,30,-32,135,-9,12,-110,-5,-1,0.043,0.181,0.984
1445,2447,2003,2563,2023,2079,2050,2047,-22,-17,-5,9,1,0,1,1,25,-75,13,-34,13,-106,-8,10,0.056,0.16,1.001,67,-4,13,-21,0,0,0,0,1298,2396,1956,2569,2022,2079,2050,2047,31,0,-1,0,0,0,0,0,295,-314,254,0,12,-106,-9,10,-0.011,0.134,1.045
1623,2347,1955,2569,2022,2079,2050,2047,56,0,1,0,0,0,0,0,429,-275,632,0,11,-106,-9,10,-0.027,0.146,1.005,47,-43,-8,-41,0,0,0,0,1740,2141,2028,2570,2023,2079,2049,2036,1,-45,0,0,1,0,0,-1,619,-308,612,0,11,-106,-6,10,-0.005,0.148,1.006
1740,2076,2027,2570,2023,2079,2049,2034,1,-1,0,0,1,0,0,1,611,-716,387,0,11,-106,-6,9,-0.006,0.142,1.009,3,20,0,-18,0,0,0,0,1740,2075,2008,2570,2023,2079,2049,2032,1,0,0,0,0,0,0,0,608,-498,200,0,12,-106,-6,10,0.002,0.155,1.02
1740,2075,2008,2570,2023,2079,2049,2032,1,0,0,0,0,0,0,1,606,-276,200,0,12,-106,-6,11,0.007,0.157,1.02,5,-2,-6,-38,0,0,0,0,1741,2076,1992,2570,2023,2079,2049,2028,1,1,0,0,1,0,0,-1,601,-117,156,0,12,-106,-6,13,0.081,0.166,0.985
1587,2075,1975,2571,2028,2071,2049,2023,-61,1,0,0,1,0,0,0,0,-133,57,0,12,-73,-6,14,0.162,0.173,0.979,77,20,13,-17,0,0,0,0,1141,2125,1987,2571,2027,2070,2049,2039,-24,12,11,0,1,0,0,4,0,-96,47,0,12,-67,-6,11,0.069,0.139,0.973
941,2260,2066,2571,2031,2067,2049,2057,-34,27,12,0,1,0,0,1,0,-105,84,0,12,-55,-8,-11,0.037,0.171,1.025,78,-22,-18,-36,0,0,0,0,861,2362,2112,2571,2039,2067,2050,2052,1,1,-13,0,1,0,0,0,0,-181,-16,0,12,-55,-9,-10,0.057,0.166,0.994
864,2342,2010,2571,2042,2068,2050,2047,1,-4,-13,0,1,0,0,0,0,-364,-98,0,12,-56,-8,10,0.154,0.182,0.994,75,10,1,-31,0,0,0,0,891,2293,1888,2571,2043,2067,2049,2047,2,1,0,0,1,0,0,0,0,-439,-160,0,11,-55,-6,10,0.095,0.187,1.015
892,2292,1888,2571,2043,2067,2049,2047,1,1,0,0,1,0,0,0,0,-327,-132,0,11,-55,-6,10,0.103,0.181,1.01,86,-19,11,-42,0,0,0,0,888,2292,1919,2571,2042,2062,2049,2047,-2,1,8,0,0,0,0,0,0,-385,-3,0,11,-36,-6,10,0.091,0.174,1.015
886,2293,1985,2571,2044,2061,2049,2047,1,0,7,0,1,0,0,0,0,-614,12,0,7,-29,-6,9,0.092,0.173,1.013,41,14,-13,-25,0,0,0,0,885,2293,2013,2571,2044,2061,2049,2047,1,-1,-8,0,1,0,0,0,0,-543,0,0,7,-29,-6,10,0.099,0.186,1.009
887,2293,1947,2571,2044,2062,2049,2047,1,1,-9,0,-1,0,0,0,0,-378,-77,0,11,-31,-6,10,0.104,0.18,1.009,64,7,6,-38,0,0,0,0,905,2292,1868,2571,2042,2062,2049,2047,1,0,0,0,-1,0,0,0,0,-188,-64,0,12,-33,-6,11,0.099,0.189,1.014
900,2292,1898,2571,2042,2061,2049,2047,0,2,3,0,1,0,0,0,0,-133,-10,0,12,-30,-6,11,0.102,0.186,1.012,33,-20,6,-26,0,0,0,0,899,2294,1969,2571,2043,2060,2049,2048,0,1,3,0,0,0,0,0,0,-210,1,0,7,-25,-6,10,0.094,0.179,1.01
899,2294,1998,2571,2044,2060,2049,2047,0,1,4,0,1,0,0,0,0,-409,43,0,7,-25,-6,10,0.096,0.173,1.011,77,-29,5,-35,0,0,0,0,893,2293,2048,2571,2044,2060,2049,2048,0,0,4,0,1,0,0,1,0,-664,122,0,7,-25,-6,5,0.088,0.172,1.005
890,2293,2074,2571,2044,2060,2049,2047,0,0,3,0,1,0,0,2,0,-656,157,0,7,-25,-6,5,0.078,0.168,1.01,95,4,-2,-37,0,0,0,0,871,2293,2106,2571,2045,2060,2049,2047,-1,0,0,0,1,0,0,0,0,-602,146,0,0,-25,-6,10,0.086,0.171,1.011
869,2293,2106,2571,2045,2060,2049,2047,0,0,0,0,1,0,0,0,0,-569,90,0,0,-25,-6,10,0.085,0.176,1.011,97,-4,-19,-42,0,0,0,0,870,2293,2031,2571,2044,2060,2049,2047,1,0,-16,0,0,0,0,0,0,-553,-14,0,7,-25,-6,10,0.102,0.179,1.02
876,2327,1931,2573,2042,2061,2050,2052,1,66,-8,0,0,0,0,0,0,0,-131,-2,11,-29,-10,-11,0.048,0.207,0.994,77,1,12,-31,0,0,0,0,932,2558,1811,2574,2043,2060,2050,2052,5,3,13,0,2,0,0,0,0,0,-5,0,7,-25,-10,-11,0.048,0.189,1.016
964,2575,1882,2574,2044,2059,2050,2050,6,2,11,0,1,0,0,0,0,0,13,0,7,-22,-9,-7,0.028,0.182,1.006,39,-52,8,-41,0,0,0,0,979,2590,1993,2574,2043,2059,2050,2047,0,2,7,0,0,0,0,1,0,0,87,0,7,-22,-8,10,0.007,0.189,1.007
959,2599,2037,2574,2044,2059,2049,2047,-5,2,7,0,0,0,0,0,0,0,134,0,7,-22,-8,11,0.006,0.182,0.999,39,-43,-16,-37,0,0,0,0,899,2608,2058,2574,2045,2059,2049,2047,0,1,-11,0,2,0,0,0,0,0,1,0,0,-22,-7,11,0.029,0.185,1.008
902,2609,1970,2575,2043,2059,2049,2048,1,1,-11,0,0,0,0,1,0,0,-76,0,12,-22,-5,7,0.048,0.192,1.0,57,-24,-1,-37,0,0,0,0,943,2623,1852,2576,2042,2060,2048,2048,4,2,0,0,0,0,0,0,0,0,-126,0,12,-23,-4,7,0.042,0.182,1.014
974,2625,1849,2576,2042,2060,2049,2048,2,1,-1,0,0,0,0,1,0,0,-144,0,12,-23,-5,6,0.045,0.187,1.015,89,-15,-5,-41,0,0,0,0,985,2625,1817,2576,2043,2054,2049,2047,4,0,-16,0,0,-1,0,1,0,0,-144,0,12,-7,-6,11,0.036,0.182,1.01
1021,2619,1770,2576,2044,2054,2049,2047,6,0,-2,0,1,0,0,0,0,0,-83,0,7,-2,-6,11,0.063,0.178,1.007,33,-45,18,-27,0,0,0,0,1081,2618,1787,2576,2044,2054,2049,2047,6,1,17,0,0,0,0,0,0,0,17,0,7,-2,-6,10,0.047,0.171,1.024
1113,2620,1873,2576,2045,2054,2049,2047,1,1,12,0,1,0,0,0,0,0,168,0,0,-2,-6,11,0.023,0.162,1.034,71,-47,-6,-31,0,0,0,0,1074,2633,1992,2576,2045,2055,2049,2047,0,1,0,0,1,0,0,0,0,0,155,0,0,-2,-6,11,0.013,0.162,1.019
1073,2633,1981,2576,2045,2054,2049,2047,0,1,-3,0,1,0,0,0,0,0,27,0,0,-2,-6,11,0.016,0.175,1.03,33,-41,0,-26,0,0,0,0,1061,2632,1938,2576,2045,2055,2049,2047,-1,0,0,0,0,0,0,0,0,0,10,0,-7,-5,-6,11,0.029,0.177,1.021
1060,2632,1938,2576,2045,2055,2049,2047,1,0,0,0,0,0,0,0,0,0,10,0,-7,-5,-6,11,0.03,0.175,1.016,34,-11,-2,-36,0,0,0,0,1061,2632,1929,2576,2045,2055,2049,2047,1,1,-2,0,1,0,0,0,0,0,7,0,-8,-5,-6,10,0.034,0.173,1.022
1062,2631,1916,2576,2045,2055,2049,2047,1,0,-1,0,0,0,0,0,0,0,1,0,-5,-5,-6,10,0.029,0.167,1.025,74,2,4,-16,0,0,0,0,1064,2630,1908,2576,2045,2055,2049,2047,0,0,1,0,0,0,0,0,0,0,50,0,0,-5,-6,11,0.031,0.174,1.016
2097,2048,2049,2050,2047,2064,2049,2049,1,1,0,0,0,0,0,1,-12,0,0,-3,0,0,-2,0,0.034,0.015,1.036,-11,-10,-13,-4,0,0,0,0,2091,2022,2009,2035,2047,2065,2049,2049,0,-9,-8,-2,-1,0,0,1,-37,-16,-77,-17,4,-4,-4,0,0.067,0.029,1.035
2031,1943,1934,2002,2045,2066,2050,2050,-9,-9,-13,-3,1,0,0,1,-45,-14,-133,-2,6,-9,-6,-7,0.086,0.037,1.038,14,8,22,6,0,0,0,0,1938,1867,1902,1996,2044,2066,2050,2050,9,5,18,5,1,0,0,1,11,18,-5,13,10,-9,-7,-8,0.058,0.032,1.029
1959,1913,2038,2043,2046,2065,2049,2049,10,9,18,6,1,0,0,1,49,21,39,0,5,-7,-5,-9,-0.001,0.019,1.028,12,-18,5,3,0,0,0,0,2134,1979,2212,2106,2045,2066,2048,2047,26,1,3,6,0,0,0,1,32,-42,129,-30,10,-9,0,7,-0.023,-0.003,1.038
2214,1891,2214,2135,2046,2066,2048,2048,5,-19,0,4,1,0,0,1,40,-56,258,-63,5,-9,0,7,0.007,0.003,1.05,-6,-7,-24,-10,0,0,0,0,2321,1626,2205,2120,2049,2066,2050,2050,12,-3,-22,-12,1,0,0,0,11,0,-2,-93,-10,-9,-8,-7,0.173,0.007,1.036
2339,1591,2074,2080,2048,2066,2050,2048,1,0,-20,-15,1,0,0,-1,-24,-14,-112,-206,-6,-8,-6,12,0.08,0.048,1.033,13,55,10,-9,0,0,0,0,2370,1722,1953,1913,2046,2071,2048,2049,14,49,0,-11,2,0,0,0,-27,40,-217,-4,-6,-30,0,-7,0.048,0.015,1.046
2416,2068,1978,1846,2045,2068,2047,2050,1,51,12,-8,2,0,0,0,-8,59,-25,26,1,-18,4,-7,-0.001,-0.005,1.011,-3,-24,-4,0,0,0,0,0,2518,2535,2053,1777,2046,2068,2049,2048,1,-14,-1,0,-1,0,0,1,-18,-44,-90,18,10,-18,-4,7,0.016,0.001,1.045
2517,2369,2021,1777,2045,2067,2046,2048,1,-22,-4,0,-1,0,0,1,-28,-39,-74,18,6,-14,4,4,0.063,0.019,1.028,-44,-32,-4,20,0,0,0,0,2404,2019,1992,1867,2046,2067,2047,2050,-23,-33,0,20,0,0,0,0,-148,-27,-155,19,5,-14,4,-7,0.088,0.023,1.026
2245,1786,1995,1999,2046,2072,2049,2049,-22,-30,0,18,0,0,0,0,-359,-21,-282,29,5,-33,-3,-7,0.172,0.071,1.033,28,21,16,-10,0,0,0,0,1894,1565,1998,2115,2045,2080,2049,2049,0,16,6,-5,1,0,0,0,-101,25,-136,-2,10,-69,-4,0,0.21,0.052,1.038
1963,1690,2095,2077,2047,2074,2046,2051,27,11,10,-5,2,-3,0,1,-15,39,-84,-108,-4,-44,8,-12,0.06,0.022,1.047,20,6,-13,-2,0,0,0,0,2208,1860,2143,1985,2048,2065,2045,2052,22,4,-13,-5,1,0,0,1,17,50,-1,-93,-7,-5,13,-12,0.105,0.0,1.038
2344,1887,2058,1964,2047,2064,2045,2053,19,12,-12,-5,0,0,0,1,18,57,-10,-60,0,-3,13,-12,0.091,0.003,1.04,-44,27,15,-8,0,0,0,0,2364,2080,2022,1895,2046,2064,2046,2053,-37,46,14,-8,0,0,0,0,-34,34,0,-1,5,-2,9,-12,0.115,0.021,1.045
2125,2340,2134,1850,2045,2066,2049,2051,-34,31,15,-8,2,0,1,1,-84,12,-49,-22,5,-9,-1,-12,0.082,0.037,1.03,-8,-17,-14,14,0,0,0,0,1723,2512,2261,1826,2047,2068,2049,2048,-6,-12,0,10,2,0,0,0,-48,-30,-353,79,0,-18,-5,7,0.125,0.037,1.031
1709,2408,2214,1891,2048,2067,2046,2047,1,-20,0,6,0,0,0,1,-90,-33,-555,200,-9,-15,6,11,0.137,0.006,1.006,20,12,6,-9,0,0,0,0,1697,2219,2114,1966,2049,2067,2046,2047,0,0,0,0,0,0,0,0,-31,37,-490,182,-10,-15,7,9,0.094,0.044,1.025
1779,2293,2114,1939,2048,2067,2047,2048,15,26,0,-11,0,0,0,1,-13,32,-319,34,-6,-15,4,7,0.095,0.049,1.036,-10,-8,-9,5,0,0,0,0,1939,2432,2114,1886,2047,2068,2050,2048,1,-5,0,2,1,0,0,1,-50,-16,-284,59,3,-19,-5,7,0.088,0.046,1.032
1936,2391,2113,1912,2048,2067,2049,2047,-6,-7,0,4,1,0,0,1,-109,-21,-537,94,-5,-16,-5,7,0.09,0.017,1.031,-5,-19,8,-5,0,0,0,0,1871,2244,2080,1934,2048,2067,2046,2048,-20,-16,0,0,1,0,0,-1,-136,-24,-552,73,-10,-15,7,7,0.116,0.039,1.025
1769,2103,2079,1914,2048,2067,2046,2050,-16,-19,0,-3,0,0,0,1,-63,-18,-321,3,-6,-15,7,-7,0.137,0.044,1.029,38,37,-15,-2,0,0,0,0,1756,2061,2079,1868,2048,2067,2047,2050,36,39,-6,-2,1,0,0,1,27,25,-333,-2,-7,-15,4,-8,0.137,0.057,1.034
2090,2330,1998,1853,2046,2068,2048,2049,52,38,-12,-4,0,0,0,0,-14,18,-416,9,5,-19,0,0,0.05,0.031,1.044,-27,-19,-4,-2,0,0,0,0,2410,2567,1865,1827,2046,2070,2049,2049,1,-9,-12,-1,1,0,0,0,-190,-16,-437,15,4,-27,-5,0,0.127,0.037,0.988
2353,2464,1864,1814,2046,2070,2049,2049,-9,-11,0,-2,1,0,0,0,-371,-28,-538,8,5,-27,-5,0,0.124,0.062,1.04,-3,16,19,21,0,0,0,0,2193,2310,1849,1858,2047,2076,2049,2048,2,3,0,16,1,0,0,0,-446,29,-260,153,0,-54,-5,7,0.094,0.017,0.974
2137,2369,1965,1986,2046,2077,2049,2049,-52,13,12,27,-1,1,0,1,-309,54,-203,214,5,-55,-5,0,0.068,0.063,1.042,-24,-26,7,-14,0,0,0,0,1844,2485,2135,2142,2045,2080,2047,2048,-40,-23,10,-13,1,0,0,1,-125,-18,-158,-16,5,-70,3,0,0.11,0.052,1.124
1536,2319,2172,2050,2046,2079,2046,2046,-41,-19,9,-10,1,0,0,0,-18,-27,-113,-24,6,-66,8,10,0.186,0.053,1.021,8,-17,-12,13,0,0,0,0,1373,2236,2184,2017,2047,2064,2044,2048,0,-1,-6,4,2,0,0,1,-12,-250,-158,-110,0,-3,17,7,0.203,0.035,1.017
1413,2107,2111,2110,2047,2064,2043,2048,5,-20,-15,10,2,0,0,-1,11,-201,-197,-133,-6,-3,20,7,0.146,0.029,1.029,60,38,-11,1,0,0,0,0,1650,1946,1940,2206,2046,2064,2049,2050,43,15,-14,0,1,0,1,2,80,12,-77,-89,6,-5,-1,-8,-0.01,0.058,1.01
2063,2160,1841,2193,2044,2065,2050,2050,83,34,-8,0,1,0,0,0,48,24,10,-9,10,-7,-8,-7,0.0,0.038,1.017,-42,18,25,-8,0,0,0,0,2604,2562,1844,2180,2046,2076,2050,2051,-3,18,17,-11,1,0,0,0,-186,13,120,-66,5,-53,-8,-12,-0.036,0.061,1.04
2330,2669,2011,2114,2046,2076,2050,2050,-50,18,30,-8,1,0,0,0,-153,17,129,-15,6,-53,-8,-7,0.022,0.098,1.014,8,-38,-22,12,0,0,0,0,1776,2702,2144,2097,2049,2080,2049,2049,1,-37,-19,11,1,0,0,0,50,-30,-18,16,-10,-70,-5,0,0.038,0.077,1.023
1815,2439,2011,2179,2045,2079,2049,2048,16,-41,-20,13,0,0,0,0,58,-25,-80,9,10,-67,-4,7,0.032,0.09,1.012,28,26,0,-15,0,0,0,0,2085,2193,1831,2213,2042,2079,2049,2048,31,20,-2,-13,-1,0,0,1,13,23,-52,-20,11,-67,-4,7,0.031,0.074,1.025
2285,2376,1815,2131,2045,2079,2047,2047,30,36,0,-10,2,0,0,-1,11,17,10,-94,6,-67,4,7,0.054,0.068,1.034,-20,-48,9,-5,0,0,0,0,2487,2541,1814,2041,2045,2079,2046,2047,-16,-43,0,0,1,0,0,0,-47,-139,183,-301,5,-67,8,10,-0.008,0.019,1.001
2294,2265,1861,2024,2045,2079,2044,2046,-30,-19,7,0,-1,0,0,1,-14,-228,251,-375,9,-67,16,10,0.111,0.052,1.025,30,-11,-5,7,0,0,0,0,2118,2040,1915,2026,2045,2073,2036,2046,13,1,0,0,1,0,0,0,124,-542,227,-421,9,-42,50,9,0.182,0.044,1.053
2296,1963,1910,2032,2046,2062,2029,2047,35,-36,1,6,0,-1,-2,1,119,-447,107,-246,5,2,77,8,0.165,0.048,1.012,-37,16,14,9,0,0,0,0,2554,1527,1933,2094,2045,2064,2031,2050,-26,2,10,13,-1,-1,0,0,-25,19,100,-106,9,-6,69,-7,0.164,0.055,1.021
2345,1610,2054,2151,2045,2064,2033,2050,-28,11,13,6,0,0,0,0,-55,28,1,-92,6,-4,65,-7,0.095,0.038,1.031,-4,44,6,-22,0,0,0,0,2035,1949,2194,2160,2046,2064,2034,2046,-1,55,8,-19,1,0,0,0,-37,18,-22,-244,6,-4,59,11,0.119,0.048,1.027
2007,2287,2235,2000,2047,2065,2048,2047,-6,39,7,-27,1,0,0,1,-34,13,-22,-194,0,-8,1,11,0.07,0.043,1.022,-15,-19,-15,20,0,0,0,0,1887,2635,2262,1883,2050,2066,2049,2048,-12,-3,-9,17,1,0,0,1,-29,-71,-222,-13,-10,-11,-4,7,0.143,0.052,1.02
1850,2459,2216,2006,2048,2067,2049,2049,0,-29,-7,16,1,0,0,1,-85,-29,-450,5,-5,-15,-4,0,0.113,0.064,1.021,2,-8,-2,-14,0,0,0,0,1796,2270,2154,2103,2048,2067,2047,2048,0,0,-34,-14,0,0,0,0,-128,-32,-742,-13,-9,-16,4,10,0.144,0.049,1.03
1796,2247,2130,2027,2049,2067,2047,2047,1,0,0,-8,1,0,0,1,-114,-55,-684,-85,-9,-16,6,11,0.136,0.065,1.024,3,12,11,-10,0,0,0,0,1796,2248,2099,1913,2048,2067,2046,2047,1,1,0,-9,1,0,0,1,-82,-47,-418,-259,-10,-16,9,7,0.159,0.055,1.009
1795,2289,2100,1854,2048,2067,2046,2048,0,7,1,-9,0,0,0,1,-62,-25,-107,-293,-6,-16,9,6,0.164,0.064,1.018,-4,17,-12,22,0,0,0,0,1715,2446,2172,1818,2048,2070,2049,2049,-2,10,0,23,0,1,0,1,-12,-16,-262,-32,-10,-27,-3,0,0.172,0.083,1.029
1718,2503,2173,1947,2049,2074,2049,2049,1,14,0,17,0,0,0,0,-27,18,-610,21,-10,-45,-6,0,0.131,0.07,1.008,11,-53,5,10,0,0,0,0,1718,2459,2115,2165,2047,2079,2049,2049,0,-50,0,12,0,0,0,0,-12,-30,-678,12,-5,-66,-3,0,0.169,0.086,1.012
1797,2118,2116,2237,2047,2079,2048,2049,18,-53,0,7,0,0,0,0,-16,-38,-535,0,0,-66,0,0,0.141,0.1,1.033,36,50,-11,-20,0,0,0,0,2045,1837,2084,2265,2048,2077,2047,2048,42,51,0,-14,2,0,0,1,-13,23,-437,-170,-5,-58,5,11,0.162,0.045,1.042
2283,2192,1980,2113,2047,2075,2048,2049,29,46,-26,-26,0,-1,0,2,10,20,-320,-97,0,-52,3,0,0.054,0.028,1.042,-16,-43,4,14,0,0,0,0,2544,2505,1875,2007,2046,2072,2047,2050,1,-42,0,16,1,0,0,-1,-59,-68,-162,-6,5,-37,6,-7,0.057,0.037,1.024
2446,2256,1876,2105,2046,2067,2046,2046,-18,-39,0,19,-1,0,0,0,-60,-110,-53,-57,5,-16,10,11,0.082,0.041,1.02,-38,25,-5,-3,0,0,0,0,2308,1915,1912,2217,2046,2067,2048,2047,-17,4,0,-1,1,0,0,1,-282,-8,-159,-132,0,-13,3,11,0.151,0.083,0.994
2136,2031,1913,2164,2047,2074,2048,2048,-41,21,0,-5,1,0,0,-1,-363,23,-307,-1,-5,-48,2,11,0.242,0.122,1.006,8,-6,21,0,0,0,0,0,1567,2256,1892,2174,2044,2065,2043,2047,-26,-12,19,20,1,0,0,1,-12,-19,4,-122,10,-7,23,11,0.031,0.06,1.03
1548,2284,2008,2197,2043,2065,2043,2047,0,-3,13,0,0,1,0,2,33,-56,114,-230,10,-5,23,7,0.17,0.035,1.046,31,-5,-1,4,0,0,0,0,1588,2250,2118,2200,2043,2065,2044,2047,8,0,0,3,0,0,0,1,240,-103,329,-167,9,-7,19,7,0.056,0.021,1.044
1646,2250,2118,2216,2042,2065,2049,2048,1,0,0,1,0,0,0,1,487,-142,303,-125,10,-7,-1,7,-0.001,0.059,1.062,27,26,-20,3,0,0,0,0,2099,2168,2048,2235,2044,2073,2050,2048,57,19,-16,3,1,0,0,0,218,13,194,-15,10,-41,-3,3,-0.068,0.031,1.02
2480,2319,1923,2254,2045,2073,2049,2049,45,26,-15,3,1,0,0,1,44,18,146,-11,10,-42,-2,0,-0.035,0.017,1.037,-23,-45,26,-26,0,0,0,0,2739,2463,1841,2229,2045,2074,2047,2047,-16,-27,10,-12,0,0,0,0,-51,-108,310,-289,10,-44,5,9,-0.005,0.029,1.01
2512,2228,1953,2085,2045,2073,2047,2047,-39,-26,25,-27,0,0,0,0,-10,-227,581,-427,9,-41,6,9,-0.01,0.025,1.016,20,-29,2,17,0,0,0,0,2392,1719,2298,1892,2053,2101,2046,2053,8,-105,0,-40,6,10,-5,0,23,-71,23,-192,-10,-155,6,-12,0.043,0.084,0.953
2540,1369,2322,1972,2070,2093,2051,2047,37,-37,3,15,2,0,0,1,12,-14,-16,4,-14,-129,-10,11,0.047,0.031,1.049,-43,55,-24,-9,0,0,0,0,2737,1090,2323,2052,2079,2092,2051,2047,1,0,-19,-5,1,0,0,1,-261,389,-405,60,-14,-126,-10,10,0.052,0.065,1.032
2562,1372,2273,1965,2080,2090,2049,2052,-39,38,0,-13,1,-1,0,2,-379,468,-872,166,-14,-119,-1,-10,0.049,0.083,1.024,-5,16,-17,6,0,0,0,0,2408,1689,2234,1877,2080,2089,2048,2052,1,0,0,0,1,0,0,0,-656,693,-1000,351,-12,-113,2,-10,0.098,0.053,1.042
2408,1690,2234,1877,2080,2089,2048,2052,0,0,0,0,0,0,0,0,-643,676,-1000,522,-13,-113,2,-9,0.083,0.055,1.026,-34,16,1,3,0,0,0,0,2408,1689,2234,1878,2080,2089,2048,2053,1,0,0,0,0,0,0,0,-623,650,-982,775,-12,-113,2,-9,0.081,0.055,1.034
2408,1690,2234,1879,2080,2089,2048,2052,0,1,0,0,0,0,0,1,-615,640,-953,857,-12,-113,2,-9,0.078,0.056,1.03,-15,51,-4,14,0,0,0,0,2409,1245,2235,2102,2080,2090,2050,2048,1,-44,0,22,-1,0,1,-2,-624,0,-992,272,-14,-116,-7,2,0.066,0.048,1.043
2878,1006,2028,2218,2064,2059,2046,2052,94,-41,-96,6,-4,-4,1,0,0,0,-289,176,-10,8,11,-12,-0.033,0.042,0.982,-69,36,-11,-18,0,0,0,0,3185,875,1926,2278,2047,2063,2046,2048,12,1,-10,-16,0,0,0,0,0,0,-107,31,-6,2,10,7,0.045,0.041,1.032
3238,878,1856,2174,2048,2063,2046,2047,3,1,-10,-17,0,0,0,1,0,0,-124,-22,-6,2,10,9,0.056,0.065,1.038,-26,85,24,10,0,0,0,0,3242,882,1854,2074,2047,2063,2047,2048,0,-1,25,3,0,0,0,1,0,0,-3,4,0,2,5,7,0.056,0.05,1.033
3240,881,2007,2133,2046,2063,2047,2049,0,0,21,9,2,0,0,1,0,0,7,27,6,2,5,0,0.052,0.035,1.031,-92,100,-11,-18,0,0,0,0,3219,878,2144,2144,2047,2064,2047,2049,0,2,-9,-15,1,0,0,0,0,0,0,-24,-6,-1,5,0,0.069,0.04,1.033
3223,881,2079,2039,2047,2064,2047,2049,1,1,-11,-16,0,0,0,1,0,0,-20,-91,0,-2,5,0,0.07,0.047,1.039,-42,56,-8,-8,0,0,0,0,3241,928,1973,1875,2047,2064,2047,2048,1,5,-7,-8,-1,0,0,1,0,0,-84,-144,0,-2,5,7,0.092,0.057,1.023
3242,959,1923,1810,2047,2063,2049,2048,2,4,-6,-31,0,0,-1,1,0,0,-103,-111,-6,1,-6,7,0.019,0.074,1.053,-46,91,7,26,0,0,0,0,3244,1014,1882,1827,2048,2064,2050,2048,1,5,0,18,0,0,0,1,0,0,-67,49,-6,-3,-6,7,0.012,0.029,1.054
3243,1040,1919,1991,2047,2063,2047,2049,0,4,6,26,2,0,0,1,0,0,-8,100,-6,2,5,0,0.011,0.022,1.045,-44,72,12,-10,0,0,0,0,3241,889,2025,2168,2046,2063,2047,2049,0,0,8,-4,1,0,0,0,0,0,0,24,6,2,5,0,0.01,0.021,1.027
3241,891,2097,2109,2045,2063,2047,2049,0,1,9,-4,0,0,0,1,0,0,26,-17,6,2,5,0,0.042,0.037,1.03,-78,50,-19,-3,0,0,0,0,3220,901,2116,2027,2047,2064,2047,2048,0,4,-18,-3,1,0,0,0,0,0,-11,-53,-10,-1,5,7,0.044,0.046,1.034
3230,920,1998,2005,2047,2064,2047,2048,4,3,-15,-4,0,0,0,0,0,0,-56,-47,0,-2,5,7,0.064,0.036,1.031,-47,70,6,11,0,0,0,0,3244,952,1873,2013,2047,2064,2047,2049,1,1,0,10,0,0,0,1,0,0,-48,28,0,0,5,0,0.047,0.043,1.041
3243,952,1907,2073,2047,2063,2047,2049,0,-2,6,8,1,0,0,2,0,0,-7,93,0,0,5,-9,0.042,0.031,1.031,-35,67,-2,4,0,0,0,0,3243,893,1953,2167,2046,2063,2047,2050,0,-2,0,2,0,0,0,0,0,0,-50,129,6,1,5,-7,0.021,0.034,1.04
3243,883,1950,2183,2046,2063,2047,2050,0,-1,-1,0,0,0,0,1,0,0,-96,174,6,1,5,-11,0.02,0.04,1.048,-42,86,-8,0,0,0,0,0,3244,873,1911,2206,2046,2064,2047,2050,1,0,-6,0,0,0,0,0,0,0,-148,210,6,1,3,-7,0.013,0.04,1.039
3244,873,1863,2206,2046,2063,2048,2050,1,0,-7,0,0,0,0,0,0,0,-176,211,6,1,3,-7,0.024,0.041,1.037,-87,94,1,2,0,0,0,0,3245,872,1806,2209,2046,2063,2047,2050,1,0,0,0,0,0,0,0,0,0,-185,230,6,2,3,-9,0.022,0.037,1.04
3245,872,1806,2213,2046,2063,2048,2051,1,0,0,2,0,0,0,1,0,0,-157,270,5,2,3,-12,0.027,0.05,1.036,-39,85,2,4,0,0,0,0,3245,870,1806,2234,2046,2063,2047,2051,1,0,0,1,0,0,0,1,0,0,-86,324,6,2,4,-11,-0.009,0.04,1.03
3245,868,1807,2267,2046,2063,2048,2051,1,0,0,8,0,0,0,1,0,0,-33,301,5,2,4,-11,0.009,0.042,1.042,-75,65,23,-17,0,0,0,0,3245,865,1922,2281,2046,2063,2048,2050,1,0,22,-6,2,0,0,-1,0,0,0,55,-6,2,5,-7,0.036,0.027,1.021
3242,870,2070,2181,2046,2063,2047,2050,0,1,22,-15,0,0,0,0,0,0,11,-6,6,2,6,-9,0.03,0.033,1.033,-37,79,-1,6,0,0,0,0,3201,880,2237,2072,2046,2063,2047,2050,-5,1,0,4,1,0,0,1,0,0,45,10,6,2,6,-7,0.047,0.045,1.031
3172,881,2238,2108,2046,2063,2047,2050,-2,1,0,6,1,0,0,0,0,0,18,28,6,2,6,-7,0.035,0.034,1.031,-44,57,-19,9,0,0,0,0,3170,875,2153,2177,2047,2064,2047,2051,1,-2,-17,5,1,0,0,1,0,0,-13,102,-6,-1,6,-12,0.03,0.022,1.036
3181,871,2039,2211,2047,2064,2047,2051,6,0,-17,5,0,0,0,1,0,0,-71,207,0,-1,4,-11,0.021,0.028,1.031,-53,35,-1,-26,0,0,0,0,3244,865,1902,2207,2046,2063,2048,2049,1,1,-1,-18,1,0,0,0,0,0,-143,18,5,2,4,-7,0.015,0.026,1.033
3244,871,1892,2061,2045,2063,2047,2049,1,1,-4,-18,0,0,0,2,0,0,-127,-74,6,2,5,0,0.015,0.052,1.024,-77,96,6,22,0,0,0,0,3245,919,1884,1932,2046,2063,2047,2050,-1,5,1,22,0,0,0,0,0,0,-17,18,6,2,6,-7,0.099,0.057,1.032
3243,926,1924,2072,2046,2063,2048,2051,0,-2,3,15,-1,0,0,1,0,0,-8,50,6,2,4,-12,0.04,0.028,1.041,-59,92,-2,-23,0,0,0,0,3243,866,1970,2158,2047,2063,2047,2050,1,2,0,-17,3,0,0,0,0,0,-44,-17,0,2,5,-7,0.08,0.038,1.034
3244,872,1961,2018,2046,2063,2047,2049,2,3,-2,-22,0,0,0,0,0,0,-65,-77,6,2,6,0,0.081,0.046,1.029,-69,64,6,22,0,0,0,0,3244,925,1960,1913,2046,2063,2047,2050,1,4,6,23,1,0,0,0,0,0,-4,19,6,2,5,-7,0.082,0.031,1.022
3242,935,2000,2058,2046,2063,2047,2051,0,-4,3,17,1,0,0,1,0,0,-1,29,6,2,5,-12,0.03,0.04,1.042,-76,55,3,-20,0,0,0,0,3242,867,2058,2153,2046,2063,2047,2049,0,1,2,-16,1,0,0,0,0,0,0,-21,6,2,4,-7,0.062,0.036,1.036
3242,872,2068,2032,2046,2063,2047,2049,0,1,2,-19,1,0,0,1,0,0,44,-79,5,2,5,0,0.052,0.038,1.034,-87,80,9,10,0,0,0,0,3240,924,2129,1904,2046,2063,2047,2050,-1,4,8,11,0,0,0,2,0,0,53,-7,6,2,6,-7,0.054,0.041,1.025
3217,939,2187,1964,2046,2063,2047,2050,-4,4,8,7,0,0,0,1,0,0,63,20,5,2,6,-7,0.053,0.035,1.024,-61,77,3,12,0,0,0,0,3161,931,2269,2082,2046,2063,2048,2050,-4,-3,5,10,0,0,0,0,0,0,75,73,6,2,5,-9,0.025,0.032,1.04
3129,890,2287,2157,2046,2063,2048,2051,-5,-9,0,10,0,0,0,1,0,0,81,101,5,2,5,-11,0.033,0.032,1.027,-57,96,-13,1,0,0,0,0,3099,859,2273,2219,2047,2064,2048,2051,0,0,-11,0,0,0,0,1,0,0,-7,249,0,-1,4,-12,0.02,0.033,1.032
3106,858,2190,2225,2048,2064,2048,2051,2,0,-12,0,0,0,0,1,0,0,-22,254,-6,-1,3,-11,0.01,0.033,1.031,-38,69,8,-8,0,0,0,0,3140,857,2122,2226,2046,2063,2048,2051,1,-1,9,0,0,0,0,1,0,0,-3,136,6,-1,3,-12,0.014,0.027,1.045
3140,859,2165,2200,2046,2063,2047,2049,1,2,6,-7,2,0,0,-1,0,0,29,6,6,2,5,-7,0.028,0.047,1.036,-71,38,2,-19,0,0,0,0,3131,866,2230,2072,2046,2063,2047,2049,-1,1,1,-13,1,0,0,1,0,0,59,-52,6,2,6,-7,0.037,0.024,1.043
3124,883,2242,1959,2046,2063,2047,2048,0,4,0,-13,1,0,0,1,0,0,64,-117,6,2,6,7,0.077,0.043,1.024,-19,39,-22,16,0,0,0,0,3109,938,2185,1848,2047,2064,2049,2050,0,5,-16,16,1,0,0,0,0,0,-37,20,0,-2,-2,-7,0.054,0.05,1.057
3120,970,2053,1946,2047,2063,2049,2050,5,6,-20,16,-1,0,-1,1,0,0,-112,61,5,2,0,-7,0.077,0.036,1.041,-82,57,11,-12,0,0,0,0,3240,941,1910,2038,2046,2063,2047,2049,1,1,12,-11,1,0,0,0,0,0,-9,-24,6,2,3,-7,0.054,0.04,1.038
3239,941,1984,1969,2046,2063,2047,2049,0,1,9,-8,0,0,0,0,0,0,0,-76,3,2,4,0,0.05,0.033,1.031,-57,91,0,4,0,0,0,0,3239,986,2054,1883,2046,2063,2047,2049,0,5,0,0,0,0,0,0,0,0,42,-34,6,1,3,-7,0.062,0.034,1.04
3239,995,2057,1903,2046,2063,2047,2050,0,-2,0,3,0,0,0,1,0,0,31,0,6,1,4,-10,0.058,0.043,1.032,-75,87,-2,-9,0,0,0,0,3239,995,2055,1900,2046,2063,2048,2049,0,1,-3,-7,1,0,0,0,0,0,0,-26,6,1,3,-7,0.062,0.037,1.034
3239,1007,2041,1857,2046,2063,2047,2049,0,4,-1,-7,0,0,0,2,0,0,-1,-101,6,1,2,-1,0.009,0.089,1.06,-52,44,14,18,0,0,0,0,3237,1059,2085,1837,2046,2064,2049,2049,-2,5,12,17,0,0,0,1,0,0,14,21,6,-3,-3,0,0.065,0.073,1.052
3234,1076,2173,1939,2046,2064,2047,2050,-2,-3,12,13,0,0,0,0,0,0,39,102,6,-3,5,-11,0.034,0.029,1.033,-47,75,-10,4,0,0,0,0,3187,980,2243,2085,2046,2064,2047,2050,-4,-10,-8,2,0,0,0,0,0,0,1,153,4,-3,6,-7,0.031,0.026,1.038
3183,942,2183,2112,2047,2064,2047,2050,1,-2,-6,3,0,0,0,1,0,0,-12,153,0,-3,6,-11,0.014,0.032,1.02,-58,67,1,-11,0,0,0,0,3187,913,2114,2123,2046,2063,2047,2050,1,0,0,-12,0,0,0,0,0,0,-31,25,6,0,6,-7,0.021,0.039,1.027
3189,926,2113,2063,2046,2062,2047,2050,1,3,0,-10,1,0,0,0,0,0,1,-25,6,2,6,-7,0.042,0.033,1.033,-43,88,-1,0,0,0,0,0,3192,945,2117,1973,2046,2062,2047,2050,1,3,0,0,1,0,0,1,0,0,-1,-6,6,4,6,-7,0.041,0.035,1.023
3196,949,2111,1972,2046,2062,2047,2050,1,1,-1,-1,1,0,0,1,0,0,-2,-4,6,4,6,-7,0.041,0.034,1.037,-42,41,-13,-5,0,0,0,0,3203,957,2057,1952,2048,2062,2047,2050,2,4,-11,-4,2,0,0,1,0,0,-53,-12,-6,4,6,-12,0.052,0.032,1.024
