2042,2718,1973,2041,1957,2114,2093,2045,0,75,-7,0,0,8,-2,-1,13,0,50,3,11,-71,-6,9,-0.193,0.043,0.996,40,-63,-14,-61,0,0,0,0,2187,3262,1867,1765,1957,2115,2094,2047,51,1,-16,-43,1,0,0,0,89,0,119,-79,11,-82,-9,-9,-0.164,0.171,1.026
2547,3268,1771,1469,1968,2101,2093,2047,49,1,-15,-43,1,-8,0,1,27,0,105,-191,-12,-30,-5,-9,0.073,0.118,1.12,20,-22,-18,-59,0,0,0,0,2925,3161,1720,1672,1963,2110,2093,2047,-2,-13,0,104,1,0,0,-1,-126,0,85,158,6,-57,-7,-12,-0.608,-0.247,0.688
2749,3273,1748,2401,1967,2121,2090,2045,-23,0,0,106,-1,0,-3,-5,-44,0,217,22,-11,-106,5,7,-0.481,0.134,0.873,58,1,-26,-61,0,0,0,0,2645,3279,1782,2544,1967,2110,2091,2049,40,0,0,-46,2,-6,1,2,56,0,246,-52,-12,-63,5,-12,-0.69,-0.121,0.799
2851,3285,1760,2215,1966,2094,2091,2049,28,2,-12,-41,0,0,0,2,74,0,192,-397,-11,7,4,-12,-0.547,-0.044,0.839,-8,-60,0,-57,0,0,0,0,2998,3299,1735,1661,1964,2077,2094,2063,-33,1,0,-17,2,0,0,0,-107,0,188,-447,-11,83,-10,-13,0.065,0.215,0.997
2704,3295,1736,1563,1966,2077,2093,2042,-54,0,0,-6,1,0,-1,0,-115,0,240,-402,-11,83,-9,12,0.221,0.373,0.911,80,69,-48,-55,0,0,0,0,2546,3292,1748,1690,1968,2077,2093,2044,87,0,0,45,1,0,1,-2,65,0,258,-202,-12,83,-3,13,-0.33,0.299,1.12
3032,3289,1759,1971,1967,2077,2093,2049,64,-1,0,41,0,0,0,1,71,0,212,-158,-12,83,-6,-13,-0.467,0.0,0.896,-25,-54,0,-60,0,0,0,0,3196,3285,1759,1987,1966,2079,2093,2046,-43,1,0,-59,1,0,0,-1,-108,0,212,-420,-11,75,-6,7,0.068,0.315,0.854
2677,3287,1764,1565,1969,2078,2092,2043,-97,1,6,-56,2,0,0,0,-117,0,193,-358,-11,79,-2,12,0.243,0.391,0.841,80,67,-44,-49,0,0,0,0,2238,3290,1768,1635,1999,2079,2083,2045,84,-1,0,89,-1,0,0,2,107,0,121,-1,-18,76,35,-9,-0.222,0.244,0.949
2872,3278,1769,2219,1961,2079,2095,2048,79,-1,-1,90,-2,0,-1,2,34,0,58,5,11,76,-16,-12,-1.05,0.065,1.134,-28,-69,1,-60,0,0,0,0,3181,3273,1755,2532,1965,2098,2093,2046,-39,0,0,-58,0,0,0,1,-243,0,77,-18,-7,-9,-9,-9,-0.58,0.012,0.847
2494,3276,1749,2150,1965,2098,2090,2037,-129,1,0,-47,0,0,0,-2,-41,0,133,-134,-7,-9,5,12,-0.266,-0.086,1.01,80,47,-35,-48,0,0,0,0,1974,3291,1729,1575,1962,2102,2096,2050,87,-5,1,-33,1,0,0,-15,269,0,248,-127,11,-24,-18,-13,-0.602,-0.305,0.439
2635,3215,1732,1443,1967,2099,2090,2052,78,40,3,-7,1,0,-1,1,136,0,237,30,-11,-15,5,-13,-0.866,0.022,0.626,-35,-85,6,-65,0,0,0,0,3059,3198,1773,1694,1966,2095,2094,2051,-96,-34,2,55,0,0,0,1,-129,0,224,222,-11,5,-9,-12,-0.773,-0.57,0.481
2371,3205,1844,2133,1962,2096,2100,2066,-85,64,12,68,1,0,0,11,-43,0,104,169,11,-2,-35,-16,-0.764,-0.53,0.427,51,-50,-9,-66,0,0,0,0,1895,3270,1847,2288,1966,2096,2090,2086,49,9,-12,-49,1,0,0,1,80,0,43,-180,-12,2,6,-22,-0.387,-0.448,0.817
2077,3284,1756,1860,1966,2096,2095,2073,37,1,-1,-107,1,0,-2,-1,263,0,166,-263,-11,3,-15,-15,-0.798,-0.16,0.537,-11,-73,-3,-63,0,0,0,0,2631,3265,1728,1646,1966,2095,2094,2049,-9,0,18,56,0,4,0,0,16,0,206,162,-12,6,-9,-12,-0.852,-0.366,0.36
2585,3265,1815,2061,1960,2098,2095,2053,-8,1,11,66,0,0,0,1,-13,0,68,216,12,-8,-12,-13,-0.872,-0.534,0.278,-5,-68,4,-63,0,0,0,0,2467,3278,1895,2187,1961,2090,2095,2085,-9,-1,0,-65,1,0,0,0,13,0,102,-1,11,24,-11,-22,-0.845,-0.381,0.39
2387,3277,1892,1773,1961,2090,2095,2073,-10,0,0,-63,1,0,0,-8,30,0,228,-1,11,25,-13,-15,-0.882,-0.196,0.443,18,-55,-4,-62,0,0,0,0,2379,3274,1896,1646,1962,2090,2094,2047,1,-2,0,51,0,0,0,1,135,0,240,108,8,25,-7,-8,-0.926,-0.321,0.26
2549,3274,1898,2030,1962,2098,2094,2048,29,0,0,57,0,0,0,1,60,0,118,233,11,-8,-8,-12,-0.913,-0.436,0.16,-32,-85,11,-63,0,0,0,0,2594,3271,1943,2151,1962,2093,2094,2070,-37,2,5,-59,0,0,0,0,-20,0,90,0,11,12,-7,-16,-0.893,-0.371,0.313
2356,3269,1973,1727,1963,2091,2094,2061,-35,-1,7,-63,0,0,0,-2,-12,0,281,0,11,21,-8,-13,-0.899,-0.216,0.413,41,-31,-12,-61,0,0,0,0,2213,3267,2013,1654,1964,2092,2094,2048,51,0,-12,56,1,0,0,1,137,0,150,87,0,16,-8,-13,-0.899,-0.321,0.169
2546,3265,1956,2080,1962,2098,2094,2049,51,0,-5,63,0,0,0,1,74,0,47,235,11,-8,-8,-12,-0.876,-0.475,-0.003,-45,-85,14,-63,0,0,0,0,2717,3278,1949,2254,1962,2094,2093,2076,-46,14,10,-60,1,0,0,1,-32,0,60,0,12,8,-6,-18,-0.924,-0.397,0.195
2399,3278,2019,1829,1962,2093,2094,2071,-48,1,7,-62,1,0,0,-8,-22,0,164,0,7,11,-8,-14,-0.919,-0.256,0.342,42,-39,-9,-61,0,0,0,0,2142,3267,2072,1658,1965,2095,2093,2054,40,-5,-9,40,1,0,0,1,144,0,159,56,-7,4,-4,-12,-0.97,-0.295,0.166
2455,3268,2027,1970,1964,2096,2094,2053,50,3,-7,48,0,1,0,0,99,0,92,202,0,1,-7,-12,-0.901,-0.398,-0.04,-42,-85,13,-64,0,0,0,0,2642,3278,2019,1991,1962,2092,2093,2052,-43,0,3,-62,1,0,0,0,-16,0,177,0,7,15,-5,-13,-0.998,-0.287,0.218
2351,3276,2081,1577,1963,2095,2092,2048,-39,0,15,-61,2,2,0,2,-14,0,294,-17,-7,6,2,-13,-0.958,-0.199,0.228,40,-30,-12,-62,0,0,0,0,2132,3276,2135,1674,1965,2096,2093,2050,45,0,-13,83,0,0,0,0,135,0,166,34,-8,-4,-5,-12,-0.949,-0.341,0.009
2454,3166,2086,2258,1961,2098,2094,2058,53,-25,-8,92,0,0,0,8,69,0,31,268,12,-9,-8,-13,-0.73,-0.371,-0.114,-43,-85,9,-62,0,0,0,0,2626,3126,2050,2502,1961,2095,2093,2094,-41,38,7,-66,-1,0,0,0,-33,0,28,15,12,3,-7,-28,-0.913,-0.446,0.009
2323,3275,2105,2086,1960,2093,2094,2093,-43,0,9,-62,0,0,0,0,-25,0,55,0,12,11,-8,-27,-0.927,-0.292,0.213,31,-60,-4,-60,0,0,0,0,2031,3273,2137,1672,1963,2092,2093,2068,22,0,-5,7,0,0,0,-1,119,0,104,59,8,15,-6,-14,-0.951,-0.232,0.221
2188,3271,2099,1735,1962,2092,2094,2068,29,0,-6,9,0,0,0,1,176,0,153,117,7,15,-8,-15,-0.944,-0.245,0.154,-21,-84,3,-66,0,0,0,0,2413,3271,2075,1790,1963,2092,2094,2066,-9,2,0,-9,1,0,0,0,28,0,204,23,7,15,-8,-14,-0.968,-0.247,0.158
2129,2052,2050,2050,2050,2048,2048,2049,1,1,0,0,0,0,0,1,-15,-14,-5,-5,-7,-2,0,-8,0.094,0.029,1.031,49,41,-38,-46,0,0,0,0,2416,2308,1811,1764,2049,2047,2046,2050,55,43,-40,-48,-1,0,0,1,16,14,-26,-48,7,3,7,-12,0.151,0.0,1.013
2754,2603,1541,1443,2051,2048,2047,2048,49,45,-38,-48,1,0,0,-3,15,12,0,-8,-11,-4,3,0,0.125,0.007,1.037,-16,-72,4,-53,0,0,0,0,3068,2510,1722,1656,2052,2061,2046,2051,-59,-84,86,97,1,0,0,0,-301,-32,28,248,-11,-56,6,-10,-0.688,0.103,0.807
2675,1983,2254,2334,2054,2061,2047,2049,-67,-76,80,101,2,0,0,0,-286,-17,0,267,-11,-56,5,4,-0.819,0.083,0.614,68,80,-50,-43,0,0,0,0,2357,1671,2514,2513,2067,2049,2047,2042,62,115,-61,-66,-4,-1,0,1,23,187,-131,15,-11,-4,3,11,-0.746,-0.132,0.745
2838,2323,2088,2095,2048,2049,2047,2042,74,96,-58,-62,1,0,0,1,16,84,-2,0,7,-5,4,12,-0.531,-0.23,0.996,-45,-85,18,-54,0,0,0,0,3081,2633,1733,1649,2052,2061,2050,2048,-51,-112,13,3,2,4,-1,0,-284,-53,82,160,-11,-55,-9,0,-0.34,0.277,0.876
2544,1999,1860,1694,2050,2050,2049,2049,-110,-87,16,9,2,-12,0,1,-192,-33,65,175,-8,-20,-5,-7,-0.391,0.302,0.814,80,80,-52,-43,0,0,0,0,2009,1710,1778,1779,2051,2046,2046,2051,94,58,-30,-2,0,-2,0,1,142,87,138,47,-7,3,8,-11,-0.724,-0.042,0.765
2674,2199,1565,1769,2049,2047,2048,2050,78,86,-32,0,-1,0,0,0,76,161,0,95,0,4,1,-11,-0.827,-0.292,0.578,-51,-85,20,-57,0,0,0,0,2977,2577,1663,1768,2048,2047,2049,2047,-90,-79,61,6,1,0,-3,0,-53,-44,192,72,6,4,-11,7,-0.908,-0.099,0.468
2321,1990,2103,1786,2049,2047,2049,2050,-80,-73,56,0,1,0,0,0,-27,-67,333,-32,0,4,-4,-10,-0.918,0.076,0.372,70,80,-58,-48,0,0,0,0,1853,1627,2329,1762,2049,2046,2049,2030,74,80,-61,-2,-1,0,0,0,153,42,0,-108,7,9,-4,12,-0.873,-0.009,0.482
2355,2159,1936,1702,2048,2046,2047,2049,68,74,-57,-10,0,0,0,0,124,57,8,-13,7,9,3,-11,-0.896,-0.063,0.532,-41,-85,15,-58,0,0,0,0,2813,2382,1663,1752,2047,2049,2048,2047,-48,-81,22,16,0,0,0,1,-26,-51,140,8,8,-5,0,3,-0.793,-0.188,0.604
2515,1825,1821,1857,2048,2049,2047,2048,-44,-77,27,11,1,0,0,0,-16,-71,241,-8,6,-5,4,0,-0.841,-0.137,0.542,43,80,-48,-45,0,0,0,0,2367,1499,1833,1771,2049,2047,2047,2048,48,81,-37,-32,1,0,0,0,62,41,1,-90,-7,4,4,0,-0.806,-0.143,0.626
2669,2048,1574,1548,2049,2047,2047,2049,40,82,-39,-32,0,0,0,0,59,40,0,-91,7,2,4,-7,-0.69,-0.158,0.715,-42,-85,16,-54,0,0,0,0,2816,2260,1664,1712,2048,2047,2047,2049,-48,-87,60,69,1,0,0,0,-15,-51,200,0,7,4,4,-7,-0.939,-0.051,0.384
2509,1676,2081,2171,2049,2047,2048,2049,-44,-83,61,62,0,0,0,0,-11,-56,379,16,-1,4,0,-7,-1.002,0.059,0.098,39,80,-51,-45,0,0,0,0,2357,1392,2354,2403,2046,2046,2047,2047,33,80,-52,-40,0,0,0,0,71,41,0,0,11,8,4,1,-0.961,-0.098,0.184
2594,1907,1998,2094,2047,2046,2047,2048,37,79,-51,-49,1,0,0,0,99,65,10,-1,12,8,3,-11,-0.938,-0.155,0.263,-40,-85,18,-53,0,0,0,0,2805,2190,1726,1724,2048,2049,2048,2048,-37,-83,16,0,1,0,0,1,-31,-67,48,-107,7,-4,0,0,-0.922,-0.214,0.351
2048,2081,2048,2048,2047,2048,2049,2046,2,1,0,0,0,0,0,1,-10,-14,0,0,7,0,0,0,0.055,0.014,1.033,49,40,-40,-48,0,0,0,0,2349,2331,1791,1753,2048,2048,2047,2048,52,44,-40,-48,0,0,0,1,18,14,-2,-30,-12,0,7,-12,0.08,-0.004,1.006
2690,2616,1510,1424,2049,2049,2051,2044,50,38,-39,-46,0,0,1,0,16,12,0,-1,-12,-5,-7,12,-0.088,0.026,0.989,-17,-73,4,-54,0,0,0,0,2840,2508,1699,1651,2047,2044,2047,2050,-56,-76,91,97,1,0,0,1,-52,-32,156,257,6,14,7,-11,-0.997,-0.043,0.215
2435,1952,2295,2422,2046,2045,2048,2046,-52,-77,77,110,0,1,0,1,-26,-23,207,189,7,12,5,-5,-0.814,-0.012,-0.166,45,80,-49,-48,0,0,0,0,2192,1691,2490,2491,2046,2046,2048,2044,70,63,-62,-63,2,0,0,1,58,128,14,12,7,5,4,7,-0.99,-0.146,0.022
2528,2276,2053,2052,2047,2047,2050,2046,46,84,-52,-60,1,0,0,1,62,105,0,0,4,3,-5,-4,-0.97,-0.21,0.165,-39,-85,18,-57,0,0,0,0,2784,2647,1672,1693,2046,2048,2048,2045,-40,-83,17,24,-1,0,0,1,-36,-62,1,0,11,0,3,7,-0.966,-0.219,0.224
2515,2079,1799,1857,2047,2047,2048,2045,-40,-83,18,23,1,0,0,1,-31,-68,7,0,7,3,3,7,-0.958,-0.207,0.245,32,80,-37,-45,0,0,0,0,2350,1772,1783,1787,2046,2048,2048,2045,36,79,-27,-42,-1,0,0,1,22,41,-53,-88,7,0,3,7,-0.948,-0.195,0.277
2578,2321,1602,1502,2046,2048,2048,2045,32,79,-27,-42,1,0,0,1,18,40,-86,-84,7,0,3,7,-0.954,-0.179,0.257,-40,-85,17,-57,0,0,0,0,2629,2544,1721,1734,2046,2048,2049,2046,-44,-82,48,86,1,0,0,1,-35,-65,6,0,11,0,3,-7,-0.916,-0.193,0.22
2057,2163,2057,2182,1964,2080,2070,2033,0,0,0,0,6,0,0,-1,12,-17,14,-71,12,-36,-5,7,0.089,0.094,1.024,53,41,-42,-48,0,0,0,0,2376,2385,1790,1878,1978,2070,2067,2035,59,49,-42,-48,1,0,0,1,22,17,-3,-79,-12,6,8,-12,0.132,-0.046,1.04
2743,2717,1497,1550,1977,2070,2068,2037,54,44,-42,-49,1,0,1,0,20,-16,0,-71,-12,6,6,-12,0.152,-0.024,1.021,-21,-81,5,-54,0,0,0,0,3046,2568,1698,1668,1976,2074,2067,2036,-52,-96,84,91,1,0,0,1,-243,-47,81,196,-11,-9,7,-11,-0.667,0.121,0.707
2603,1980,2302,2266,1998,2074,2054,2030,-57,-84,93,89,2,0,-2,0,-186,-30,10,205,-14,-10,62,10,-0.88,0.008,0.637,61,80,-53,-45,0,0,0,0,2335,1571,2549,2509,1993,2071,2051,2027,56,106,-53,-61,-5,0,0,1,17,227,-78,17,-12,3,76,11,-0.766,-0.04,0.694
2750,2165,2122,2078,1972,2070,2051,2030,63,91,-64,-63,2,0,1,1,16,156,-16,0,12,6,74,11,-0.564,-0.135,0.817,-41,-85,17,-53,0,0,0,0,3065,2518,1707,1657,1978,2074,2073,2033,-68,-98,14,4,1,0,0,0,-254,-44,172,197,-11,-9,-17,-5,-0.475,0.275,0.827
2502,1909,1825,1727,1976,2069,2068,2036,-95,-88,14,8,1,0,-2,1,-87,-31,165,197,-12,10,1,-12,-0.55,0.127,0.953,76,80,-53,-44,0,0,0,0,2158,1647,1795,1772,1977,2072,2068,2037,83,63,-24,-16,0,-1,0,2,143,52,171,-6,-12,-2,5,-12,-0.703,0.074,0.726
2717,2116,1648,1680,1976,2069,2067,2040,81,67,-17,-14,0,0,0,1,103,127,77,51,-12,11,8,-12,-0.747,-0.113,0.607,-49,-85,16,-55,0,0,0,0,3036,2393,1686,1741,1976,2071,2072,2034,-84,-81,40,27,1,0,-1,1,-75,-42,224,53,-11,3,-15,-1,-0.843,-0.065,0.605
2414,1828,1945,1917,1976,2071,2070,2034,-86,-83,38,24,1,0,0,-1,-27,-49,331,0,-11,3,-5,-11,-0.853,0.016,0.514,67,80,-57,-46,0,0,0,0,2053,1549,1969,1831,1976,2071,2068,2032,87,81,-54,-42,1,0,0,1,96,40,1,-93,-12,3,4,7,-0.745,-0.034,0.69
2560,2092,1590,1519,1976,2070,2068,2034,67,83,-57,-44,1,0,0,1,68,40,0,-94,-12,3,4,-7,-0.617,-0.144,0.778,-46,-85,17,-55,0,0,0,0,2873,2304,1645,1706,1976,2070,2068,2036,-48,-88,71,89,1,0,0,1,-14,-48,227,0,-11,5,5,-12,-0.993,0.021,0.405
2555,1716,2192,2288,1976,2070,2067,2032,-44,-84,91,73,-1,0,0,-1,-12,-45,351,67,-7,5,7,11,-0.969,0.068,-0.128,37,80,-50,-45,0,0,0,0,2386,1445,2515,2508,1965,2069,2063,2027,52,83,-61,-65,0,0,0,2,35,39,15,15,11,11,23,12,-0.976,0.015,0.159
2618,1925,2102,2110,1961,2065,2071,2034,36,81,-59,-61,1,0,0,1,52,89,0,0,11,27,-9,-12,-0.92,-0.144,0.36,-39,-85,17,-53,0,0,0,0,2766,2219,1742,1684,1975,2067,2068,2032,-38,-82,14,2,1,0,0,0,-29,-67,97,-19,-7,19,4,7,-0.909,-0.207,0.434
2490,1642,1853,1726,1976,2067,2068,2032,-40,-85,16,6,1,0,0,0,-23,-65,116,-22,-10,19,4,7,-0.89,-0.215,0.413,29,80,-42,-43,0,0,0,0,2315,1334,1795,1771,1974,2072,2068,2032,34,81,-30,0,-1,0,0,0,23,43,-5,-66,3,0,4,7,-0.864,-0.202,0.481
2519,1886,1576,1770,1974,2072,2068,2033,24,81,-30,0,-1,0,0,1,21,39,-41,-120,7,-1,4,5,-0.861,-0.204,0.509,-39,-85,14,-54,0,0,0,0,2555,2105,1692,1749,1974,2073,2068,2032,-41,-72,58,3,0,0,0,0,-29,-70,21,-15,7,-4,4,2,-0.833,-0.237,0.475
2051,2048,2049,2046,2040,2045,2062,2045,1,0,0,0,0,0,0,1,-9,-10,-4,-4,10,0,-5,11,0.004,0.001,1.03,48,40,-39,-47,0,0,0,0,2337,2294,1793,1747,2043,2045,2059,2048,49,45,-39,-49,0,0,0,1,21,16,-1,-15,-10,0,4,-12,0.05,-0.018,1.0
2675,2576,1522,1423,2043,2047,2063,2044,51,42,-38,-47,-1,0,0,1,16,13,0,0,-6,-8,-9,11,-0.123,0.053,1.012,-17,-74,4,-54,0,0,0,0,2819,2476,1698,1661,2041,2043,2059,2049,-48,-79,90,95,1,0,0,0,-41,-34,191,228,5,7,7,-11,-0.989,0.018,0.31
2480,1941,2250,2376,2040,2042,2061,2047,-52,-78,78,110,0,0,2,-4,-25,-21,197,203,10,10,1,-5,-0.941,0.015,-0.108,44,80,-49,-47,0,0,0,0,2271,1707,2506,2505,2039,2043,2061,2046,65,63,-64,-64,1,0,0,0,64,131,18,15,10,4,0,-1,-0.997,-0.134,0.014
2575,2251,2099,2091,2040,2043,2062,2046,43,81,-59,-60,1,0,0,1,68,116,0,0,10,4,-6,0,-0.949,-0.183,0.238,-39,-85,18,-56,0,0,0,0,2802,2564,1773,1687,2040,2045,2060,2044,-36,-84,17,8,1,0,0,1,-36,-64,14,-30,6,-1,3,11,-0.966,-0.213,0.219
2530,1996,1892,1749,2041,2045,2060,2044,-40,-84,19,9,1,0,0,1,-30,-68,27,-28,6,-1,3,11,-0.96,-0.211,0.207,29,80,-35,-44,0,0,0,0,2352,1688,1826,1780,2041,2045,2060,2045,29,80,-32,-8,1,0,0,1,21,42,-41,-106,6,-1,3,7,-0.936,-0.179,0.28
2558,2237,1600,1721,2040,2045,2060,2045,29,80,-34,-9,0,0,0,1,16,39,-85,-113,10,-1,3,7,-0.953,-0.198,0.259,-41,-85,17,-57,0,0,0,0,2586,2456,1705,1751,2039,2045,2060,2046,-41,-81,56,16,0,0,0,1,-40,-64,0,-7,10,-3,3,0,-0.937,-0.225,0.263
2272,1890,2066,1874,2040,2047,2060,2047,-51,-84,47,18,1,0,0,1,-17,-70,166,-1,9,-8,3,-11,-0.968,-0.201,0.15,42,80,-49,-47,0,0,0,0,1987,1577,2230,1770,2041,2047,2060,2032,65,78,-43,-37,1,0,0,0,178,44,177,-79,6,-9,3,11,-0.959,-0.206,0.19
2388,2128,1933,1506,2042,2045,2060,2033,57,79,-43,-39,1,-1,0,1,68,40,0,-80,-6,-4,3,11,-0.94,-0.198,0.241,-45,-85,18,-57,0,0,0,0,2583,2356,1696,1713,2041,2045,2060,2042,-46,-85,17,81,1,0,0,1,-41,-67,-2,0,6,0,3,11,-0.94,-0.205,0.275
2105,2053,2072,2052,2053,2038,2034,2054,0,2,0,0,-1,0,0,0,-13,-9,-9,-7,7,1,0,7,0.147,0.019,1.018,50,40,0,0,0,0,0,0,2398,2303,2070,2053,2052,2038,2035,2055,56,46,-1,0,-1,1,0,2,20,13,-4,-9,12,1,-6,-1,-0.098,-0.046,1.031
2717,2555,2067,2049,2054,2037,2031,2055,62,38,0,-1,1,0,0,0,27,21,11,5,-7,1,10,0,-0.279,-0.155,0.978,-33,-85,0,0,0,0,0,0,2996,2507,2086,2049,2056,2038,2030,2053,-45,-57,0,5,0,0,0,2,-233,-156,-69,10,-12,0,15,7,0.489,-0.123,0.973
2574,1893,2086,2055,2055,2053,2036,2053,-66,-95,0,0,-1,11,0,1,-144,-69,-69,-17,-7,-60,-9,7,0.508,0.079,0.883,70,80,0,0,0,0,0,0,2352,1388,2084,2034,2055,2056,2019,2069,75,82,0,0,1,0,-2,4,41,233,-62,69,-7,-78,58,-11,-0.14,-0.011,0.978
2877,1913,2085,2028,2054,2038,2011,2050,74,87,0,0,-1,-6,0,-1,16,243,-66,96,0,-11,100,11,-0.146,-0.206,0.806,-47,-85,0,0,0,0,0,0,3064,2386,2078,2051,2068,2054,2033,2054,-67,-71,0,0,2,0,1,1,-181,-117,-34,-1,-12,-68,4,7,0.611,-0.282,0.672
2522,1750,2084,2054,2071,2055,2035,2052,-89,-99,2,0,1,0,0,-1,-182,-47,-61,-13,-12,-72,-5,11,0.634,-0.306,0.129,60,80,0,0,0,0,0,0,2014,1338,2090,2052,2054,2046,2033,2055,47,72,0,0,2,-2,0,0,14,107,-87,-5,-12,-36,2,-3,0.923,-0.213,0.438
2390,1886,2090,2053,2055,2038,2036,2055,54,78,0,0,0,0,0,1,45,141,-87,-8,-7,-1,-9,-7,0.92,0.064,0.451,-21,-85,0,0,0,0,0,0,2821,2334,2084,2064,2053,2039,2033,2057,-22,-67,0,5,0,0,0,0,-14,-122,-63,-51,7,-5,3,-10,0.927,0.023,0.361
2670,1859,2072,2087,2053,2039,2035,2052,-20,-60,-5,0,1,0,0,0,-14,-316,-16,-156,7,-5,-6,10,0.979,-0.17,0.146,29,79,0,0,0,0,0,0,2626,1232,2082,2070,2053,2038,2037,2047,30,86,0,0,1,0,0,1,30,82,-53,-82,7,-4,-16,10,0.969,-0.191,0.343
2842,1818,2082,2069,2054,2038,2037,2049,32,82,0,0,1,0,0,2,27,79,-53,-76,0,0,-16,10,0.999,0.007,0.423,-24,-79,0,0,0,0,0,0,2839,2227,2082,2067,2054,2038,2032,2057,-49,-61,0,6,1,0,0,1,-27,-113,-53,-63,0,0,3,-11,0.914,-0.037,0.35
2485,1798,2070,2085,2055,2040,2036,2052,-46,-61,-5,0,0,0,0,0,-29,-309,-14,-148,-7,-9,-12,11,0.682,-0.143,0.296,49,80,0,0,0,0,0,0,2320,1238,2086,2066,2054,2038,2035,2050,40,89,0,0,0,-1,0,1,31,87,-71,-61,0,-1,-8,11,0.917,-0.217,0.321
2653,1829,2086,2065,2054,2037,2035,2052,52,83,0,0,1,0,0,2,41,79,-72,-60,-6,4,-8,1,0.904,-0.035,0.374,-33,-85,0,0,0,0,0,0,2869,2222,2082,2070,2054,2037,2032,2057,-43,-65,0,7,1,0,0,2,-24,-125,-57,-77,0,4,4,-10,0.959,-0.015,0.276
2548,1757,2069,2085,2053,2040,2036,2052,-43,-76,-4,0,0,0,0,3,-23,-304,-6,-148,7,-9,-12,7,0.944,-0.223,0.411,46,80,0,0,0,0,0,0,2406,1176,2082,2067,2054,2038,2035,2050,40,101,0,0,-1,0,0,0,37,102,-55,-68,0,-2,-8,11,0.886,-0.219,0.321
2727,1867,2083,2067,2054,2038,2034,2055,49,99,0,0,1,0,-1,1,39,77,-57,-68,0,0,-6,-7,0.92,-0.001,0.42,-31,-85,0,0,0,0,0,0,2870,2334,2082,2057,2053,2037,2032,2057,-51,-66,0,3,0,0,0,1,-28,-97,-55,-27,7,2,4,-11,0.943,0.05,0.364
2515,1902,2077,2088,2054,2040,2036,2054,-52,-51,-4,0,1,0,0,-1,-28,-311,-38,-159,-8,-9,-12,10,0.962,-0.193,0.183,51,80,0,0,0,0,0,0,2371,1391,2085,2062,2054,2037,2034,2051,48,89,0,0,0,0,0,0,35,65,-68,-47,0,3,-5,11,0.921,-0.152,0.356
2697,1936,2085,2062,2054,2037,2033,2057,52,96,0,0,1,0,-1,2,43,58,-69,-47,0,3,-3,-11,0.937,-0.006,0.419,-31,-85,0,0,0,0,0,0,2876,2247,2081,2066,2052,2037,2032,2056,-46,-67,0,6,1,0,0,-1,-26,-116,-54,-57,4,3,4,-10,0.942,0.017,0.343
2558,1827,2071,2087,2054,2040,2035,2052,-46,-67,-7,0,1,1,0,0,-24,-332,-14,-155,0,-6,-8,10,0.903,-0.093,0.455,53,80,0,0,0,0,0,0,2452,1265,2084,2066,2054,2038,2035,2051,46,86,0,0,0,0,0,1,46,80,-65,-63,6,-3,-8,11,0.9,-0.227,0.32
2807,1817,2085,2066,2053,2038,2035,2055,55,84,0,0,1,0,0,5,42,77,-68,-63,0,-1,-8,0,0.974,0.005,0.358,-36,-85,0,0,0,0,0,0,2891,2168,2078,2070,2054,2037,2032,2056,-67,-64,0,0,0,0,0,0,-36,-139,-41,-79,0,2,4,-6,0.99,-0.011,0.303
2446,1738,2069,2090,2055,2041,2036,2056,-55,-72,0,0,2,0,0,7,-46,-316,-6,-168,-7,-13,-13,-1,0.896,-0.235,0.396,52,80,0,0,0,0,0,0,2200,1171,2088,2061,2055,2037,2035,2050,41,87,0,0,1,0,0,2,21,101,-83,-41,-12,2,-8,11,0.996,-0.163,0.316
2499,1767,2088,2062,2055,2037,2035,2051,50,85,0,0,0,0,0,2,47,87,-83,-45,-7,2,-8,10,0.958,0.074,0.372,-25,-85,0,0,0,0,0,0,2815,2168,2078,2078,2055,2037,2032,2056,-25,-58,0,4,1,1,0,-1,-16,-159,-43,-112,-7,3,4,-11,1.014,0.076,0.303
2178,2090,2113,2100,2052,2064,2063,2057,1,1,0,0,1,0,0,1,-19,-14,-45,-36,-12,-9,-9,-12,0.098,0.007,1.031,-36,3,0,0,0,0,0,0,2118,2090,2113,2093,2048,2064,2064,2055,-29,1,0,-3,-2,0,0,0,-79,13,-47,-10,11,-9,-12,7,0.168,0.057,1.007
1838,2110,2113,2092,2046,2062,2059,2052,-47,5,0,0,-1,0,0,0,-39,9,-48,-3,12,-3,5,11,0.266,0.042,0.996,8,8,0,0,0,0,0,0,1457,2172,2092,2107,2044,2063,2058,2053,0,6,0,0,0,0,0,0,47,-14,42,-65,12,-5,13,12,0.225,0.021,1.015
1457,2212,2092,2107,2044,2063,2058,2055,0,7,0,0,0,0,0,0,101,13,39,-65,11,-6,12,7,0.149,-0.037,1.025,18,-28,0,0,0,0,0,0,1510,2243,2092,2107,2044,2063,2058,2054,1,-11,0,0,0,0,0,1,211,-51,41,-65,11,-6,12,11,0.148,0.018,0.994
1596,2131,2083,2112,2044,2063,2058,2055,10,-25,0,0,0,0,0,1,259,-125,77,-84,10,-6,12,7,0.188,-0.009,1.017,-2,25,0,0,0,0,0,0,1727,1897,2074,2116,2048,2063,2062,2057,0,3,0,0,0,0,0,0,230,-14,118,-102,10,-4,-5,-7,0.166,0.036,1.014
1728,2043,2075,2116,2047,2064,2062,2054,1,24,0,0,0,0,0,0,209,9,114,-102,11,-9,-5,7,0.141,0.056,1.029,36,27,0,0,0,0,0,0,1876,2308,2075,2115,2052,2064,2063,2055,45,25,0,0,1,0,0,1,140,15,113,-99,-11,-9,-9,7,-0.193,0.042,1.0
2216,2491,2076,2114,2052,2063,2063,2057,55,30,0,0,1,0,0,1,47,14,112,-95,-12,-6,-11,-9,-0.063,-0.026,1.19,-31,-57,0,0,0,0,0,0,2534,2665,2100,2105,2052,2061,2062,2056,-16,-59,0,0,1,0,1,2,-46,-114,9,-58,-12,3,-4,-11,-0.053,0.003,1.03
2372,2265,2105,2105,2052,2062,2060,2057,-17,-32,0,0,0,0,0,0,-93,-126,-12,-57,-12,1,3,-11,0.406,0.02,0.929,12,-13,0,0,0,0,0,0,2087,1636,2106,2093,2052,2064,2064,2055,0,-27,0,-10,0,0,0,-1,-13,-13,-16,-17,-12,-8,-14,7,0.267,0.02,0.989
2134,1517,2106,2088,2051,2065,2063,2055,12,-15,0,0,1,0,0,0,13,15,-16,15,-8,-13,-10,7,0.183,0.088,1.021,-15,17,0,0,0,0,0,0,2225,1422,2106,2088,2052,2066,2063,2055,-1,0,0,0,1,0,0,0,-31,63,-16,15,-12,-16,-9,7,0.21,0.089,1.022
2187,1473,2107,2086,2052,2066,2061,2057,-1,17,0,0,1,0,0,0,-82,126,-19,22,-12,-16,-2,-10,0.191,0.078,1.005,15,65,0,0,0,0,0,0,2104,1724,2120,2077,2048,2063,2060,2054,0,63,0,0,1,-1,0,0,-45,254,-71,66,7,-4,2,9,0.205,-0.04,0.952
2140,2345,2119,2093,2049,2062,2067,2058,7,96,0,6,0,1,1,1,-13,41,-70,5,-1,1,-23,-12,0.068,0.062,1.026,-21,-30,0,0,0,0,0,0,2254,2889,2118,2092,2046,2065,2072,2057,0,-15,0,2,0,0,0,1,-81,-49,-66,-1,11,-12,-48,-12,0.079,0.122,1.022
2146,2709,2118,2093,2046,2064,2072,2057,-29,-28,0,0,0,0,0,0,-97,-63,-67,-6,11,-8,-48,-7,0.212,0.112,0.998,31,13,0,0,0,0,0,0,1952,2446,2118,2094,2052,2062,2070,2057,24,1,0,0,1,0,-1,1,16,5,-67,-10,-12,-1,-41,-9,0.179,0.083,1.027
2173,2529,2117,2094,2050,2061,2070,2056,34,14,0,0,-1,0,0,-1,13,0,-64,-10,0,4,-37,-7,0.098,0.075,1.026,2,-14,0,0,0,0,0,0,2399,2641,2101,2096,2048,2063,2069,2057,1,1,0,0,-1,0,0,0,16,-51,4,-18,7,-5,-35,-7,0.089,0.078,1.027
2405,2589,2101,2103,2049,2063,2061,2056,3,-14,0,0,1,0,-1,0,18,-83,5,-48,7,-5,-6,0,0.121,0.063,1.026,-2,-12,0,0,0,0,0,0,2416,2406,2101,2105,2051,2060,2061,2056,1,-16,0,0,1,0,0,0,17,-47,5,-57,-7,4,-2,0,0.179,0.047,1.009
2416,2277,2102,2104,2050,2061,2062,2055,1,-23,0,0,2,0,0,-1,13,-18,3,-54,-8,4,-5,7,0.154,0.041,1.021,-24,-4,0,0,0,0,0,0,2344,2223,2104,2105,2051,2061,2062,2055,-21,0,1,0,1,0,0,1,-16,-57,-6,-57,-7,3,-6,7,0.222,0.047,1.014
2226,2185,2105,2105,2052,2061,2063,2057,-15,-4,0,0,1,0,0,1,-43,-46,-10,-57,-12,3,-9,-7,0.236,0.062,1.002,-9,-20,0,0,0,0,0,0,2022,2090,2106,2105,2050,2062,2063,2057,-12,-16,0,0,0,0,0,0,-44,-54,-14,-57,-8,2,-9,-7,0.335,0.063,0.973
1931,1941,2106,2105,2051,2062,2062,2057,-13,-24,0,0,1,0,0,0,-25,-42,-14,-57,-12,0,-9,-7,0.378,0.053,0.951,-11,0,0,0,0,0,0,0,1780,1713,2106,2105,2052,2062,2063,2057,-15,2,0,0,1,0,0,0,-12,14,-14,-57,-12,-3,-9,-8,0.447,0.082,0.938
1699,1712,2106,2105,2051,2061,2062,2054,-7,0,0,0,1,0,0,0,-13,14,-14,-57,-8,2,-6,11,0.421,0.076,0.919,43,3,0,0,0,0,0,0,1688,1711,2105,2105,2052,2062,2063,2055,36,0,0,0,1,0,0,2,67,14,-12,-56,-12,-3,-10,-7,0.389,-0.018,1.043
2030,1724,2106,2104,2050,2062,2063,2056,57,3,0,0,-1,1,0,2,23,16,-14,-53,0,1,-8,-9,0.266,-0.026,0.98,0,46,0,0,0,0,0,0,2407,1826,2115,2088,2052,2064,2063,2053,24,45,2,-2,1,0,0,2,-14,77,-52,12,-12,-8,-8,12,0.194,-0.056,1.007
2429,2188,2116,2089,2051,2065,2072,2057,1,54,0,0,0,1,1,0,-19,34,-57,12,-7,-10,-42,-8,0.143,-0.016,1.043,-50,10,0,0,0,0,0,0,2313,2609,2115,2094,2046,2064,2074,2057,-64,25,0,5,2,1,0,1,-52,17,-54,-3,11,-7,-55,-7,0.245,0.152,0.917
2032,2715,2118,2092,2045,2071,2073,2057,-59,11,0,0,0,5,0,0,-115,10,-65,-2,12,-33,-55,-7,0.246,0.241,0.884,41,-38,0,0,0,0,0,0,1465,2818,2082,2115,2033,2080,2041,2040,4,-4,0,0,0,0,0,0,188,-191,87,-97,11,-77,84,11,0.301,0.29,0.952
1665,2596,2081,2116,2056,2064,2054,2040,44,-36,0,0,2,-9,4,0,239,-194,90,-102,-12,-24,34,11,0.442,0.311,0.814,22,11,0,0,0,0,0,0,2250,2129,2103,2115,2056,2057,2064,2041,18,0,-2,0,0,0,0,1,47,15,-7,-98,-12,21,-13,11,0.383,0.102,0.951
2409,2200,2104,2115,2048,2058,2063,2047,45,19,0,0,-1,1,0,1,25,13,-5,-98,11,18,-9,11,0.339,-0.097,0.981,-24,-36,0,0,0,0,0,0,2674,2211,2118,2094,2052,2059,2063,2055,1,-22,0,0,0,0,0,0,-129,-30,-66,-8,-11,12,-8,7,0.395,-0.071,0.956
2533,2006,2118,2096,2052,2060,2063,2055,-30,-38,0,0,1,0,0,1,-122,-51,-66,-17,-12,9,-8,7,0.498,-0.068,0.896,-43,20,0,0,0,0,0,0,2123,1649,2118,2094,2052,2060,2062,2053,-54,0,0,0,1,0,0,1,-47,53,-66,-7,-12,6,-4,11,0.595,0.048,0.84
1844,1766,2119,2095,2050,2060,2063,2054,-22,19,0,0,0,0,0,-1,-77,50,-68,-13,0,8,-10,7,0.583,0.137,0.828,66,27,0,0,0,0,0,0,1529,2016,2117,2096,2051,2061,2058,2058,46,20,0,0,0,0,-2,1,111,65,-61,-17,-12,4,7,-12,0.575,0.071,0.867
2037,2229,2117,2098,2049,2063,2063,2055,62,47,0,0,-1,1,0,1,50,28,-63,-25,7,-2,-8,7,0.434,-0.008,0.929,-16,-8,0,0,0,0,0,0,2640,2511,2118,2106,2051,2061,2062,2056,-1,1,0,0,0,0,0,1,-68,-29,-66,-58,-7,4,-5,0,0.364,0.005,0.953
2598,2508,2118,2105,2051,2061,2063,2056,-16,-2,0,0,1,0,0,1,-126,-65,-66,-56,-7,3,-8,0,0.425,0.02,0.941,-16,-5,0,0,0,0,0,0,2382,2391,2118,2105,2051,2063,2063,2056,-21,-5,0,0,0,0,0,1,-79,-32,-66,-56,-7,-4,-9,0,0.49,0.094,0.897
2215,2346,2118,2105,2050,2064,2063,2056,-23,-5,0,0,0,0,0,1,-31,-27,-66,-56,0,-5,-9,0,0.503,0.129,0.876,-9,-17,0,0,0,0,0,0,1998,2277,2117,2106,2050,2061,2061,2057,-5,-24,0,0,2,0,0,1,-3,-43,-61,-59,-8,3,-1,-7,0.611,0.145,0.856
1937,2117,2117,2106,2052,2062,2061,2056,-6,-21,0,0,2,0,0,-1,-12,-20,-61,-59,-12,2,0,-7,0.597,0.069,0.785,41,-3,0,0,0,0,0,0,1935,1942,2117,2105,2050,2064,2063,2055,21,-3,0,0,0,0,0,0,67,-10,-61,-56,0,-6,-9,11,0.5,0.029,0.826
2211,1934,2117,2106,2052,2064,2062,2058,72,1,0,0,1,0,0,1,42,-14,-62,-59,-12,-7,-6,-12,0.503,-0.07,0.871,-21,19,0,0,0,0,0,0,2632,1974,2118,2109,2052,2064,2062,2055,1,18,0,0,1,0,0,-1,-84,13,-65,-71,-11,-6,-6,7,0.488,-0.088,0.904
2563,2055,2119,2108,2052,2064,2064,2054,-18,13,0,0,1,0,0,0,-150,28,-66,-67,-11,-6,-13,11,0.508,-0.061,0.893,-24,12,0,0,0,0,0,0,2285,2226,2126,2093,2052,2063,2072,2055,-35,23,0,0,0,0,0,1,-96,32,-99,-6,-11,-3,-45,7,0.571,0.137,0.877
2010,2361,2125,2101,2049,2062,2068,2056,-37,22,0,7,1,0,0,0,-17,12,-95,-36,11,4,-31,0,0.541,0.2,0.852,43,10,0,0,0,0,0,0,1916,2504,2125,2109,2048,2062,2064,2055,28,9,0,0,1,0,0,2,34,-10,-95,-73,11,2,-13,7,0.444,0.245,0.876
2130,2603,2124,2110,2049,2061,2065,2056,47,13,0,0,-1,0,0,0,85,-22,-91,-76,7,4,-17,-11,0.417,0.112,0.939,-3,-7,0,0,0,0,0,0,2618,2693,2125,2111,2048,2061,2063,2057,1,1,0,1,0,0,0,1,-32,-53,-95,-79,11,6,-9,-12,0.495,0.138,0.849
2617,2693,2125,2113,2048,2066,2061,2058,0,1,0,0,-1,5,0,1,-47,-101,-95,-88,7,-9,-1,-12,0.97,0.075,0.56,-59,-45,0,0,0,0,0,0,2439,2470,2136,2110,2051,2061,2059,2057,-34,-33,0,0,0,0,0,1,-122,-103,-142,-78,-7,4,8,-7,0.824,0.141,0.536
2141,2197,2137,2111,2051,2061,2059,2057,-59,-54,0,0,0,0,0,1,-257,-137,-146,-78,-11,4,7,-11,1.059,0.159,0.235,12,46,0,0,0,0,0,0,1571,1816,2137,2109,2049,2062,2061,2055,0,33,0,-1,0,0,0,0,-89,13,-146,-75,7,3,0,7,0.979,0.19,0.121
1581,2108,2137,2091,2048,2063,2062,2056,3,44,0,0,-1,0,0,1,-25,27,-146,4,7,-1,-5,0,0.975,0.19,0.208,49,-15,0,0,0,0,0,0,1824,2476,2136,2089,2050,2065,2062,2056,45,-8,0,0,1,0,0,1,11,-13,-142,12,0,-9,-4,0,0.916,0.102,0.345
2145,2410,2116,2093,2050,2064,2061,2056,46,-11,-8,0,-1,0,0,1,18,-28,-62,-4,-7,-5,0,0,0.923,0.069,0.393,-4,-39,0,0,0,0,0,0,2527,2204,2102,2099,2050,2063,2060,2057,1,-27,0,3,0,0,0,1,13,-78,2,-27,0,-2,3,-7,0.927,0.085,0.373
2516,2002,2101,2118,2049,2062,2060,2057,-3,-26,0,1,0,0,0,1,-13,-174,5,-108,7,3,6,-11,0.941,0.082,0.354,-41,-3,0,0,0,0,0,0,2379,1740,2103,2129,2051,2063,2060,2056,-35,0,1,0,2,0,0,0,-31,-283,-1,-156,-7,-2,3,0,0.96,0.063,0.281
2131,1738,2106,2129,2051,2064,2063,2055,-34,-14,0,0,1,0,0,1,-73,-242,-14,-156,-7,-5,-9,7,1.008,0.065,0.177,9,14,0,0,0,0,0,0,1828,1598,2116,2128,2051,2064,2063,2055,0,0,0,0,0,0,0,1,-55,-66,-57,-153,-9,-5,-9,7,0.989,0.104,0.14
1828,1631,2116,2128,2051,2064,2063,2055,0,13,0,0,0,0,0,1,-14,-21,-57,-153,-8,-5,-9,7,0.96,0.118,0.16,31,24,0,0,0,0,0,0,1993,1807,2115,2128,2050,2064,2063,2055,26,23,0,0,-1,0,0,-1,12,-15,-54,-153,-1,-5,-9,11,0.958,0.129,0.266
2186,1970,2110,2128,2049,2064,2063,2054,31,19,-3,0,0,0,0,0,15,10,-34,-152,7,-5,-9,9,0.94,0.118,0.333,-22,-17,0,0,0,0,0,0,2386,2152,2103,2122,2049,2064,2063,2055,-14,-3,1,0,2,0,0,2,-24,-50,0,-128,-5,-5,-11,-3,0.954,0.106,0.329
2187,2098,2167,2190,2048,2037,2020,2053,0,1,0,0,-2,0,0,2,-20,-14,-86,-75,12,3,1,7,0.319,0.064,0.971,0,-28,0,0,0,0,0,0,2148,2042,2166,2190,2049,2037,2021,2055,0,-19,0,0,0,0,0,1,12,-40,-82,-73,7,2,-5,-7,0.318,0.079,0.974
2147,1878,2161,2191,2051,2037,2021,2057,0,-28,0,0,1,0,0,1,12,-56,-61,-77,-8,2,-5,-12,0.387,0.066,0.914,13,56,0,0,0,0,0,0,2143,1681,2160,2190,2050,2037,2021,2054,0,44,0,0,0,1,2,2,37,69,-56,-73,-8,5,-5,7,0.386,-0.03,0.995
2226,2095,2160,2190,2049,2036,2018,2055,16,41,0,0,1,0,0,1,33,52,-57,-73,7,3,5,-7,0.168,0.034,0.98,-7,-19,0,0,0,0,0,0,2391,2581,2160,2185,2052,2040,2021,2056,-11,0,0,0,4,0,0,0,-18,-45,-57,-51,-11,-11,-6,-7,0.218,0.125,1.0
2348,2498,2161,2185,2049,2038,2020,2055,-7,-11,0,0,2,0,0,0,-21,-78,-58,-52,7,-3,-2,-7,0.25,0.112,0.99,-20,-40,0,0,0,0,0,0,2184,2176,2160,2185,2050,2038,2021,2054,-20,-52,0,0,-1,1,0,2,-11,-36,-57,-52,-7,0,-4,7,0.381,0.098,0.939
2055,1916,2160,2191,2051,2038,2021,2057,-12,-28,0,1,0,0,0,1,-11,-64,-57,-75,-12,-2,-6,-12,0.513,0.07,0.907,-5,30,0,0,0,0,0,0,1893,1565,2161,2191,2051,2036,2020,2056,-4,13,0,0,0,-1,0,0,-12,45,-60,-77,-7,3,-2,-7,0.521,0.057,0.884
1882,1793,2162,2191,2048,2038,2021,2055,0,33,0,0,0,1,0,0,-22,23,-62,-77,11,0,-6,-7,0.502,0.11,0.886,17,-7,0,0,0,0,0,0,1876,1992,2162,2189,2049,2039,2020,2055,2,1,0,0,0,0,0,1,11,25,-65,-68,7,-7,-5,-7,0.491,0.085,0.895
1938,1992,2162,2188,2048,2039,2021,2055,12,-1,0,0,0,0,0,0,28,-10,-64,-68,12,-6,-6,-7,0.493,0.102,0.888,-2,-13,0,0,0,0,0,0,2012,1918,2161,2189,2048,2039,2021,2055,1,-7,0,0,1,0,0,0,61,-20,-60,-69,7,-7,-7,-7,0.49,0.11,0.902
2012,1868,2161,2190,2049,2038,2021,2056,1,-10,0,0,1,0,0,0,48,-40,-60,-73,7,-5,-6,-7,0.504,0.105,0.889,16,21,0,0,0,0,0,0,2012,1781,2160,2191,2050,2038,2021,2056,1,16,0,0,0,0,0,0,108,13,-57,-77,-7,-6,-8,-7,0.461,0.109,0.936
2154,1912,2161,2190,2051,2039,2020,2057,27,17,0,0,1,0,0,1,54,14,-60,-74,-12,-7,-5,-12,0.445,0.036,0.947,-34,32,0,0,0,0,0,0,2336,2094,2162,2186,2051,2037,2021,2056,-25,25,0,0,1,0,0,0,-70,78,-64,-58,-12,0,-6,-7,0.469,0.204,0.859
2045,2404,2161,2190,2049,2040,2020,2056,-44,43,0,2,2,0,0,1,-17,14,-61,-70,7,-11,-5,-7,0.443,0.26,0.848,32,-46,0,0,0,0,0,0,1850,2573,2162,2196,2051,2033,2015,2050,8,-41,0,4,1,0,0,0,21,-48,-66,-94,-12,17,21,11,0.616,0.469,0.554
2003,2326,2162,2197,2050,2033,2019,2055,54,-38,0,-1,0,0,0,1,38,-112,-65,-104,-7,17,2,-7,0.755,0.299,0.574,-19,23,0,0,0,0,0,0,2325,2066,2163,2201,2050,2034,2021,2055,1,0,0,0,1,0,0,0,-48,-99,-67,-116,-7,13,-8,-7,0.824,0.207,0.556
2255,2095,2164,2200,2050,2034,2020,2053,-16,16,0,0,1,0,0,1,-100,-14,-72,-116,-7,13,-5,7,0.814,0.232,0.53,15,-2,0,0,0,0,0,0,2146,2257,2165,2187,2050,2034,2020,2054,0,1,0,0,1,0,0,1,-59,-14,-77,-59,-7,13,-4,0,0.808,0.24,0.546
2180,2257,2164,2187,2050,2034,2021,2056,15,1,0,0,1,0,0,0,-16,-18,-74,-60,-7,13,-5,-7,0.809,0.218,0.555,-20,18,0,0,0,0,0,0,2277,2289,2164,2187,2050,2037,2020,2053,0,13,0,0,1,0,0,2,-75,13,-73,-58,-7,1,-4,7,0.808,0.228,0.566
2056,2094,2048,2050,2033,2048,2048,2046,1,1,0,0,0,0,0,0,-11,-14,0,0,7,0,0,0,0.056,0.026,1.03,0,0,-6,-13,0,0,0,0,2056,2095,2026,2005,2034,2048,2047,2046,0,0,-7,-12,1,0,0,0,-8,-14,-23,-56,7,0,2,7,0.108,0.031,1.019
2053,2095,1977,1915,2035,2048,2046,2048,-3,1,-6,-14,1,0,0,0,11,-14,3,-47,-8,-1,5,-12,0.122,0.028,1.019,0,0,-4,19,0,0,0,0,2053,2094,1918,1889,2034,2049,2047,2045,2,0,-5,12,1,0,0,-1,12,-14,16,42,7,-5,3,11,0.022,-0.05,1.052
2053,2085,1892,2002,2032,2048,2046,2044,-1,1,-3,15,1,0,0,0,11,14,1,107,12,-2,6,12,-0.029,-0.069,1.044,0,0,22,-17,0,0,0,0,2048,2096,1911,2131,2031,2050,2046,2049,-5,10,18,-9,0,0,1,1,12,-14,225,-205,11,-10,6,-11,-0.022,-0.07,1.057
2020,2120,2050,2005,2032,2047,2051,2048,0,0,27,-27,2,0,0,-1,19,-20,272,-163,7,4,-13,-12,-0.25,0.031,1.002,0,0,-23,0,0,0,0,0,2066,2070,2205,1837,2052,2059,2046,2049,9,-4,-14,0,1,0,0,0,-13,14,-178,59,-12,-48,7,-12,-0.057,0.153,1.019
2084,2058,2050,1835,2030,2056,2051,2048,1,0,-28,-1,0,-1,0,0,-17,18,-184,68,11,-35,-13,-12,-0.101,0.163,1.003,0,0,11,2,0,0,0,0,2073,2058,1886,1835,2032,2047,2051,2047,-9,1,7,0,-1,0,0,0,-12,18,52,104,11,5,-14,-7,-0.091,0.091,1.017
2052,2058,1952,1835,2034,2047,2051,2047,0,1,10,0,1,0,0,1,12,18,87,161,7,3,-14,-10,-0.148,0.089,1.023,0,0,-11,6,0,0,0,0,2052,2058,1993,1867,2035,2047,2051,2046,1,1,-9,3,0,0,0,0,12,18,2,198,-8,3,-14,7,-0.171,0.083,1.003
2056,2058,1924,1891,2033,2047,2051,2045,2,1,-9,0,2,0,0,0,-8,18,-2,264,7,4,-14,11,-0.13,0.031,1.053,0,0,-5,12,0,0,0,0,2053,2057,1823,2001,2036,2046,2045,2045,0,0,-4,12,0,0,0,1,8,19,4,202,-12,7,10,11,-0.118,-0.212,0.971
2053,2058,1789,2094,2034,2046,2045,2043,0,1,-3,12,1,0,0,0,12,18,15,143,7,7,11,11,-0.169,-0.258,0.956,0,0,14,-3,0,0,0,0,2052,2089,1767,2204,2027,2051,2045,2044,0,-1,3,2,-2,0,1,6,12,-14,220,-28,11,-12,14,7,-0.143,-0.339,1.001
2021,2107,1838,2206,2024,2054,2049,2048,0,2,16,0,0,0,0,1,19,-16,327,-119,11,-26,-5,-12,-0.223,-0.29,0.956,0,0,0,-15,0,0,0,0,2020,2120,1919,2135,2023,2053,2050,2048,0,1,0,-14,0,0,0,0,19,-21,390,-189,11,-22,-8,-12,-0.231,-0.208,1.066
2020,2119,1920,2016,2023,2051,2057,2047,0,0,0,-16,1,-2,1,-1,19,-20,388,-109,11,-15,-39,-7,-0.245,-0.217,0.972,0,0,14,20,0,0,0,0,2021,2111,1997,1970,2024,2048,2059,2046,1,-1,0,17,1,0,0,-1,19,-16,319,26,11,-2,-47,7,-0.358,-0.163,0.952
2020,2094,2105,2097,2024,2049,2059,2047,-1,-1,24,18,1,0,0,1,20,-14,271,53,11,-3,-47,-7,-0.499,-0.189,0.874,0,0,-2,-10,0,0,0,0,2021,2086,2205,2197,2025,2050,2059,2048,1,1,0,-10,1,0,0,1,19,9,211,1,12,-8,-47,-11,-0.497,-0.167,0.871
2021,2088,2205,2141,2025,2049,2059,2048,1,0,0,-9,1,0,0,1,19,-10,154,-24,11,-8,-47,-12,-0.499,-0.155,0.854,0,0,-20,12,0,0,0,0,2021,2085,2119,2093,2031,2050,2059,2045,1,0,-15,1,1,0,0,0,18,14,85,108,12,-8,-47,11,-0.396,-0.161,0.948
2022,2076,1989,2159,2031,2049,2058,2044,1,-4,-21,13,1,0,0,1,18,14,3,178,11,-3,-42,12,-0.298,-0.335,0.956,0,0,-3,-23,0,0,0,0,2022,2088,1842,2188,2029,2056,2050,2048,1,1,0,-20,0,0,0,1,18,-11,51,-30,12,-32,-4,-7,-0.247,-0.336,0.954
2022,2088,1817,2032,2026,2055,2053,2048,1,0,0,-21,0,0,1,-1,18,-10,66,-20,11,-30,-20,-7,-0.239,-0.271,0.97,0,0,1,20,0,0,0,0,2021,2088,1786,1950,2025,2055,2061,2045,0,1,0,14,0,0,0,0,19,-10,127,35,12,-30,-54,11,-0.256,-0.29,0.955
2022,2084,1787,2064,2025,2055,2061,2044,0,0,1,17,0,0,0,0,18,14,153,123,12,-30,-54,11,-0.277,-0.356,0.896,0,0,20,-14,0,0,0,0,2021,2088,1844,2172,2015,2063,2061,2049,0,0,15,-12,1,2,0,1,19,-10,317,-19,12,-61,-54,-11,-0.362,-0.314,0.911
2021,2089,1969,2088,2014,2063,2061,2049,0,2,21,-16,0,0,0,0,19,-14,361,-64,12,-63,-54,-12,-0.413,-0.217,0.898,0,0,-14,-8,0,0,0,0,2020,2083,2099,1936,2026,2061,2061,2047,1,-1,0,-9,6,0,0,0,20,14,133,22,11,-56,-54,0,-0.515,-0.057,0.819
2021,2077,2008,1882,2033,2061,2061,2046,1,0,-17,-8,1,0,0,0,20,14,112,27,7,-55,-54,7,-0.669,-0.071,0.693,0,0,-7,24,0,0,0,0,2021,2063,1892,1885,2033,2052,2054,2046,1,-1,-6,16,0,0,0,0,19,17,67,230,7,-16,-25,6,-0.811,-0.243,0.578
2022,2039,1856,2021,2033,2047,2048,2045,1,-2,-7,27,1,1,0,0,18,27,4,343,7,3,-2,7,-0.766,-0.35,0.544,0,0,0,-20,0,0,0,0,2051,2038,1818,2144,2034,2048,2048,2046,4,1,0,-17,1,0,0,1,12,28,-27,139,-8,1,0,7,-0.815,-0.318,0.57
2053,2038,1810,2028,2033,2048,2047,2045,0,1,0,-15,1,0,0,0,12,27,6,48,11,1,5,11,-0.747,-0.27,0.635,0,0,-1,12,0,0,0,0,2052,2041,1805,1919,2033,2047,2048,2046,0,0,0,8,0,0,0,1,12,26,6,170,7,4,1,7,-0.743,-0.219,0.643
2053,2039,1799,1969,2033,2048,2050,2046,1,0,0,8,1,0,0,1,12,27,4,300,12,3,-7,6,-0.782,-0.267,0.618,0,0,21,13,0,0,0,0,2052,2038,1865,2088,2030,2048,2050,2046,0,0,14,13,1,0,0,0,12,28,93,383,11,0,-7,7,-0.853,-0.337,0.461
2055,2044,2050,2046,2057,2045,2049,2052,1,0,0,0,2,0,0,1,-12,14,-4,3,-7,0,-4,0,0.066,0.024,1.029,-23,-4,-8,-16,0,0,0,0,1978,2027,2024,1976,2058,2045,2049,2050,-24,-1,-8,-16,0,0,0,0,-21,-13,-45,-2,0,0,-5,11,0.183,0.008,1.027
1803,1995,1962,1857,2056,2045,2048,2050,-24,-5,-11,-17,-1,0,0,0,-14,14,-13,2,6,0,-2,12,0.179,-0.002,1.006,35,39,-2,7,0,0,0,0,1647,2048,1885,1734,2054,2045,2049,2050,28,38,-4,0,0,0,0,0,113,66,12,159,10,-4,-7,11,-0.048,-0.062,1.067
1881,2368,1863,1792,2054,2047,2049,2049,38,57,-5,10,0,0,0,-1,100,24,46,118,10,-8,-6,11,-0.162,-0.054,1.011,16,-4,-4,-6,0,0,0,0,2292,2719,1823,1863,2036,2060,2049,2053,22,1,-6,-2,0,0,0,-1,37,-17,72,-58,12,-63,-5,-10,-0.211,-0.073,1.001
2417,2720,1793,1834,2038,2060,2048,2053,20,1,-2,-1,1,0,0,0,27,-32,83,-104,11,-63,-2,-12,-0.204,-0.017,1.054,-30,-63,7,24,0,0,0,0,2507,2564,1767,1866,2058,2043,2044,2054,-29,-58,0,21,0,0,0,1,-38,-192,189,9,0,7,15,-12,-0.127,-0.201,1.016
2260,2025,1802,2021,2056,2049,2050,2052,-32,-90,5,21,-3,1,0,0,-15,-47,246,35,10,-15,-10,0,-0.076,-0.074,1.019,5,50,0,-3,0,0,0,0,1978,1512,1867,2200,2041,2046,2046,2054,1,32,1,-6,1,-2,1,-1,38,143,208,8,10,-9,7,-8,-0.161,-0.154,1.008
2005,1837,1886,2179,2041,2046,2045,2048,8,52,0,-4,0,0,0,0,40,129,129,15,10,-6,10,11,-0.199,-0.295,0.946,-8,-32,8,7,0,0,0,0,2030,2354,1885,2198,2030,2063,2045,2045,0,-20,0,8,0,0,0,2,21,-89,278,-26,13,-77,9,11,-0.184,-0.25,0.991
1976,2168,1931,2244,2031,2063,2044,2048,-13,-32,12,6,1,0,0,0,23,-111,318,-29,13,-77,14,11,-0.193,-0.23,0.993,-13,-2,-8,-14,0,0,0,0,1859,1827,1977,2278,2031,2061,2046,2055,0,0,0,-14,1,0,0,1,17,-35,238,-204,13,-72,6,-11,-0.086,-0.234,0.993
1761,1807,1954,2170,2032,2050,2050,2053,-14,-17,-6,-19,1,0,0,0,26,-25,102,-141,13,-28,-10,-7,-0.014,-0.213,1.015,37,28,21,-12,0,0,0,0,1703,1816,1950,1988,2032,2051,2061,2051,33,33,26,-13,1,0,0,0,151,29,253,-57,12,-26,-56,7,-0.249,-0.135,1.018
1933,2035,2080,1898,2038,2060,2060,2051,30,31,31,-18,2,0,0,2,187,18,302,-24,10,-63,-53,-7,-0.405,0.188,0.942,0,10,0,24,0,0,0,0,2433,2208,2330,1840,2054,2045,2025,2070,0,0,0,33,-6,-1,0,1,-13,90,-64,279,10,-6,94,-11,-0.616,0.21,0.821
2445,2237,2331,1963,2055,2045,2025,2070,0,1,0,27,0,0,0,0,-17,137,-67,442,10,-3,94,-11,-0.708,0.137,0.741,-22,14,-27,-5,0,0,0,0,2444,2414,2226,2146,2033,2042,2038,2069,-1,34,-32,0,0,0,0,-1,-123,69,-129,368,12,11,40,-11,-0.666,-0.129,0.732
2205,2600,1991,2173,2040,2074,2051,2049,-59,34,-31,22,2,9,0,-2,-18,15,60,123,11,-118,-15,11,-0.439,-0.391,0.781,23,-39,14,2,0,0,0,0,1980,2696,1786,2170,2031,2074,2050,2053,5,-34,0,1,0,0,0,1,108,-107,321,-5,13,-125,-8,-12,-0.49,-0.586,0.684
2100,2408,1842,2184,2031,2074,2058,2058,20,-46,0,2,1,0,0,1,132,-77,488,-8,12,-123,-44,-11,-0.608,-0.5,0.664,-2,20,-1,-1,0,0,0,0,2351,2046,1973,2191,2032,2073,2059,2058,0,15,0,-2,1,0,0,1,43,24,385,6,12,-120,-50,-12,-0.736,-0.347,0.581
2352,2180,1974,2184,2033,2068,2059,2057,1,18,0,-2,1,0,0,1,33,25,354,8,12,-101,-50,-11,-0.838,-0.419,0.439,-24,7,6,-9,0,0,0,0,2271,2355,1997,2129,2033,2066,2059,2058,-24,9,0,-9,1,0,0,1,-8,29,334,38,12,-93,-51,-12,-0.844,-0.392,0.37
2107,2401,2039,2071,2035,2064,2060,2057,-20,15,0,-8,1,0,0,0,0,29,329,32,11,-84,-53,-12,-0.831,-0.402,0.426,-15,6,-4,3,0,0,0,0,1843,2459,2094,1999,2041,2060,2060,2057,-11,6,0,0,2,0,0,1,13,46,223,94,10,-66,-53,-11,-0.839,-0.351,0.471
1758,2467,2102,1998,2057,2050,2060,2057,-15,1,2,0,0,-2,0,0,-8,80,78,183,5,-25,-53,-11,-0.821,-0.349,0.476,42,-9,1,-12,0,0,0,0,1767,2501,2084,1994,2055,2046,2060,2057,28,1,-2,-5,1,0,0,0,63,41,30,78,10,-7,-53,-12,-0.814,-0.363,0.471
1939,2503,2061,1923,2056,2046,2059,2055,26,2,-1,-11,0,0,0,0,206,13,156,3,9,-7,-50,-12,-0.998,-0.254,0.329,-16,-36,-12,13,0,0,0,0,2278,2326,2030,1894,2056,2044,2048,2052,1,-35,-8,13,1,0,0,0,57,-27,99,5,7,3,-4,0,-0.935,-0.223,0.3
2267,2073,1964,1981,2056,2046,2048,2051,-15,-36,-13,12,0,0,0,2,-12,-23,20,5,10,-5,-4,7,-0.924,-0.219,0.332,-13,-17,13,6,0,0,0,0,2102,1699,1935,2114,2056,2045,2048,2051,-13,-16,11,8,0,0,0,0,-13,-17,6,-5,10,-2,-4,7,-0.92,-0.223,0.358
2182,2128,2056,2095,2048,2050,2049,2048,1,2,0,0,0,0,0,0,-21,-15,-9,-9,-7,-5,0,-7,0.086,0.021,1.027,21,-24,13,-8,0,0,0,0,2241,2084,2109,2090,2050,2048,2048,2050,18,-18,13,-4,1,0,0,1,12,-59,9,-138,-12,3,5,-11,0.196,-0.058,1.023
2345,1892,2195,2027,2048,2048,2048,2051,12,-34,12,-13,1,0,0,1,28,-30,19,-95,-7,2,4,-12,-0.085,-0.008,1.043,11,32,-15,-3,0,0,0,0,2623,1656,2287,1925,2082,2074,2030,2071,24,31,-17,-2,1,0,0,1,-17,114,-225,14,-18,-107,82,-14,-0.052,0.024,1.079
2732,1822,2206,1889,2082,2074,2030,2071,14,27,-1,-6,1,0,0,0,-32,183,-303,78,-19,-106,82,-14,-0.074,-0.048,1.025,-24,17,3,-1,0,0,0,0,2838,2156,2113,1854,2082,2069,2031,2067,0,1,0,0,0,0,0,-2,-214,190,-356,108,-17,-86,79,-12,-0.142,-0.097,1.085
2832,2315,2114,1840,2082,2056,2051,2046,-15,21,0,0,-1,-3,4,0,-411,116,-274,143,-17,-34,0,11,-0.082,-0.018,1.047,-34,-23,-14,8,0,0,0,0,2275,2535,2080,1842,2046,2046,2053,2045,-12,-1,-7,0,2,0,0,0,-138,-38,-293,248,10,9,-14,10,0.108,0.045,1.032
2138,2355,2006,1887,2045,2045,2057,2043,-27,-45,-12,23,0,-1,3,0,-214,-16,-383,295,10,14,-30,11,0.553,0.139,0.972,40,9,0,-6,0,0,0,0,1677,2210,1773,2043,2051,2045,2047,2048,3,0,0,0,-1,0,10,5,149,-14,138,-218,-11,14,18,-11,0.002,-0.27,1.042
1912,2286,1771,2010,2040,2048,2054,2052,34,7,0,0,0,0,0,1,192,-18,146,-250,11,2,-19,-11,0.03,-0.071,1.01,-13,-4,1,-13,0,0,0,0,2239,2391,1770,1937,2044,2046,2061,2052,1,0,0,-8,1,0,0,1,71,-58,168,-385,11,9,-47,-11,0.012,-0.078,1.006
2220,2390,1770,1820,2048,2046,2065,2048,-4,0,0,-18,1,0,0,-1,21,-85,196,-268,-7,9,-65,0,-0.018,-0.127,1.003,-10,-20,21,6,0,0,0,0,2074,2271,1858,1689,2049,2051,2068,2046,-11,-42,29,0,0,0,0,0,21,-65,258,-36,-11,-10,-79,11,-0.185,0.125,1.024
2021,2037,2018,1708,2045,2065,2061,2048,-12,-20,26,5,0,0,-2,4,16,-16,183,62,11,-70,-52,-11,-0.188,0.287,0.977,-12,-12,-13,21,0,0,0,0,1913,1799,2174,1825,2048,2064,2052,2050,-14,-7,-11,17,-7,0,0,1,-9,-1,-27,161,11,-66,-8,-11,-0.211,0.2,0.971
1831,1703,2078,1962,2046,2050,2052,2049,-14,-13,-17,24,1,0,0,0,0,14,-6,181,7,-8,-9,-7,-0.198,-0.066,1.019,36,1,-7,-2,0,0,0,0,1810,1595,1939,2141,2046,2049,2051,2047,34,0,-9,0,0,0,0,0,77,23,32,80,11,-3,-6,7,-0.201,-0.066,0.993
2017,1596,1876,2141,2046,2050,2051,2047,41,1,-10,0,0,0,0,1,107,26,96,23,11,-6,-6,7,-0.245,-0.059,1.016,-39,27,4,3,0,0,0,0,2282,1668,1830,2127,2046,2049,2050,2046,-47,15,0,0,2,0,-2,0,-21,85,135,71,1,-1,-5,11,-0.259,-0.098,0.961
2013,1786,1866,2126,2047,2048,2048,2046,-37,31,4,0,-1,0,0,0,-21,145,100,162,11,1,7,11,-0.289,-0.354,0.802,27,36,-4,-9,0,0,0,0,1683,2263,1874,2141,2023,2059,2051,2049,11,48,0,0,0,0,0,3,109,36,122,32,14,-45,-6,-7,-0.454,-0.567,0.764
1829,2566,1843,2086,2020,2063,2052,2050,14,40,-10,-8,0,0,0,1,161,14,132,-1,14,-62,-9,-12,-0.479,-0.587,0.734,12,-41,21,-2,0,0,0,0,2057,2771,1828,2008,2018,2067,2062,2052,1,-28,13,-3,0,0,2,1,212,-80,460,-2,14,-79,-52,-11,-0.637,-0.488,0.608
2181,2472,1969,1995,2019,2067,2062,2050,20,-43,23,-2,1,0,0,-3,123,-50,465,-2,14,-79,-54,-12,-0.841,-0.029,0.562,17,7,-6,15,0,0,0,0,2446,2067,2162,1987,2048,2047,2047,2050,26,0,0,13,0,0,0,1,37,24,234,246,-7,4,9,-11,-0.99,0.07,0.295
2567,2067,2161,2075,2046,2047,2047,2050,13,0,-2,10,1,0,0,1,36,58,70,301,9,5,9,-11,-0.921,0.075,0.25,-40,23,5,-1,0,0,0,0,2611,2169,2120,2172,2046,2046,2048,2050,-45,27,-1,0,2,0,0,1,-25,107,131,368,0,9,8,-11,-0.996,-0.258,0.097
2323,2347,2152,2172,2047,2048,2048,2050,-39,14,9,0,0,0,0,1,-19,93,145,340,7,2,6,-11,-0.968,-0.265,0.07,-25,1,3,-6,0,0,0,0,1901,2507,2240,2171,2046,2048,2048,2050,-24,1,3,0,0,0,0,0,-18,116,-5,200,11,0,6,-11,-0.967,-0.262,0.07
1734,2509,2262,2142,2047,2048,2048,2050,-24,9,5,-5,1,0,0,0,-20,103,-11,150,7,2,6,-12,-0.972,-0.238,0.09,62,-31,-11,-10,0,0,0,0,1739,2521,2232,2063,2047,2048,2049,2049,57,-18,-18,-9,-1,0,0,2,44,-13,-11,101,7,2,3,-12,-0.975,-0.217,0.172
2085,2338,2135,2015,2046,2048,2048,2050,47,-26,-16,-9,0,0,0,1,115,-21,99,2,11,3,2,-12,-0.938,-0.213,0.14,-20,-23,11,2,0,0,0,0,2473,2020,2035,1970,2046,2046,2049,2045,1,-23,0,0,0,0,0,0,85,-33,360,-85,10,9,1,11,-0.977,-0.203,0.159
2406,1865,2082,1970,2046,2046,2049,2047,-26,-21,2,0,0,0,0,-5,36,-34,479,-29,10,9,1,11,-0.949,-0.195,0.196,-39,14,-1,-3,0,0,0,0,2100,1694,2201,1981,2046,2048,2049,2046,-32,12,3,0,0,0,0,1,14,13,326,-64,11,3,1,11,-0.969,-0.218,0.199
1870,1790,2242,1975,2047,2049,2049,2047,-33,15,3,-2,1,0,0,0,-12,13,126,-124,0,-3,1,7,-0.934,-0.202,0.264,6,2,-10,16,0,0,0,0,1604,1911,2222,2002,2046,2049,2049,2048,0,3,-8,13,2,0,0,1,13,-14,-16,-3,0,-3,1,0,-0.952,-0.206,0.258
1645,1913,2163,2095,2047,2049,2050,2049,7,0,-8,14,2,0,0,2,12,13,-51,17,7,-3,-2,-12,-0.95,-0.203,0.255,-8,13,4,4,0,0,0,0,1684,1910,2101,2188,2047,2049,2050,2049,-4,0,0,4,1,0,0,0,-21,65,-43,235,7,-3,-4,-7,-0.93,-0.215,0.267
1637,1928,2122,2197,2047,2049,2050,2049,-7,3,4,0,0,0,0,0,-24,132,-16,308,7,-3,-4,-7,-0.958,-0.214,0.247,14,-18,-1,0,0,0,0,0,1607,1983,2151,2197,2047,2048,2050,2049,14,1,0,0,2,0,0,0,12,70,-28,442,6,-1,-4,-7,-0.978,-0.211,0.236
1676,1934,2149,2217,2047,2048,2051,2049,14,-12,-1,1,1,0,0,0,15,21,-51,352,7,0,-4,-7,-0.954,-0.21,0.249,46,25,-12,-17,0,0,0,0,1951,1833,2069,2213,2048,2047,2051,2049,44,16,-13,-16,1,0,0,1,43,85,-1,24,-7,1,-5,-7,-0.951,-0.223,0.233
2237,2038,1987,2101,2046,2049,2050,2049,41,29,-11,-16,0,0,0,0,67,58,11,2,12,-4,-4,-7,-0.965,-0.204,0.246,-18,-9,11,7,0,0,0,0,2551,2263,1907,1996,2046,2048,2049,2049,1,1,8,3,0,0,0,0,18,14,178,59,11,0,2,-8,-0.959,-0.216,0.228
2458,2214,1968,2038,2046,2049,2049,2049,-13,-7,8,5,0,0,0,1,13,-11,237,81,11,0,1,-7,-0.967,-0.209,0.223,20,25,-14,7,0,0,0,0,2313,2156,2027,2090,2046,2048,2049,2049,2,5,-10,0,0,0,0,0,99,89,91,220,11,0,1,-7,-0.961,-0.22,0.178
2463,2258,1944,2090,2046,2047,2048,2049,25,13,-13,0,0,0,0,0,70,178,15,421,11,4,3,-6,-0.974,-0.231,0.165,-46,10,-5,-14,0,0,0,0,2549,2418,1836,2104,2046,2049,2048,2049,-40,33,-2,0,1,0,0,0,-31,244,-59,338,7,-3,4,-7,-1.0,-0.228,0.149
2261,2450,1817,2043,2049,2049,2048,2049,-44,14,-5,-13,1,0,0,0,-45,264,-127,192,-7,-4,4,-7,-0.969,-0.194,0.172,7,-16,0,9,0,0,0,0,1883,2611,1775,1951,2049,2049,2048,2049,0,1,0,0,1,0,0,0,-13,83,-113,287,-7,-4,4,-7,-0.962,-0.21,0.175
1923,2582,1775,1974,2049,2049,2048,2049,6,-22,0,4,1,0,0,1,8,27,-113,444,-12,-4,4,-9,-0.963,-0.233,0.153,-2,-23,3,-9,0,0,0,0,1976,2365,1775,2041,2049,2049,2049,2049,1,-18,0,0,1,0,0,1,-13,17,-58,298,-8,-4,1,-7,-0.976,-0.186,0.194
1976,2243,1786,2043,2049,2049,2048,2048,2,-18,3,0,2,0,0,-1,-16,-13,-16,33,-7,-4,4,0,-0.952,-0.194,0.239,14,32,1,3,0,0,0,0,2007,2167,1811,1992,2048,2049,2049,2049,16,29,0,0,1,0,0,0,12,33,-9,3,-7,-4,0,-7,-0.972,-0.203,0.241
2032,2063,2014,2050,2049,2051,2053,2048,-2,0,0,2,0,0,0,1,13,14,6,-1,10,-5,-22,12,0.17,0.024,1.034,55,49,0,0,0,0,0,0,2360,2358,2014,2048,2050,2051,2052,2051,61,57,0,-1,0,0,0,0,22,20,7,1,5,-6,-19,-10,-0.158,-0.028,0.981
2738,2688,2013,2048,2050,2051,2053,2050,47,49,0,0,1,0,0,0,25,23,8,3,6,-5,-22,0,-0.426,-0.112,0.932,-25,-85,0,0,0,0,0,0,3014,2737,2010,2046,2049,2052,2046,2050,-60,-51,-9,11,0,0,-1,2,-216,-204,17,21,10,-8,4,0,-0.417,-0.119,0.909
2554,2050,2007,2039,2065,2062,2061,2051,-71,-108,0,-2,1,2,0,1,-181,-40,37,37,-11,-48,-55,-7,-0.155,0.175,0.938,75,80,0,0,0,0,0,0,2225,1687,2000,2038,2057,2059,2043,2054,106,82,0,0,1,-3,-1,2,68,104,66,46,-10,-40,18,-11,-0.469,-0.132,0.892
2847,2179,2012,2023,2049,2047,2044,2048,73,104,-8,0,-2,-2,0,1,19,122,7,107,10,9,16,11,-0.724,-0.172,0.873,-43,-85,0,0,0,0,0,0,3105,2656,2004,2035,2055,2053,2049,2052,-90,-107,0,0,2,1,0,1,-164,-139,47,56,-10,-10,-5,-12,-0.612,0.099,0.908
2575,1901,2005,2028,2054,2055,2050,2051,-87,-84,0,0,-1,-3,0,0,-242,-27,45,84,-10,-25,-9,-7,-0.447,0.135,0.908,79,80,0,0,0,0,0,0,1948,1633,1979,2034,2050,2052,2046,2051,89,64,0,-1,1,0,-2,1,172,69,154,59,5,-9,4,-7,-0.985,-0.031,0.408
2578,2117,1979,2031,2050,2052,2047,2051,75,90,0,0,1,0,0,0,102,108,154,74,5,-8,4,-7,-0.911,-0.188,-0.049,-45,-85,0,0,0,0,0,0,3069,2405,1979,2049,2053,2052,2049,2046,-61,-79,-1,8,1,0,0,0,-54,-46,152,8,-10,-7,-6,11,-0.955,-0.193,0.179
2643,1860,1981,2052,2052,2051,2048,2043,-49,-77,0,0,-1,0,0,1,-22,-69,147,-13,-6,-4,-2,12,-0.967,-0.2,0.209,25,70,0,0,0,0,0,0,2320,1496,2006,2051,2050,2051,2048,2046,17,71,-2,0,0,0,0,1,48,34,38,-12,0,-4,-2,11,-0.958,-0.187,0.18
2426,1961,1997,2048,2050,2051,2048,2051,22,63,0,-1,0,0,0,1,103,46,75,-1,5,-4,-1,-7,-0.985,-0.173,0.122,-35,-85,0,0,0,0,0,0,2505,2093,1990,2052,2050,2051,2048,2046,-30,-83,1,1,0,0,0,0,-12,-47,107,-10,5,-3,-2,11,-0.964,-0.199,0.205
2307,1541,2008,2053,2050,2051,2048,2048,-34,-86,4,0,1,0,0,-1,-22,-66,35,-20,0,-4,-2,9,-0.965,-0.204,0.221,17,80,0,0,0,0,0,0,2091,1276,2017,2053,2050,2049,2047,2049,17,92,0,0,1,0,0,-1,17,47,-6,-19,5,2,1,11,-0.937,-0.179,0.235
2185,1894,2014,2048,2050,2049,2049,2051,15,81,0,0,2,0,0,-1,28,60,6,1,5,3,-4,-7,-0.971,-0.198,0.213,-28,-85,0,0,0,0,0,0,2198,2197,2016,2050,2050,2050,2047,2048,-26,-72,1,10,0,0,0,1,-19,-42,-4,8,6,0,1,10,-0.927,-0.187,0.249
2012,1662,2018,2051,2049,2050,2047,2049,-28,-84,0,0,1,0,0,1,-22,-67,-9,-14,5,0,3,7,-0.953,-0.193,0.25,23,80,0,0,0,0,0,0,1896,1356,2018,2051,2050,2051,2047,2049,21,80,0,0,2,0,0,0,18,41,-9,-12,10,-4,3,7,-0.935,-0.233,0.246
2036,1891,2014,2048,2050,2051,2048,2050,20,73,-1,0,1,0,0,2,27,54,4,-1,6,-4,-4,-7,-0.946,-0.221,0.227,-28,-85,0,0,0,0,0,0,2093,2100,2017,2049,2050,2051,2046,2049,-28,-76,0,0,2,0,0,1,-20,-45,-5,1,10,-4,2,7,-0.944,-0.206,0.253
1908,1557,2018,2051,2050,2051,2047,2049,-25,-83,0,0,2,0,0,0,-23,-67,-9,-15,6,-4,3,7,-0.952,-0.193,0.25,22,80,0,0,0,0,0,0,1790,1280,2018,2051,2049,2051,2046,2049,21,89,0,0,0,0,0,0,14,45,-11,-12,10,-4,3,7,-0.926,-0.255,0.27
1925,1877,2018,2048,2049,2051,2049,2050,22,81,0,0,2,0,0,1,19,60,-9,-1,9,-4,-5,-4,-0.973,-0.186,0.23,-25,-85,0,0,0,0,0,0,1978,2156,2017,2050,2050,2051,2047,2049,-26,-73,0,8,0,0,0,0,-19,-42,-5,6,6,-4,0,7,-0.937,-0.184,0.267
1828,1622,2018,2052,2050,2051,2047,2049,-20,-87,0,0,1,0,0,0,-31,-66,-9,-14,6,-4,2,7,-0.94,-0.194,0.28,23,80,0,0,0,0,0,0,1732,1315,2018,2051,2049,2051,2047,2049,24,83,0,0,-1,0,0,0,14,42,-9,-13,6,-4,2,7,-0.948,-0.278,0.252
1876,1849,2018,2048,2049,2051,2048,2051,22,71,0,0,1,0,0,-1,18,52,-9,-1,8,-4,-3,-7,-0.976,-0.194,0.242,-25,-85,0,0,0,0,0,0,1936,2057,2018,2049,2050,2051,2047,2049,-24,-78,1,0,0,0,0,1,-19,-45,-8,-1,6,-4,2,7,-0.941,-0.204,0.297
2113,2053,2049,2062,2053,2048,2047,2051,1,0,0,0,0,0,0,1,-13,-11,0,-9,-8,0,0,-7,0.11,0.024,1.024,49,42,0,0,0,0,0,0,2398,2315,2049,2062,2051,2047,2048,2052,55,48,0,0,-1,1,0,3,18,14,0,-9,12,1,-5,-12,-0.062,0.011,1.002
2713,2582,2045,2059,2052,2047,2046,2050,56,41,0,1,1,0,0,0,23,22,15,4,7,3,4,7,-0.37,-0.115,0.979,-28,-85,0,0,0,0,0,0,2991,2593,2053,2056,2052,2047,2044,2050,-39,-53,0,6,0,0,0,1,-237,-208,-20,19,7,3,11,-5,0.233,-0.126,0.965
2545,1941,2054,2063,2053,2051,2049,2052,-67,-111,0,1,-1,1,0,0,-107,-64,-20,-11,-7,-11,-5,-7,0.491,0.079,0.918,68,80,0,0,0,0,0,0,2383,1439,2063,2048,2052,2054,2042,2066,62,78,-1,0,1,-4,-1,3,34,205,-61,49,7,-28,20,-12,-0.354,0.005,0.989
2856,1983,2059,2031,2051,2045,2031,2046,75,82,1,-1,0,0,0,-10,23,219,-42,118,11,10,67,11,-0.385,-0.233,0.961,-46,-85,0,0,0,0,0,0,3122,2471,2061,2053,2070,2051,2044,2049,-55,-91,1,0,4,0,0,0,-271,-139,-50,29,-12,-14,12,11,0.598,-0.311,0.727
2569,1774,2073,2058,2072,2058,2050,2046,-90,-100,4,0,1,0,0,-2,-269,-34,-102,6,-12,-42,-12,12,0.762,-0.217,0.128,64,80,0,0,0,0,0,0,2068,1453,2074,2062,2054,2055,2050,2027,58,89,0,0,1,0,0,0,14,69,-107,-10,-12,-33,-13,14,0.913,-0.179,0.391
2460,2046,2074,2062,2053,2047,2046,2035,57,97,0,0,0,0,-4,2,52,58,-107,-11,-7,3,0,11,0.903,0.062,0.464,-23,-85,0,0,0,0,0,0,2910,2430,2065,2065,2053,2047,2045,2052,-32,-72,0,0,2,0,-1,0,-18,-87,-68,-21,-7,3,4,-9,1.022,0.04,0.313
2677,1941,2061,2097,2052,2049,2049,2048,-31,-52,0,5,0,1,2,-1,-18,-265,-53,-157,7,-3,-7,10,1.063,-0.104,0.271,44,80,0,0,0,0,0,0,2621,1387,2060,2075,2052,2046,2048,2045,47,87,0,0,1,0,-1,1,38,69,-48,-65,-7,3,-7,11,0.932,-0.189,0.241
2945,1974,2060,2075,2054,2047,2048,2052,46,100,0,0,2,0,0,1,34,57,-48,-65,-7,3,-5,-11,0.896,0.086,0.456,-30,-85,0,0,0,0,0,0,2881,2332,2059,2071,2053,2047,2046,2052,-83,-65,0,6,-1,0,0,2,-42,-103,-45,-42,-7,3,6,-11,0.941,0.072,0.38
2333,1862,2060,2093,2054,2049,2050,2049,-64,-57,0,0,1,0,0,0,-92,-291,-47,-144,-10,-6,-12,10,0.99,-0.128,0.102,61,80,0,0,0,0,0,0,1916,1272,2074,2073,2051,2047,2047,2052,52,88,0,0,-2,-1,-2,-1,16,69,-109,-56,7,2,-1,-7,0.998,-0.096,0.229
2331,1865,2056,2073,2054,2046,2047,2052,57,100,0,0,1,0,-1,-2,27,55,-33,-56,-7,6,0,-7,0.897,-0.029,0.333,-28,-85,0,0,0,0,0,0,2709,2225,2056,2073,2053,2047,2046,2052,-29,-65,0,3,0,0,0,0,-15,-109,-31,-54,-8,3,4,-7,0.982,0.103,0.326
2522,1801,2047,2092,2053,2049,2049,2048,-24,-60,0,0,1,0,0,0,-17,-321,4,-140,-7,-4,-8,11,0.936,-0.175,0.12,35,80,0,0,0,0,0,0,2468,1245,2058,2070,2052,2046,2049,2041,31,86,0,0,1,0,0,0,35,87,-40,-40,7,4,-8,11,0.938,-0.16,0.334
2704,1798,2058,2069,2051,2047,2048,2045,35,86,0,0,2,0,0,4,33,79,-40,-39,0,3,-4,11,0.998,0.047,0.324,-22,-84,0,0,0,0,0,0,2848,2153,2057,2079,2053,2047,2047,2052,-30,-62,0,2,0,0,0,0,-17,-142,-35,-78,-7,2,2,-7,0.942,-0.003,0.275
2642,1739,2047,2094,2051,2048,2050,2047,-29,-79,1,0,1,0,0,-1,-16,-310,6,-148,7,-5,-11,11,0.743,-0.185,0.395,37,80,0,0,0,0,0,0,2583,1186,2055,2074,2051,2047,2049,2042,38,87,0,0,0,1,0,0,35,96,-28,-58,11,3,-6,11,1.01,-0.145,0.267
2838,1781,2056,2073,2052,2047,2048,2047,40,93,0,0,2,0,0,7,32,75,-29,-59,7,2,-4,3,1.021,-0.012,0.268,-32,-85,0,0,0,0,0,0,2858,2166,2055,2080,2053,2046,2046,2053,-52,-60,0,4,0,0,0,1,-28,-141,-28,-85,-7,3,5,-11,0.991,0.055,0.295
2498,1734,2048,2100,2054,2048,2052,2046,-39,-63,0,0,0,0,0,0,-32,-341,4,-172,-7,-6,-19,11,0.705,-0.237,0.37,42,80,0,0,0,0,0,0,2288,1175,2067,2066,2051,2046,2049,2046,35,91,0,0,-1,0,0,-1,23,98,-80,-26,9,3,-7,11,1.012,-0.175,0.224
2540,1765,2067,2066,2052,2047,2048,2049,43,92,0,0,1,0,0,4,38,79,-80,-26,7,2,-4,0,1.011,0.107,0.331,-21,-85,0,0,0,0,0,0,2794,2146,2063,2077,2053,2047,2047,2052,-20,-63,0,1,0,0,0,0,-13,-141,-62,-71,-7,2,2,-7,0.964,0.03,0.328
2651,1726,2048,2099,2051,2049,2050,2048,-22,-79,0,0,-1,1,0,0,-13,-321,2,-169,7,-6,-10,11,0.8,-0.183,0.371,32,80,0,0,0,0,0,0,2643,1185,2058,2073,2052,2047,2049,2041,34,96,0,0,0,1,0,0,31,96,-41,-56,7,2,-6,11,0.952,-0.129,0.285
2863,1809,2058,2074,2052,2046,2048,2047,34,96,0,0,1,-1,0,6,29,80,-41,-59,7,3,-5,7,0.921,0.061,0.438,-24,-85,0,0,0,0,0,0,2843,2210,2057,2077,2054,2047,2047,2052,-54,-61,0,6,2,0,0,-1,-27,-122,-37,-69,-9,2,2,-8,1.125,-0.05,0.457
2484,1825,2058,2107,2054,2057,2044,2057,-49,-46,0,0,1,10,-8,2,-30,-401,-40,-203,-11,-37,8,-11,0.5,-0.119,0.714,55,80,0,0,0,0,0,0,2413,1149,2089,2056,2054,2048,2031,2073,55,48,0,0,1,0,0,-1,10,224,-173,16,-12,-1,68,-12,0.381,-0.293,0.906
2776,1561,2089,2036,2054,2052,2047,2043,42,89,0,0,0,0,12,0,12,348,-173,99,-7,-18,10,11,0.104,-0.388,0.916,-42,-85,0,0,0,0,0,0,2963,2162,2068,2072,2055,2052,2056,2049,-50,-79,0,0,1,2,0,2,-143,-136,-85,-51,-11,-17,-36,0,0.445,-0.332,0.849
2151,2049,2050,2049,2052,2048,2048,2071,1,1,0,0,0,0,0,0,-16,-10,-7,-4,-11,0,0,0,0.085,0.006,1.031,47,39,0,0,0,0,0,0,2416,2285,2049,2048,2049,2048,2049,2070,53,49,0,0,4,0,0,1,17,16,-4,0,7,-4,-6,-1,-0.031,-0.032,1.011
2716,2537,2050,2046,2050,2047,2047,2072,55,38,5,-1,3,0,0,1,22,21,-4,8,-8,3,5,-7,-0.28,-0.127,1.0,-27,-79,0,0,0,0,0,0,2987,2581,2051,2049,2052,2047,2045,2072,-36,-57,0,1,0,0,0,1,-213,-217,-15,-3,-7,2,11,-11,0.233,-0.155,0.936
2577,1932,2052,2049,2054,2056,2047,2072,-59,-114,0,0,1,7,0,0,-115,-50,-17,-5,-12,-32,3,-7,0.428,0.036,0.884,65,80,0,0,0,0,0,0,2408,1508,2069,2034,2049,2062,2045,2076,72,82,0,0,2,-4,0,1,31,200,-89,58,7,-63,11,-11,-0.287,-0.028,0.951
2870,2063,2062,2028,2048,2046,2032,2065,69,88,0,0,0,0,0,0,21,176,-59,83,12,5,65,11,-0.08,0.073,1.438,-27,-85,0,0,0,0,0,0,3095,2507,2061,2047,2064,2050,2048,2069,-64,-66,0,0,2,0,0,-1,-237,-124,-54,3,-11,-10,-1,8,0.62,-0.309,0.693
2558,1873,2070,2051,2067,2050,2052,2062,-92,-100,0,0,0,0,0,-6,-239,-49,-92,-12,-12,-13,-17,10,0.675,-0.298,0.157,63,80,0,0,0,0,0,0,2019,1493,2072,2057,2051,2052,2054,2053,53,84,0,0,-1,0,0,1,15,57,-101,-37,-7,-21,-26,11,0.946,-0.149,0.357
2418,2086,2071,2057,2052,2046,2048,2062,53,91,0,0,0,0,-3,1,48,47,-99,-37,-7,3,-3,11,0.911,0.038,0.423,-21,-85,0,0,0,0,0,0,2879,2403,2064,2053,2051,2047,2047,2072,-20,-70,0,0,0,0,0,1,-14,-86,-68,-20,0,2,1,-7,0.951,0.067,0.38
2727,1928,2060,2080,2051,2049,2050,2068,-21,-50,-1,0,-1,1,0,-1,-13,-303,-53,-138,7,-4,-8,10,0.974,-0.169,0.183,30,70,0,0,0,0,0,0,2677,1345,2055,2062,2050,2047,2051,2064,27,76,0,0,1,-1,0,2,29,66,-30,-59,7,-1,-14,11,0.916,-0.221,0.352
2133,2114,2070,2083,2048,2048,2050,2049,1,1,0,0,1,0,0,1,-15,-13,-13,-30,-10,-1,1,0,0.088,0.025,1.026,48,36,0,0,0,0,0,0,2408,2327,2068,2083,2046,2049,2052,2050,52,39,-1,0,2,0,0,1,19,12,-7,-30,7,-5,-5,-8,-0.189,-0.025,1.0
2713,2556,2064,2076,2046,2047,2051,2049,52,45,0,0,1,0,0,-1,24,16,12,3,7,3,-2,-2,-0.352,-0.1,0.986,-26,-85,0,0,0,0,0,0,2989,2542,2069,2078,2045,2047,2048,2051,-49,-82,0,1,-1,0,0,1,-199,-216,-12,-4,11,3,10,-12,0.176,-0.12,0.955
2560,1812,2070,2076,2049,2069,2051,2049,-70,-111,0,-1,1,12,0,2,-99,-43,-14,1,-11,-85,-2,-12,0.403,0.157,0.903,70,80,0,0,0,0,0,0,2430,1292,2088,2056,2049,2057,2048,2073,71,66,0,-6,2,-5,0,1,37,309,-91,83,-11,-45,10,-14,-0.331,0.095,0.975
2970,1791,2090,2038,2042,2047,2052,2070,79,85,0,-4,0,1,0,-3,11,358,-98,159,12,6,-6,-13,-0.614,-0.315,1.04,-51,-85,0,0,0,0,0,0,3224,2251,2119,2020,2082,2047,2065,2063,-14,-100,0,0,1,-1,-1,0,-464,-28,-222,239,-17,4,-64,-12,-0.32,-0.076,0.936
3080,1608,2120,2019,2082,2047,2063,2062,-25,-91,0,0,1,0,0,-1,-706,-13,-226,243,-17,3,-52,-12,0.006,0.042,1.024,51,71,0,0,0,0,0,0,2621,1024,2122,2022,2082,2047,2059,2059,2,21,0,0,1,0,0,1,-523,598,-230,230,-17,3,-33,-10,0.282,-0.07,0.964
2621,1067,2121,2022,2082,2047,2058,2059,1,1,0,0,1,0,0,1,-564,754,-232,231,-17,3,-32,-10,0.307,-0.04,0.972,34,12,0,0,0,0,0,0,2621,1067,2122,2022,2082,2047,2058,2059,1,1,0,0,1,0,0,1,-341,726,-232,231,-18,3,-31,-11,0.315,-0.036,0.977
2621,1067,2122,2022,2082,2047,2059,2058,1,1,0,0,1,0,0,-5,-154,717,-232,231,-18,3,-32,-11,0.439,0.057,0.996,32,21,0,0,0,0,0,0,2714,895,2119,2043,2069,2046,2052,2046,18,-1,0,1,0,0,0,0,8,0,-221,142,-14,7,-5,12,0.326,0.005,0.974
2828,893,2119,2048,2068,2046,2052,2046,16,-1,0,0,0,0,0,0,13,0,-221,122,-13,7,-5,12,0.322,0.016,0.985,-3,33,0,0,0,0,0,0,2865,889,2119,2051,2068,2046,2052,2048,-15,0,1,0,1,0,0,1,-47,0,-219,110,-13,7,-5,8,0.335,0.002,0.974
2778,888,2119,2051,2068,2046,2051,2048,-27,0,0,0,1,0,0,0,-133,0,-221,110,-13,7,-2,8,0.299,0.004,1.001,34,58,0,0,0,0,0,0,2661,884,2120,2051,2068,2047,2051,2048,0,0,0,0,1,0,0,0,-161,0,-225,110,-13,3,-2,8,0.321,0.002,0.986
2661,884,2120,2051,2068,2047,2051,2048,0,0,0,0,1,0,0,0,-63,0,-225,110,-13,4,-2,8,0.351,0.006,0.985,15,46,0,0,0,0,0,0,2734,884,2119,2051,2067,2046,2050,2047,3,-1,0,0,0,0,0,0,10,0,-221,110,-13,7,3,12,0.303,0.005,0.989
2808,885,2119,2052,2067,2046,2050,2047,9,0,0,0,0,0,0,0,11,0,-219,107,-13,7,3,12,0.304,0.02,0.985,1,38,0,0,0,0,0,0,2845,884,2118,2052,2067,2046,2050,2048,-5,1,0,0,0,0,0,1,-56,0,-218,106,-12,7,3,7,0.297,0.012,0.975
2774,883,2119,2052,2067,2046,2050,2048,-8,0,0,0,0,0,0,1,-112,0,-221,106,-12,5,3,8,0.292,0.01,0.985,18,47,0,0,0,0,0,0,2685,883,2119,2052,2067,2046,2050,2048,0,0,0,0,0,0,0,1,-69,0,-221,106,-12,6,3,8,0.313,0.0,0.987
2686,883,2119,2052,2067,2046,2050,2048,1,0,0,0,0,0,0,2,-19,0,-221,106,-12,6,3,8,0.327,0.008,0.981,12,45,0,0,0,0,0,0,2745,883,2118,2052,2067,2046,2050,2048,11,0,0,0,0,0,0,1,-12,0,-221,106,-13,6,3,8,0.294,0.01,0.982
2762,883,2119,2052,2067,2046,2050,2047,1,0,0,0,0,0,0,0,-8,0,-220,106,-13,6,3,12,0.31,0.012,0.98,9,43,0,0,0,0,0,0,2784,883,2118,2052,2067,2046,2050,2047,1,0,0,0,0,0,0,1,-21,0,-219,106,-13,6,3,12,0.292,0.013,0.982
2049,2047,2048,2048,2047,2075,2048,2050,1,0,0,0,1,0,0,0,0,0,0,3,0,0,0,0,0.041,0.015,1.029,49,42,0,0,0,0,0,0,2338,2296,2047,2049,2047,2075,2050,2050,51,51,0,0,2,0,3,1,21,18,4,-3,-7,0,-6,0,-0.034,-0.033,0.995
2668,2583,2046,2046,2046,2076,2046,2050,46,38,0,-2,1,0,0,1,25,21,7,5,-7,-7,6,0,-0.364,-0.126,0.987,-22,-79,0,0,0,0,0,0,2995,2658,2050,2050,2046,2075,2046,2048,-37,-57,0,1,0,0,0,1,-218,-233,-10,-1,7,-2,7,7,0.005,-0.094,0.987
2563,2021,2045,2048,2055,2092,2046,2053,-68,-115,-2,-3,3,4,-4,2,-68,-58,7,4,-11,-74,4,-12,0.01,0.34,0.993,76,80,0,0,0,0,0,0,2510,1579,2053,2032,2055,2091,2036,2061,79,81,0,0,-2,-1,-1,1,29,178,-22,69,-12,-76,46,-11,-0.363,-0.059,0.948
3020,2113,2052,2028,2049,2075,2028,2045,73,95,0,0,3,1,1,0,27,157,-19,87,-12,-2,81,11,-0.369,-0.174,0.934,-47,-85,0,0,0,0,0,0,3229,2554,2056,2048,2068,2089,2045,2048,-4,-60,1,0,7,0,1,1,-218,-157,-37,4,-13,-66,13,11,0.321,-0.377,0.851
2760,1892,2067,2048,2077,2091,2050,2047,-89,-100,4,0,1,0,0,0,-278,-42,-81,3,-16,-73,-9,11,0.752,-0.261,0.49,62,80,0,0,0,0,0,0,2207,1564,2076,2051,2053,2084,2055,2018,51,89,0,0,0,0,0,0,25,67,-120,-9,-12,-46,-31,18,0.938,-0.186,0.374
2618,2202,2076,2049,2046,2074,2048,2032,64,91,0,-1,-1,0,1,2,48,45,-120,-5,11,-2,-2,12,0.819,0.046,0.523,-28,-85,0,0,0,0,0,0,2900,2523,2062,2051,2047,2074,2047,2049,-56,-76,0,0,0,0,0,0,-29,-77,-60,-10,0,2,4,7,0.906,0.02,0.428
2494,2027,2061,2080,2048,2074,2048,2048,-53,-77,0,9,2,0,1,0,-30,-225,-57,-128,-7,1,-3,10,0.929,-0.08,0.233,58,80,0,0,0,0,0,0,2322,1502,2063,2058,2046,2074,2050,2042,47,91,0,1,0,0,0,0,34,56,-65,-37,7,0,-9,12,0.926,-0.149,0.385
1708,3207,1077,2391,1899,2055,1991,2011,0,2,1,0,1,0,0,0,-12,12,27,-87,7,-2,2,-12,0.259,-0.145,0.993,65,5,0,0,0,0,0,0,1919,2892,1659,2359,1897,2058,1990,2016,51,1,74,0,0,0,0,1,216,-188,424,-322,8,-15,5,-9,-0.528,-0.598,0.676
2122,2060,2076,2088,2052,2048,2046,2062,1,1,0,0,1,0,0,1,-14,-14,-23,-29,-8,0,3,-11,0.166,0.027,1.022,49,39,0,0,0,0,0,0,2371,2266,2070,2082,2050,2048,2048,2061,40,39,1,1,-2,0,0,-2,41,29,5,-1,9,-3,-4,-7,-0.121,-0.016,1.004
2712,2547,2071,2079,2052,2047,2044,2059,64,39,4,-2,-5,0,-1,0,26,23,0,6,0,3,9,11,-0.194,-0.133,1.006,-31,-85,0,0,0,0,0,0,3085,2475,2074,2084,2055,2051,2036,2059,-36,-108,0,2,0,3,5,2,-123,-77,-15,-11,-12,-12,51,7,0.426,-0.335,0.896
2842,1890,2076,2089,2056,2053,2042,2061,-35,-101,0,0,1,1,5,0,-83,-74,-22,-38,-12,-23,23,0,0.498,-0.301,0.72,41,80,0,0,0,0,0,0,2716,1676,2086,2073,2050,2062,2058,2056,35,183,0,4,0,0,0,5,34,136,-64,37,7,-61,-47,10,0.621,0.161,0.696
2981,2759,2085,2102,2053,2047,2046,2062,41,91,-1,0,2,0,0,1,37,76,-62,-88,-12,2,4,-7,0.677,0.117,0.74,-13,-85,0,0,0,0,0,0,3274,3293,2086,2102,2052,2047,2046,2062,0,-27,0,0,0,0,0,0,13,-37,-63,-89,-8,3,4,-7,0.747,0.14,0.677
3203,2714,2086,2102,2052,2047,2046,2062,-11,-84,0,0,1,0,0,0,-13,-43,-63,-89,-9,3,4,-7,0.689,0.183,0.644,52,65,0,0,0,0,0,0,3204,2334,2085,2101,2053,2048,2046,2062,22,55,0,-5,0,0,0,0,21,20,-60,-89,-12,0,3,-7,0.787,0.114,0.617
2100,2054,2050,2084,2048,2046,2066,2054,1,1,0,0,0,0,0,1,-14,-11,-5,-24,-8,0,0,-7,0.06,0.015,1.029,48,39,0,0,0,0,0,0,2196,2189,2050,2080,2047,2047,2068,2055,13,25,0,0,1,0,0,1,12,13,-6,-5,7,-5,-6,-11,0.021,0.002,1.032
2311,2356,2051,2080,2049,2047,2067,2055,16,26,0,0,5,0,0,0,-14,12,-9,-5,-12,-5,-7,-7,-0.006,0.014,1.021,26,-23,0,0,0,0,0,0,2334,2354,2051,2082,2047,2046,2065,2051,-30,-46,0,0,2,0,0,2,-113,-86,-10,-12,-7,0,3,11,0.257,0.037,1.011
2061,2023,2051,2082,2049,2047,2065,2053,-43,-54,0,0,1,0,0,1,-61,-60,-10,-13,-12,-3,3,7,0.347,0.083,0.965,78,80,0,0,0,0,0,0,2082,1959,2048,2079,2050,2045,2067,2055,97,97,0,0,0,0,1,1,49,76,2,4,-12,2,-4,-7,-0.184,-0.009,1.02
2624,2587,2046,2079,2047,2048,2067,2055,65,80,0,0,1,0,0,1,29,34,8,4,7,-5,-6,-12,-0.309,-0.043,0.951,-28,-85,0,0,0,0,0,0,2469,2522,2055,2100,2048,2050,2072,2053,-201,-158,0,1,6,2,2,1,-117,-160,-28,-87,-7,-15,-25,3,0.66,0.183,0.68
1303,1422,2047,2101,2051,2045,2074,2043,-163,-153,0,-1,1,2,7,-4,-54,-76,2,-92,-12,-1,-30,11,0.088,-0.102,0.917,80,80,0,0,0,0,0,0,1054,1098,2033,2067,2049,2047,2067,2054,147,152,-2,-1,0,0,0,0,338,216,62,51,-7,-6,-6,-1,-0.943,-0.195,0.303
2300,2270,2021,2057,2050,2048,2067,2056,218,172,0,-6,2,0,0,2,100,188,115,92,-11,-8,-6,-11,-0.617,-0.366,-0.438,-47,-85,0,0,0,0,0,0,2821,2824,2025,2057,2048,2045,2066,2050,-183,-195,3,0,0,0,1,-6,-82,-71,99,95,-8,3,-2,11,-0.804,-0.179,0.391
1630,1597,2053,2082,2047,2046,2065,2053,-172,-161,0,0,1,0,0,0,-130,-108,-20,-13,7,0,1,-6,-0.915,-0.216,0.338,79,80,0,0,0,0,0,0,1254,1245,2053,2082,2048,2045,2065,2056,168,165,0,0,4,0,0,-1,75,73,-21,-14,-8,3,1,-12,-0.855,-0.148,0.121
2321,2312,2024,2062,2046,2046,2065,2055,138,148,0,-1,0,0,0,0,213,188,99,73,11,0,1,-7,-0.822,-0.326,-0.024,-43,-85,0,0,0,0,0,0,2823,2819,2025,2058,2048,2047,2066,2051,-177,-190,6,1,0,1,0,-6,-82,-75,98,93,6,-3,-1,12,-0.881,-0.198,0.389
1633,1604,2053,2081,2046,2047,2066,2052,-175,-160,0,0,-1,0,0,0,-104,-106,-20,-9,11,-4,-2,3,-0.893,-0.202,0.333,80,80,0,0,0,0,0,0,1251,1245,2053,2081,2047,2046,2066,2056,169,165,0,0,2,0,0,2,75,72,-21,-9,7,0,-3,-11,-0.925,-0.212,0.261
2166,2083,2100,2061,2051,2048,2036,2077,1,1,0,0,1,0,0,0,-18,-14,-32,-9,-12,0,3,-7,0.097,0.01,1.031,0,-6,5,-3,0,0,0,0,2166,2082,2119,2060,2051,2047,2036,2077,1,0,7,0,2,0,0,1,-17,-24,-9,-62,-12,1,4,-12,0.084,-0.003,1.025
2165,2067,2151,2050,2052,2047,2035,2077,0,-4,3,-2,1,0,0,1,-17,-38,-3,-108,-12,4,7,-12,0.114,-0.034,0.995,-5,1,-15,-6,0,0,0,0,2165,1958,2151,1969,2054,2050,2036,2076,1,0,-14,-7,0,1,0,-1,-32,14,-126,20,-12,-10,3,-7,0.116,0.002,0.997
2167,1944,2079,1929,2054,2051,2038,2075,1,0,-4,-7,1,0,0,-1,-60,18,-248,21,-12,-14,-5,7,0.21,0.033,1.007,-5,-3,0,2,0,0,0,0,2167,1942,1956,1884,2048,2050,2039,2074,1,0,0,0,0,0,0,0,-127,15,-226,50,7,-11,-9,11,0.25,0.058,0.982
2139,1929,1956,1884,2048,2050,2039,2074,0,0,0,0,0,0,0,1,-134,14,-226,106,11,-10,-9,7,0.257,0.053,1.001,1,-3,1,5,0,0,0,0,2139,1890,1956,1908,2048,2050,2039,2074,1,-6,0,4,0,0,0,1,-171,14,-209,169,11,-10,-9,7,0.236,0.057,0.991
2139,1858,1956,1937,2048,2050,2039,2074,1,-4,0,6,0,0,0,0,-162,17,-180,187,11,-9,-9,11,0.231,0.043,0.988,-12,8,1,8,0,0,0,0,2095,1830,1956,2004,2048,2047,2039,2073,-35,1,0,12,0,0,0,0,-143,47,-128,221,11,4,-9,11,0.264,0.073,0.956
1917,1830,1956,2069,2048,2045,2039,2073,-20,0,0,12,0,0,0,-1,-57,99,-100,174,11,11,-9,11,0.225,0.084,0.989,11,3,8,2,0,0,0,0,1732,2060,1943,2210,2049,2052,2022,2072,-7,15,0,0,1,0,0,1,39,-19,134,-130,7,-19,61,11,0.118,0.05,1.015
1730,2074,1962,2210,2048,2052,2022,2073,1,5,0,0,0,0,0,1,111,-16,285,-73,11,-19,60,11,0.137,0.064,1.035,20,-1,-5,-20,0,0,0,0,1820,2097,2018,2207,2050,2051,2023,2074,17,1,0,-22,2,-1,0,1,207,-18,224,-367,-7,-16,57,6,0.108,0.05,0.97
1956,2116,2017,2075,2052,2045,2039,2077,29,2,0,-20,1,0,0,1,182,-34,86,-370,-12,10,-9,-11,0.156,0.093,1.009,-1,-10,0,9,0,0,0,0,2326,2052,2004,1866,2052,2045,2038,2077,1,-25,0,6,0,0,0,0,-13,-22,-26,17,-12,11,-6,-11,0.243,0.016,0.966
2323,1931,2008,1891,2048,2049,2038,2074,1,-11,5,0,-1,0,0,1,-13,14,-41,163,10,-6,-6,7,-0.099,0.159,1.032,-25,1,2,13,0,0,0,0,2351,1821,2020,1985,2048,2046,2038,2074,-17,0,0,12,0,0,0,0,-138,26,-57,314,11,3,-6,10,-0.01,0.1,1.01
2243,1815,2041,2061,2048,2045,2038,2074,-31,0,0,16,0,0,0,1,-217,34,-89,363,11,9,-6,8,-0.012,0.033,1.064,6,11,-10,-7,0,0,0,0,1867,1816,2004,2204,2052,2028,2038,2073,-12,1,-13,0,2,0,0,0,5,94,-54,55,-12,82,-7,12,-0.073,-0.063,1.029
1859,1902,1918,2165,2052,2029,2037,2072,0,15,-11,-5,1,0,0,-1,26,75,3,4,-12,77,-3,12,0.025,-0.119,1.02,6,2,1,2,0,0,0,0,1890,2119,1838,2139,2051,2030,2034,2067,3,11,0,5,1,0,0,0,56,-15,48,-63,-12,73,11,11,0.034,-0.098,1.027
1889,2151,1838,2149,2051,2032,2034,2067,1,3,0,2,0,0,0,0,99,-20,77,-48,-7,66,9,11,0.011,-0.12,1.024,9,-11,6,-11,0,0,0,0,1946,2163,1837,2157,2049,2032,2034,2068,1,1,0,-5,0,0,0,1,136,-58,224,-223,6,65,10,11,0.011,-0.13,1.033
1946,2164,1843,2107,2051,2032,2036,2077,1,1,0,-1,1,0,0,1,216,-140,371,-326,-6,65,4,-11,-0.033,-0.113,1.034,6,-13,14,-1,0,0,0,0,2028,2029,1951,1984,2051,2032,2048,2076,1,-44,22,-17,0,1,0,3,234,-103,381,-195,-11,65,-46,0,-0.37,0.224,1.001
2296,1759,2147,1914,2053,2051,2029,2082,46,-16,23,-3,-2,0,0,0,-4,15,-14,76,-12,-14,33,-11,-0.18,0.253,0.985,-23,26,-4,10,0,0,0,0,2315,1639,2249,1906,2052,2049,2027,2086,-5,0,0,0,1,0,0,2,-56,145,-93,266,-11,-7,41,-10,-0.263,0.222,0.958
2242,1747,2250,1924,2047,2046,2027,2087,-9,27,0,0,0,0,0,1,-134,201,-211,475,10,4,41,-10,-0.358,0.226,0.986,4,9,-14,4,0,0,0,0,2044,1991,2162,2004,2043,2032,2038,2087,0,1,-14,1,0,0,0,0,-81,222,-234,540,11,64,-3,-10,-0.458,0.048,0.867
2007,2128,2011,2083,2051,2029,2039,2073,-27,22,-26,0,0,0,0,1,-22,94,-23,322,-9,78,-8,11,-0.417,-0.398,0.826,-4,-17,5,-11,0,0,0,0,1942,2351,1884,2147,2046,2049,2038,2076,0,0,0,-10,0,0,0,2,14,-67,172,-22,11,-7,-6,-11,-0.362,-0.399,0.887
1912,2241,1884,2076,2046,2049,2040,2077,0,-26,1,-11,0,0,0,1,15,-54,309,-30,11,-7,-12,-11,-0.342,-0.364,0.902,16,1,-3,5,0,0,0,0,1862,2021,1910,1997,2046,2049,2049,2076,1,1,0,3,0,0,0,1,102,13,313,29,10,-7,-50,-9,-0.422,-0.278,0.901
1939,2026,1910,2025,2046,2049,2049,2076,26,0,0,1,1,0,0,0,111,14,228,57,11,-7,-50,-7,-0.482,-0.25,0.892,2,-10,5,4,0,0,0,0,2114,1987,1910,2071,2046,2049,2049,2076,1,-7,0,4,1,0,0,0,77,-13,218,103,11,-7,-50,-7,-0.486,-0.242,0.882
2114,1918,1910,2100,2046,2049,2049,2076,1,-11,0,6,1,0,0,2,91,-9,361,93,10,-7,-50,-7,-0.517,-0.217,0.825,-10,15,2,-12,0,0,0,0,2114,1850,1964,2092,2046,2045,2049,2074,1,13,0,-9,1,0,0,0,51,39,338,15,10,8,-50,7,-0.596,-0.197,0.829
2111,1956,1964,2012,2046,2046,2049,2074,-3,18,0,-10,1,0,0,0,13,36,395,0,10,7,-51,7,-0.598,-0.133,0.856,-11,-3,9,13,0,0,0,0,1977,2094,2024,1942,2048,2051,2049,2073,-17,1,0,14,0,0,0,0,17,15,376,172,9,-15,-51,11,-0.646,-0.16,0.787
1904,2094,2106,2024,2047,2050,2049,2073,-11,0,6,9,1,0,0,1,16,9,289,197,11,-14,-51,9,-0.656,-0.181,0.741,10,-1,-12,-13,0,0,0,0,1820,2054,2172,2100,2047,2050,2049,2073,0,-3,-5,-10,0,0,0,1,54,14,85,59,11,-13,-51,11,-0.628,-0.19,0.769
1823,2050,2088,2017,2047,2050,2049,2073,1,0,-11,-10,0,0,0,1,122,14,94,41,11,-13,-51,7,-0.646,-0.153,0.773,0,-2,9,-1,0,0,0,0,1916,2043,1991,1908,2047,2050,2049,2073,1,0,0,0,1,0,0,0,92,11,273,53,11,-13,-51,11,-0.92,-0.256,0.614
1916,2030,2031,1908,2048,2050,2044,2074,1,-2,0,0,1,0,0,1,92,13,362,25,8,-13,-30,7,-0.83,-0.172,0.626,12,-5,-6,11,0,0,0,0,1916,1991,2075,1931,2048,2050,2042,2075,1,-3,0,6,1,0,0,2,171,9,365,99,11,-13,-21,0,-0.861,-0.107,0.518
2049,2048,2048,2047,2045,2048,2049,2049,1,1,0,0,0,0,0,0,0,0,0,0,0,0,0,0,0.053,0.014,1.032,0,0,0,0,0,0,0,0,2049,2048,2048,2047,2045,2048,2049,2049,1,1,0,0,0,0,0,0,0,0,0,1,0,0,0,0,0.045,0.017,1.033
2049,2048,2048,2047,2045,2048,2049,2049,1,1,0,0,0,0,0,0,0,0,0,2,0,0,0,0,0.042,0.017,1.029,0,0,0,0,0,0,0,0,2049,2048,2047,2047,2045,2048,2049,2049,1,1,0,0,0,0,0,0,0,0,3,3,0,0,0,0,0.04,0.011,1.035
2049,2048,2047,2047,2045,2048,2049,2049,1,1,0,0,0,0,0,0,0,0,3,3,0,0,0,0,0.036,0.014,1.034,0,0,0,0,0,0,0,0,2049,2048,2047,2047,2044,2048,2049,2049,1,0,0,0,0,0,0,0,0,0,2,3,7,0,0,0,0.029,0.007,1.033
2049,2048,2047,2047,2044,2048,2049,2049,1,1,0,0,0,0,0,0,0,0,2,3,7,0,0,0,0.022,0.009,1.034,0,0,0,0,0,0,0,0,2048,2047,2046,2047,2044,2048,2049,2049,0,0,0,0,1,0,0,0,9,9,4,3,7,0,0,0,0.021,0.01,1.031
2048,2047,2046,2047,2044,2048,2049,2049,1,1,0,0,0,0,0,0,8,3,4,3,7,0,0,0,0.017,0.012,1.034,0,0,0,0,0,0,0,0,2047,2047,2047,2047,2044,2048,2049,2049,1,0,0,0,1,0,0,0,8,9,4,3,7,0,0,0,0.018,0.016,1.033
2047,2047,2046,2047,2044,2048,2049,2049,1,1,0,0,0,0,0,0,8,9,4,3,7,0,0,0,0.016,0.01,1.039,0,0,0,0,0,0,0,0,2047,2047,2046,2047,2044,2048,2049,2049,0,1,0,0,0,0,0,0,9,6,5,3,7,0,0,0,0.017,0.011,1.034
2048,2047,2047,2047,2044,2048,2049,2049,1,1,0,0,1,0,0,0,8,9,5,3,7,0,0,0,0.019,0.007,1.032,0,0,0,0,0,0,0,0,2047,2047,2046,2047,2044,2048,2049,2049,1,0,0,0,0,0,0,0,8,9,5,3,7,0,0,0,0.016,0.009,1.034
2048,2047,2047,2047,2044,2048,2049,2049,0,0,0,0,1,0,0,0,8,9,5,3,7,0,0,0,0.015,0.006,1.034,0,0,0,0,0,0,0,0,2048,2047,2046,2047,2044,2048,2049,2049,0,1,0,0,1,0,0,0,9,9,5,2,7,0,0,0,0.016,0.006,1.037
2048,2047,2046,2047,2044,2048,2049,2049,0,0,0,0,0,0,0,0,8,9,5,2,8,0,0,0,0.017,0.007,1.034,0,0,0,0,0,0,0,0,2048,2047,2047,2047,2044,2048,2049,2049,0,1,0,0,1,0,0,0,5,9,5,2,6,0,0,0,0.015,0.007,1.03
2048,2047,2047,2047,2044,2048,2049,2049,1,0,0,0,0,0,0,0,9,10,5,2,7,0,0,0,0.015,0.01,1.028,0,0,0,0,0,0,0,0,2048,2047,2047,2047,2044,2048,2049,2049,0,0,0,0,0,0,0,0,8,9,5,2,7,0,0,0,0.017,0.009,1.033
2048,2047,2047,2047,2044,2048,2049,2049,0,0,0,0,0,0,0,0,8,9,5,2,7,0,0,0,0.011,0.01,1.033,0,0,0,0,0,0,0,0,2048,2047,2047,2047,2044,2048,2049,2049,0,0,0,0,1,0,0,0,8,9,5,2,7,0,0,0,0.011,0.008,1.032
2047,2047,2047,2047,2044,2048,2049,2049,1,0,0,0,1,0,0,0,7,9,5,2,5,0,0,0,0.014,0.009,1.033,0,0,0,0,0,0,0,0,2048,2047,2046,2047,2044,2048,2049,2049,0,0,0,0,1,0,0,0,8,9,5,2,7,-1,0,0,0.012,0.01,1.033
2047,2047,2046,2047,2044,2048,2049,2049,1,0,0,0,0,0,0,0,9,9,6,2,7,0,0,0,0.006,0.007,1.029,0,0,0,0,0,0,0,0,2048,2047,2046,2047,2043,2048,2049,2049,0,0,0,0,1,0,0,0,9,10,6,2,7,0,0,0,0.013,0.006,1.033
2048,2047,2047,2047,2044,2048,2049,2049,0,0,0,0,1,0,0,0,8,10,5,2,7,0,0,0,0.008,0.007,1.033,0,0,0,0,0,0,0,0,2048,2047,2046,2047,2044,2048,2049,2049,1,0,0,0,0,0,0,0,7,9,5,2,7,0,0,0,0.008,0.005,1.031
2048,2047,2046,2047,2044,2048,2049,2049,1,0,0,0,1,0,0,0,8,9,5,2,7,0,0,0,0.014,0.01,1.034,0,0,0,0,0,0,0,0,2048,2047,2047,2047,2044,2048,2049,2049,1,0,0,0,1,0,0,0,8,9,5,2,7,0,0,0,0.004,0.011,1.033
2048,2047,2047,2047,2044,2048,2049,2049,0,0,0,0,1,0,0,0,8,9,5,2,7,0,0,0,0.013,0.009,1.034,0,0,0,0,0,0,0,0,2047,2047,2047,2047,2044,2048,2049,2049,1,0,0,0,1,0,0,0,9,9,5,2,7,0,0,0,0.012,0.007,1.034
2048,2047,2046,2047,2044,2048,2049,2049,0,0,0,0,0,0,0,0,8,10,6,2,6,0,0,0,0.013,0.005,1.03,0,0,0,0,0,0,0,0,2048,2047,2047,2047,2044,2048,2049,2049,1,0,0,0,1,0,0,0,8,9,5,2,4,0,0,0,0.009,0.011,1.034
2047,2047,2046,2047,2044,2048,2049,2049,0,0,0,0,1,0,0,0,8,9,5,2,7,0,0,0,0.009,0.01,1.032,0,0,0,0,0,0,0,0,2048,2047,2046,2047,2043,2048,2049,2049,0,0,0,0,1,0,0,0,8,9,5,2,7,0,0,0,0.009,0.01,1.031
2048,2047,2046,2047,2044,2048,2049,2049,0,0,0,0,0,0,0,0,9,9,5,2,7,0,0,0,0.009,0.008,1.032,0,0,0,0,0,0,0,0,2048,2047,2047,2047,2044,2048,2049,2049,1,0,0,0,0,0,0,0,8,9,6,2,7,-1,0,0,0.012,0.006,1.03
2047,2047,2046,2047,2044,2048,2049,2049,1,0,0,0,1,0,0,0,8,9,6,2,8,0,0,0,0.013,0.009,1.029,0,0,0,0,0,0,0,0,2047,2047,2047,2046,2044,2048,2049,2049,1,0,0,0,1,0,0,0,9,9,6,2,7,0,0,0,0.01,0.006,1.031
2047,2047,2047,2047,2044,2048,2049,2049,1,0,0,0,1,0,0,0,8,9,5,2,7,0,0,0,0.012,0.006,1.034,0,0,0,0,0,0,0,0,2048,2047,2046,2046,2044,2048,2049,2049,0,0,0,0,1,0,0,0,9,10,6,2,7,0,0,0,0.007,0.008,1.031
2047,2047,2047,2047,2044,2048,2049,2049,1,0,0,0,0,0,0,0,9,10,6,2,8,0,0,0,0.014,0.007,1.032,0,0,0,0,0,0,0,0,2047,2047,2047,2047,2044,2048,2049,2049,1,0,0,0,0,0,0,0,8,9,5,2,7,0,0,0,0.007,0.008,1.034
2048,2047,2046,2047,2044,2048,2049,2049,1,0,0,0,0,0,0,0,9,10,5,2,7,0,0,0,0.008,0.007,1.034,0,0,0,0,0,0,0,0,2048,2047,2046,2047,2044,2048,2049,2049,1,0,0,0,0,0,0,0,9,9,6,3,7,0,0,0,0.007,0.005,1.035
2047,2047,2046,2047,2044,2048,2049,2049,1,0,0,0,0,0,0,0,8,9,5,2,7,0,0,0,0.007,0.008,1.03,0,0,0,0,0,0,0,0,2048,2047,2047,2047,2043,2048,2049,2049,1,0,0,0,0,0,0,0,8,9,5,2,7,0,0,0,0.01,0.004,1.029
2048,2047,2046,2047,2044,2048,2049,2049,0,0,0,0,1,0,0,0,8,9,6,2,7,0,0,0,0.008,0.01,1.03,0,0,0,0,0,0,0,0,2047,2047,2046,2047,2044,2048,2049,2049,-1,0,0,0,1,0,0,0,9,9,6,2,7,0,0,0,0.007,0.009,1.031
2047,2047,2047,2047,2044,2048,2049,2049,0,0,0,0,1,0,0,0,8,9,5,2,7,0,0,0,0.007,0.006,1.031,0,0,0,0,0,0,0,0,2048,2047,2046,2047,2044,2048,2049,2049,1,0,0,0,1,0,0,0,7,9,6,2,7,0,0,0,0.003,0.009,1.032
2047,2047,2047,2047,2044,2048,2049,2049,0,0,0,0,1,0,0,0,8,9,6,2,7,0,0,0,0.01,0.006,1.034,0,0,0,0,0,0,0,0,2048,2047,2046,2046,2044,2048,2049,2049,1,0,0,0,0,0,0,0,8,9,6,2,6,0,0,0,0.008,0.006,1.037
2047,2047,2046,2046,2044,2048,2049,2049,0,0,0,0,1,0,0,0,8,9,7,2,7,0,0,0,0.004,0.005,1.032,0,0,0,0,0,0,0,0,2047,2047,2046,2047,2044,2048,2049,2049,0,0,0,0,0,0,0,0,9,9,6,2,7,0,0,0,0.008,0.007,1.035
2047,2047,2047,2047,2044,2048,2049,2049,0,0,0,0,1,0,0,0,8,9,6,2,7,0,0,0,0.011,0.011,1.03,0,0,0,0,0,0,0,0,2048,2047,2046,2047,2044,2048,2049,2049,1,0,0,0,1,0,0,0,8,9,6,2,5,0,0,0,0.008,0.008,1.033
2048,2047,2046,2047,2044,2048,2049,2049,1,0,0,0,1,0,0,0,9,9,6,2,7,0,0,0,0.008,0.005,1.03,0,0,0,0,0,0,0,0,2048,2047,2047,2046,2044,2048,2049,2049,1,0,0,0,1,0,0,0,8,10,7,2,7,0,0,0,0.005,0.006,1.031
2048,2047,2046,2047,2044,2048,2049,2049,1,0,0,0,1,0,0,0,8,10,7,2,7,0,0,0,0.009,0.006,1.033,0,0,0,0,0,0,0,0,2048,2047,2046,2047,2044,2048,2049,2049,1,0,0,0,1,0,0,0,8,9,7,2,7,0,0,0,0.012,0.007,1.036
2048,2047,2046,2047,2044,2048,2049,2049,1,0,0,0,0,0,0,0,8,9,8,2,7,0,0,0,0.006,0.004,1.033,0,0,0,0,0,0,0,0,2048,2047,2046,2047,2044,2048,2049,2049,1,0,0,0,1,0,0,0,9,9,8,2,7,0,0,0,0.009,0.007,1.03
2117,2048,2048,2048,2042,2048,2049,2050,1,0,0,0,1,0,0,1,-14,0,0,-1,0,0,0,0,0.052,0.019,1.031,1,2,5,3,0,0,0,0,2116,2057,2073,2062,2042,2048,2049,2051,0,3,5,3,1,0,0,1,-13,12,0,0,0,-1,0,-8,0.041,0.009,1.034
2116,2070,2107,2083,2042,2048,2049,2051,0,5,6,4,0,0,0,1,-13,0,-3,-7,0,-1,0,-7,0.007,0.005,1.026,-1,-12,-5,-6,0,0,0,0,2119,2070,2134,2095,2042,2048,2048,2051,0,-7,-5,-5,0,0,0,1,-13,-27,-58,-74,0,-1,3,-11,0.062,0.009,1.032
2119,1988,2095,2053,2043,2048,2048,2052,0,-14,-4,-6,2,1,0,1,-13,-23,-36,-66,-12,-3,2,-11,0.074,0.023,1.027,3,0,-8,0,0,0,0,0,2118,1851,2020,1990,2045,2050,2051,2050,0,0,-9,0,1,0,0,0,-14,14,-36,3,-12,-9,-9,0,0.076,0.048,1.027
2135,1850,1968,1990,2045,2050,2051,2048,1,0,-7,0,0,0,0,-1,-9,14,-38,3,-12,-9,-9,7,0.096,0.046,1.04,-4,10,-2,6,0,0,0,0,2157,1854,1886,2001,2040,2050,2051,2048,1,3,-1,2,1,0,0,0,-16,30,-1,67,10,-9,-9,10,0.078,0.047,1.039
2157,1892,1873,2028,2039,2048,2051,2049,1,10,-1,5,1,0,0,0,-30,49,-2,126,7,-3,-9,10,0.073,0.023,1.043,-2,-4,9,-11,0,0,0,0,2093,1985,1884,2051,2040,2048,2048,2049,-12,1,4,-11,2,0,0,1,-14,23,56,2,11,-1,3,6,0.038,0.007,1.031
2053,1986,1930,1986,2042,2048,2050,2052,-1,1,6,-10,0,0,0,1,13,14,116,-18,-2,-1,-5,-11,0.043,0.007,1.018,6,-4,-5,15,0,0,0,0,2038,1951,1992,1958,2043,2050,2051,2050,0,-3,0,14,0,0,0,-1,21,-12,63,19,-7,-9,-9,6,0.037,0.033,1.03
2060,1924,1968,2052,2042,2050,2051,2048,13,-5,-5,13,0,0,0,0,27,0,18,49,0,-9,-9,11,0.008,0.0,1.025,-4,5,13,-7,0,0,0,0,2142,1883,1974,2148,2041,2048,2050,2051,-5,1,10,-6,1,0,0,0,-13,23,73,2,7,-2,-6,-7,-0.019,-0.0,1.038
2107,1906,2053,2104,2043,2049,2050,2051,-5,7,13,-6,1,0,0,-1,0,26,111,-9,-7,-5,-6,-11,-0.064,0.002,1.054,-7,1,-10,5,0,0,0,0,2047,1967,2140,2070,2045,2050,2051,2050,-4,1,-10,5,0,0,0,0,-13,18,-14,1,-12,-5,-8,0,-0.055,0.01,1.033
2004,1966,2071,2080,2040,2049,2051,2048,-9,0,-10,3,0,0,0,0,-13,21,-7,96,12,-5,-9,10,-0.001,-0.016,1.034,-2,0,8,-1,0,0,0,0,1933,1966,2020,2119,2041,2049,2047,2048,-2,1,7,0,1,0,0,1,8,25,25,79,7,-5,4,9,-0.009,-0.014,1.029
1918,1966,2066,2119,2041,2049,2047,2049,-4,1,7,0,1,0,0,1,13,25,59,50,7,-5,3,7,-0.036,-0.008,1.027,13,-2,-12,-11,0,0,0,0,1900,1969,2082,2079,2043,2049,2048,2051,4,1,-12,-11,0,0,0,0,44,18,1,-17,-7,-5,3,-11,0.004,-0.006,1.038
1983,1970,2000,2004,2043,2049,2050,2051,17,1,-11,-11,1,0,0,1,44,14,4,-15,-7,-5,-4,-11,0.037,0.012,1.034,0,1,5,0,0,0,0,0,2121,1970,1910,1915,2043,2049,2050,2051,1,1,0,0,1,0,0,0,20,14,110,-2,-12,-5,-6,-9,0.049,0.023,1.025
2120,1972,1933,1915,2044,2049,2050,2052,1,2,1,0,0,0,0,1,21,14,157,-2,-12,-5,-6,-11,0.004,0.008,1.041,-12,1,5,15,0,0,0,0,2093,1992,1998,1977,2044,2050,2050,2051,-11,1,0,14,2,0,0,0,-9,14,140,19,-12,-7,-6,-7,-0.029,0.005,1.038
2010,1991,2046,2064,2043,2049,2050,2048,-11,0,8,12,0,0,0,0,-9,14,85,76,-7,-5,-7,10,-0.04,-0.041,1.018,13,11,5,-11,0,0,0,0,1923,2008,2110,2150,2041,2049,2049,2049,0,15,2,-8,1,0,0,1,45,29,72,-2,7,-5,-1,6,-0.104,-0.032,1.023
1978,2122,2125,2080,2043,2049,2050,2051,24,14,6,-10,2,0,0,0,61,13,152,-17,-12,-5,-6,-8,-0.134,-0.017,0.996,-3,-4,-3,8,0,0,0,0,2150,2232,2175,2028,2044,2049,2050,2052,12,1,0,6,0,0,0,1,12,-20,52,-2,-12,-5,-6,-11,-0.168,-0.02,1.015
2158,2225,2166,2074,2044,2049,2050,2051,2,-3,-1,7,0,0,0,0,-15,-30,0,24,-12,-5,-6,-7,-0.156,-0.019,1.027,-2,-7,2,1,0,0,0,0,2142,2151,2148,2138,2042,2049,2050,2051,0,-6,0,1,1,0,0,0,-21,-25,20,36,-8,-5,-7,-7,-0.158,-0.02,1.016
2122,2099,2153,2151,2042,2049,2050,2051,-5,-9,1,1,0,0,0,0,-17,-22,55,6,-7,-5,-6,-7,-0.154,-0.018,1.019,3,1,-10,-13,0,0,0,0,2092,2030,2131,2107,2043,2049,2050,2051,1,0,-11,-12,0,0,0,1,9,-14,1,-19,-12,-5,-5,-7,-0.1,-0.007,1.035
2110,2030,2063,2020,2044,2049,2050,2051,1,0,-10,-12,1,0,0,0,13,-14,5,-15,-12,-5,-5,-9,-0.061,0.002,1.027,2,-3,8,7,0,0,0,0,2119,2023,1999,1944,2044,2049,2050,2051,0,-1,6,6,0,0,0,0,17,-14,119,8,-11,-8,-7,-11,-0.046,0.003,1.031
2119,2009,2055,1997,2044,2049,2051,2052,0,-3,6,6,1,0,0,1,24,-14,111,0,-12,-6,-6,-11,-0.104,-0.005,1.038,1,3,5,-3,0,0,0,0,2153,1985,2151,2032,2047,2050,2050,2051,6,4,13,-2,1,0,0,1,14,14,69,4,-12,-8,-6,-7,-0.111,0.04,1.009
2195,1985,2205,2006,2051,2050,2047,2052,8,-3,1,-4,0,0,0,1,-14,16,-22,32,-12,-9,6,-11,-0.117,0.007,1.054,-19,6,-7,3,0,0,0,0,2200,1983,2241,1988,2053,2051,2047,2052,-12,1,0,0,1,0,0,1,-72,48,-138,64,-11,-13,6,-11,-0.1,0.035,1.033
2102,1985,2220,1988,2054,2051,2047,2052,-11,1,-10,0,1,0,0,0,-106,86,-255,150,-11,-13,6,-11,-0.059,0.05,1.035,-6,10,-10,1,0,0,0,0,1905,2051,2127,1988,2038,2046,2052,2051,-15,8,-15,0,1,0,0,0,-62,105,-280,269,10,6,-14,-6,-0.061,0.03,0.992
1795,2162,2011,2020,2043,2045,2049,2044,-24,27,-20,12,-1,0,6,-1,-17,51,-75,169,-7,12,2,10,-0.021,-0.244,1.03,17,-17,13,2,0,0,0,0,1671,2365,1908,2081,2031,2053,2050,2052,1,1,14,2,0,0,0,1,110,-94,275,-26,10,-20,-5,-11,-0.054,-0.167,1.011
1712,2316,1973,2108,2030,2053,2050,2052,31,-3,22,0,0,0,0,1,183,-174,377,-86,10,-20,-6,-10,-0.088,-0.164,1.011,12,-18,-5,-2,0,0,0,0,1833,2056,2040,2120,2030,2046,2064,2053,1,-30,0,0,0,0,0,1,298,-85,426,-107,10,8,-64,-11,-0.073,-0.255,0.989
1881,1894,2041,2107,2031,2049,2064,2050,62,-26,0,-13,1,3,0,0,240,-44,281,-114,11,-4,-65,0,-0.238,-0.005,0.937,-5,11,-6,1,0,0,0,0,2232,1663,2036,2066,2051,2051,2064,2048,10,0,-8,0,1,0,0,1,12,35,19,18,-12,-13,-66,6,-0.283,0.078,0.985
2247,1691,1996,2065,2047,2051,2065,2048,0,1,-5,0,-1,0,0,0,-22,74,16,50,-11,-13,-68,10,-0.239,0.084,1.016,-7,20,-4,-10,0,0,0,0,2189,1827,1934,2030,2040,2049,2064,2049,-9,17,-2,-12,0,0,0,2,-28,116,0,43,11,-5,-66,6,-0.182,0.066,1.125
2103,1992,1905,1965,2043,2046,2050,2049,-20,30,-1,-8,0,-1,-2,1,-12,67,15,32,-7,5,-10,7,-0.305,-0.076,1.03,-9,-5,12,11,0,0,0,0,1989,2183,1867,1890,2041,2047,2050,2049,-11,1,0,2,-1,0,0,1,14,27,263,226,10,4,-7,6,-0.975,-0.32,0.571
1907,2179,1961,1952,2040,2047,2050,2049,0,-1,2,2,0,0,0,1,14,14,209,274,7,4,-6,6,-0.834,-0.272,0.529,9,1,-8,-6,0,0,0,0,1838,2141,2042,2035,2040,2047,2050,2049,1,0,0,0,0,0,0,1,49,17,120,181,7,3,-5,7,-0.801,-0.295,0.517
1855,2141,2007,2020,2040,2047,2050,2049,24,0,-8,-5,-1,0,0,0,73,20,37,69,11,3,-5,7,-0.804,-0.261,0.551,11,-2,6,0,0,0,0,0,1986,2142,1945,1985,2041,2047,2050,2049,1,1,0,0,-1,0,0,1,83,18,142,21,7,3,-5,7,-0.827,-0.268,0.534
2041,2142,1945,1983,2040,2047,2050,2049,12,1,0,-1,0,0,0,1,92,14,313,26,6,3,-5,7,-0.84,-0.252,0.52,6,-15,11,5,0,0,0,0,2143,2068,2017,1992,2042,2047,2050,2051,1,-11,15,7,2,0,0,0,111,-13,420,86,0,3,-5,-9,-0.922,-0.135,0.424
2046,2046,2039,2045,2044,2048,2053,2048,-1,0,0,0,0,0,0,0,12,4,3,2,0,0,-1,0,0.03,0.014,1.033,-8,-3,-2,6,0,0,0,0,2008,2033,2031,2067,2043,2048,2053,2047,-11,-1,-1,3,-1,0,0,0,-13,-10,-1,20,11,0,-2,8,0.035,0.0,1.021
1953,2010,2016,2097,2042,2048,2051,2046,-5,0,-3,7,0,0,-1,0,-13,9,5,63,12,0,5,12,0.03,-0.028,1.031,-3,11,10,-2,0,0,0,0,1875,2000,2025,2149,2042,2047,2052,2046,-5,9,7,-2,1,0,0,0,13,24,89,-1,11,2,4,12,-0.013,-0.041,1.025
1839,2097,2092,2137,2042,2048,2054,2046,-4,14,8,-1,0,0,0,1,14,15,89,-3,12,-1,-3,12,-0.064,-0.048,1.031,13,-9,-1,-12,0,0,0,0,1815,2200,2169,2081,2042,2049,2054,2047,0,1,0,-8,1,0,0,1,65,-29,78,-55,11,-7,-5,0,-0.062,-0.036,1.042
1855,2176,2168,2012,2045,2049,2054,2050,8,-6,0,-10,1,0,0,0,104,-51,53,-105,-7,-5,-5,-12,-0.047,-0.002,1.025,12,-6,-10,0,0,0,0,0,2124,1996,2145,1887,2055,2054,2051,2050,33,-1,0,0,2,0,0,1,12,9,-69,26,-11,-25,6,-12,-0.021,0.099,1.021
2238,1953,2092,1886,2056,2054,2052,2050,16,-4,-8,0,0,0,0,1,-14,9,-132,32,-12,-25,4,-12,-0.067,0.122,1.03,-7,10,5,11,0,0,0,0,2351,1905,2015,1901,2056,2054,2052,2050,1,1,0,9,1,0,0,1,-48,36,-44,174,-11,-25,4,-12,-0.08,0.094,1.011
2348,1905,2044,1965,2051,2054,2051,2050,-1,1,5,5,0,0,0,0,-94,98,-19,227,-12,-25,6,-12,-0.142,0.08,1.012,-7,1,-3,-3,0,0,0,0,2309,1994,2089,2047,2042,2053,2052,2050,0,1,0,0,2,0,0,0,-155,91,-94,203,6,-22,4,-12,-0.177,0.06,1.001
2251,1994,2089,2047,2042,2053,2052,2050,0,1,0,0,0,0,0,0,-139,98,-179,117,11,-22,4,-12,-0.16,0.052,1.015,-20,-1,0,-3,0,0,0,0,2088,1994,2084,2020,2042,2051,2056,2049,-29,1,0,-5,0,-1,0,1,-102,99,-258,72,11,-15,-12,-12,-0.121,0.086,1.004
1852,1995,2036,2004,2043,2046,2054,2047,-37,1,-7,-3,1,0,0,0,-20,90,-59,53,7,7,-5,8,-0.073,-0.114,1.035,15,4,-5,8,0,0,0,0,1649,2042,1998,1992,2045,2046,2054,2046,1,1,-4,2,0,0,0,0,67,58,3,157,-7,7,-4,12,-0.114,-0.118,1.015
1743,2071,1963,2050,2045,2046,2052,2046,12,15,-3,13,0,0,0,0,61,48,15,144,-7,7,3,12,-0.142,-0.144,1.001,0,-12,14,-13,0,0,0,0,1874,2154,1947,2092,2042,2047,2054,2047,1,-3,11,-13,0,0,1,1,47,-20,177,-20,11,5,-2,0,-0.183,-0.197,1.011
1872,2106,2021,2020,2042,2047,2056,2049,0,-8,9,-12,-1,0,0,0,48,-38,266,-79,7,4,-10,-8,-0.282,-0.067,0.979,9,-3,4,9,0,0,0,0,1873,1938,2186,1917,2049,2057,2056,2047,1,-4,2,8,-1,0,0,1,97,14,108,95,-12,-37,-11,8,-0.312,0.091,0.992
1934,1916,2207,1978,2049,2057,2056,2048,1,-2,7,9,1,0,0,1,96,13,135,93,-12,-37,-11,0,-0.353,0.09,0.956,-2,13,-18,9,0,0,0,0,2083,1895,2189,2070,2055,2056,2056,2049,12,2,-17,9,0,0,0,0,14,45,1,173,-12,-36,-13,-8,-0.378,0.047,0.961
2109,1925,2071,2117,2042,2051,2055,2046,2,11,-17,10,0,0,-1,-1,-13,94,-9,225,11,-14,-8,12,-0.31,-0.157,0.979,-9,-5,13,-3,0,0,0,0,2031,2125,1940,2225,2041,2050,2052,2047,-7,-1,11,-3,0,0,0,1,13,-14,190,0,11,-8,3,8,-0.283,-0.246,0.977
1944,2119,2019,2206,2041,2050,2054,2049,-6,-1,12,-2,0,0,0,0,18,-20,230,-3,11,-8,-4,-9,-0.289,-0.248,0.961,-1,-3,1,-5,0,0,0,0,1862,2077,2110,2176,2041,2051,2055,2049,0,0,0,-6,0,0,0,1,24,-25,291,-65,11,-13,-7,-12,-0.333,-0.224,0.989
1862,2049,2110,2141,2041,2051,2055,2050,0,-2,0,-4,0,0,0,1,20,-20,320,-59,11,-13,-7,-12,-0.319,-0.211,0.957,3,-5,-10,-12,0,0,0,0,1862,1996,2110,2044,2041,2050,2056,2049,0,-8,0,-13,0,0,0,1,26,-17,171,-36,11,-12,-10,-9,-0.264,-0.111,1.002
1862,1942,2058,1961,2041,2050,2057,2049,1,-6,-9,-11,0,0,0,0,39,-14,100,-26,11,-11,-14,-8,-0.214,-0.08,1.011,1,8,6,8,0,0,0,0,1862,1912,1983,1891,2042,2051,2057,2047,1,6,0,7,0,0,0,0,62,17,197,23,11,-13,-15,8,-0.221,-0.069,1.013
1862,1959,2011,1937,2042,2051,2057,2046,1,7,14,7,1,0,0,0,68,19,256,55,11,-12,-15,12,-0.299,-0.056,1.0,0,2,2,-6,0,0,0,0,1862,2012,2068,1982,2042,2051,2057,2047,1,1,0,-5,1,0,0,1,76,29,247,17,11,-12,-15,8,-0.294,-0.051,0.943
1862,2045,2076,1941,2042,2051,2057,2047,1,4,0,-7,1,0,0,1,75,18,271,6,11,-12,-15,8,-0.301,-0.062,0.976,12,-1,2,-3,0,0,0,0,1862,2084,2101,1885,2045,2062,2057,2047,1,-1,3,-3,1,2,0,1,154,9,270,1,-7,-57,-15,8,-0.3,0.032,0.973
1931,2078,2111,1864,2045,2063,2056,2047,1,-4,0,0,0,0,0,1,170,11,284,3,-10,-62,-11,7,-0.423,0.098,0.909,-11,-8,-5,5,0,0,0,0,2145,2031,2160,1840,2052,2062,2055,2049,2,-8,0,1,0,0,0,1,-13,-10,52,98,-12,-59,-5,-8,-0.371,0.192,0.941
2074,1973,2134,1857,2050,2062,2055,2049,-10,-7,-5,1,0,0,0,0,-12,14,14,169,-12,-59,-6,-9,-0.35,0.168,0.946,-3,10,-12,3,0,0,0,0,1969,1905,2038,1899,2043,2061,2056,2050,-4,0,-11,0,-1,0,0,1,13,39,7,216,11,-55,-10,-12,-0.322,-0.017,0.941
1930,1947,1954,1925,2043,2048,2053,2047,-9,1,-13,0,1,-1,-1,0,15,62,43,192,7,-5,-1,7,-0.388,-0.11,0.854,-1,-1,12,6,0,0,0,0,1892,2040,1861,1956,2042,2048,2054,2048,-14,1,0,0,0,0,0,0,21,37,259,271,11,-1,-1,7,-0.729,-0.306,0.627
1869,2039,1948,1999,2042,2048,2055,2048,1,0,12,9,0,0,0,1,27,33,240,264,11,-2,-6,0,-0.749,-0.257,0.597,16,5,-9,4,0,0,0,0,1869,2040,2029,2070,2042,2050,2055,2049,1,0,-1,3,0,0,0,0,100,48,127,237,11,-6,-6,-9,-0.834,-0.316,0.502
1977,2039,1973,2082,2042,2050,2055,2049,23,0,-9,0,0,0,0,0,83,81,104,295,12,-6,-6,-7,-0.838,-0.305,0.486,-5,-10,-2,-6,0,0,0,0,2144,2047,1912,2091,2042,2049,2055,2048,1,1,0,0,0,0,0,0,26,53,28,280,11,-4,-6,0,-0.815,-0.303,0.505
2049,2127,2045,2091,1986,2057,2050,2046,0,0,0,0,0,0,0,1,13,-14,7,-30,12,-6,2,-7,0.049,0.047,1.031,-8,-2,-4,-13,0,0,0,0,2011,2127,2028,2051,1986,2056,2049,2045,-4,1,-3,-11,1,0,0,0,-13,-17,3,-100,12,-2,5,7,0.122,0.025,1.013
1954,2127,1998,1957,1988,2054,2050,2048,-9,1,-4,-14,1,0,0,1,-10,-24,13,-75,12,5,3,-7,0.112,-0.014,1.032,1,-9,11,12,0,0,0,0,1869,2061,1986,1889,1994,2055,2052,2047,0,-14,14,13,1,0,0,-1,21,-19,143,9,-7,2,-6,-11,0.039,-0.021,1.03
1869,1994,2059,1975,1994,2056,2052,2047,0,-10,9,13,1,-1,0,-1,24,-17,145,0,-7,-4,-6,-7,-0.052,-0.022,1.043,-1,7,-6,7,0,0,0,0,1869,1910,2145,2100,1995,2056,2052,2046,0,1,0,8,0,0,0,1,25,17,36,0,-7,-5,-6,7,-0.068,-0.031,1.029
1870,1931,2108,2137,1991,2056,2052,2044,1,3,-6,6,1,0,0,0,21,31,14,26,12,-3,-4,11,-0.051,-0.042,1.042,8,3,-8,-2,0,0,0,0,1870,2030,2024,2191,1990,2057,2048,2042,1,11,-7,0,0,0,0,-1,45,14,25,-9,11,-7,10,11,0.003,-0.008,1.027
1889,2071,1968,2197,1990,2057,2048,2042,2,6,-6,0,0,0,0,1,66,-14,31,-89,12,-8,11,10,-0.007,-0.081,1.021,-3,-6,3,-3,0,0,0,0,1967,2095,1904,2185,1989,2058,2048,2042,1,1,0,-1,0,0,0,1,41,-22,93,-165,12,-9,11,10,0.0,-0.074,1.032
1967,2095,1905,2170,1989,2058,2047,2042,1,0,0,0,0,0,0,0,27,-48,177,-185,11,-9,13,10,-0.011,-0.08,1.029,3,-7,8,-11,0,0,0,0,1966,2075,1946,2107,1990,2056,2048,2048,0,-1,7,-15,1,0,0,0,25,-109,254,-226,11,-4,11,-7,0.027,-0.076,1.013
1965,1996,1995,2021,1991,2054,2053,2047,1,-18,14,-19,1,0,0,0,38,-60,277,-174,11,6,-10,-7,-0.117,-0.002,1.041,-1,11,-4,8,0,0,0,0,1966,1851,2086,1921,1997,2068,2054,2045,0,9,0,3,1,0,0,2,50,25,80,39,-12,-51,-15,7,-0.077,0.079,1.023
1967,1899,2074,1954,1996,2067,2054,2044,1,3,-4,9,-1,0,0,-1,44,45,13,131,-12,-49,-15,11,-0.094,0.072,1.024,8,-4,-7,-7,0,0,0,0,2036,1970,2011,2001,1990,2067,2054,2045,10,1,-8,-1,0,0,0,1,21,38,1,63,11,-49,-15,11,-0.118,0.03,1.016
2105,1970,1964,1963,1990,2067,2054,2045,7,1,-6,-6,0,0,0,1,15,21,0,23,12,-49,-15,7,-0.085,0.05,1.022,0,-6,14,2,0,0,0,0,2182,1947,1945,1913,1991,2067,2054,2045,1,-6,10,2,1,0,0,1,13,-13,125,40,11,-49,-15,7,-0.115,0.081,0.999
2181,1907,2041,1927,1996,2068,2051,2047,0,-5,17,0,1,0,0,1,14,-14,121,39,-12,-52,-3,-7,-0.147,0.136,0.988,-13,3,-11,3,0,0,0,0,2190,1855,2155,1929,2002,2070,2050,2048,1,0,-10,1,1,0,0,1,-49,16,-102,153,-12,-61,3,-11,-0.134,0.159,0.987
2135,1855,2093,1939,1991,2070,2052,2048,-16,0,-5,0,-3,0,0,1,-69,26,-152,194,11,-61,-6,-11,-0.099,0.144,1.027,5,11,8,8,0,0,0,0,1985,1854,2009,1996,1990,2056,2054,2047,-5,1,4,6,1,0,0,0,-14,93,-5,203,11,-3,-14,-7,-0.178,0.056,1.012
1977,1937,2058,2053,1990,2056,2054,2047,2,7,9,6,1,0,0,0,14,83,8,191,12,-2,-14,-6,-0.269,0.004,0.993,10,3,-5,0,0,0,0,0,2075,2044,2107,2113,1989,2056,2054,2047,14,1,-4,0,0,0,0,0,12,66,-27,197,12,-2,-13,-7,-0.283,-0.006,0.996
2153,2072,2074,2113,1989,2056,2053,2047,12,1,-3,0,0,0,0,0,-9,63,-33,197,12,-2,-11,-7,-0.3,-0.018,0.976,-17,-13,6,-13,0,0,0,0,2218,2103,2058,2092,1989,2056,2053,2048,-10,1,6,-12,0,0,0,1,-50,14,-1,37,11,-2,-11,-11,-0.242,0.037,1.019
2068,2032,2086,2006,1991,2056,2054,2047,-26,-11,2,-15,1,0,0,-1,-23,-13,36,16,7,-2,-14,-8,-0.159,0.083,1.03,9,-4,-2,0,0,0,0,0,1888,1915,2128,1910,1995,2057,2054,2046,0,-6,0,0,0,0,0,0,35,14,21,14,-12,-7,-14,0,-0.121,0.111,1.019
1924,1888,2117,1910,1995,2057,2054,2045,12,-5,-2,0,1,0,0,0,52,10,10,14,-12,-7,-14,6,-0.104,0.128,1.015,9,6,-9,7,0,0,0,0,2071,1859,2057,1921,1995,2058,2054,2045,15,0,-10,4,0,0,0,-1,23,21,2,100,-12,-10,-14,10,-0.105,0.124,1.03
2180,1859,1998,1956,1995,2057,2054,2044,12,0,-9,6,0,0,0,0,-9,47,0,152,-11,-8,-14,10,-0.14,0.109,1.026,-12,2,-3,-1,0,0,0,0,2248,1874,1919,1997,1991,2056,2054,2044,-1,-1,-3,0,1,0,0,0,-43,83,-2,191,11,-4,-14,10,-0.128,0.079,1.017
2168,1874,1904,1997,1991,2056,2054,2044,-15,0,-2,0,-1,0,0,0,-39,98,-24,163,12,-3,-14,10,-0.128,0.096,0.971,-3,12,17,-3,0,0,0,0,1992,2003,1916,1998,1992,2055,2052,2045,-5,17,14,0,0,0,0,0,14,41,145,69,7,2,-6,7,-0.171,-0.068,1.007
1952,2114,2023,1991,1993,2055,2052,2047,0,19,15,-3,2,0,0,1,16,21,177,11,0,2,-6,-7,-0.255,-0.066,1.003,1,-8,-3,-7,0,0,0,0,1921,2226,2150,1935,1995,2059,2052,2046,1,-6,0,-7,1,0,0,0,23,-15,149,4,-12,-15,-6,0,-0.259,-0.018,1.003
1920,2175,2149,1889,1995,2062,2052,2046,1,-6,0,-7,1,0,0,0,27,-17,66,0,-12,-27,-6,0,-0.248,0.051,0.997,4,-7,-8,10,0,0,0,0,1921,2066,2093,1866,1996,2066,2052,2046,1,-11,-6,7,1,0,0,0,47,-13,54,69,-12,-44,-6,4,-0.214,0.04,1.013
1925,2007,2045,1916,1993,2066,2052,2045,4,-8,-9,8,0,0,0,1,68,10,27,142,7,-42,-6,6,-0.235,0.021,0.966,5,-2,-2,-2,0,0,0,0,2008,1931,1977,1988,1991,2065,2052,2045,1,-1,0,0,0,0,0,0,43,13,13,131,12,-41,-6,7,-0.233,-0.018,1.001
2032,1914,1961,1988,1992,2065,2052,2045,1,-2,0,0,1,0,0,1,52,14,23,74,7,-41,-6,6,-0.234,-0.001,1.003,-8,2,-5,9,0,0,0,0,2067,1908,1923,1991,1992,2064,2052,2045,1,0,-7,4,1,0,0,0,21,15,22,162,7,-38,-6,6,-0.243,-0.075,1.01
2051,1908,1890,2044,1992,2055,2050,2045,-7,0,-4,4,2,0,0,1,-9,21,20,193,8,0,3,6,-0.374,-0.222,0.945,5,8,17,-6,0,0,0,0,1971,1930,1852,2117,1990,2057,2054,2047,-1,8,19,0,0,0,0,0,28,41,336,71,11,-7,-14,-8,-0.706,-0.33,0.598
1971,1955,1961,2086,1990,2057,2054,2046,0,23,11,-8,2,0,0,0,52,51,354,27,11,-7,-14,0,-0.824,-0.275,0.456,-5,-3,-10,-1,0,0,0,0,1970,2062,2092,2040,1991,2057,2053,2047,0,1,0,-1,1,0,0,1,61,19,181,7,11,-7,-11,-7,-0.894,-0.258,0.442
2078,2048,2049,2048,2049,2048,2048,2051,0,1,0,0,0,0,0,1,-14,-8,-1,-1,0,-1,-1,-7,0.105,0.027,1.027,51,43,0,0,0,0,0,0,2192,2189,2049,2048,2048,2048,2048,2050,22,27,0,0,0,0,0,1,12,14,-3,-1,6,0,-1,0,0.02,0.018,1.008
2338,2367,2051,2049,2048,2048,2049,2050,21,28,0,0,3,0,0,1,-9,11,-9,-4,6,0,-4,0,0.031,0.003,1.021,21,-28,0,0,0,0,0,0,2347,2370,2050,2051,2049,2049,2046,2049,-40,-45,0,0,1,0,0,1,-106,-94,-9,-11,0,-2,8,6,0.387,0.086,0.972
2043,2023,2051,2052,2050,2049,2046,2052,-44,-55,0,0,1,0,0,1,-66,-69,-13,-17,-6,-2,8,-11,0.499,0.119,0.977,79,80,0,0,0,0,0,0,2060,1934,2049,2050,2053,2046,2049,2048,103,97,1,0,1,0,1,4,54,70,-3,-10,-10,5,-1,7,0.169,0.112,0.984
2627,2557,2050,2051,2050,2048,2047,2049,84,87,3,0,2,0,0,0,40,29,-1,-12,-6,0,3,7,-0.185,-0.1,0.994,-36,-85,0,0,0,0,0,0,2525,2502,2062,2062,2048,2050,2048,2049,-188,-171,0,0,2,0,1,2,-179,-130,-59,-59,5,-7,2,-3,0.748,0.151,0.634
1257,1392,2061,2064,2052,2053,2056,2040,-165,-160,0,-1,1,7,3,0,-71,-72,-53,-69,4,-20,-30,10,0.473,0.028,0.834,80,80,0,0,0,0,0,0,938,1067,2034,2044,2018,2060,2054,2042,86,131,0,-1,1,0,0,1,540,280,61,13,14,-50,-25,10,-0.231,-0.103,0.871
2164,2367,2033,2044,2035,2062,2048,2049,228,201,-1,0,11,-1,0,1,92,75,62,16,10,-57,-1,-3,0.019,-0.097,0.812,-40,-85,0,0,0,0,0,0,2952,2942,2072,2055,2050,2047,2047,2054,-103,-178,0,4,1,0,0,-2,-375,-158,-98,-28,-5,4,5,-10,0.875,0.064,-0.006
1604,1630,2072,2074,2050,2047,2047,2052,-179,-157,0,2,0,0,0,0,-191,-246,-101,-106,-5,4,4,-5,0.854,0.114,-0.072,80,80,0,0,0,0,0,0,1268,1246,2079,2072,2048,2048,2049,2050,167,169,-5,-2,6,0,0,0,109,89,-129,-104,2,-2,-3,6,0.997,0.086,0.165
2539,2514,2052,2049,2048,2049,2048,2050,167,162,4,2,2,0,0,0,111,98,-11,-2,-6,-4,1,0,0.921,0.145,0.364,-41,-85,0,0,0,0,0,0,2786,2809,2050,2048,2051,2049,2048,2050,-175,-178,0,0,2,0,0,1,-74,-72,-4,0,-10,-4,3,-6,0.88,0.179,-0.125
1678,1644,2072,2074,2049,2049,2047,2052,-143,-161,0,6,-1,0,0,1,-261,-228,-103,-106,0,0,4,-10,1.079,0.031,-0.442,77,80,0,0,0,0,0,0,1209,1224,2082,2071,2036,2048,2048,2051,182,168,-1,0,3,-4,0,1,101,78,-145,-98,10,-6,2,-7,0.964,0.079,0.045
2496,2479,2051,2049,2049,2049,2048,2051,163,164,1,0,1,0,0,1,95,87,-10,-5,0,-4,1,-8,0.935,0.161,0.371,-39,-85,0,0,0,0,0,0,2787,2806,2049,2048,2052,2049,2048,2050,-176,-179,0,0,3,0,0,2,-74,-72,-3,0,-10,-4,0,-6,0.886,0.224,0.032
1689,1642,2076,2075,2048,2048,2047,2052,-159,-173,0,6,0,0,0,0,-257,-211,-115,-113,7,2,3,-9,1.921,0.318,0.018,78,80,0,0,0,0,0,0,1210,1211,2073,2080,2048,2048,2048,2051,179,176,0,0,2,0,0,0,99,96,-107,-140,0,1,2,-7,1.122,0.301,0.038
2409,2398,2052,2049,2050,2049,2049,2051,167,182,9,0,2,0,0,0,85,74,-5,-4,-9,-3,-2,-7,0.918,0.136,0.388,-38,-85,0,0,0,0,0,0,2798,2815,2049,2047,2049,2048,2048,2050,-175,-176,0,0,5,0,0,1,-74,-72,-3,4,-10,0,1,-7,0.774,0.177,0.022
1770,1740,2076,2072,2049,2049,2047,2051,-156,-155,0,0,0,0,0,-1,-278,-218,-113,-97,0,-4,3,-9,0.741,0.027,-0.203,79,80,0,0,0,0,0,0,1218,1241,2082,2073,2047,2047,2047,2054,172,165,0,0,5,0,0,-1,101,82,-143,-105,0,1,5,-11,0.994,0.188,-0.027
2410,2390,2051,2050,2049,2049,2048,2051,170,173,7,1,0,0,0,0,86,67,-6,-4,0,-4,2,-6,0.93,0.144,0.356,-39,-85,0,0,0,0,0,0,2789,2815,2049,2048,2052,2049,2048,2052,-176,-176,0,0,7,0,0,4,-74,-71,-2,0,-10,-2,1,-10,0.962,0.495,0.024
1753,1737,2074,2072,2050,2048,2048,2051,-147,-151,0,0,1,0,0,0,-282,-222,-108,-98,-5,-2,3,-7,0.833,-0.015,-0.336,78,80,0,0,0,0,0,0,1216,1249,2082,2069,2048,2048,2047,2054,173,164,0,0,2,0,0,-3,102,82,-144,-91,9,1,5,-11,1.003,0.208,0.006
2125,2051,2049,2048,2051,2048,2048,2063,1,1,0,0,1,0,0,1,-14,-10,-3,-1,-6,0,0,-7,0.097,0.026,1.022,48,40,0,0,0,0,0,0,2191,2187,2050,2048,2048,2048,2049,2062,12,27,0,0,-1,0,0,1,-5,15,-8,0,6,0,-6,7,0.032,0.03,1.023
2281,2356,2050,2048,2050,2049,2050,2063,17,25,0,0,0,0,0,1,-14,12,-9,0,0,-4,-8,0,0.086,0.039,1.019,30,-17,0,0,0,0,0,0,2318,2373,2051,2051,2049,2047,2047,2062,-20,-41,0,0,1,0,0,1,-84,-102,-12,-12,6,3,3,7,0.307,0.033,0.986
2131,2040,2051,2052,2052,2048,2048,2064,-29,-54,0,0,1,0,0,1,-59,-72,-14,-16,-10,0,0,-12,0.4,0.044,0.976,71,80,0,0,0,0,0,0,2135,1901,2058,2043,2051,2048,2049,2061,48,87,0,0,0,1,0,2,14,138,-42,21,-6,0,-5,9,0.111,0.021,0.855
2396,2581,2049,2050,2049,2050,2050,2064,47,92,-11,0,2,1,0,-1,23,32,-12,-10,-6,-7,-10,-8,-0.223,0.157,0.992,-7,-85,0,0,0,0,0,0,2384,2572,2049,2069,2055,2064,2050,2063,-79,-184,0,0,2,0,-1,2,-88,-155,-4,-88,-10,-70,-8,-7,0.708,0.123,0.771
1831,1444,2072,2062,2044,2080,2048,2062,-75,-157,7,-7,-4,0,0,-1,-83,-87,-97,-62,10,-140,-4,10,0.454,0.212,0.833,75,80,0,0,0,0,0,0,1414,1155,2018,2031,2020,2063,2047,2065,131,121,0,-1,15,-3,0,1,319,231,125,70,11,-67,2,-11,-0.73,-0.174,0.411
2380,2277,2017,2027,2051,2048,2049,2067,116,218,0,0,0,0,0,4,80,134,127,90,-6,-2,-5,-11,-0.819,-0.198,-0.064,-35,-85,0,0,0,0,0,0,2500,2825,2046,2018,2048,2048,2047,2058,-142,-195,8,1,-2,0,0,-1,-79,-67,16,127,10,-1,3,11,-0.843,-0.187,0.308
1549,1622,2054,2059,2048,2048,2047,2061,-139,-160,1,0,0,0,0,1,-96,-108,-24,-43,10,-3,2,10,-0.96,-0.188,0.305,77,80,0,0,0,0,0,0,1294,1245,2053,2058,2048,2048,2048,2064,168,166,0,0,0,0,0,-1,75,73,-21,-42,7,-1,-1,-7,-0.924,-0.185,0.161
2354,2332,2020,2031,2048,2047,2048,2064,131,143,0,-1,1,0,0,1,222,165,117,72,6,3,-2,-7,-0.93,0.465,0.441,-26,-85,0,0,0,0,0,0,2813,2823,2023,2022,2050,2049,2048,2060,-189,-199,3,1,2,0,1,0,-79,-69,106,111,0,-2,0,11,-0.954,-0.207,0.338
1629,1617,2054,2057,2047,2048,2047,2061,-177,-166,0,0,0,0,0,2,-97,-108,-24,-36,10,0,3,6,-0.982,-0.194,0.287,79,80,0,0,0,0,0,0,1261,1248,2053,2057,2048,2048,2048,2063,169,165,0,0,0,0,0,1,74,73,-21,-38,10,0,-1,-7,-0.924,-0.216,0.159
2093,2052,2048,2049,2040,2049,2055,2048,1,1,0,0,1,0,0,-1,-13,-10,-1,-5,0,0,-1,-1,0.088,0.023,1.03,49,41,0,0,0,0,0,0,2193,2187,2048,2049,2039,2049,2057,2048,21,24,0,0,0,0,0,0,12,16,-1,-5,7,0,-8,0,0.022,0.015,1.043
2325,2349,2050,2049,2041,2065,2057,2049,19,25,0,0,0,5,0,0,-14,13,-9,-5,-8,-9,-8,-7,0.006,0.03,1.07,27,-18,0,0,0,0,0,0,2336,2362,2051,2051,2040,2094,2056,2049,-39,-46,0,0,-1,0,0,1,-107,-107,-8,-12,-1,0,-5,-12,0.338,0.063,0.984
2042,1994,2051,2051,2041,2095,2057,2049,-45,-56,0,0,0,0,0,0,-62,-59,-13,-13,-7,-1,-7,-7,0.394,0.076,0.908,77,80,0,0,0,0,0,0,2052,1909,2046,2048,2042,2119,2058,2050,96,99,0,0,0,0,0,1,71,77,7,0,-12,0,-12,-12,-0.232,-0.132,1.061
2649,2555,2046,2049,2040,2126,2059,2048,82,92,-1,0,0,0,0,-1,29,27,9,-4,0,-4,-16,0,-0.186,-0.09,1.015,-35,-85,0,0,0,0,0,0,2550,2433,2070,2049,2037,2199,2065,2046,-199,-174,0,0,-1,22,0,0,-216,-73,-93,-5,11,-43,-44,11,0.69,-0.026,0.65
1261,1413,2069,2061,2036,2255,2058,2042,-169,-155,0,-1,-2,13,0,1,-69,-62,-89,-55,11,-15,-10,11,0.281,0.089,1.035,80,80,0,0,0,0,0,0,1036,1101,2044,2038,2042,2298,2057,2047,116,157,-2,-6,1,0,0,2,342,177,14,37,-12,-1,-6,-4,-0.948,-0.271,0.294
2356,2379,2021,2030,2076,2296,2055,2047,167,163,0,-4,1,0,0,0,225,158,113,74,-19,0,0,7,-1.305,-0.127,0.057,-40,-85,0,0,0,0,0,0,2807,2841,2023,2030,2051,2270,2056,2042,-177,-195,2,1,-9,-2,0,-8,-88,-68,106,76,-12,17,-5,11,-0.987,-0.217,0.284
1613,1548,2054,2055,2038,2246,2055,2046,-251,-173,0,0,2,-11,0,0,-100,-98,-25,-29,12,14,1,10,-0.919,-0.198,0.349,80,80,0,0,0,0,0,0,1265,1241,2053,2055,2039,2202,2056,2049,169,164,0,0,2,0,0,-1,74,73,-22,-30,-7,0,-3,-11,-0.869,-0.209,0.162
2325,2311,2022,2032,2047,2202,2056,2049,130,146,-1,0,2,0,0,0,223,160,104,65,-11,0,-4,-7,-0.882,-0.301,0.068,-43,-85,0,0,0,0,0,0,2807,2821,2025,2027,2039,2201,2054,2044,-178,-199,3,2,-10,2,-2,1,-79,-65,95,91,12,-2,3,11,-0.97,-0.211,0.283
2084,2046,2048,2048,2050,2048,2048,2051,0,1,0,0,0,0,0,1,-13,0,-1,0,-8,0,0,0,0.062,0.021,1.035,50,41,0,0,0,0,0,0,2188,2184,2048,2047,2049,2048,2047,2051,21,28,0,0,2,0,0,0,12,15,-1,2,-7,0,2,0,-0.008,-0.004,1.028
2327,2367,2050,2047,2049,2047,2049,2051,19,28,0,0,1,0,0,-1,-9,11,-9,1,7,3,-5,3,0.033,0.042,1.074,27,-21,0,0,0,0,0,0,2339,2368,2050,2051,2049,2047,2047,2050,-43,-51,0,0,1,0,0,0,-106,-116,-9,-13,6,4,3,7,0.371,0.056,0.975
2033,1959,2051,2052,2052,2048,2048,2052,-48,-63,0,0,1,1,1,-1,-62,-63,-13,-17,-12,1,-1,-7,0.434,0.086,0.901,78,80,0,0,0,0,0,0,2027,1797,2046,2045,2052,2049,2046,2053,98,94,0,0,1,0,-1,1,75,116,7,9,-12,-5,4,-12,-0.233,-0.118,1.08
2648,2409,2045,2034,2049,2050,2049,2051,74,111,-3,0,0,1,0,-1,30,45,8,60,7,-8,-6,-3,-0.219,-0.078,0.958,-33,-85,0,0,0,0,0,0,2571,2434,2067,2049,2053,2051,2049,2046,-194,-151,0,0,1,0,1,0,-217,-70,-81,-4,-12,-12,-5,11,0.713,0.1,0.758
1280,1581,2048,2072,2054,2046,2051,2045,-175,-137,-8,0,1,2,7,-1,-58,-83,-12,-102,-12,1,-8,11,0.383,0.066,0.831,80,80,0,0,0,0,0,0,1061,1204,2034,2034,2046,2050,2048,2052,155,174,0,0,1,0,-1,2,264,218,56,56,11,-11,-5,-11,-0.79,-0.209,0.215
2332,2416,2024,2020,2050,2049,2049,2052,180,145,0,-1,1,0,0,-1,108,204,100,113,-7,-9,-6,-11,-1.028,-0.044,-0.086,-40,-85,0,0,0,0,0,0,2804,2821,2024,2026,2050,2049,2047,2050,-185,-201,1,2,-1,2,-1,-2,-75,-67,97,92,7,-3,-1,7,-0.953,-0.25,0.298
2055,2049,2048,2048,2046,2048,2050,2048,1,1,0,0,0,0,0,0,-8,-10,0,-1,0,0,0,0,0.056,0.015,1.031,-10,-7,-7,-1,0,0,0,0,2033,2021,2025,2043,2044,2048,2050,2046,-9,-10,-7,0,0,0,0,0,-17,-13,-36,0,7,0,0,12,0.11,0.027,1.019
1951,1964,1973,2035,2044,2049,2050,2046,-12,-6,-6,0,0,0,0,0,-12,-3,-17,5,10,-1,0,11,0.131,-0.011,0.99,13,8,3,-7,0,0,0,0,1857,1908,1911,1995,2043,2049,2049,2047,0,1,0,-6,0,0,0,1,47,28,68,0,10,-2,3,8,0.098,-0.031,1.015
1893,1968,1911,1949,2043,2049,2050,2049,16,14,0,-6,1,0,0,0,90,21,155,0,10,-6,0,-12,0.032,-0.054,1.028,6,-4,1,14,0,0,0,0,2036,2047,1926,1952,2044,2050,2051,2049,1,-4,0,13,1,0,0,0,77,-14,209,21,9,-8,-6,-8,-0.032,-0.021,1.033
2108,2021,1942,2043,2044,2050,2051,2048,15,-2,6,12,0,0,0,0,43,-11,174,36,10,-8,-6,0,-0.096,-0.045,1.025,-5,-4,6,4,0,0,0,0,2183,1967,1982,2168,2044,2050,2052,2047,1,-6,8,7,1,0,0,1,12,13,146,45,9,-8,-7,8,-0.162,-0.061,1.023
2168,1941,2019,2195,2045,2050,2052,2047,-4,-4,0,3,2,0,0,1,-8,14,160,41,5,-8,-6,8,-0.163,-0.048,1.021,-8,-2,6,-9,0,0,0,0,2088,1901,2092,2201,2045,2050,2051,2049,-2,-2,10,-8,1,0,0,1,0,9,165,-21,6,-8,-6,-9,-0.144,-0.03,1.019
2031,1889,2130,2148,2046,2050,2052,2050,-5,-1,9,-7,1,0,0,1,12,9,180,-52,-5,-8,-5,-9,-0.198,-0.002,1.002,8,5,-11,-5,0,0,0,0,1948,1874,2162,2041,2048,2050,2052,2048,0,0,-10,-4,0,0,0,0,44,18,16,-1,-11,-8,-8,0,-0.122,0.016,1.028
1983,1889,2089,2007,2048,2050,2052,2048,13,6,-10,-6,0,0,0,0,52,24,16,0,-10,-8,-8,0,-0.062,0.038,1.031,-4,11,-4,-1,0,0,0,0,2065,1969,1988,1964,2047,2050,2052,2046,1,8,-5,-1,0,0,0,0,24,32,14,7,-6,-8,-8,12,-0.054,0.023,1.033
2066,2028,1962,1957,2047,2050,2052,2046,1,11,-2,-1,0,0,0,0,12,42,6,8,-6,-8,-8,12,-0.048,0.009,1.046,-4,-2,14,3,0,0,0,0,2035,2129,1982,1950,2045,2049,2052,2047,-5,1,14,0,0,0,0,1,-9,23,56,63,10,-5,-8,8,-0.09,0.001,1.022
2003,2137,2061,1966,2046,2049,2052,2049,-2,2,11,3,1,0,0,0,12,14,118,82,0,-7,-8,-9,-0.125,-0.003,1.017,1,1,-13,-3,0,0,0,0,1952,2147,2135,1992,2047,2050,2052,2046,2,0,-10,0,1,0,0,1,17,13,2,15,-7,-7,-8,10,-0.125,-0.021,1.024
1953,2146,2049,1972,2044,2049,2052,2046,1,0,-11,0,0,0,0,0,21,14,0,13,10,-5,-5,12,-0.035,-0.021,1.01,-6,-15,-6,-1,0,0,0,0,1965,2097,1922,1945,2044,2049,2049,2046,-1,-13,-5,0,0,0,0,0,0,-13,1,8,10,-5,4,12,0.047,-0.013,1.039
1925,1985,1882,1938,2044,2049,2049,2046,-6,-19,-6,0,0,0,0,1,0,-10,1,9,10,-5,4,11,0.041,-0.036,1.023,4,8,15,14,0,0,0,0,1868,1859,1869,1969,2043,2049,2052,2046,0,0,15,15,0,0,0,0,20,34,153,107,10,-7,-8,8,-0.062,-0.042,1.036
1867,1873,1970,2062,2043,2050,2052,2046,1,14,16,13,0,0,0,0,36,59,155,113,10,-8,-8,11,-0.187,-0.109,1.005,16,2,-2,-14,0,0,0,0,1885,1976,2087,2131,2043,2050,2051,2049,29,18,0,-12,1,0,0,0,110,29,116,2,10,-8,-8,-8,-0.262,-0.093,0.993
1996,2040,2086,2046,2045,2050,2052,2048,33,8,0,-13,1,0,0,0,104,13,66,-18,6,-8,-8,-8,-0.313,-0.04,0.988,-2,-7,-12,14,0,0,0,0,2266,2028,2032,1947,2052,2051,2052,2047,11,-7,-7,8,0,0,0,0,-12,14,-5,198,-10,-13,-8,7,-0.298,0.06,0.994
2280,1960,1951,2035,2043,2051,2052,2047,1,-14,-10,14,0,0,0,0,-22,17,-3,227,10,-13,-8,7,-0.252,-0.065,0.977,-23,9,2,-14,0,0,0,0,2144,1907,1853,2127,2044,2050,2049,2046,-29,0,0,-14,1,0,0,0,-16,45,53,6,10,-8,2,12,-0.146,-0.157,1.015
1964,1935,1853,2031,2044,2050,2049,2046,-24,4,0,-15,1,0,0,0,-11,82,110,28,10,-8,3,8,-0.134,-0.16,1.013,4,-7,8,11,0,0,0,0,1768,2019,1882,1948,2043,2050,2052,2046,1,1,16,16,1,0,0,1,22,27,211,142,10,-8,-9,8,-0.201,-0.175,0.994
1768,2018,1933,2024,2043,2050,2052,2046,0,0,10,15,1,0,0,1,40,9,220,135,10,-8,-9,8,-0.231,-0.195,0.982,14,7,8,-9,0,0,0,0,1805,1960,2029,2097,2043,2051,2053,2049,22,0,10,-7,0,0,0,0,93,27,230,7,9,-9,-12,-8,-0.306,-0.176,0.987
1834,2013,2074,2036,2044,2051,2052,2048,37,8,10,-10,1,0,0,0,147,22,271,0,9,-12,-12,0,-0.374,-0.106,0.923,12,-1,2,2,0,0,0,0,2054,2098,2152,1969,2048,2061,2054,2049,29,0,0,0,1,0,0,1,91,13,242,42,-10,-54,-17,-8,-0.474,0.075,0.872
2233,2091,2176,1969,2053,2060,2051,2049,15,0,0,0,4,0,0,1,21,9,194,99,-10,-51,-5,-12,-0.513,0.117,0.875,-17,3,-15,10,0,0,0,0,2354,2071,2175,1990,2054,2058,2048,2050,1,0,-13,5,-9,0,0,0,-56,18,-16,264,-10,-43,7,-12,-0.514,0.084,0.875
2242,2070,2067,2056,2045,2046,2048,2050,-29,0,-15,6,1,0,0,0,-40,29,-1,274,5,10,7,-12,-0.437,-0.269,0.942,4,-3,7,-9,0,0,0,0,2023,2071,1939,2151,2044,2050,2052,2049,1,1,0,-2,0,0,0,0,19,31,187,30,10,-8,-9,-9,-0.477,-0.253,0.899
2023,2072,1958,2092,2043,2050,2054,2049,1,1,0,-7,0,0,0,0,35,20,307,10,10,-8,-17,-8,-0.458,-0.205,0.887,-6,3,3,9,0,0,0,0,2022,2073,2009,2039,2043,2051,2054,2049,0,1,0,9,0,0,0,1,32,17,377,120,10,-13,-17,-8,-0.486,-0.176,0.878
2009,2072,2055,2088,2043,2051,2054,2048,-4,1,7,2,0,0,0,0,17,29,276,161,10,-13,-17,0,-0.508,-0.207,0.867,5,-4,7,-9,0,0,0,0,1973,2073,2113,2151,2043,2051,2054,2049,0,1,1,-8,1,0,0,1,28,27,259,27,10,-11,-17,-12,-0.554,-0.196,0.822
1972,2074,2132,2092,2044,2050,2055,2049,0,1,0,-10,1,0,0,0,54,14,376,0,9,-12,-22,-13,-0.55,-0.102,0.821,8,1,-11,-10,0,0,0,0,1972,2065,2201,1976,2048,2050,2056,2049,0,1,-3,-12,1,0,0,0,141,14,117,8,-10,-12,-26,-8,-0.586,0.013,0.915
2041,2065,2128,1909,2048,2051,2056,2049,2,0,-11,-10,1,0,0,0,109,13,106,4,-10,-12,-26,-9,-0.542,0.043,0.867,-1,-5,4,2,0,0,0,0,2118,2059,2039,1833,2047,2048,2055,2049,1,-6,0,0,1,0,0,1,92,13,192,54,-5,-2,-22,-12,-0.665,0.102,0.786
2149,2020,2042,1832,2047,2047,2054,2049,1,-7,2,0,0,0,0,1,53,13,297,116,-5,6,-18,-12,-0.896,-0.042,0.563,-3,-4,7,6,0,0,0,0,2149,1968,2074,1886,2048,2047,2050,2050,1,-7,0,5,0,0,0,1,34,13,422,71,-10,4,-2,-13,-0.896,0.082,0.58
2149,1941,2124,1927,2047,2047,2049,2050,0,-5,15,8,0,0,0,1,22,13,418,67,-9,4,2,-12,-0.938,0.077,0.507,-11,10,-7,-4,0,0,0,0,2109,1908,2176,1965,2048,2047,2051,2047,-10,0,0,0,1,0,0,1,12,34,296,30,-10,4,-4,8,-0.848,0.066,0.518
2031,1932,2176,1940,2047,2047,2051,2048,-17,4,0,-2,0,0,0,1,12,65,98,19,-6,4,-5,0,-0.84,0.08,0.498,12,8,2,4,0,0,0,0,1930,2013,2126,1901,2048,2048,2050,2049,0,1,0,0,1,0,0,1,62,106,109,126,-10,0,-3,-7,-0.869,0.008,0.537
1982,2058,2126,1902,2048,2048,2050,2049,11,20,0,0,1,0,0,1,85,97,166,237,-10,1,-2,-8,-0.879,-0.004,0.494,2,0,0,14,0,0,0,0,2127,2125,2126,1980,2047,2048,2050,2049,8,1,0,11,0,0,0,-1,38,101,234,301,-6,1,-3,-10,-1.02,-0.09,0.344
2138,2125,2127,2080,2047,2048,2050,2050,1,1,0,14,1,0,0,1,45,100,230,275,-6,3,-2,-12,-0.977,-0.23,0.201,-3,-9,-1,-2,0,0,0,0,2152,2124,2136,2168,2047,2048,2050,2050,1,0,0,0,0,0,0,1,32,52,173,329,-6,2,-3,-12,-0.979,-0.216,0.174
2152,2118,2136,2168,2047,2047,2051,2049,1,-6,0,0,0,0,0,1,21,21,144,272,-6,2,-4,-12,-0.963,-0.208,0.189,-2,6,-3,-4,0,0,0,0,2152,2060,2136,2170,2047,2048,2051,2050,0,0,0,0,0,0,0,1,12,33,55,123,-6,2,-5,-12,-0.969,-0.215,0.196
2145,2062,2124,2161,2047,2048,2051,2050,-1,3,-4,-2,0,0,0,0,7,62,15,45,-6,2,-6,-12,-0.958,-0.215,0.199,-9,-12,-13,-3,0,0,0,0,2087,2094,2053,2121,2045,2048,2050,2049,-9,1,-10,-1,2,0,0,0,-12,23,-24,25,2,2,-4,-8,-0.943,-0.209,0.256
2041,2059,1972,2105,2045,2048,2050,2049,-5,-13,-11,-2,1,0,0,0,-13,-4,-51,8,6,2,-3,-9,-0.927,-0.211,0.319,-7,2,16,6,0,0,0,0,1951,1967,1934,2093,2042,2048,2050,2049,-14,1,13,2,0,0,0,0,-14,14,-2,70,10,2,-5,-8,-0.914,-0.213,0.349
1877,1966,2034,2118,2044,2049,2051,2049,-4,-1,12,5,1,0,0,0,-12,18,11,139,6,-2,-6,-8,-0.927,-0.227,0.333,10,-6,3,-7,0,0,0,0,1824,1958,2152,2149,2045,2050,2051,2049,2,0,0,0,1,0,0,0,31,14,99,74,5,-4,-6,-8,-0.925,-0.234,0.325
1843,1938,2159,2117,2045,2050,2050,2048,7,-5,0,-5,1,0,0,0,62,-10,154,0,5,-5,-3,0,-0.94,-0.223,0.308,4,8,-2,-5,0,0,0,0,1892,1905,2162,2050,2045,2049,2050,2048,1,6,0,-3,1,0,0,0,119,17,209,-28,5,-4,-3,0,-0.929,-0.222,0.31
1922,1960,2161,2018,2045,2050,2050,2048,1,9,0,-4,1,0,0,0,116,17,152,-34,5,-4,-3,0,-0.94,-0.224,0.308,2,-3,-12,3,0,0,0,0,1985,2032,2111,1986,2045,2049,2049,2048,14,1,-10,4,2,0,0,0,78,-9,71,-5,6,-3,0,0,-0.941,-0.235,0.321
2055,2013,2039,2006,2044,2049,2049,2048,9,0,-13,4,2,0,0,0,32,-13,3,0,6,-3,0,0,-0.924,-0.222,0.324,-4,8,-1,5,0,0,0,0,2109,1995,1958,2051,2044,2049,2049,2049,1,6,0,4,0,0,0,1,7,21,-39,0,10,-3,0,-8,-0.92,-0.219,0.335
2085,2031,1953,2065,2044,2049,2050,2049,0,6,0,3,0,0,0,0,-12,30,-49,77,10,-3,-2,-8,-0.926,-0.22,0.334,4,2,3,5,0,0,0,0,2074,2043,1948,2092,2043,2049,2050,2049,5,1,0,1,0,0,0,0,12,78,-6,218,10,-3,-3,-8,-0.92,-0.218,0.33
2088,2042,1968,2113,2042,2049,2050,2049,1,0,1,0,0,0,0,1,12,94,0,272,10,-3,-3,-12,-0.928,-0.224,0.324,2,-8,-5,-10,0,0,0,0,2116,2042,1971,2132,2044,2049,2050,2049,5,1,-2,0,1,0,0,0,14,62,-12,175,10,-3,-3,-8,-0.924,-0.228,0.314
2138,2042,1944,2097,2044,2049,2050,2050,3,1,-4,-11,1,0,0,1,12,23,-39,33,6,-1,-3,-9,-0.927,-0.213,0.337,-7,-3,10,5,0,0,0,0,2135,2014,1943,2053,2043,2049,2050,2050,-9,-1,8,5,0,0,0,1,-8,-13,-1,0,10,-1,-3,-8,-0.926,-0.224,0.336
2125,2088,2124,2087,2059,2048,2041,2052,1,1,0,0,2,0,0,1,-14,-14,-43,-35,7,0,4,-12,0.174,0.029,1.019,42,51,-4,-1,0,0,0,0,2279,2284,2113,2087,2072,2048,2044,2049,40,54,-5,0,1,0,0,1,20,19,-72,-54,7,-1,-5,10,-0.051,-0.003,1.02
2547,2615,2064,2071,2071,2049,2044,2051,43,54,-6,0,0,0,0,2,27,25,15,-13,12,-4,-5,-9,-0.328,-0.043,0.964,-19,-25,-1,-5,0,0,0,0,2918,3045,2034,2050,2074,2049,2044,2051,0,1,0,0,0,0,0,0,-87,-102,-2,-48,-12,-6,-5,-7,-0.044,0.101,1.042
2810,2944,2027,2048,2074,2049,2042,2048,-21,-21,-1,-1,0,0,-1,0,-90,-162,-3,-183,-7,-6,1,11,0.003,0.084,1.048,16,-38,-7,-8,0,0,0,0,2594,2563,1981,1964,2073,2046,2041,2051,10,-59,-8,-13,1,0,0,-9,18,-108,25,-149,-7,6,6,10,-0.009,-0.014,1.042
2707,2400,1933,1934,2072,2046,2041,2052,12,-47,-9,-2,1,0,1,1,16,-247,30,-242,-7,6,7,-11,0.226,-0.207,0.945,-1,3,5,8,0,0,0,0,2977,1794,1937,1800,2077,2082,2040,2076,0,1,0,0,0,0,0,0,-110,39,-125,198,-11,-150,11,-14,0.229,-0.16,0.989
2977,1794,1958,1836,2078,2082,2040,2076,0,1,5,5,1,0,0,0,-117,55,-71,278,-11,-150,12,-14,0.236,-0.147,1.023,10,53,-5,7,0,0,0,0,2977,1902,2004,1891,2081,2081,2041,2045,1,59,0,0,1,0,0,0,-64,219,-188,443,-11,-146,8,11,-0.026,-0.38,1.042
3045,2438,1968,2033,2074,2057,2047,2049,21,82,0,20,2,0,0,0,-67,33,-180,52,-12,-40,-17,7,0.083,-0.288,0.969,-25,-32,2,-5,0,0,0,0,3106,2836,1935,2075,2075,2057,2054,2051,-1,-23,-1,1,2,0,0,0,-228,-48,-173,10,-11,-40,-47,-7,0.162,-0.254,0.991
3041,2621,1935,2044,2102,2059,2054,2048,-16,-36,0,-4,5,0,0,1,-374,-41,-114,-4,-15,-46,-47,7,0.358,-0.27,0.963,2,38,8,1,0,0,0,0,2680,2432,1979,2011,2095,2056,2053,2051,-12,45,10,3,-6,0,0,1,-90,27,-80,-9,-13,-37,-43,-7,0.815,0.021,0.64
2618,2724,2028,2029,2084,2047,2042,2052,-16,7,4,0,-2,0,0,2,-22,22,-61,-58,-12,1,4,-12,0.826,0.105,0.562,29,-22,3,-8,0,0,0,0,2662,2943,2092,2024,2074,2047,2042,2051,30,-21,5,-5,0,0,0,1,33,-15,-6,-152,-7,2,3,-12,0.847,0.102,0.551
2862,2793,2111,1975,2073,2047,2042,2051,31,-22,2,-5,0,0,0,1,31,-15,-3,-174,-7,2,3,-9,0.839,0.08,0.554,7,-23,-9,14,0,0,0,0,3142,2578,2108,1944,2074,2048,2042,2052,7,-22,-7,10,1,0,0,1,15,-48,-61,-50,-7,-2,3,-12,0.843,0.101,0.547
3190,2449,2057,2038,2074,2048,2042,2051,7,-21,-6,15,1,0,0,1,15,-73,-101,-32,-12,-2,3,-10,0.846,0.148,0.543,-29,-9,-8,-9,0,0,0,0,3156,2233,1982,2132,2073,2048,2042,2051,-28,-12,-5,-6,0,0,0,0,-18,-71,-235,-150,0,-2,3,-7,0.815,0.19,0.529
2050,2048,2048,2048,2046,2058,2048,2049,0,2,0,0,0,0,0,1,-10,-8,-1,0,0,0,-1,-8,0.061,0.023,1.029,17,22,-1,-11,0,0,0,0,2113,2129,2044,2005,2046,2059,2049,2050,17,24,0,-10,0,0,0,1,14,14,-4,-25,0,-4,-3,-12,0.037,0.01,1.025
2239,2294,2037,1935,2047,2060,2049,2051,20,23,0,-11,0,0,0,1,12,11,-3,-45,-10,-9,-5,-12,0.026,-0.002,1.021,11,-15,-10,15,0,0,0,0,2446,2480,1998,1901,2046,2059,2048,2047,11,-1,-11,13,0,0,0,0,-14,-59,-59,16,0,-5,-1,11,0.029,-0.018,1.039
2514,2412,1926,1998,2045,2057,2046,2046,7,-13,-8,14,1,0,0,0,-13,-77,-41,34,11,2,7,11,0.036,-0.032,1.026,-1,15,2,2,0,0,0,0,2613,2277,1847,2133,2042,2059,2049,2047,0,0,0,3,0,0,0,1,-21,-12,-2,-4,12,-5,-6,7,-0.006,-0.014,1.053
2613,2358,1862,2145,2041,2060,2050,2048,1,13,3,0,0,0,0,2,-25,11,-3,2,12,-9,-7,7,-0.053,-0.003,1.027,-2,-9,12,-2,0,0,0,0,2612,2445,1921,2151,2044,2060,2049,2050,0,-1,10,-2,-1,0,0,0,-36,-15,35,-2,7,-9,-5,-9,-0.079,-0.003,1.03
2603,2424,1990,2150,2045,2060,2049,2050,-3,1,11,0,1,0,0,1,-37,-36,86,-48,7,-9,-4,-11,-0.079,0.005,1.028,-18,-2,7,-1,0,0,0,0,2506,2389,2120,2150,2048,2060,2049,2050,-15,-4,5,0,1,0,0,0,-42,-68,67,-134,-11,-9,-5,-11,-0.044,0.038,1.028
2382,2361,2182,2143,2048,2060,2049,2050,-19,-6,8,0,2,0,0,0,-39,-52,5,-133,-12,-9,-4,-11,-0.038,0.034,1.027,-12,-1,-21,-3,0,0,0,0,2222,2325,2171,2114,2052,2060,2050,2048,0,-4,-18,-6,1,0,0,-1,-75,-41,-111,-101,-11,-9,-8,7,0.106,0.075,1.051
2185,2310,2038,2082,2044,2061,2051,2048,-29,-10,-23,-3,1,0,0,1,-96,-31,-149,-55,11,-13,-11,7,0.246,0.17,0.977,16,18,12,4,0,0,0,0,1987,2321,1847,2074,2032,2064,2046,2048,0,24,2,0,1,0,1,1,33,11,184,-37,11,-26,8,7,-0.052,-0.062,1.069
1990,2433,1905,2096,2031,2070,2048,2047,10,18,7,4,1,0,0,2,111,12,280,-17,10,-51,1,7,-0.068,0.059,1.021,-3,-12,5,-4,0,0,0,0,2208,2600,2047,2127,2048,2070,2049,2048,1,1,9,0,1,0,0,0,20,-52,177,-92,-11,-51,-6,7,-0.026,0.092,1.028
2210,2583,2086,2127,2049,2069,2050,2048,1,-6,7,0,1,0,0,1,13,-114,158,-206,-11,-48,-7,7,-0.052,0.076,1.03,17,-5,-3,1,0,0,0,0,2290,2385,2165,2065,2044,2058,2048,2045,17,-13,0,0,-1,0,0,-1,11,-29,-68,-61,11,-1,2,12,0.017,0.027,1.03
2375,2373,2128,2066,2046,2058,2047,2046,13,1,-2,0,2,0,0,1,17,-49,-4,-32,0,-1,3,11,0.058,0.034,1.046,-2,12,-7,-2,0,0,0,0,2516,2371,2071,2068,2045,2058,2048,2047,-5,0,-5,0,1,0,0,0,-13,-26,0,-44,7,-1,2,12,0.063,0.04,1.006
2502,2399,2023,2061,2046,2058,2048,2047,-2,14,-6,-2,1,0,0,2,-13,12,0,-74,0,-1,2,6,0.032,0.042,1.023,-9,-22,3,-7,0,0,0,0,2515,2461,1986,2019,2046,2058,2048,2048,0,-7,4,-2,0,0,0,2,-49,-57,1,-94,0,-1,2,6,0.093,0.061,1.007
2458,2394,2006,1991,2046,2058,2047,2051,-14,-12,3,-4,1,0,0,2,-43,-140,1,-177,0,-1,4,-11,0.231,0.05,1.009,-9,8,6,-1,0,0,0,0,2318,2210,2054,1941,2048,2058,2048,2051,-8,1,6,0,1,0,0,1,-27,-65,7,-213,-12,-1,3,-11,0.253,0.048,1.007
2256,2210,2101,1926,2049,2057,2047,2051,-7,1,7,-2,1,1,0,0,-26,-24,-9,-180,-12,3,5,-12,0.237,0.013,1.004,-4,3,-13,10,0,0,0,0,2188,2259,2106,1927,2051,2058,2050,2051,0,0,-11,8,1,0,1,0,-38,-15,-89,-24,-12,-1,-6,-12,0.236,0.042,1.0
2189,2270,2046,1994,2047,2060,2050,2048,1,1,0,10,-1,0,0,-1,-63,-13,-201,0,-7,-9,-7,7,0.25,0.062,1.014,2,10,-1,1,0,0,0,0,2190,2319,1928,2070,2042,2059,2050,2049,1,8,-3,0,1,0,0,1,-80,12,-155,1,11,-8,-7,-7,0.217,0.127,1.0
2190,2359,1923,2077,2042,2060,2050,2049,1,9,0,1,0,0,0,0,-66,20,-162,2,11,-10,-7,7,0.211,0.116,0.998,3,10,13,-10,0,0,0,0,2190,2491,1945,2044,2044,2060,2050,2047,1,16,16,-9,4,0,-1,0,-41,14,-24,-17,7,-10,-6,6,0.168,0.114,0.988
2189,2587,2031,1978,2047,2060,2049,2049,0,9,14,-9,-1,0,0,1,-26,8,-16,-22,-12,-10,-6,-7,0.156,0.09,0.967,8,-21,-2,3,0,0,0,0,2205,2617,2129,1903,2046,2060,2047,2048,7,-5,0,0,2,0,0,-2,8,-45,-58,20,-12,-10,5,7,0.135,0.049,1.024
2249,2555,2128,1930,2045,2057,2047,2044,5,-15,0,3,-1,0,0,0,12,-111,-111,-2,8,0,5,11,0.12,0.07,1.018,-12,4,2,9,0,0,0,0,2270,2400,2104,1996,2044,2058,2048,2044,-5,0,0,7,-1,0,0,1,-13,-85,-39,-1,7,-4,2,11,0.131,0.037,1.026
2230,2377,2113,2056,2045,2059,2049,2045,-4,-5,5,7,1,0,0,1,-34,-37,-18,0,7,-7,0,12,0.138,0.042,1.034,-4,-1,-13,-14,0,0,0,0,2177,2370,2112,2065,2045,2059,2049,2046,0,0,-14,-14,0,0,0,1,-81,-22,-195,-17,7,-7,-1,11,0.188,0.061,1.038
2178,2371,2024,1975,2044,2059,2049,2046,1,1,-11,-13,0,0,0,1,-111,-27,-190,-39,11,-7,-1,11,0.292,0.117,0.977,18,-9,8,14,0,0,0,0,2134,2371,1918,1919,2043,2059,2048,2045,1,-1,2,15,0,0,-1,0,-16,-67,-27,1,12,-7,1,11,0.292,0.102,0.976
2227,2309,1974,2022,2042,2057,2048,2046,15,-6,8,15,0,0,0,0,4,-65,-28,-1,12,0,4,11,0.157,0.053,1.002,-4,3,4,-13,0,0,0,0,2346,2226,2049,2101,2045,2058,2047,2046,0,1,4,-10,1,0,0,0,-13,-38,-2,-157,4,-2,5,11,0.207,0.063,1.009
2321,2227,2076,2028,2047,2058,2047,2050,-3,0,4,-13,1,0,0,1,-13,-26,0,-216,-11,-2,7,-11,0.267,0.019,1.005,4,-4,-9,-2,0,0,0,0,2283,2248,2070,1913,2046,2057,2047,2050,6,1,-7,-2,1,0,0,0,12,-41,-20,-199,-7,2,7,-11,0.319,0.061,0.99
2315,2248,2011,1898,2046,2056,2047,2049,5,1,-9,0,0,0,0,1,12,-63,-30,-190,-7,3,7,-8,0.314,0.042,0.985,-8,1,12,4,0,0,0,0,2340,2248,1985,1878,2045,2057,2047,2050,-8,1,12,0,0,0,0,0,-16,-85,10,-99,7,3,7,-12,0.298,0.047,0.988
2282,2248,2066,1892,2048,2057,2047,2051,-8,1,12,3,1,0,0,0,-15,-78,11,-41,-12,2,7,-11,0.25,0.086,1.047,14,-4,-8,5,0,0,0,0,2228,2246,2136,1940,2046,2056,2048,2048,12,-4,-8,2,-1,0,0,0,25,-84,-40,-19,0,3,4,7,0.25,0.022,1.015
2310,2217,2078,1973,2046,2056,2048,2047,16,-14,-10,3,0,0,0,1,30,-78,-25,-18,0,4,3,12,0.24,0.021,0.995,5,-4,2,-2,0,0,0,0,2481,2156,2019,2012,2044,2056,2048,2048,7,-6,3,0,2,0,0,1,12,-76,0,-52,7,1,4,7,0.228,0.023,1.016
2527,2155,2033,2012,2045,2057,2047,2050,4,0,2,0,1,0,0,1,12,-104,1,-109,7,1,7,-11,0.243,0.011,1.008,-2,5,-9,-5,0,0,0,0,2563,2124,2012,1994,2045,2057,2047,2050,1,0,-8,-9,0,0,0,0,-13,-71,-17,-197,7,2,7,-11,0.298,0.026,0.993
2563,2124,1952,1958,2045,2056,2047,2050,2,0,-7,-6,1,0,0,1,-16,-42,-20,-185,7,1,7,-7,0.306,0.025,0.975,-19,16,-2,9,0,0,0,0,2471,2172,1866,1922,2044,2057,2048,2046,-22,17,-3,10,-2,0,0,1,-21,-5,-1,-23,11,1,4,11,0.295,0.072,0.994
2407,2279,1864,1982,2043,2059,2050,2047,0,15,0,9,1,0,0,1,-83,-8,-41,-7,11,-7,-5,11,0.247,0.094,0.99,-3,-5,14,6,0,0,0,0,2310,2369,1911,2072,2044,2060,2050,2048,0,-5,13,7,0,0,0,1,-141,-12,-15,4,11,-11,-5,7,0.185,0.08,1.024
2259,2334,2005,2115,2046,2060,2050,2048,-20,-3,14,3,1,0,0,0,-85,-12,-19,0,0,-11,-5,7,0.172,0.078,1.001,7,10,-11,1,0,0,0,0,2197,2311,2095,2163,2048,2060,2050,2048,1,7,-15,1,1,0,0,1,-30,20,-169,2,-12,-12,-6,7,0.177,0.089,1.025
2220,2363,2025,2170,2045,2060,2050,2048,6,12,-10,0,-1,0,0,1,-18,26,-186,4,7,-12,-6,7,0.168,0.094,0.995,-8,-20,-3,-17,0,0,0,0,2294,2418,1918,2114,2042,2060,2050,2049,1,-18,-10,-14,2,0,0,0,-67,-17,-158,-45,11,-12,-6,-7,0.207,0.124,1.016
2271,2312,1887,2010,2044,2059,2049,2046,-7,-5,-10,-16,2,0,0,0,-95,-38,-111,-86,7,-7,-3,11,0.368,0.149,0.964,-2,18,1,7,0,0,0,0,2140,2228,1856,1896,2046,2059,2050,2047,1,0,0,1,1,0,1,0,-38,-15,-57,-37,-7,-6,-3,12,0.37,0.122,0.973
2141,2315,1857,1940,2044,2059,2050,2047,1,13,0,8,0,0,0,0,-49,12,-32,-6,11,-7,-6,11,0.301,0.16,0.967,0,6,10,-1,0,0,0,0,2141,2460,1910,1986,2044,2059,2050,2048,0,11,11,0,0,0,0,0,-67,12,-26,-4,12,-7,-6,2,0.249,0.133,0.997
2141,2519,1976,1982,2045,2059,2050,2047,0,6,10,0,1,0,0,1,-66,8,-10,-15,7,-7,-3,7,0.213,0.115,0.987,-1,-20,-3,7,0,0,0,0,2141,2531,2052,2006,2048,2059,2048,2048,1,-18,0,6,1,0,-1,1,-66,-35,-74,-5,-11,-7,0,7,0.216,0.112,0.987
2115,2371,2048,2054,2048,2059,2049,2047,-5,-25,0,6,1,0,0,0,-47,-19,-145,-9,-12,-7,-1,7,0.235,0.13,1.008,1,-6,1,0,0,0,0,0,2115,2229,2034,2107,2047,2060,2049,2047,1,1,0,0,1,0,0,0,-49,-46,-166,-15,-11,-12,-2,11,0.23,0.125,0.998
2115,2202,2034,2107,2048,2059,2049,2047,1,-4,0,0,1,0,0,0,-44,-58,-136,-17,-8,-10,-2,11,0.247,0.122,1.0,26,3,5,-13,0,0,0,0,2173,2171,2034,2091,2048,2057,2047,2047,25,0,2,-13,0,0,0,0,11,-54,-12,-195,-11,-1,5,11,0.293,0.075,0.999
2309,2172,2061,2014,2047,2056,2047,2049,17,1,0,-17,0,-1,0,1,27,-39,19,-238,-7,2,6,-11,0.308,0.02,0.991,-2,11,6,0,0,0,0,0,2549,2182,2149,1848,2048,2071,2047,2054,9,1,7,-7,1,2,0,0,-15,12,-73,26,-12,-57,6,-11,0.137,-0.099,1.025
2582,2183,2189,1840,2048,2071,2047,2053,1,2,6,0,1,0,0,0,-37,41,-69,70,-12,-59,6,-12,0.176,-0.166,1.017,-6,17,-5,16,0,0,0,0,2582,2372,2236,1880,2049,2069,2050,2047,1,14,0,18,1,0,0,2,-79,25,-164,201,-11,-55,-6,9,0.098,-0.152,1.004
2582,2498,2235,2006,2048,2069,2059,2050,0,22,0,18,0,0,0,0,-125,18,-305,124,-11,-51,-44,-7,0.121,-0.102,1.041,-1,-6,-6,-11,0,0,0,0,2578,2592,2185,2105,2049,2068,2060,2050,0,1,0,-11,1,0,0,1,-176,18,-371,14,-11,-48,-49,-7,0.092,-0.079,1.054
2578,2584,2143,2030,2048,2068,2060,2049,1,-9,0,-12,0,0,0,1,-185,12,-366,0,-11,-48,-49,-7,0.208,-0.073,1.016,-18,-20,-9,0,0,0,0,0,2448,2499,2029,1949,2047,2067,2061,2046,-27,-26,-16,0,0,-1,0,0,-115,-25,-256,12,-7,-42,-52,11,0.451,0.13,0.972
2195,2369,1933,1953,2044,2056,2060,2046,-14,-18,-4,0,2,1,0,0,-23,-34,-104,-5,6,3,-49,11,0.487,0.093,0.914,0,18,13,13,0,0,0,0,2150,2241,1907,2008,2043,2058,2060,2047,0,6,15,10,0,0,0,1,-88,13,-46,7,12,-5,-49,11,0.356,0.101,0.939
2134,2313,1993,2090,2044,2057,2060,2047,-10,16,10,12,0,0,0,1,-66,33,-46,25,12,-2,-49,11,0.307,0.094,0.959,18,-4,-4,-18,0,0,0,0,2119,2504,2096,2141,2041,2058,2060,2049,8,1,0,-13,0,0,0,0,12,-14,-122,-96,11,-6,-48,-7,0.285,0.115,0.989
2203,2505,2057,2037,2045,2057,2058,2049,9,1,-7,-16,1,-1,0,0,23,-27,-75,-163,7,0,-43,-7,0.336,0.124,0.97,14,-17,-8,-2,0,0,0,0,2379,2417,1983,1866,2047,2055,2056,2050,20,-27,-3,-10,2,-1,-2,1,34,-33,-43,-83,-7,3,-35,-11,0.408,0.019,0.955
2542,2365,1951,1864,2046,2057,2056,2049,11,-13,-19,0,0,0,0,1,-8,-99,-141,-125,0,-3,-33,-11,0.392,0.028,0.947,-13,7,11,10,0,0,0,0,2654,2229,1914,1871,2046,2056,2053,2050,1,0,12,9,1,0,0,-1,-56,-57,-14,-30,-7,2,-20,-7,0.369,-0.046,0.954
2610,2229,1989,1937,2047,2057,2054,2048,-22,0,9,11,1,0,0,-1,-88,-21,-33,-14,-7,-4,-22,5,0.356,-0.019,0.961,-23,3,-9,-1,0,0,0,0,2396,2255,2075,2011,2047,2058,2055,2047,-32,3,-1,0,2,0,0,1,-70,-3,-207,-28,-10,-7,-27,7,0.398,0.059,1.144
2157,2266,1992,2010,2048,2056,2055,2047,-14,4,-4,-1,2,-1,0,0,-23,12,-114,-53,-11,0,-28,7,0.451,0.066,0.909,-3,5,6,4,0,0,0,0,2053,2288,1962,2009,2045,2058,2056,2047,-3,3,0,3,0,0,0,0,-84,20,-175,0,7,-5,-31,11,0.427,0.114,0.921
2053,2310,1979,2031,2045,2058,2055,2047,0,6,8,1,1,0,0,0,-108,25,-72,12,7,-5,-30,11,0.409,0.105,0.928,17,13,-9,6,0,0,0,0,2023,2416,2022,2082,2044,2057,2056,2047,1,15,0,5,0,0,0,0,-19,20,-226,37,11,-3,-31,7,0.381,0.212,0.862
2120,2526,1962,2135,2042,2060,2055,2049,19,20,-15,12,0,0,0,1,-15,12,-229,3,11,-14,-28,-7,0.264,0.281,0.956,11,-27,0,1,0,0,0,0,2304,2616,1864,2191,2039,2060,2049,2047,6,-21,0,6,1,0,-1,0,-17,-75,-112,-31,11,-16,-6,11,0.256,0.273,0.954
2363,2466,1851,2206,2045,2057,2047,2047,9,-24,0,0,1,0,0,0,-13,-97,-58,-68,7,-3,6,11,0.336,0.251,0.947,7,-5,12,-12,0,0,0,0,2451,2182,1871,2211,2047,2057,2047,2047,1,0,12,-5,0,0,0,0,13,-52,85,-280,-7,-3,5,10,0.401,0.203,0.938
2454,2130,1950,2118,2047,2055,2050,2051,0,-18,15,-18,0,0,0,0,36,-30,92,-232,-7,5,-7,-11,0.445,0.088,0.957,-4,8,1,-2,0,0,0,0,2589,2078,2073,1992,2047,2055,2053,2050,1,2,0,0,1,0,0,1,-27,-13,-12,-129,-7,5,-19,-7,0.395,-0.061,0.96
2589,2126,2085,1978,2047,2055,2054,2050,0,6,0,0,0,0,0,0,-46,-8,-34,-128,-7,5,-22,-7,0.399,-0.076,0.95,-18,13,-8,4,0,0,0,0,2554,2248,2091,1961,2048,2057,2061,2048,-31,12,0,0,1,1,0,0,-122,8,-173,-51,-11,-1,-53,7,0.391,0.001,0.953
2433,2320,2090,1978,2048,2058,2062,2047,-20,3,0,4,1,0,0,0,-112,13,-398,0,-11,-4,-56,11,0.443,0.062,0.909,8,-8,10,-4,0,0,0,0,2170,2417,1983,2012,2046,2056,2062,2049,-1,1,3,0,1,0,0,0,13,-18,-27,-89,-6,4,-57,0,0.414,0.158,0.92
2167,2413,2050,2008,2047,2055,2062,2048,0,-6,7,0,1,0,0,0,46,-44,-5,-188,-7,5,-57,7,0.433,0.089,0.928,-4,0,1,-6,0,0,0,0,2312,2306,2147,1932,2047,2057,2062,2046,0,1,0,-1,0,0,0,1,-21,-17,-86,-111,-7,-2,-57,11,0.417,-0.035,0.94
2310,2306,2148,1898,2047,2057,2061,2047,0,1,0,-6,1,0,0,1,-36,-16,-58,-139,-12,-2,-54,7,0.458,-0.023,0.928,-9,5,-6,4,0,0,0,0,2227,2328,2148,1853,2047,2057,2062,2047,-9,4,0,0,1,0,0,0,-29,-15,-134,-74,-10,-2,-56,12,0.475,-0.003,0.914
2163,2345,2147,1866,2048,2057,2062,2047,-10,1,0,6,1,0,0,1,-26,-13,-302,-10,-11,-2,-58,11,0.471,0.024,0.908,28,-8,-7,5,0,0,0,0,2105,2336,2043,1919,2047,2056,2063,2047,24,-5,-2,5,1,0,0,1,48,-12,-196,0,-8,2,-61,11,0.485,0.049,0.909
2369,2304,2011,1953,2047,2057,2062,2047,40,-3,-12,4,0,0,0,1,11,-16,-263,-2,-7,-2,-58,11,0.42,0.026,0.917,-4,-3,3,9,0,0,0,0,2625,2238,1950,2034,2047,2056,2063,2047,1,-6,0,6,0,0,0,1,-39,-18,-179,-1,-7,1,-59,11,0.406,0.039,0.945
2625,2197,1950,2093,2047,2057,2063,2047,1,-5,0,7,0,0,0,0,-63,-12,-93,0,-7,1,-60,12,0.395,0.053,0.948,-6,15,12,-10,0,0,0,0,2625,2195,2015,2133,2047,2056,2062,2047,1,13,11,-5,0,0,0,0,-130,23,-43,-72,-10,3,-58,11,0.361,-0.002,0.96
2567,2295,2095,2063,2047,2056,2062,2047,-13,18,10,-10,0,0,0,1,-94,22,-43,-60,-8,2,-57,7,0.316,-0.06,0.982,-1,-13,-13,1,0,0,0,0,2523,2414,2187,1975,2048,2058,2060,2047,0,-5,-5,0,1,0,0,2,-109,-18,-271,1,-11,-7,-49,4,0.357,-0.062,0.969
2523,2348,2102,1984,2048,2058,2061,2047,0,-14,-13,2,1,0,0,0,-116,-26,-287,-6,-11,-6,-51,7,0.437,0.009,0.947,-5,-7,4,3,0,0,0,0,2523,2232,1998,2006,2048,2057,2061,2047,0,-5,0,4,0,0,0,1,-158,-37,-203,-13,-11,-3,-52,7,0.449,0.013,0.896
2421,2179,1998,2027,2047,2057,2061,2048,-18,-5,0,2,1,0,0,1,-68,-34,-89,-13,-7,-3,-52,7,0.465,0.065,0.92,-13,2,3,4,0,0,0,0,2280,2117,2033,2069,2046,2057,2061,2047,-27,0,4,5,0,0,0,1,-33,-22,-45,-17,0,-5,-52,1,0.478,0.119,0.901
2139,2103,2048,2094,2044,2057,2060,2048,-15,-5,0,3,-1,0,0,0,-12,-12,-23,-16,11,-3,-49,7,0.505,0.128,0.92,12,19,0,2,0,0,0,0,2052,2141,2070,2133,2044,2056,2060,2047,4,16,0,1,0,0,0,0,23,30,-17,-10,11,2,-49,7,0.417,0.16,0.922
2104,2313,2070,2149,2044,2057,2059,2048,14,23,0,3,1,0,0,1,38,12,-17,-19,11,-4,-45,7,0.339,0.194,0.946,-2,-16,-8,-11,0,0,0,0,2196,2482,2046,2155,2043,2058,2057,2047,1,-1,-10,-6,0,0,-1,0,29,-68,-70,-185,11,-5,-39,11,0.397,0.222,0.927
2197,2401,1990,2090,2048,2056,2050,2047,1,-17,-9,-11,1,0,0,0,20,-81,-61,-225,-11,2,-10,7,0.493,0.194,0.897,14,7,-3,4,0,0,0,0,2228,2202,1915,1994,2047,2055,2049,2047,15,0,-8,0,1,0,0,0,36,-7,-65,-105,-7,4,-6,11,0.507,0.183,0.869
2053,2057,2055,2065,2031,2048,2061,2046,0,1,0,0,1,0,0,0,-12,-10,-2,-1,12,-1,0,7,0.057,0.023,1.03,12,3,24,1,0,0,0,0,2088,2072,2152,2071,2036,2049,2060,2049,9,4,23,0,1,0,0,0,15,-13,36,-6,-12,-4,4,-12,-0.014,-0.028,1.02
2183,2092,2328,2076,2033,2048,2060,2049,17,4,26,0,9,0,0,1,11,-14,0,1,-12,0,5,-12,-0.023,-0.165,1.025,-9,5,-14,7,0,0,0,0,2257,2118,2500,2080,2047,2051,2059,2046,1,0,-12,0,1,0,0,0,-15,15,-222,140,-11,-13,8,7,-0.083,-0.143,1.014
2256,2117,2420,2106,2051,2050,2063,2045,0,0,-11,4,1,0,2,2,-54,33,-284,234,-12,-10,-5,7,-0.015,-0.111,1.028,19,22,-8,-3,0,0,0,0,2188,2298,2238,2203,2035,2051,2068,2049,18,26,-7,-4,0,-1,0,1,12,14,-121,-3,-7,-15,-29,-12,-0.026,-0.014,1.031
2301,2431,2173,2182,2033,2048,2068,2048,31,27,-10,-2,2,0,0,1,15,19,-78,-1,7,-4,-30,-12,-0.053,-0.015,1.077,2,-25,14,15,0,0,0,0,2479,2561,2145,2224,2033,2050,2069,2049,2,-23,10,14,1,0,0,1,7,-30,38,4,7,-8,-34,-12,-0.142,0.006,1.037
2487,2382,2244,2327,2035,2050,2069,2049,4,-15,13,15,2,0,0,1,12,-27,18,3,-9,-6,-34,-12,-0.158,-0.001,1.022,-20,0,-19,-2,0,0,0,0,2476,2182,2293,2444,2037,2051,2068,2065,-19,-9,-18,0,1,0,0,0,-35,-16,-78,-40,-12,-11,-31,-13,-0.135,-0.009,1.058
2346,2152,2168,2436,2037,2057,2068,2065,0,-1,-18,-3,2,0,0,0,-50,13,-93,-69,-11,-37,-31,-12,0.014,0.128,1.026,5,5,-8,-21,0,0,0,0,2313,2154,1985,2335,2035,2060,2068,2063,0,0,-9,-20,1,0,0,0,-134,16,-101,-97,-7,-50,-31,-12,0.156,0.14,1.003
2312,2195,1926,2199,2036,2060,2068,2062,1,8,-8,-21,1,0,0,0,-92,13,-76,-116,-12,-50,-31,-12,0.228,0.136,0.992,11,6,5,-10,0,0,0,0,2312,2282,1869,2000,2035,2060,2067,2054,0,6,4,-8,0,0,0,0,-17,-14,-1,-155,-7,-50,-28,-11,0.303,0.107,0.975
2367,2328,1903,1934,2035,2057,2067,2054,13,12,6,-9,0,0,0,0,-13,-14,0,-162,-12,-38,-26,-12,0.26,0.084,0.992,2,-1,21,40,0,0,0,0,2436,2404,2023,2001,2035,2054,2067,2052,1,0,23,37,1,0,0,0,12,-27,44,-3,-7,-26,-27,-12,-0.04,0.04,1.024
2448,2365,2170,2265,2034,2054,2067,2052,4,-8,20,39,1,0,0,1,12,-14,21,0,-7,-25,-27,-11,-0.167,0.082,0.986,-17,4,12,-17,0,0,0,0,2433,2362,2400,2520,2045,2061,2064,2052,-14,6,9,-6,0,0,0,1,-25,-5,-7,-81,-12,-54,-14,-12,-0.14,0.049,1.0
2284,2394,2481,2417,2043,2059,2060,2047,-21,6,12,-16,0,-1,0,0,-12,-14,-1,-133,-12,-48,1,0,-0.054,0.015,1.03,7,-16,4,4,0,0,0,0,2142,2389,2587,2279,2044,2046,2059,2045,12,-22,4,0,1,-1,0,0,19,-21,-5,-39,-12,3,6,7,-0.097,-0.114,1.039
2230,2308,2595,2301,2044,2047,2059,2046,7,-11,1,4,1,0,0,0,11,-47,66,-15,-12,4,3,10,-0.039,-0.13,1.014,1,14,-24,11,0,0,0,0,2287,2215,2577,2384,2054,2051,2062,2049,2,0,-5,11,3,0,0,0,-12,-16,-163,-2,-13,-11,-6,-7,-0.014,-0.075,1.035
2311,2228,2433,2444,2057,2051,2062,2049,10,3,-23,5,1,0,0,1,-14,31,-248,35,-13,-13,-6,-11,0.096,0.11,1.057,12,0,4,6,0,0,0,0,2340,2384,2224,2568,2052,2072,2060,2046,1,1,-4,6,0,0,1,1,14,-14,-81,-4,-12,-101,3,1,-0.029,0.244,0.979
2371,2387,2234,2606,2051,2071,2060,2049,14,2,3,5,0,0,0,1,36,-14,1,0,-12,-98,3,-12,-0.072,0.236,1.001,-6,-17,16,-10,0,0,0,0,2523,2390,2336,2611,2049,2060,2061,2051,1,-4,15,-8,-2,-3,0,1,-17,-60,0,-17,-12,-52,-4,-12,-0.026,0.014,1.043
2526,2238,2455,2564,2045,2049,2059,2043,1,-30,17,0,-2,0,0,0,-44,-27,-51,-96,-12,-5,5,11,0.311,-0.089,1.126,-15,-1,-34,-33,0,0,0,0,2430,2172,2442,2386,2035,2049,2059,2043,-7,0,-31,-35,1,0,0,2,-60,-88,-107,-296,-7,-4,6,11,0.655,-0.148,0.727
2372,2113,2231,2142,2036,2049,2061,2043,-15,-15,-31,-34,1,0,0,0,-95,-33,-182,-201,-11,-6,-3,11,1.043,-0.178,0.521,11,21,6,15,0,0,0,0,2244,2125,1980,1912,2036,2051,2063,2043,1,20,0,10,1,0,0,1,-31,13,-138,-29,-12,-13,-9,12,0.923,0.023,0.362
2284,2274,2004,2016,2035,2047,2061,2047,12,24,6,12,0,-1,0,5,-15,12,-64,-33,-7,1,-4,-12,0.971,0.094,0.418,1,8,8,14,0,0,0,0,2369,2477,2076,2170,2034,2047,2061,2048,0,9,8,13,-1,0,0,0,-16,13,-7,56,-7,4,-4,-7,0.832,0.14,0.527
2369,2506,2130,2252,2033,2047,2061,2048,1,4,6,11,0,0,0,0,-13,18,-9,103,7,4,-3,-7,0.825,0.151,0.572,2,-21,-16,2,0,0,0,0,2371,2506,2141,2365,2034,2047,2061,2048,1,-19,-12,0,-2,0,0,0,-12,-14,-103,126,0,3,-4,-7,0.832,0.146,0.563
2065,2050,2048,2048,2048,2048,2049,2050,1,0,0,0,1,0,0,0,-13,-8,0,0,-1,0,0,0,0.062,0.018,1.034,19,4,6,1,0,0,0,0,2137,2069,2073,2054,2050,2048,2047,2052,20,4,4,1,1,0,0,1,14,1,7,-5,-7,0,4,-11,0.024,-0.005,1.044
2271,2099,2116,2061,2049,2046,2046,2052,20,3,5,0,1,0,0,1,13,-9,0,-8,-7,8,8,-11,0.085,-0.046,1.024,8,2,-12,0,0,0,0,0,2430,2138,2108,2068,2047,2046,2047,2048,11,1,-10,0,0,0,0,0,19,-13,-1,-6,7,9,6,11,0.046,-0.043,1.039
2501,2153,2030,2068,2047,2046,2047,2048,11,1,-11,0,0,0,0,0,13,-9,-7,-6,7,7,6,11,0.074,-0.062,1.031,-10,18,39,7,0,0,0,0,2544,2258,2090,2101,2048,2047,2050,2052,-18,16,40,6,1,0,1,1,-13,7,69,-6,7,4,-3,-11,-0.118,-0.049,1.022
2458,2382,2360,2149,2049,2049,2046,2051,-9,20,42,7,0,0,-2,-3,-12,-13,37,-11,-8,-5,6,5,-0.222,-0.082,1.006,0,-16,-33,-12,0,0,0,0,2422,2486,2575,2150,2059,2050,2041,2049,1,-2,-19,-11,2,0,1,0,-20,-36,-195,-20,-11,-6,32,6,0.101,-0.147,0.997
2423,2422,2377,2071,2060,2050,2050,2049,1,-17,-30,-10,1,0,0,3,-21,-59,-294,-23,-11,-8,-6,6,0.308,-0.049,0.969,-9,5,-7,35,0,0,0,0,2423,2265,2101,2122,2059,2051,2050,2049,0,-15,0,33,0,0,0,1,-54,-15,-353,13,-11,-11,-6,6,0.283,0.05,0.98
2417,2232,2033,2360,2049,2067,2047,2046,0,1,-23,40,-6,3,-2,0,-107,18,-275,10,7,-76,3,11,0.067,0.367,0.973,1,-6,33,-8,0,0,0,0,2281,2312,2064,2603,2050,2046,2046,2030,-6,1,33,-7,2,0,0,1,-35,-26,5,-24,-10,8,9,12,0.263,0.397,0.801
2216,2313,2284,2566,2047,2039,2048,2041,1,1,35,-3,0,-2,3,13,13,-55,3,-89,12,37,5,10,0.65,0.301,0.902,11,19,3,-1,0,0,0,0,2291,2282,2554,2514,2046,2044,2046,2047,13,24,2,0,0,0,0,0,12,-9,1,-151,11,17,11,11,0.364,0.25,0.912
2357,2393,2561,2509,2046,2046,2046,2047,9,12,1,-3,1,0,0,0,12,13,55,-165,11,9,11,10,0.352,0.228,0.938,3,-12,-39,7,0,0,0,0,2461,2500,2438,2508,2048,2049,2046,2048,3,-3,-33,0,1,0,0,1,-13,-13,-51,-59,7,-4,11,11,0.37,0.246,0.924
0,2063,2050,2055,2038,2060,2070,2036,1,0,0,0,1,0,-1,1,-13,-14,-1,-6,6,-1,1,-1,0.029,0.057,0.828,28,9,-4,-6,0,0,0,0,2163,2105,2039,2044,2040,2059,2072,2038,31,12,0,-4,1,0,0,1,16,7,-29,-74,-10,2,-5,-11,0.112,0.009,1.03
2365,2168,2012,2013,2039,2058,2072,2034,30,11,-3,-4,0,0,0,1,12,-14,-32,-115,6,3,-4,10,0.156,0.009,1.03,-21,-1,17,10,0,0,0,0,2511,2258,2035,1991,2041,2058,2073,2038,-16,0,19,11,1,0,0,0,-20,-20,62,-21,-11,6,-9,-7,0.077,-0.019,1.023
2376,2257,2165,2058,2041,2059,2073,2037,-23,0,18,9,1,0,0,0,-21,-23,2,-3,-11,3,-10,-11,0.084,0.008,1.027,15,1,-11,-6,0,0,0,0,2204,2257,2267,2129,2040,2059,2074,2037,6,0,-11,-2,0,0,0,0,32,-23,-81,-114,-6,3,-15,-6,0.121,0.026,1.019
2297,2257,2185,2092,2039,2059,2074,2037,18,0,-10,-4,0,0,0,0,34,-20,-47,-131,6,3,-14,-7,0.166,0.041,1.02,-17,4,3,7,0,0,0,0,2406,2277,2104,2055,2038,2059,2074,2035,-16,3,6,0,0,0,0,1,-15,-16,-9,-40,6,2,-13,7,0.171,0.061,1.012
2304,2285,2125,2096,2039,2061,2075,2036,-14,1,3,6,0,0,0,1,-21,-14,-9,-4,6,-4,-17,-7,0.133,0.051,1.003,11,13,-6,2,0,0,0,0,2209,2336,2147,2156,2038,2060,2076,2037,2,12,-1,1,-2,0,0,0,-13,21,-121,2,10,-5,-17,-7,0.092,0.056,1.03
2277,2423,2107,2169,2037,2061,2076,2037,12,15,-6,1,-1,0,0,2,11,20,-120,2,10,-4,-20,-11,0.074,0.074,1.026,-4,-9,13,-5,0,0,0,0,2365,2548,2094,2169,2034,2060,2082,2037,1,-3,12,-1,0,0,0,1,-18,-22,-2,-26,10,-4,-47,-11,0.062,0.074,1.029
2335,2505,2178,2156,2040,2060,2082,2037,-5,-7,12,-2,4,0,0,1,-16,-32,0,-112,-6,-3,-46,-11,0.073,0.063,1.028,10,-16,-17,-1,0,0,0,0,2285,2381,2216,2103,2038,2059,2081,2035,6,-13,-16,0,-1,0,0,2,25,-47,-57,-72,10,2,-44,6,0.153,0.073,1.026
2358,2299,2092,2103,2038,2059,2081,2034,11,-14,-19,0,0,0,0,0,21,-68,-16,-101,6,2,-42,11,0.199,0.095,1.0,-1,13,9,-1,0,0,0,0,2466,2201,1980,2104,2038,2061,2076,2035,-1,0,9,0,1,0,0,2,-13,-30,64,-157,6,-4,-21,6,0.185,0.074,1.007
2457,2246,2035,2103,2039,2060,2077,2035,0,12,10,0,1,0,0,0,12,-15,87,-182,6,-5,-25,7,0.14,0.083,1.033,-19,-14,4,2,0,0,0,0,2371,2321,2143,2080,2038,2060,2077,2038,-16,-4,7,0,0,0,0,0,-13,-41,8,-82,6,-4,-27,-6,0.173,0.09,1.03
2266,2281,2173,2085,2041,2060,2077,2038,-16,-8,1,3,2,0,0,1,-22,-85,-7,-43,-6,-3,-27,-10,0.199,0.053,1.016,4,1,-7,-11,0,0,0,0,2119,2156,2202,2088,2042,2059,2077,2037,0,0,-2,-12,1,-1,0,0,-13,-58,-128,-198,-10,-1,-26,-11,0.291,0.072,0.994
2137,2156,2143,2010,2042,2058,2077,2038,7,0,-7,-15,0,0,0,1,7,-53,-84,-180,-10,3,-25,-11,0.347,0.04,0.976,-1,-6,0,-3,0,0,0,0,2160,2156,2089,1906,2042,2058,2077,2038,0,0,0,-1,0,0,0,1,-7,-79,-83,-159,-10,5,-25,-10,0.403,0.016,0.945
2154,2113,2089,1885,2041,2058,2073,2038,0,-9,0,-7,0,0,-1,1,-8,-67,-84,-157,-10,5,-12,-10,0.432,-0.0,0.908,11,8,-3,17,0,0,0,0,2155,2009,2090,1895,2041,2059,2074,2037,10,-7,0,17,2,0,0,0,25,12,-143,21,-7,1,-12,-7,0.363,-0.005,0.967
2245,2032,2078,2014,2041,2059,2076,2036,17,12,-10,19,1,0,1,0,16,15,-183,6,-6,0,-21,0,0.334,-0.01,0.991,-7,6,-10,7,0,0,0,0,2356,2145,1998,2183,2032,2062,2082,2035,-7,5,-13,4,-2,0,0,0,-20,13,-128,-15,10,-12,-46,7,0.189,0.148,0.988
2333,2167,1927,2230,2035,2061,2082,2036,0,1,-8,8,-1,0,0,0,-37,15,-112,-18,10,-7,-47,0,0.235,0.178,0.984,6,19,18,-7,0,0,0,0,2334,2301,1906,2276,2032,2061,2081,2038,0,26,17,-3,2,0,0,0,-50,14,-4,-115,10,-7,-44,-11,0.21,0.217,1.003
2330,2448,2022,2239,2036,2061,2081,2038,1,24,15,-8,2,0,0,1,-20,12,4,-165,10,-7,-44,-11,0.175,0.192,0.99,3,-23,8,-15,0,0,0,0,2321,2607,2189,2137,2040,2058,2080,2037,0,1,6,-11,-1,-1,0,1,19,-112,42,-241,-6,2,-39,-10,0.245,0.065,0.976
2321,2438,2261,2007,2043,2061,2074,2036,3,-46,11,-25,4,1,-1,0,27,-57,-12,-121,-10,-5,-17,0,0.354,-0.153,1.054,-15,-8,-5,9,0,0,0,0,2426,2172,2331,1898,2045,2063,2072,2035,1,-13,0,7,1,0,0,2,-84,-30,-155,18,-10,-17,-7,6,0.393,-0.248,0.932
2357,2093,2332,1957,2046,2064,2073,2035,-26,-13,0,8,1,0,0,0,-104,-18,-301,25,-10,-20,-9,10,0.43,-0.219,0.901,2,10,-13,-6,0,0,0,0,2222,2000,2276,2003,2047,2070,2076,2034,0,4,0,-6,1,0,1,0,-71,29,-474,5,-9,-47,-19,10,0.472,-0.149,0.916
2222,2053,2183,1962,2047,2070,2083,2034,0,6,-15,-8,1,0,0,0,-58,39,-457,3,-10,-47,-50,10,0.547,-0.101,0.878,19,7,-12,10,0,0,0,0,2245,2176,2005,1942,2046,2070,2083,2033,11,8,-12,10,1,0,0,0,8,27,-359,90,-10,-47,-51,10,0.622,0.016,0.805
2408,2236,1917,2021,2044,2070,2083,2033,27,12,-18,11,1,0,0,0,-21,21,-329,45,-10,-47,-51,10,0.581,0.092,0.854,-12,9,10,-6,0,0,0,0,2567,2367,1823,2108,2035,2069,2080,2034,-2,24,0,0,-1,0,0,-1,-83,-8,-149,-107,10,-42,-38,10,0.421,0.297,0.85
2414,2437,1863,2093,2034,2069,2080,2034,-25,12,8,0,0,0,0,1,-21,-14,-5,-218,10,-42,-38,10,0.457,0.305,0.858,11,-6,16,0,0,0,0,0,2275,2528,2007,2057,2037,2068,2078,2034,0,1,16,0,3,0,0,-1,37,-38,0,-262,10,-39,-30,9,0.458,0.189,0.889
2381,2528,2127,2048,2041,2059,2072,2035,34,1,22,-14,-1,0,-2,1,13,-73,-25,-229,-6,-1,-9,9,0.396,-0.094,0.949,-15,-22,-21,13,0,0,0,0,2523,2327,2224,2060,2043,2072,2073,2034,1,-30,-14,14,1,3,0,-1,-87,-23,-326,-5,-9,-51,-9,9,0.474,-0.067,0.931
2524,2154,2100,2134,2044,2072,2074,2034,2,-21,-24,11,1,0,0,1,-217,-17,-402,22,-10,-55,-14,8,0.589,0.088,0.832,2,20,3,-3,0,0,0,0,2202,2057,1862,2251,2028,2070,2068,2033,-8,29,0,0,2,0,0,0,12,13,-35,-101,10,-47,12,11,0.506,0.414,0.769
2215,2201,1876,2250,2029,2070,2068,2033,1,23,1,0,0,0,0,0,12,10,-8,-182,10,-47,12,10,0.453,0.421,0.812,13,-13,16,-16,0,0,0,0,2228,2363,1965,2187,2041,2062,2068,2032,13,1,15,-13,9,-5,0,0,47,-57,15,-312,-10,-17,12,10,0.505,0.278,0.79
2354,2336,2086,2061,2041,2063,2069,2036,34,-19,23,-30,2,5,0,0,17,-97,-5,-239,-7,-15,6,4,0.54,-0.169,0.845,-20,-3,-19,15,0,0,0,0,2523,2128,2212,1958,2041,2074,2076,2032,1,-23,0,16,-4,0,0,-1,-117,-20,-391,-8,-10,-63,-19,10,0.809,-0.208,0.483
2375,2061,2079,2060,2043,2073,2077,2033,-17,-3,-2,15,-1,0,-1,1,-81,-10,-367,-22,-10,-60,-26,10,0.883,-0.014,0.394,-6,25,3,-12,0,0,0,0,2287,2137,1929,2134,2041,2068,2076,2034,0,27,0,-11,1,0,0,1,-205,15,-317,-94,-10,-39,-24,10,0.934,0.083,0.377
2071,2241,2052,2190,1952,2076,2087,2035,-10,0,0,0,1,0,0,2,-13,-24,15,-78,12,-20,-2,7,0.006,0.096,1.032,61,43,0,0,0,0,0,0,2437,2443,2056,2178,1966,2071,2087,2037,73,41,0,-2,-1,0,1,2,23,26,-3,-31,7,2,0,-11,-0.283,-0.071,0.98
2815,2758,2043,2177,1967,2072,2087,2037,64,46,-1,0,0,0,0,0,40,16,51,-21,-7,-3,-2,-7,-0.486,-0.097,0.996,-33,-85,0,0,0,0,0,0,2929,2772,2060,2186,1966,2073,2085,2033,-115,-102,0,0,-5,0,-1,0,-238,-166,-16,-59,10,-5,3,11,0.325,0.038,0.743
2074,2066,2060,2187,1965,2074,2088,2034,-98,-109,0,0,-1,0,0,0,-93,-56,-17,-62,11,-10,-7,11,0.624,0.223,0.761,80,80,0,0,0,0,0,0,1598,1789,2043,2197,1968,2073,2084,2035,137,117,-1,1,10,-2,1,-1,307,42,55,-107,-11,-6,9,7,0.339,0.08,0.973
2696,2417,2072,2196,1967,2072,2085,2037,160,87,0,0,0,0,1,4,32,41,-68,-101,-7,-1,6,-11,0.293,-0.071,0.69,-51,-85,0,0,0,0,0,0,3095,2761,2058,2190,1967,2071,2086,2037,-95,-90,1,3,1,0,0,1,-126,-133,-9,-70,-7,3,3,-10,0.495,0.087,0.593
2358,2163,2075,2191,1968,2071,2086,2036,-84,-84,0,0,1,0,0,2,-238,-159,-80,-79,-11,3,5,0,0.882,0.173,0.059,79,80,0,0,0,0,0,0,1709,1753,2075,2176,1964,2075,2087,2036,69,87,0,-5,0,0,0,1,21,47,-81,-20,11,-13,-2,0,0.954,0.181,0.259
2247,2387,2057,2167,1967,2072,2086,2036,73,83,-12,0,0,0,0,0,41,65,-30,19,-7,-2,2,0,0.925,0.151,0.356,-20,-85,0,0,0,0,0,0,2783,2703,2056,2167,1967,2072,2086,2036,-21,-85,0,0,0,0,0,0,-14,-42,0,22,-7,-2,3,0,0.929,0.154,0.348
2624,2165,2055,2178,1967,2071,2086,2033,-23,-77,0,2,0,-1,0,2,-14,-79,2,-24,-7,1,3,6,0.914,0.158,0.345,58,80,0,0,0,0,0,0,2531,1878,2056,2190,1967,2072,2086,2037,15,65,1,-9,-1,0,0,1,17,26,2,-78,-7,-1,3,-8,0.945,0.183,0.354
2629,2368,2057,2166,1967,2072,2086,2037,20,75,0,-2,1,0,0,1,27,54,-5,22,-7,-2,3,-7,0.932,0.149,0.357,5,-82,0,0,0,0,0,0,2666,2594,2057,2167,1967,2072,2087,2037,-23,-83,0,0,0,0,1,1,-14,-40,-5,22,-7,-3,0,-7,0.939,0.159,0.346
2517,2089,2055,2186,1967,2073,2087,2035,-23,-65,0,8,0,1,0,1,-20,-99,3,-53,-8,-4,0,6,0.928,0.185,0.341,60,80,0,0,0,0,0,0,2503,1846,2056,2195,1967,2072,2087,2037,29,66,1,-8,0,0,0,1,24,22,2,-101,-7,-1,0,-7,0.931,0.169,0.354
2718,2329,2057,2168,1967,2072,2087,2037,36,72,0,-1,1,0,0,1,36,50,-5,13,-7,-1,0,-7,0.928,0.184,0.358,-8,-85,0,0,0,0,0,0,2704,2532,2057,2169,1967,2072,2087,2037,-59,-84,0,1,1,0,0,0,-29,-41,-5,13,-7,-1,-3,-7,0.927,0.175,0.355
2366,2023,2058,2185,1967,2072,2086,2034,-43,-66,1,1,2,0,0,-1,-68,-112,-11,-52,-7,-3,3,10,0.964,0.156,0.215,68,80,0,0,0,0,0,0,2246,1745,2057,2201,1966,2071,2087,2037,62,74,0,0,1,0,1,1,32,18,-5,-124,7,2,1,-7,0.944,0.167,0.346
2671,2230,2054,2169,1966,2071,2087,2037,66,76,0,0,0,0,0,0,56,44,7,10,7,2,-2,-7,0.933,0.165,0.357,-27,-85,0,0,0,0,0,0,2774,2432,2055,2170,1966,2071,2087,2035,-86,-71,0,4,1,0,0,-2,-43,-48,4,10,7,1,-1,6,0.921,0.157,0.332
2253,1942,2061,2191,1968,2071,2086,2034,-74,-66,0,0,1,0,0,0,-98,-135,-21,-78,-12,1,3,10,0.991,0.181,0.08,76,80,0,0,0,0,0,0,1929,1703,2069,2199,1967,2073,2088,2037,71,89,0,0,-1,0,0,2,31,33,-56,-113,0,-6,-6,-8,0.908,0.192,0.365
2428,2323,2053,2167,1966,2071,2087,2036,71,88,0,-2,0,0,0,0,42,57,10,20,7,1,-2,0,0.921,0.17,0.354,-22,-85,0,0,0,0,0,0,2771,2659,2053,2165,1965,2071,2087,2037,-48,-86,0,0,0,0,0,1,-25,-42,10,30,7,2,-2,-7,0.941,0.18,0.357
2456,2125,2057,2179,1968,2072,2085,2035,-41,-74,0,3,2,0,-1,1,-41,-85,-5,-28,-7,-1,4,6,0.954,0.184,0.188,67,80,0,0,0,0,0,0,2407,1857,2054,2195,1966,2071,2087,2036,67,71,0,-8,1,0,0,1,38,24,7,-100,7,3,-1,-7,0.906,0.156,0.342
2830,2345,2055,2167,1966,2072,2087,2036,69,75,0,-2,1,0,0,0,53,54,5,19,7,-1,0,-7,0.932,0.171,0.34,-30,-85,0,0,0,0,0,0,2790,2551,2055,2167,1966,2073,2087,2037,-109,-85,0,0,1,0,0,1,-53,-41,3,22,4,-3,0,-7,0.932,0.188,0.369
2145,2033,2072,2177,1967,2073,2086,2035,-85,-73,2,1,1,0,0,0,-145,-93,-67,-19,-11,-2,3,6,0.998,0.196,0.036,80,80,0,0,0,0,0,0,1659,1750,2083,2176,1964,2075,2087,2036,75,82,0,-4,0,0,0,2,22,46,-116,-20,11,-13,-1,0,0.919,0.141,0.329
