0,1,2,3,4,5,6,7,8,9,10,11,12,13,14,15,16,17,18,19,20,21,22,23,24,25,26,27,28,29,30,31,32,33,34,35,36,37,38,39,40,41,42,43,44,45,46,47,48,49,50,51,52,53,54,55,56,57,58,59,60,61
0.46711,0.46667,0.46622,0.46622,0.43911,0.476,0.464,0.46578,0.55294,0.50588,0.5,0.5,0.50588,0.5,0.5,0.5,0.495,0.4985,0.4985,0.498,0.505,0.5155,0.498,0.494,0.031,-0.018,1.037,0.87059,0.59412,0.39412,0.21765,0.5,0.5,0.5,0.5,0.56667,0.49689,0.42489,0.384,0.44356,0.47556,0.46311,0.46844,0.86471,0.63529,0.4,0.27059,0.50588,0.5,0.5,0.50588,0.523,0.506,0.517,0.442,0.503,0.5175,0.5025,0.4945,-0.014,-0.002,0.997
0.73289,0.56756,0.36311,0.24356,0.44444,0.48044,0.46578,0.464,0.84706,0.62941,0.39412,0.11176,0.50588,0.50588,0.54706,0.5,0.5425,0.4875,0.562,0.419,0.495,0.4915,0.493,0.5055,-0.154,-0.001,1.017,0.29412,0.41176,0.54706,0.62353,0.5,0.5,0.5,0.5,0.98533,0.588,0.30222,0.10489,0.444,0.49111,0.46311,0.46578,0.37647,0.42353,0.5,0.62353,0.5,0.5,0.5,0.51176,0.4435,0.4875,0.627,0.4995,0.4975,0.441,0.502,0.4965,-0.232,0.083,1.063
0.90089,0.544,0.31333,0.168,0.44444,0.49111,0.46311,0.46489,0.45294,0.41176,0.60588,0.6,0.50588,0.5,0.5,0.50588,0.4075,0.487,0.6915,0.5,0.497,0.441,0.5015,0.5035,-0.156,0.089,1.034,0.58235,0.86471,0.52353,0.73529,0.5,0.5,0.5,0.5,0.82489,0.55289,0.36889,0.29022,0.44222,0.49067,0.46444,0.46667,0.5,0.72353,0.54706,0.65882,0.5,0.5,0.5,0.50588,0.403,0.55,0.5975,0.617,0.505,0.4425,0.4965,0.495,-0.324,-0.011,0.99
0.82489,0.67156,0.39911,0.37689,0.44444,0.48978,0.46444,0.46711,0.5,0.82353,0.54706,0.71176,0.5,0.49412,0.5,0.50588,0.463,0.6305,0.5135,0.78,0.495,0.446,0.4965,0.495,-0.344,-0.055,0.947,0.3,0.52353,0.25294,0.30588,0.5,0.5,0.5,0.5,0.85689,0.99289,0.35067,0.50978,0.44356,0.49556,0.46356,0.46578,0.5,0.51176,0.20588,0.32353,0.49412,0.5,0.5,0.50588,0.3485,0.5105,0.413,0.498,0.5025,0.4195,0.499,0.495,0.06,0.141,1.005
0.78711,1.00444,0.20756,0.412,0.43467,0.49511,0.46356,0.46578,0.50588,0.51176,0.19412,0.30588,0.48824,0.5,0.5,0.5,0.2905,0.511,0.4895,0.4975,0.5055,0.422,0.5,0.4965,0.054,0.042,0.894,0.55294,0.15294,0.73529,0.71765,0.5,0.5,0.5,0.5,0.54311,0.98133,0.10711,0.376,0.41511,0.48533,0.46356,0.46622,0.5,0.22941,0.64706,0.71765,0.49412,0.5,0.5,0.5,0.508,0.4305,0.6525,0.4995,0.519,0.468,0.5,0.4945,0.077,-0.045,1.027
0.54222,0.86089,0.19556,0.49378,0.41022,0.48533,0.46311,0.46578,0.5,0.25882,0.64706,0.72941,0.49412,0.5,0.5,0.5,0.529,0.338,0.799,0.445,0.521,0.468,0.5025,0.4965,0.012,0.018,1.024,0.47647,0.60588,0.39412,0.36471,0.5,0.5,0.5,0.5,0.54178,0.63244,0.32356,0.60756,0.41111,0.48533,0.46311,0.46444,0.50588,0.50588,0.5,0.44118,0.50588,0.5,0.5,0.5,0.551,0.453,0.688,0.29,0.5205,0.468,0.5025,0.505,-0.02,0.011,1.045
0.54222,0.66667,0.28889,0.544,0.41156,0.48533,0.46311,0.46444,0.50588,0.53529,0.41176,0.32941,0.50588,0.5,0.5,0.5,0.536,0.468,0.5955,0.2615,0.5205,0.468,0.5025,0.505,0.115,0.08,1.016,0.77647,0.53529,0.42941,0.38824,0.5,0.5,0.5,0.5,0.59378,0.75867,0.20489,0.448,0.41822,0.48489,0.46267,0.46489,0.76471,0.54118,0.44118,0.33529,0.53529,0.5,0.5,0.5,0.58,0.445,0.586,0.1625,0.5135,0.4705,0.503,0.505,0.099,0.004,1.046
0.72711,0.8,0.16489,0.40089,0.424,0.47822,0.46267,0.46489,0.79412,0.50588,0.41765,0.35882,0.51765,0.5,0.5,0.50588,0.581,0.4185,0.602,0.116,0.51,0.502,0.504,0.5025,0.197,-0.019,1.053,0.44706,0.37059,0.71765,0.34706,0.5,0.5,0.5,0.5,0.91911,0.84533,0.16444,0.33689,0.42756,0.47778,0.46267,0.46489,0.50588,0.50588,0.69412,0.5,0.50588,0.5,0.5,0.5,0.5205,0.2765,0.752,0.003,0.508,0.5055,0.503,0.5015,0.059,-0.039,1.035
0.91956,0.84533,0.27689,0.30978,0.42756,0.47733,0.46311,0.46533,0.50588,0.51176,0.68235,0.25882,0.50588,0.48824,0.5,0.50588,0.506,0.119,0.7445,0.0525,0.508,0.5075,0.5025,0.502,0.049,-0.073,0.94,0.33529,0.45294,0.62353,0.79412,0.5,0.5,0.5,0.5,0.86222,0.604,0.44978,0.22756,0.44,0.49644,0.46489,0.46489,0.3,0.45882,0.70588,0.77059,0.53529,0.5,0.5,0.50588,0.486,0.4885,0.7365,0.5005,0.5045,0.4135,0.494,0.5035,-0.297,0.014,0.999
0.77822,0.56444,0.52533,0.36844,0.44356,0.49644,0.46444,0.46533,0.34118,0.41765,0.68824,0.76471,0.50588,0.5,0.5,0.5,0.484,0.493,0.6745,0.5355,0.5025,0.4145,0.4955,0.5025,-0.329,-0.039,0.979,0.65294,0.81765,0.27647,0.26471,0.5,0.5,0.5,0.5,0.70089,0.57511,0.55911,0.45822,0.44444,0.48533,0.46489,0.46533,0.70588,0.88235,0.28824,0.27647,0.51176,0.5,0.5,0.50588,0.509,0.555,0.5005,0.561,0.495,0.4695,0.494,0.503,-0.233,-0.04,0.994
0.79867,0.74356,0.44311,0.34489,0.44489,0.48578,0.464,0.46489,0.64706,0.88235,0.27647,0.31176,0.5,0.5,0.5,0.5,0.496,0.548,0.5,0.5005,0.495,0.466,0.4975,0.5035,-0.225,0.009,0.999,0.24706,0.37059,0.61176,0.59412,0.5,0.5,0.5,0.5,0.88889,0.95689,0.32356,0.24222,0.44444,0.48711,0.46356,0.46489,0.46471,0.44706,0.63529,0.59412,0.50588,0.5,0.5,0.50588,0.374,0.49,0.6315,0.505,0.495,0.4605,0.5,0.5035,-0.216,0.015,1.042
0.79867,0.89022,0.38044,0.28933,0.44489,0.48711,0.464,0.46489,0.26471,0.32941,0.60588,0.58235,0.50588,0.5,0.5,0.50588,0.33,0.4915,0.6305,0.5085,0.495,0.4605,0.4975,0.5035,-0.177,0.074,1.008,0.45882,0.31765,0.29412,0.35882,0.5,0.5,0.5,0.5,0.53644,0.76,0.40267,0.29689,0.44133,0.48622,0.46311,0.46489,0.44118,0.35294,0.30588,0.35882,0.49412,0.5,0.5,0.50588,0.477,0.4845,0.501,0.5,0.505,0.464,0.5015,0.5035,-0.008,0.044,1.016
0.49244,0.68267,0.29733,0.22089,0.44089,0.48089,0.46267,0.46622,0.41765,0.30588,0.28824,0.37059,0.50588,0.5,0.5,0.49412,0.4925,0.476,0.5,0.5,0.505,0.4885,0.504,0.4965,-0.036,-0.01,0.991,0.63529,0.74118,0.71765,0.58824,0.5,0.5,0.5,0.5,0.46222,0.584,0.21289,0.15111,0.42356,0.48222,0.46489,0.45911,0.54118,0.7,0.67059,0.6,0.5,0.5,0.5,0.50588,0.5365,0.534,0.6815,0.607,0.5105,0.484,0.494,0.5055,-0.185,0.0,1.007
0.50889,0.69644,0.30444,0.19511,0.42267,0.48444,0.46444,0.45956,0.49412,0.69412,0.69412,0.58824,0.5,0.5,0.5,0.50588,0.5705,0.546,0.7735,0.6105,0.5105,0.4735,0.4945,0.505,-0.342,-0.038,0.949,0.78824,0.25882,0.65294,0.41765,0.5,0.5,0.5,0.5,0.61778,0.82667,0.40889,0.25378,0.43067,0.48489,0.46356,0.46489,0.95294,0.35294,0.5,0.48235,0.54118,0.5,0.49412,0.5,0.63,0.48,0.9965,0.4525,0.505,0.471,0.4995,0.5035,-0.491,-0.028,0.904
0.84178,0.70578,0.46356,0.21156,0.44489,0.49022,0.46267,0.46533,0.91765,0.27647,0.75294,0.42941,0.52941,0.51765,0.50588,0.49412,0.5375,0.4835,0.8725,0.4525,0.4955,0.447,0.5045,0.5035,-0.257,0.05,0.787,0.24118,0.67059,0.17647,0.81765,0.5,0.5,0.5,0.5,0.98533,0.54578,0.53244,0.212,0.44044,0.47644,0.46889,0.45511,0.27059,0.5,0.14706,0.71765,0.50588,0.5,0.49412,0.50588,0.4885,0.5615,0.4475,0.72,0.5045,0.513,0.4735,0.505,-0.222,0.035,1.041
0.97822,0.54489,0.41911,0.25378,0.43022,0.47689,0.46889,0.45556,0.51176,0.5,0.28824,0.5,0.5,0.5,0.5,0.50588,0.2995,0.7065,0.212,0.9935,0.5055,0.511,0.4745,0.505,-0.199,0.121,1.021,0.43529,0.74118,0.77059,0.74118,0.5,0.5,0.5,0.5,0.86711,0.70311,0.24089,0.35333,0.43733,0.47333,0.46444,0.45822,0.43529,0.68235,0.74118,0.62353,0.50588,0.5,0.46471,0.50588,0.3265,0.7205,0.5755,0.9695,0.5045,0.528,0.4965,0.5045,-0.376,-0.137,0.797
0.80311,0.88622,0.39911,0.46444,0.44356,0.47289,0.46533,0.46089,0.47647,0.97647,0.74118,0.77647,0.5,0.5,0.5,0.56471,0.378,0.597,0.5005,0.824,0.5025,0.529,0.4915,0.505,0.029,0.378,1.017,0.5,0.22353,0.51176,0.51765,0.5,0.5,0.5,0.5,0.69111,1.02178,0.53556,0.67067,0.45333,0.48356,0.464,0.46578,0.48824,0.45882,0.51765,0.5,0.50588,0.5,0.5,0.50588,0.484,0.501,0.61,0.541,0.494,0.476,0.498,0.495,-0.242,0.227,0.986
0.664,0.91333,0.54844,0.67911,0.45333,0.484,0.46356,0.46578,0.51176,0.22941,0.5,0.51765,0.50588,0.5,0.5,0.5,0.494,0.4885,0.577,0.545,0.494,0.4755,0.499,0.4965,-0.209,0.232,0.976,0.72353,0.6,0.50588,0.28824,0.5,0.5,0.5,0.5,0.69867,0.77689,0.55156,0.64,0.45289,0.48356,0.46311,0.46444,0.61765,0.58824,0.5,0.31765,0.5,0.5,0.5,0.50588,0.5375,0.495,0.605,0.4435,0.4945,0.477,0.502,0.5055,-0.258,0.202,0.979
0.80978,0.84444,0.55067,0.55067,0.45156,0.47822,0.46311,0.46267,0.74706,0.7,0.5,0.35294,0.49412,0.5,0.5,0.47059,0.5335,0.4855,0.6235,0.357,0.495,0.5055,0.5015,0.505,-0.204,0.142,0.899,0.54118,0.45882,0.27647,0.34706,0.5,0.5,0.5,0.5,0.98667,0.93289,0.504,0.38044,0.44356,0.47911,0.46,0.46311,0.6,0.51176,0.27059,0.41176,0.5,0.5,0.5,0.51176,0.507,0.4345,0.499,0.332,0.503,0.5,0.516,0.505,0.255,0.094,1.006
1.00533,0.93378,0.39867,0.32622,0.44444,0.47911,0.46,0.46311,0.51176,0.50588,0.29412,0.38235,0.50588,0.5,0.5,0.5,0.509,0.403,0.4675,0.2155,0.4975,0.5,0.516,0.5045,0.343,0.061,0.947,0.3,0.2,0.55294,0.68824,0.5,0.5,0.5,0.5,0.99867,0.93511,0.28,0.26489,0.44356,0.47822,0.45956,0.46356,0.47647,0.50588,0.51176,0.58824,0.49412,0.5,0.5,0.50588,0.4725,0.109,0.486,0.367,0.5025,0.504,0.519,0.5045,0.265,0.062,0.972
0.97778,0.91333,0.30889,0.35422,0.44444,0.47822,0.46,0.46444,0.46471,0.27647,0.56471,0.7,0.5,0.5,0.5,0.50588,0.368,0.167,0.476,0.4045,0.495,0.504,0.516,0.505,0.338,0.11,0.98,0.31176,0.38824,0.71176,0.58824,0.5,0.5,0.5,0.5,0.84711,0.704,0.42267,0.50356,0.44489,0.47867,0.46,0.46489,0.17647,0.31176,0.72941,0.6,0.50588,0.5,0.5,0.50588,0.3055,0.2115,0.4285,0.3815,0.495,0.5025,0.516,0.5025,0.299,0.054,1.008
0.71956,0.65511,0.53067,0.54889,0.44489,0.47867,0.46,0.46711,0.3,0.5,0.7,0.60588,0.5,0.5,0.5,0.50588,0.347,0.1665,0.4235,0.381,0.495,0.5025,0.516,0.495,0.422,0.085,0.961,0.5,0.68235,0.51765,0.27059,0.5,0.5,0.5,0.5,0.568,0.61556,0.65289,0.588,0.44444,0.47867,0.46,0.46667,0.5,0.50588,0.5,0.35294,0.5,0.5,0.5,0.5,0.4125,0.309,0.4655,0.079,0.495,0.502,0.516,0.4955,0.429,0.048,0.96
0.552,0.61956,0.66133,0.57156,0.44444,0.47867,0.46,0.46667,0.5,0.51765,0.53529,0.45294,0.5,0.5,0.5,0.5,0.4355,0.4415,0.471,0.0045,0.4975,0.502,0.516,0.4955,0.423,0.009,0.904,0.62941,0.65882,0.18824,0.21176,0.5,0.5,0.5,0.5,0.54933,0.76933,0.59556,0.38267,0.44489,0.47867,0.46,0.46667,0.65294,0.70588,0.22941,0.20588,0.50588,0.5,0.5,0.5,0.4865,0.4395,0.34,0.085,0.495,0.502,0.517,0.4955,0.523,0.095,0.903
0.64356,0.88578,0.464,0.24356,0.44533,0.47911,0.46,0.46622,0.68235,0.81765,0.21765,0.28824,0.50588,0.5,0.5,0.5,0.4565,0.386,0.2095,0.0755,0.4955,0.5005,0.5165,0.4955,0.617,0.084,0.782,0.44706,0.47059,0.32353,0.9,0.5,0.5,0.5,0.5,0.76444,0.97911,0.26933,0.12533,0.44578,0.47911,0.464,0.46533,0.51176,0.45882,0.49412,0.92353,0.50588,0.5,0.5,0.50588,0.362,0.397,0.0245,0.4945,0.4965,0.5005,0.4975,0.503,0.587,0.188,0.863
0.76489,0.90756,0.26978,0.32844,0.44578,0.48,0.464,0.46578,0.50588,0.36471,0.5,0.87647,0.50588,0.5,0.5,0.5,0.3135,0.4655,0.0,0.5,0.4965,0.497,0.4975,0.497,0.514,0.218,0.855,0.35294,0.42353,0.65294,0.40588,0.5,0.5,0.5,0.5,0.76533,0.80711,0.26978,0.52756,0.44578,0.48,0.46356,0.46578,0.50588,0.42353,0.5,0.41176,0.50588,0.5,0.5,0.50588,0.1365,0.4935,0.238,0.5,0.496,0.4965,0.5,0.4965,0.402,0.168,0.913
0.76444,0.78667,0.33556,0.49244,0.44533,0.48,0.46356,0.46489,0.5,0.48235,0.62353,0.45882,0.5,0.5,0.5,0.50588,0.141,0.487,0.2995,0.4615,0.4955,0.495,0.5,0.5035,0.492,0.155,0.911,0.5,0.63529,0.38235,0.32353,0.5,0.5,0.5,0.5,0.76267,0.78756,0.40311,0.412,0.44489,0.48,0.46311,0.46489,0.50588,0.65294,0.5,0.34706,0.5,0.5,0.5,0.5,0.158,0.4915,0.2265,0.2985,0.496,0.4965,0.502,0.505,0.542,0.11,0.898
0.76311,0.86222,0.36667,0.31911,0.44533,0.48,0.46311,0.46444,0.49412,0.63529,0.45294,0.3,0.50588,0.5,0.5,0.5,0.167,0.4875,0.113,0.3105,0.4965,0.4965,0.502,0.505,0.481,0.117,0.909,0.50588,0.28235,0.40588,0.45294,0.5,0.5,0.5,0.5,0.984,0.97956,0.22533,0.22133,0.44489,0.47911,0.46267,0.46533,0.75294,0.5,0.48824,0.5,0.50588,0.5,0.5,0.50588,0.5,0.3075,0.377,0.2025,0.495,0.501,0.502,0.502,0.454,0.079,0.893
0.99778,0.97956,0.19778,0.20711,0.44489,0.47911,0.46311,0.46489,0.50588,0.50588,0.5,0.5,0.50588,0.5,0.5,0.5,0.5,0.138,0.2785,0.155,0.495,0.501,0.502,0.502,0.543,0.08,0.916,0.45882,0.12353,0.54706,0.70588,0.5,0.5,0.5,0.5,0.99956,0.97956,0.15067,0.19467,0.44533,0.47911,0.46356,0.46489,0.50588,0.5,0.5,0.65294,0.50588,0.5,0.5,0.50588,0.5,0.14,0.309,0.4035,0.495,0.501,0.5,0.503,0.513,0.075,0.938
1.0,0.93156,0.152,0.29467,0.44489,0.47867,0.46311,0.46489,0.50588,0.28235,0.52941,0.72941,0.50588,0.5,0.5,0.5,0.5,0.1875,0.4165,0.4315,0.495,0.502,0.5015,0.505,0.41,0.121,0.877,0.45294,0.58235,0.55294,0.26471,0.5,0.5,0.5,0.5,1.0,0.77467,0.19289,0.404,0.44489,0.47867,0.46267,0.46444,0.5,0.50588,0.52941,0.38235,0.5,0.5,0.5,0.50588,0.5,0.2855,0.4405,0.125,0.495,0.502,0.5035,0.504,0.457,0.094,0.901
0.99911,0.776,0.21378,0.38889,0.44444,0.47867,0.46267,0.46489,0.49412,0.50588,0.54706,0.5,0.50588,0.5,0.5,0.5,0.5,0.3605,0.47,0.001,0.497,0.5025,0.5035,0.504,0.447,0.106,0.916,0.45294,0.31176,0.63529,0.29412,0.5,0.5,0.5,0.5,0.99778,0.78889,0.28267,0.38844,0.44444,0.47822,0.46267,0.46489,0.5,0.5,0.61765,0.5,0.5,0.5,0.5,0.50588,0.5,0.274,0.5035,0.0,0.495,0.5045,0.5035,0.5015,0.414,0.08,0.915
0.99733,0.78889,0.34844,0.38844,0.444,0.47867,0.46311,0.46578,0.5,0.5,0.62353,0.5,0.5,0.5,0.5,0.5,0.5,0.1665,0.5185,0.0,0.497,0.5025,0.5025,0.495,0.272,0.118,0.972,0.48824,0.51765,0.60588,0.73529,0.5,0.5,0.5,0.5,0.99111,0.99644,0.46222,0.28533,0.444,0.47911,0.46356,0.46622,0.47059,0.50588,0.62353,0.67647,0.5,0.5,0.5,0.50588,0.5,0.5,0.5295,0.4835,0.497,0.501,0.5,0.494,0.238,0.034,1.002
0.976,0.99556,0.524,0.39689,0.444,0.47867,0.46222,0.46667,0.47647,0.5,0.6,0.72353,0.5,0.5,0.5,0.50588,0.5,0.5,0.5005,0.503,0.497,0.5025,0.506,0.4945,0.13,0.017,1.031,0.20588,0.28235,0.31176,0.44118,0.5,0.5,0.5,0.5,0.95333,0.98356,0.53778,0.51956,0.44444,0.47867,0.46356,0.46578,0.48235,0.47647,0.35294,0.44706,0.49412,0.5,0.5,0.5,0.5,0.5,0.4285,0.4875,0.4975,0.5025,0.5005,0.4965,0.208,-0.002,0.939
0.94267,0.97289,0.44267,0.48533,0.44444,0.47911,0.464,0.46578,0.54706,0.5,0.32941,0.46471,0.5,0.5,0.5,0.50588,0.5,0.5,0.424,0.5,0.4975,0.501,0.498,0.4965,0.243,0.053,1.002,0.21765,0.35882,0.52353,0.30588,0.5,0.5,0.5,0.5,0.996,0.98222,0.332,0.39911,0.44444,0.47867,0.46311,0.46622,0.50588,0.52941,0.5,0.31176,0.5,0.5,0.5,0.51176,0.5,0.5,0.4555,0.4475,0.497,0.5025,0.5015,0.4945,0.239,0.017,0.918
0.99689,0.99644,0.336,0.30489,0.44444,0.47867,0.46311,0.46533,0.50588,0.51176,0.52353,0.30588,0.50588,0.5,0.5,0.5,0.5,0.5,0.4965,0.419,0.497,0.5015,0.502,0.5035,0.313,0.058,0.983,0.13529,0.28824,0.38824,0.74118,0.5,0.5,0.5,0.5,0.99689,1.00222,0.31911,0.26667,0.44444,0.47911,0.464,0.46578,0.50588,0.49412,0.42353,0.64706,0.5,0.5,0.50588,0.50588,0.5,0.5,0.462,0.4455,0.497,0.5005,0.499,0.4965,0.282,0.027,1.03
0.99778,1.00044,0.28089,0.37067,0.44489,0.47867,0.46267,0.46578,0.51176,0.5,0.45294,0.71765,0.50588,0.5,0.5,0.50588,0.5,0.5,0.3745,0.5305,0.495,0.5025,0.504,0.4965,0.289,0.053,0.97,0.43529,0.25882,0.64706,0.37647,0.5,0.5,0.5,0.5,1.00133,0.98578,0.25156,0.49467,0.44489,0.47911,0.46267,0.46533,0.50588,0.48235,0.62353,0.38824,0.5,0.49412,0.5,0.50588,0.5,0.5,0.4325,0.4245,0.4945,0.499,0.5035,0.5035,0.265,0.044,0.98
0.99956,0.97244,0.31333,0.43156,0.44444,0.47822,0.46267,0.46533,0.49412,0.47059,0.62941,0.39412,0.5,0.5,0.50588,0.5,0.5,0.5,0.499,0.427,0.495,0.5045,0.5035,0.5035,0.221,0.013,1.022,0.18824,0.24706,0.57647,0.35294,0.5,0.5,0.5,0.5,0.99778,0.99733,0.41822,0.31111,0.444,0.47911,0.46311,0.46489,0.5,0.50588,0.57647,0.35294,0.5,0.5,0.5,0.5,0.5,0.5,0.532,0.4135,0.497,0.501,0.502,0.503,0.258,0.06,1.01
0.99778,1.00089,0.45378,0.26844,0.44444,0.47911,0.46267,0.46489,0.5,0.50588,0.57059,0.42941,0.5,0.5,0.5,0.50588,0.5,0.5,0.55,0.261,0.496,0.501,0.503,0.503,0.342,0.057,0.952,0.11765,0.27647,0.54118,0.52941,0.5,0.5,0.5,0.5,0.97511,1.00444,0.52044,0.21822,0.444,0.47867,0.46,0.46489,0.47647,0.50588,0.54118,0.5,0.50588,0.5,0.49412,0.50588,0.5,0.5,0.5135,0.129,0.497,0.5015,0.515,0.503,0.366,0.015,0.967
0.96311,1.00444,0.54089,0.21822,0.444,0.47911,0.45911,0.46489,0.48235,0.50588,0.53529,0.5,0.50588,0.5,0.5,0.50588,0.5,0.5,0.517,0.2,0.497,0.501,0.5205,0.503,0.361,0.0,0.964,0.48235,0.2,0.47647,0.58824,0.5,0.5,0.5,0.5,0.94089,1.00489,0.56,0.22667,0.444,0.47956,0.45867,0.46489,0.48235,0.50588,0.48824,0.58824,0.50588,0.5,0.5,0.50588,0.5,0.5,0.5025,0.3845,0.4955,0.499,0.5235,0.503,0.337,0.004,0.968
0.92978,1.00444,0.556,0.26089,0.44444,0.47956,0.45911,0.46622,0.48824,0.5,0.5,0.57059,0.50588,0.5,0.5,0.50588,0.5,0.5,0.4665,0.4365,0.497,0.499,0.522,0.494,0.309,-0.0,0.997,0.44118,0.22941,0.22353,0.57059,0.5,0.5,0.5,0.5,0.90889,1.00267,0.46089,0.32178,0.44444,0.47956,0.46444,0.46444,0.47059,0.5,0.22941,0.55882,0.50588,0.5,0.5,0.50588,0.5,0.5,0.4135,0.51,0.495,0.4985,0.4955,0.504,0.339,0.089,0.942
0.94756,1.00133,0.32222,0.356,0.44489,0.47867,0.464,0.46489,0.7,0.5,0.18235,0.55882,0.50588,0.5,0.5,0.5,0.5,0.5,0.4005,0.518,0.495,0.5025,0.4975,0.5035,0.347,0.075,1.011,0.32353,0.37647,0.69412,0.47059,0.5,0.5,0.5,0.5,1.00222,1.00044,0.22178,0.392,0.44489,0.47911,0.46311,0.46622,0.50588,0.5,0.71765,0.47647,0.5,0.5,0.5,0.50588,0.5,0.5,0.412,0.5015,0.495,0.501,0.502,0.4965,0.232,0.034,0.979
1.0,1.00044,0.304,0.38311,0.44444,0.47867,0.46311,0.46622,0.5,0.5,0.66471,0.5,0.5,0.5,0.5,0.50588,0.5,0.5,0.4975,0.4715,0.495,0.502,0.5015,0.494,0.231,0.049,0.996,0.12941,0.14706,0.58235,0.42941,0.5,0.5,0.5,0.5,0.99778,1.00089,0.43556,0.35333,0.44444,0.47911,0.464,0.46578,0.5,0.50588,0.55294,0.46471,0.50588,0.5,0.5,0.5,0.5,0.5,0.542,0.417,0.497,0.5015,0.4985,0.4965,0.2,0.047,1.018
0.99778,1.00133,0.47467,0.31911,0.44444,0.47867,0.464,0.46533,0.5,0.50588,0.57059,0.42941,0.5,0.5,0.5,0.5,0.5,0.5,0.556,0.407,0.4955,0.5015,0.4975,0.5,0.2,0.038,1.027,0.37647,0.24706,0.52353,0.38235,0.5,0.5,0.5,0.5,0.97511,1.00267,0.54311,0.26622,0.44356,0.47867,0.46178,0.46489,0.48235,0.50588,0.51176,0.43529,0.5,0.5,0.5,0.50588,0.5,0.5,0.5005,0.2715,0.503,0.5015,0.5075,0.503,0.327,0.008,0.985
0.96356,1.00444,0.55467,0.23822,0.44356,0.47911,0.46089,0.46489,0.48824,0.50588,0.51765,0.46471,0.5,0.5,0.48824,0.5,0.5,0.5,0.5025,0.1185,0.5025,0.5015,0.512,0.5025,0.379,-0.037,0.946,0.27647,0.48235,0.55882,0.78824,0.5,0.5,0.5,0.5,0.94178,1.008,0.58178,0.21333,0.44356,0.47956,0.45822,0.46756,0.47647,0.5,0.55882,0.75882,0.50588,0.5,0.5,0.50588,0.5,0.5,0.5315,0.3715,0.5025,0.498,0.525,0.494,0.323,-0.053,1.011
0.93244,1.00667,0.62178,0.33289,0.44444,0.47911,0.45867,0.46756,0.48235,0.49412,0.55882,0.76471,0.50588,0.5,0.5,0.49412,0.5,0.5,0.4985,0.506,0.497,0.499,0.5225,0.4945,0.172,-0.104,0.973,0.42353,0.32941,0.12353,0.45882,0.5,0.5,0.5,0.5,0.916,0.99733,0.55111,0.48978,0.44489,0.47911,0.46444,0.46578,0.48235,0.45882,0.15882,0.48824,0.50588,0.5,0.5,0.5,0.5,0.5,0.3905,0.5065,0.495,0.5005,0.495,0.4965,0.296,0.077,1.017
0.92844,0.98444,0.35778,0.46889,0.44489,0.47867,0.46356,0.46533,0.62353,0.49412,0.15294,0.47647,0.50588,0.5,0.5,0.5,0.5,0.5,0.3965,0.503,0.495,0.5025,0.499,0.5035,0.361,0.049,1.019,0.25294,0.22941,0.46471,0.43529,0.5,0.5,0.5,0.5,1.00267,0.97289,0.16978,0.42667,0.44489,0.47956,0.46444,0.46533,0.50588,0.5,0.49412,0.44118,0.51176,0.5,0.5,0.5,0.5,0.5,0.1745,0.4895,0.4955,0.4975,0.4955,0.5035,0.401,0.131,0.945
1.00267,0.97333,0.16622,0.39556,0.44444,0.48,0.46444,0.46489,0.50588,0.51176,0.40588,0.42353,0.5,0.5,0.5,0.5,0.5,0.5,0.105,0.48,0.4955,0.497,0.4955,0.5055,0.447,0.157,0.912,0.32353,0.31176,0.79412,0.50588,0.5,0.5,0.5,0.5,1.00311,0.98622,0.18222,0.36089,0.44444,0.48,0.46311,0.46533,0.5,0.53529,0.77647,0.5,0.50588,0.5,0.5,0.49412,0.5,0.5,0.3945,0.4705,0.495,0.4965,0.5015,0.5035,0.277,0.043,0.942
1.0,0.99911,0.312,0.36133,0.44356,0.47867,0.46311,0.46578,0.49412,0.51176,0.77059,0.5,0.5,0.5,0.5,0.5,0.5,0.5,0.4975,0.4825,0.5025,0.5015,0.5015,0.4955,0.326,0.06,1.028,0.38235,0.28235,0.35294,0.62353,0.5,0.5,0.5,0.5,0.99733,1.0,0.43778,0.40178,0.444,0.47911,0.464,0.46489,0.5,0.50588,0.38235,0.60588,0.50588,0.5,0.5,0.5,0.5,0.5,0.4885,0.5055,0.497,0.5005,0.4985,0.5055,0.173,0.042,1.039
0.99822,1.0,0.37644,0.45378,0.44444,0.47867,0.464,0.46489,0.5,0.5,0.39412,0.6,0.50588,0.5,0.5,0.50588,0.5,0.5,0.4255,0.5575,0.4965,0.5025,0.4975,0.5035,0.194,0.021,1.029,0.35294,0.43529,0.62941,0.31176,0.5,0.5,0.5,0.5,0.99911,0.98089,0.32222,0.48578,0.44444,0.47867,0.46311,0.46578,0.5,0.47647,0.61176,0.33529,0.50588,0.5,0.49412,0.5,0.5,0.5,0.497,0.4535,0.495,0.5025,0.5005,0.4965,0.191,0.043,1.047
0.99867,0.98267,0.37822,0.392,0.44444,0.47911,0.46311,0.46578,0.5,0.55882,0.61176,0.34706,0.5,0.5,0.5,0.49412,0.5,0.5,0.521,0.4465,0.4965,0.502,0.5015,0.5,0.185,0.061,1.029,0.22353,0.45294,0.6,0.48235,0.5,0.5,0.5,0.5,0.99689,1.00089,0.48311,0.29778,0.444,0.47911,0.464,0.46489,0.49412,0.50588,0.60588,0.5,0.5,0.5,0.5,0.50588,0.5,0.5,0.547,0.3305,0.497,0.5005,0.4975,0.5035,0.229,0.049,0.993
0.98133,1.00133,0.54622,0.29111,0.44311,0.47911,0.46222,0.46578,0.47647,0.5,0.61765,0.5,0.50588,0.5,0.5,0.50588,0.5,0.5,0.502,0.317,0.501,0.5005,0.505,0.4965,0.244,-0.02,0.978,0.4,0.21176,0.21176,0.37059,0.5,0.5,0.5,0.5,0.96044,1.00267,0.51822,0.25067,0.44444,0.47911,0.45867,0.46444,0.47647,0.50588,0.25882,0.40588,0.50588,0.5,0.5,0.5,0.5,0.5,0.455,0.254,0.495,0.5005,0.5215,0.505,0.393,0.017,0.901
0.95067,1.00356,0.37156,0.19867,0.44444,0.47822,0.45867,0.46489,0.53529,0.50588,0.21176,0.4,0.50588,0.5,0.5,0.50588,0.5,0.5,0.453,0.189,0.495,0.504,0.5225,0.5025,0.479,0.029,0.896,0.16471,0.44118,0.55882,0.55294,0.5,0.5,0.5,0.5,0.99911,1.00756,0.22089,0.14756,0.44489,0.47867,0.45822,0.46489,0.49412,0.50588,0.5,0.5,0.5,0.5,0.5,0.50588,0.5,0.5,0.451,0.1465,0.495,0.5025,0.5235,0.503,0.428,0.004,0.938
0.99867,1.00756,0.24444,0.148,0.44444,0.47867,0.45822,0.46489,0.5,0.50588,0.54118,0.5,0.5,0.5,0.5,0.50588,0.5,0.5,0.4835,0.274,0.497,0.5025,0.524,0.5035,0.423,-0.005,0.949,0.21176,0.48824,0.77059,0.68235,0.5,0.5,0.5,0.5,0.99733,1.00756,0.364,0.21333,0.44267,0.47956,0.46133,0.46578,0.49412,0.5,0.75294,0.67647,0.5,0.5,0.51765,0.5,0.5,0.5,0.506,0.405,0.505,0.4975,0.5115,0.4965,0.264,0.043,1.007
0.99333,1.00711,0.5,0.29511,0.44356,0.47911,0.46267,0.46667,0.45882,0.5,0.81176,0.67647,0.50588,0.49412,0.48824,0.50588,0.5,0.5,0.517,0.487,0.5025,0.4985,0.501,0.494,0.202,-0.017,1.027,0.39412,0.17059,0.34706,0.68824,0.5,0.5,0.5,0.5,0.97244,1.00489,0.62489,0.452,0.44444,0.47867,0.46311,0.46578,0.48824,0.49412,0.38235,0.70588,0.5,0.5,0.51176,0.5,0.5,0.5,0.4415,0.53,0.4975,0.5025,0.5035,0.4965,0.157,-0.022,1.039
0.96356,1.0,0.55289,0.55244,0.44444,0.48,0.464,0.46622,0.48824,0.48824,0.32941,0.74118,0.50588,0.5,0.5,0.50588,0.5,0.5,0.4145,0.513,0.495,0.496,0.4975,0.4955,0.178,0.126,1.019,0.34118,0.40588,0.54118,0.22941,0.5,0.5,0.5,0.5,0.94889,0.99644,0.46178,0.596,0.44356,0.47822,0.46222,0.46356,0.50588,0.5,0.5,0.31176,0.5,0.48824,0.5,0.50588,0.5,0.5,0.481,0.398,0.503,0.502,0.5045,0.505,0.305,0.087,1.012
0.94533,0.99511,0.48044,0.45822,0.444,0.47867,0.464,0.46533,0.5,0.5,0.54118,0.18235,0.50588,0.5,0.5,0.51176,0.5,0.5,0.4995,0.4005,0.495,0.5025,0.498,0.4965,0.243,0.052,1.023,0.24118,0.33529,0.25882,0.70588,0.5,0.5,0.5,0.5,0.94489,1.00133,0.43556,0.34356,0.44356,0.47867,0.464,0.46489,0.50588,0.5,0.29412,0.68824,0.5,0.5,0.5,0.50588,0.5,0.5,0.4395,0.509,0.5025,0.5015,0.4965,0.5035,0.273,0.058,0.971
0.98578,1.00044,0.31467,0.44222,0.44444,0.47867,0.46356,0.46533,0.67059,0.5,0.24706,0.65882,0.50588,0.5,0.50588,0.5,0.5,0.5,0.4275,0.539,0.495,0.5025,0.4995,0.497,0.314,0.085,1.009,0.46471,0.33529,0.53529,0.41176,0.5,0.5,0.5,0.5,1.00267,0.98533,0.22267,0.54978,0.44444,0.48,0.46311,0.46489,0.5,0.48824,0.5,0.42941,0.50588,0.5,0.5,0.5,0.5,0.5,0.2435,0.4635,0.495,0.495,0.5005,0.5035,0.354,0.141,0.959
1.00222,0.97689,0.22222,0.51556,0.44444,0.48,0.46222,0.46489,0.5,0.48235,0.5,0.42941,0.50588,0.5,0.5,0.50588,0.5,0.5,0.3295,0.416,0.495,0.496,0.5045,0.5055,0.321,0.098,0.949,0.21176,0.41176,0.4,0.50588,0.5,0.5,0.5,0.5,1.00222,0.95467,0.22222,0.46356,0.44444,0.48,0.464,0.46489,0.5,0.47647,0.5,0.5,0.50588,0.5,0.51176,0.50588,0.5,0.5,0.274,0.425,0.4955,0.496,0.4985,0.5055,0.336,0.151,0.967
1.00267,0.93911,0.184,0.456,0.44489,0.48,0.464,0.46489,0.50588,0.47059,0.33529,0.5,0.50588,0.5,0.5,0.50588,0.5,0.5,0.208,0.4745,0.4955,0.496,0.4965,0.5035,0.376,0.159,0.919,0.3,0.52941,0.87647,0.42941,0.5,0.5,0.5,0.5,1.00311,0.92133,0.21022,0.44578,0.44444,0.47867,0.46222,0.46489,0.5,0.5,0.86471,0.47647,0.5,0.48235,0.5,0.50588,0.5,0.5,0.462,0.4285,0.497,0.501,0.5045,0.5035,0.256,0.027,1.036
0.99956,0.94089,0.37778,0.41289,0.444,0.47867,0.46356,0.46578,0.5,0.6,0.84706,0.42941,0.49412,0.5,0.5,0.50588,0.5,0.5,0.5155,0.413,0.497,0.502,0.498,0.4955,0.199,0.02,0.986,0.41765,0.21176,0.28235,0.49412,0.5,0.5,0.5,0.5,0.984,0.99733,0.54222,0.36044,0.44444,0.47911,0.46356,0.46444,0.48235,0.51176,0.31176,0.47647,0.50588,0.5,0.5,0.50588,0.5,0.5,0.448,0.4505,0.495,0.5005,0.499,0.504,0.28,0.061,1.013
0.972,0.99733,0.43467,0.35422,0.44444,0.47911,0.464,0.46489,0.47647,0.50588,0.25882,0.5,0.50588,0.5,0.5,0.5,0.5,0.5,0.432,0.467,0.495,0.5005,0.4965,0.5035,0.291,0.063,0.981,0.44118,0.19412,0.64118,0.32941,0.5,0.5,0.5,0.5,0.99644,0.99778,0.33956,0.30311,0.444,0.47867,0.464,0.46622,0.5,0.51176,0.61765,0.34118,0.5,0.5,0.5,0.5,0.5,0.5,0.499,0.421,0.497,0.502,0.496,0.4965,0.303,0.066,1.008
0.996,1.00044,0.40489,0.25378,0.44356,0.47867,0.46356,0.46622,0.49412,0.50588,0.61765,0.42941,0.50588,0.49412,0.5,0.49412,0.5,0.5,0.529,0.2425,0.503,0.5015,0.498,0.4965,0.371,0.074,0.943,0.37059,0.45294,0.22941,0.61176,0.5,0.5,0.5,0.5,0.97822,1.00578,0.41067,0.19111,0.44444,0.47911,0.45956,0.46578,0.47647,0.50588,0.23529,0.5,0.50588,0.5,0.5,0.5,0.5,0.5,0.47,0.229,0.495,0.5005,0.5165,0.4965,0.434,0.033,0.938
0.99378,1.00578,0.28,0.20933,0.44489,0.47956,0.46,0.46489,0.56471,0.50588,0.23529,0.59412,0.51176,0.5,0.5,0.5,0.5,0.5,0.434,0.4175,0.495,0.499,0.515,0.5035,0.436,0.091,1.01,0.47647,0.1,0.54118,0.63529,0.5,0.5,0.5,0.5,1.00222,1.00222,0.17333,0.30178,0.44489,0.48,0.464,0.46489,0.50588,0.5,0.5,0.62941,0.5,0.5,0.5,0.50588,0.5,0.5,0.244,0.5095,0.495,0.4975,0.496,0.5035,0.427,0.103,0.949
1.00267,1.00133,0.17333,0.37067,0.44489,0.47956,0.464,0.46489,0.50588,0.5,0.5,0.61765,0.5,0.5,0.5,0.50588,0.5,0.5,0.343,0.515,0.495,0.497,0.496,0.5035,0.397,0.119,0.946,0.38235,0.35882,0.58235,0.59412,0.5,0.5,0.5,0.5,1.00222,0.988,0.20978,0.48133,0.44489,0.47956,0.46356,0.46489,0.5,0.47647,0.54118,0.62353,0.5,0.5,0.5,0.50588,0.5,0.5,0.417,0.5185,0.495,0.498,0.498,0.5035,0.355,0.092,0.965
0.46622,0.43778,0.43822,0.44978,0.45956,0.46578,0.46133,0.46578,0.5,0.5,0.5,0.5,0.50588,0.5,0.5,0.5,0.4955,0.5065,0.5035,0.503,0.501,0.4995,0.4975,0.5,0.021,0.08,1.02,0.54706,0.59412,0.32941,0.58235,0.5,0.5,0.5,0.5,0.48267,0.43822,0.38444,0.45733,0.45911,0.46578,0.46133,0.46489,0.59412,0.52353,0.35294,0.55294,0.5,0.5,0.5,0.5,0.506,0.5285,0.486,0.598,0.506,0.499,0.497,0.505,0.061,0.027,1.017
0.516,0.45556,0.31511,0.48133,0.45911,0.46533,0.45956,0.46489,0.61765,0.50588,0.37059,0.52353,0.50588,0.5,0.48235,0.5,0.492,0.5705,0.4,0.681,0.5055,0.5015,0.5065,0.505,-0.19,-0.235,1.134,0.54706,0.81765,0.40588,0.16471,0.5,0.5,0.5,0.5,0.55156,0.67289,0.17244,0.46711,0.45911,0.46578,0.44089,0.45644,0.56471,0.8,0.46471,0.21176,0.50588,0.5,0.5,0.51176,0.5045,0.5115,0.454,0.453,0.501,0.4995,0.597,0.5055,0.071,-0.099,0.95
0.57511,0.84933,0.11822,0.27822,0.45911,0.46622,0.45556,0.464,0.52353,0.78824,0.39412,0.12353,0.49412,0.50588,0.54118,0.51176,0.5065,0.5075,0.4785,0.4985,0.5055,0.497,0.527,0.5055,0.047,-0.309,1.088,0.64118,0.14706,0.57059,0.74706,0.5,0.5,0.5,0.5,0.61556,0.99067,0.06267,0.132,0.45067,0.46533,0.46089,0.46578,0.6,0.45882,0.55882,0.7,0.51176,0.5,0.48824,0.51176,0.529,0.388,0.5895,0.6735,0.506,0.501,0.4985,0.498,-0.117,-0.241,1.015
0.67956,0.92756,0.10089,0.25156,0.45644,0.46489,0.45156,0.46489,0.65294,0.31765,0.57647,0.74118,0.51765,0.5,0.47647,0.5,0.534,0.169,0.5805,0.706,0.5055,0.503,0.5415,0.5045,-0.118,-0.262,0.99,0.32353,0.52941,0.73529,0.47647,0.5,0.5,0.5,0.5,0.748,0.61733,0.22933,0.39911,0.45911,0.46489,0.44356,0.46489,0.33529,0.49412,0.68824,0.5,0.49412,0.5,0.5,0.50588,0.492,0.43,0.541,0.6665,0.5055,0.5015,0.5845,0.505,-0.181,-0.17,0.992
0.65733,0.59867,0.32311,0.40222,0.45867,0.46667,0.448,0.46667,0.31176,0.45882,0.69412,0.51176,0.5,0.5,0.52353,0.50588,0.493,0.472,0.664,0.5965,0.5055,0.4965,0.565,0.4945,-0.255,-0.134,1.015,0.51765,0.47647,0.45294,0.34706,0.5,0.5,0.5,0.5,0.52311,0.59422,0.43867,0.36711,0.45867,0.46667,0.45289,0.46667,0.50588,0.50588,0.5,0.38824,0.5,0.5,0.50588,0.50588,0.525,0.478,0.706,0.4545,0.5055,0.4955,0.537,0.4945,-0.298,-0.006,0.897
0.52267,0.59289,0.43778,0.29422,0.45956,0.47644,0.46,0.46622,0.5,0.49412,0.5,0.33529,0.50588,0.57059,0.5,0.48235,0.535,0.466,0.596,0.426,0.5035,0.4525,0.504,0.4965,-0.219,0.037,0.964,0.47059,0.55294,0.31765,0.50588,0.5,0.5,0.5,0.5,0.52311,0.55733,0.35156,0.19778,0.45467,0.47733,0.46133,0.46578,0.50588,0.54118,0.32353,0.5,0.45882,0.5,0.50588,0.5,0.5315,0.5065,0.58,0.4625,0.506,0.443,0.499,0.5,-0.104,-0.008,1.032
0.52356,0.57022,0.26178,0.19067,0.44133,0.47733,0.46133,0.46489,0.5,0.53529,0.32941,0.49412,0.47059,0.5,0.5,0.5,0.517,0.51,0.5685,0.5065,0.512,0.4445,0.4975,0.5055,-0.099,-0.081,1.079,0.71765,0.53529,0.44706,0.64118,0.5,0.5,0.5,0.5,0.59289,0.57244,0.14356,0.20578,0.43689,0.47689,0.46178,0.46489,0.67647,0.50588,0.45294,0.61765,0.5,0.5,0.5,0.5,0.5145,0.5475,0.5315,0.68,0.5135,0.446,0.496,0.505,-0.129,-0.108,1.034
0.71244,0.57244,0.11778,0.26267,0.43733,0.47689,0.46,0.46533,0.75882,0.50588,0.47059,0.6,0.50588,0.5,0.5,0.50588,0.5085,0.5755,0.525,0.7495,0.5135,0.446,0.502,0.5025,-0.146,-0.154,1.018,0.47647,0.68824,0.48235,0.67647,0.5,0.5,0.5,0.5,0.83378,0.59333,0.092,0.31111,0.44533,0.47156,0.45956,0.46578,0.51765,0.65882,0.5,0.5,0.52353,0.5,0.5,0.50588,0.506,0.671,0.472,0.9975,0.508,0.4715,0.5055,0.5,-0.286,-0.174,0.974
0.83244,0.69867,0.09022,0.31067,0.46044,0.46533,0.45956,0.46489,0.50588,0.73529,0.49412,0.5,0.53529,0.5,0.5,0.5,0.4935,0.635,0.437,0.9995,0.4945,0.4995,0.5055,0.504,-0.334,-0.198,0.958,0.37059,0.58824,0.67647,0.58824,0.5,0.5,0.5,0.5,0.80178,0.96933,0.12489,0.38133,0.45778,0.46533,0.45956,0.45689,0.48824,0.52941,0.66471,0.53529,0.49412,0.5,0.5,0.50588,0.471,0.507,0.502,0.8175,0.506,0.5005,0.5055,0.505,-0.321,-0.213,0.994
0.74133,0.96933,0.20044,0.40444,0.45689,0.46667,0.46133,0.45733,0.39412,0.49412,0.64706,0.60588,0.5,0.5,0.5,0.50588,0.467,0.537,0.569,0.924,0.5055,0.4965,0.497,0.505,-0.261,-0.092,0.943,0.42353,0.11176,0.64706,0.59412,0.5,0.5,0.5,0.5,0.58356,0.99289,0.31244,0.57644,0.44711,0.47422,0.46,0.46444,0.33529,0.44118,0.55294,0.62353,0.5,0.5,0.48824,0.5,0.512,0.4185,0.763,0.508,0.507,0.459,0.502,0.505,-0.283,-0.097,0.997
0.53689,0.83156,0.38578,0.63022,0.44711,0.47378,0.46,0.46133,0.42941,0.14118,0.67647,0.58824,0.5,0.5,0.5,0.5,0.515,0.3965,0.7765,0.4725,0.5075,0.4605,0.503,0.505,-0.281,-0.067,0.994,0.54706,0.63529,0.41765,0.43529,0.5,0.5,0.5,0.5,0.47556,0.61556,0.45111,0.68844,0.44756,0.472,0.46,0.46044,0.5,0.5,0.5,0.5,0.50588,0.5,0.5,0.50588,0.554,0.455,0.752,0.3575,0.507,0.4695,0.5025,0.505,-0.307,-0.102,0.98
0.47556,0.63911,0.43956,0.66844,0.44756,0.472,0.46,0.46044,0.5,0.65294,0.45882,0.4,0.50588,0.5,0.5,0.5,0.589,0.4895,0.6075,0.2925,0.507,0.4695,0.5025,0.505,-0.267,-0.09,1.008,0.49412,0.44118,0.35882,0.27059,0.5,0.5,0.5,0.5,0.508,0.72533,0.35067,0.57644,0.44889,0.464,0.45111,0.45333,0.50588,0.50588,0.36471,0.31176,0.51765,0.5,0.48235,0.5,0.573,0.461,0.5695,0.187,0.5065,0.5065,0.545,0.5065,0.041,-0.075,1.038
0.508,0.72578,0.28089,0.47644,0.45778,0.464,0.44711,0.45378,0.50588,0.5,0.37059,0.26471,0.55882,0.5,0.49412,0.51176,0.568,0.422,0.5585,0.1095,0.5035,0.5075,0.5645,0.506,0.214,-0.05,0.969,0.67059,0.65294,0.58824,0.70588,0.5,0.5,0.5,0.5,0.59378,0.72533,0.22311,0.31644,0.46,0.46533,0.44444,0.472,0.67647,0.5,0.55294,0.60588,0.5,0.5,0.5,0.49412,0.534,0.4635,0.577,0.547,0.5,0.5015,0.579,0.4945,0.037,0.002,1.253
0.68489,0.764,0.26667,0.42711,0.45911,0.46622,0.44489,0.46489,0.86471,0.51176,0.59412,0.68235,0.5,0.5,0.5,0.47647,0.5255,0.492,0.587,0.523,0.5055,0.497,0.5775,0.505,-0.288,-0.149,1.004,0.37059,0.34706,0.75294,0.32353,0.5,0.5,0.5,0.5,0.80489,0.81911,0.38178,0.51422,0.46,0.47289,0.45733,0.46533,0.50588,0.45294,0.66471,0.42353,0.50588,0.5,0.5,0.5,0.473,0.4665,0.6845,0.4085,0.497,0.4655,0.5155,0.5025,-0.283,-0.077,0.967
0.72044,0.80044,0.47822,0.44978,0.46044,0.47244,0.45733,0.46489,0.22941,0.42353,0.70588,0.34118,0.50588,0.5,0.5,0.5,0.4935,0.39,0.84,0.2895,0.495,0.466,0.5155,0.5025,-0.404,0.043,0.884,0.44118,0.57647,0.27647,0.57059,0.5,0.5,0.5,0.5,0.60889,0.63733,0.604,0.32756,0.47556,0.48,0.46044,0.46489,0.62941,0.52941,0.47059,0.58235,0.51176,0.52353,0.5,0.5,0.506,0.5065,0.54,0.4995,0.4905,0.434,0.5,0.5055,-0.188,0.005,1.04
0.62622,0.67111,0.51778,0.35244,0.47644,0.48044,0.46089,0.46578,0.50588,0.5,0.29412,0.52353,0.50588,0.5,0.5,0.50588,0.462,0.5095,0.4025,0.535,0.49,0.4275,0.4985,0.4965,-0.116,0.033,1.032,0.45882,0.59412,0.42941,0.60588,0.5,0.5,0.5,0.5,0.62667,0.69911,0.356,0.39911,0.44889,0.48,0.46133,0.46622,0.5,0.58235,0.4,0.55294,0.47647,0.5,0.5,0.5,0.4,0.5485,0.427,0.6825,0.507,0.431,0.4975,0.497,0.107,0.004,1.089
0.62667,0.752,0.32133,0.45911,0.44267,0.48,0.46089,0.46622,0.5,0.54706,0.48824,0.56471,0.49412,0.5,0.5,0.50588,0.3655,0.547,0.4235,0.655,0.51,0.4315,0.498,0.4975,-0.082,-0.02,0.985,0.5,0.6,0.69412,0.40588,0.5,0.5,0.5,0.5,0.52044,0.87778,0.304,0.52044,0.436,0.48,0.46089,0.46622,0.21765,0.57647,0.61176,0.42941,0.5,0.5,0.5,0.50588,0.489,0.514,0.609,0.4985,0.5135,0.4315,0.499,0.4965,-0.142,-0.055,1.118
0.46622,0.93778,0.37111,0.47778,0.43556,0.48,0.46089,0.46622,0.47059,0.57647,0.67647,0.4,0.50588,0.5,0.5,0.50588,0.5185,0.508,0.765,0.4865,0.5135,0.431,0.499,0.4965,-0.146,-0.002,0.99,0.84706,0.48824,0.26471,0.48824,0.5,0.5,0.5,0.5,0.47111,0.98622,0.43689,0.41556,0.44133,0.48,0.46089,0.46622,0.78824,0.50588,0.23529,0.49412,0.51176,0.5,0.5,0.50588,0.651,0.509,0.6235,0.497,0.5105,0.43,0.499,0.4965,-0.239,-0.032,0.997
0.74756,0.99022,0.32444,0.41289,0.448,0.48,0.46,0.46489,1.0,0.54706,0.3,0.5,0.51176,0.5,0.49412,0.51765,0.5255,0.5065,0.5885,0.483,0.507,0.4315,0.502,0.503,-0.137,-0.074,0.979,0.31176,0.18235,0.40588,0.51765,0.5,0.5,0.5,0.5,0.98311,0.95378,0.16267,0.41333,0.44844,0.48,0.46,0.46578,0.40588,0.27647,0.4,0.5,0.5,0.5,0.5,0.50588,0.442,0.4185,0.5475,0.4745,0.507,0.4315,0.5025,0.497,-0.023,-0.089,1.076
0.88756,0.87378,0.11111,0.42933,0.44133,0.48,0.46,0.46622,0.26471,0.26471,0.4,0.51765,0.48235,0.5,0.5,0.50588,0.4515,0.269,0.5635,0.4435,0.511,0.4315,0.503,0.4975,0.179,-0.074,1.045,0.58235,0.33529,0.8,0.44118,0.5,0.5,0.5,0.5,0.74089,0.75378,0.11689,0.44844,0.43911,0.47911,0.46,0.46756,0.50588,0.50588,0.71176,0.5,0.50588,0.5,0.5,0.50588,0.5085,0.1305,0.745,0.31,0.511,0.4365,0.503,0.4955,0.025,-0.054,1.049
0.73911,0.75378,0.24756,0.44844,0.43956,0.47867,0.46,0.46756,0.5,0.50588,0.81765,0.5,0.50588,0.5,0.5,0.5,0.545,0.1475,0.854,0.166,0.5105,0.437,0.503,0.496,-0.13,-0.069,1.049,0.65294,0.67647,0.47647,0.5,0.5,0.5,0.5,0.5,0.844,0.75378,0.44756,0.41067,0.44,0.46533,0.45956,0.468,0.74118,0.5,0.5,0.5,0.50588,0.49412,0.5,0.50588,0.5325,0.2975,0.7105,0.1785,0.511,0.4995,0.504,0.495,-0.091,-0.131,0.979
0.90044,0.75911,0.44756,0.41022,0.44,0.46533,0.45956,0.468,0.72941,0.56471,0.5,0.49412,0.50588,0.5,0.5,0.5,0.551,0.424,0.6545,0.1815,0.5115,0.501,0.5045,0.495,-0.096,-0.166,0.998,0.40588,0.42353,0.40588,0.5,0.5,0.5,0.5,0.5,1.01067,0.83156,0.42844,0.384,0.45022,0.468,0.46044,0.46844,0.49412,0.5,0.40588,0.47647,0.50588,0.5,0.5,0.50588,0.5065,0.4125,0.528,0.3035,0.5065,0.4885,0.501,0.495,-0.035,-0.114,1.024
0.99867,0.832,0.38133,0.38,0.45289,0.468,0.46044,0.46844,0.49412,0.50588,0.4,0.5,0.51176,0.5,0.5,0.50588,0.481,0.35,0.506,0.324,0.5055,0.4885,0.501,0.495,0.007,-0.112,1.033,0.27647,0.5,0.62941,0.32941,0.5,0.5,0.5,0.5,0.93333,0.83156,0.35378,0.32356,0.45467,0.47022,0.46089,0.46756,0.18235,0.50588,0.6,0.34706,0.5,0.5,0.5,0.5,0.42,0.282,0.5935,0.32,0.505,0.4785,0.499,0.495,-0.0,-0.065,1.043
0.76133,0.832,0.41378,0.228,0.46133,0.46756,0.46133,0.46667,0.31176,0.49412,0.65294,0.2,0.50588,0.5,0.5,0.5,0.4705,0.2825,0.626,0.355,0.4945,0.4905,0.4975,0.495,-0.053,-0.055,1.059,0.60588,0.40588,0.38824,0.84706,0.5,0.5,0.5,0.5,0.66889,0.644,0.48356,0.21911,0.47733,0.48089,0.46089,0.46578,0.50588,0.45882,0.41765,0.82353,0.50588,0.5,0.49412,0.5,0.4845,0.4895,0.479,0.502,0.4895,0.426,0.499,0.4965,-0.061,0.01,1.03
0.69956,0.58489,0.43111,0.368,0.47689,0.48044,0.46044,0.46622,0.62941,0.34706,0.35882,0.75294,0.5,0.5,0.5,0.50588,0.493,0.4935,0.454,0.603,0.49,0.4275,0.501,0.497,-0.161,-0.042,1.016,0.35882,0.79412,0.55882,0.24118,0.5,0.5,0.5,0.5,0.76978,0.508,0.38578,0.48622,0.46489,0.48,0.45867,0.46533,0.50588,0.64118,0.5,0.22353,0.49412,0.5,0.5,0.51176,0.4265,0.636,0.449,0.608,0.4945,0.429,0.5095,0.503,-0.138,-0.08,0.998
0.73289,0.70933,0.40889,0.37422,0.46222,0.48089,0.46089,0.46533,0.41176,0.99412,0.56471,0.31765,0.50588,0.5,0.5,0.50588,0.3835,0.5455,0.4945,0.503,0.4945,0.4255,0.4985,0.5035,-0.082,0.012,1.051,0.38235,0.27059,0.27647,0.37647,0.5,0.5,0.5,0.5,0.67111,0.88756,0.38489,0.18978,0.46489,0.48133,0.46044,0.46533,0.50588,0.28824,0.30588,0.38235,0.5,0.5,0.5,0.5,0.2585,0.489,0.409,0.464,0.495,0.423,0.501,0.503,0.254,0.108,0.98
0.61689,0.77467,0.26489,0.12533,0.44,0.48044,0.46044,0.46578,-0.02941,0.3,0.26471,0.37647,0.48824,0.5,0.5,0.5,0.3535,0.487,0.436,0.4665,0.5115,0.4275,0.501,0.5,0.283,0.138,1.087,0.74118,0.42353,0.73529,0.81176,0.5,0.5,0.5,0.5,0.39733,0.59378,0.15644,0.12089,0.42533,0.47333,0.46178,0.45333,0.56471,0.44118,0.61765,0.8,0.51176,0.5,0.5,0.50588,0.572,0.5045,0.6935,0.638,0.5245,0.463,0.495,0.507,-0.248,-0.078,1.009
0.47422,0.544,0.24844,0.252,0.43156,0.47333,0.46089,0.46444,0.6,0.40588,0.67059,0.8,0.52941,0.5,0.49412,0.58235,0.629,0.5085,0.8285,0.772,0.5145,0.463,0.498,0.495,-0.378,-0.101,0.903,0.79412,0.57647,0.61176,0.48235,0.5,0.5,0.5,0.5,0.67422,0.49022,0.41511,0.45956,0.44044,0.464,0.45022,0.46533,0.80588,0.54706,0.58824,0.50588,0.50588,0.5,0.5,0.5,0.67,0.534,0.8755,0.6395,0.5105,0.5075,0.551,0.503,-0.572,-0.548,0.746
0.88489,0.55289,0.49956,0.45911,0.44267,0.46578,0.448,0.46267,0.84706,0.50588,0.58824,0.5,0.52353,0.50588,0.5,0.5,0.579,0.5195,0.7445,0.598,0.5085,0.5,0.5615,0.505,-0.382,-0.213,1.075,0.34118,0.51765,0.51765,0.42941,0.5,0.5,0.5,0.5,1.01556,0.55244,0.61733,0.42356,0.45911,0.46578,0.44844,0.46311,0.5,0.50588,0.51176,0.43529,0.5,0.5,0.5,0.50588,0.5635,0.574,0.5295,0.605,0.506,0.4995,0.56,0.505,-0.243,-0.173,0.983
1.01022,0.55244,0.62622,0.38844,0.45956,0.46578,0.44844,0.46311,0.47647,0.50588,0.51765,0.42941,0.51176,0.5,0.5,0.50588,0.494,0.587,0.5295,0.5995,0.5035,0.4995,0.56,0.505,-0.223,-0.19,0.996,0.34706,0.47647,0.31176,0.5,0.5,0.5,0.5,0.5,0.90978,0.55511,0.59022,0.34578,0.46,0.46578,0.44889,0.464,0.5,0.50588,0.32941,0.5,0.50588,0.5,0.5,0.50588,0.4615,0.5825,0.452,0.602,0.4965,0.499,0.5585,0.505,-0.171,-0.151,1.008
0.88756,0.55511,0.52222,0.34267,0.46044,0.46533,0.44933,0.464,0.50588,0.50588,0.38824,0.5,0.5,0.5,0.50588,0.50588,0.378,0.5645,0.3205,0.6155,0.4965,0.4995,0.5575,0.505,-0.123,-0.142,1.038,0.32353,0.57647,0.33529,0.31176,0.5,0.5,0.5,0.5,0.88933,0.55467,0.39333,0.28267,0.46089,0.46533,0.45822,0.46356,0.49412,0.50588,0.34118,0.31765,0.50588,0.5,0.52353,0.49412,0.146,0.59,0.138,0.6015,0.4955,0.5015,0.512,0.505,0.155,-0.023,1.062
0.88978,0.60178,0.30978,0.19289,0.46089,0.46533,0.46222,0.45333,0.50588,0.59412,0.35882,0.32941,0.50588,0.5,0.5,0.5,0.151,0.5655,0.1365,0.57,0.4955,0.5015,0.4945,0.507,0.276,0.055,1.005,0.43529,0.44706,0.67647,0.84706,0.5,0.5,0.5,0.5,0.89067,0.68711,0.23156,0.15644,0.46089,0.46578,0.46356,0.44933,0.49412,0.47059,0.53529,0.76471,0.50588,0.5,0.5,0.50588,0.1575,0.5115,0.322,0.762,0.495,0.499,0.487,0.508,0.082,-0.028,1.051
0.88978,0.648,0.31244,0.304,0.46044,0.46489,0.46267,0.44978,0.5,0.41765,0.64118,0.85294,0.49412,0.5,0.5,0.50588,0.1655,0.5205,0.3655,0.896,0.497,0.503,0.4905,0.508,-0.219,-0.081,1.044,0.57059,0.52353,0.30588,0.25294,0.5,0.5,0.5,0.5,0.94889,0.65822,0.33644,0.50933,0.45911,0.46489,0.45022,0.44444,0.65882,0.68824,0.31765,0.38235,0.49412,0.5,0.48824,0.50588,0.5,0.4925,0.4425,0.5085,0.5055,0.5035,0.5495,0.5135,-0.077,-0.137,0.997
0.99556,0.70489,0.23244,0.38844,0.45956,0.46667,0.45067,0.45511,0.50588,0.57647,0.30588,0.23529,0.51176,0.50588,0.50588,0.55294,0.5,0.4735,0.4665,0.483,0.4985,0.4975,0.549,0.5055,0.021,-0.067,1.015,0.19412,0.45882,0.48235,0.41765,0.5,0.5,0.5,0.5,0.99778,0.68756,0.10311,0.212,0.45867,0.472,0.46222,0.46489,0.50588,0.5,0.47647,0.43529,0.50588,0.5,0.5,0.50588,0.5,0.486,0.5065,0.4915,0.5055,0.47,0.4925,0.505,0.027,-0.021,1.035
0.99778,0.67511,0.09422,0.172,0.45867,0.472,0.46222,0.46444,0.50588,0.44118,0.48235,0.43529,0.5,0.5,0.5,0.5,0.5,0.482,0.5065,0.4805,0.506,0.47,0.4925,0.505,0.06,-0.008,1.056,0.21176,0.58235,0.74118,0.85882,0.5,0.5,0.5,0.5,0.99778,0.65556,0.15467,0.22667,0.45911,0.47111,0.46,0.46667,0.50588,0.51765,0.76471,0.77647,0.50588,0.49412,0.5,0.51176,0.5,0.5065,0.554,0.5565,0.5055,0.4735,0.5025,0.495,-0.223,-0.062,1.034
0.99778,0.69733,0.28711,0.37111,0.45911,0.46489,0.45511,0.46089,0.5,0.59412,0.75882,0.77647,0.50588,0.5,0.5,0.45294,0.5,0.506,0.507,0.742,0.505,0.503,0.5255,0.505,-0.41,-0.166,0.931,0.2,0.55882,0.47059,0.34706,0.5,0.5,0.5,0.5,0.996,0.77244,0.43111,0.58533,0.45911,0.46489,0.45111,0.444,0.50588,0.65294,0.48824,0.37647,0.5,0.5,0.5,0.5,0.5,0.4915,0.4565,0.49,0.5055,0.502,0.5475,0.513,-0.101,-0.13,0.99
0.99689,0.82711,0.41778,0.51956,0.46,0.46533,0.45022,0.44356,0.50588,0.58824,0.47059,0.31765,0.5,0.5,0.5,0.50588,0.5,0.4745,0.446,0.4345,0.4985,0.5015,0.5505,0.513,-0.164,-0.156,1.018,0.25882,0.28235,0.6,0.26471,0.5,0.5,0.5,0.5,0.99644,0.87156,0.42311,0.35644,0.45956,0.46533,0.44444,0.46089,0.5,0.50588,0.59412,0.22353,0.50588,0.5,0.5,0.61176,0.5,0.33,0.5,0.406,0.5,0.5015,0.579,0.5045,-0.049,-0.165,0.985
0.996,0.78489,0.47467,0.20933,0.46044,0.46756,0.46133,0.46178,0.5,0.05294,0.59412,0.26471,0.47647,0.51176,0.61176,0.44706,0.5,0.371,0.5015,0.4985,0.5,0.492,0.509,0.5055,-0.017,-0.008,1.05,0.28235,0.57647,0.56471,0.86471,0.5,0.5,0.5,0.5,0.98222,0.53467,0.55867,0.172,0.46089,0.46533,0.46267,0.456,0.48235,0.5,0.57647,0.78824,0.49412,0.5,0.5,0.50588,0.5,0.508,0.486,0.623,0.494,0.5015,0.4905,0.5055,-0.106,-0.069,1.018
0.96933,0.53244,0.59156,0.30889,0.45956,0.46533,0.45911,0.46044,0.48235,0.5,0.57647,0.72941,0.50588,0.5,0.49412,0.50588,0.5,0.5395,0.487,0.8585,0.5035,0.502,0.507,0.504,-0.249,-0.117,0.993,0.44706,0.80588,0.50588,0.65882,0.5,0.5,0.5,0.5,0.96533,0.56044,0.628,0.34933,0.45956,0.46578,0.45644,0.46044,0.5,0.77647,0.51765,0.5,0.50588,0.5,0.5,0.5,0.5,0.7105,0.5005,0.9995,0.5035,0.5,0.519,0.5035,-0.405,-0.169,0.961
0.96533,0.77067,0.63067,0.34933,0.45956,0.46578,0.45644,0.456,0.48824,1.03529,0.50588,0.5,0.5,0.5,0.5,0.5,0.5,0.583,0.501,0.9995,0.5035,0.5,0.5195,0.5055,-0.32,-0.187,1.058,0.20588,0.48824,0.15294,0.24706,0.5,0.5,0.5,0.5,0.96756,1.01867,0.52889,0.44622,0.46,0.46533,0.45778,0.45556,0.53529,0.50588,0.19412,0.22941,0.49412,0.5,0.47647,0.5,0.5,0.529,0.453,0.474,0.4965,0.5015,0.5125,0.5065,-0.062,-0.217,1.061
0.99778,1.01867,0.37156,0.30178,0.46267,0.46578,0.45822,0.45644,0.51176,0.50588,0.22941,0.21765,0.51765,0.5,0.51765,0.50588,0.5,0.5235,0.3615,0.5,0.495,0.5,0.512,0.506,0.236,-0.042,1.001,0.49412,0.26471,0.79412,0.49412,0.5,0.5,0.5,0.5,1.00178,0.99511,0.25111,0.15778,0.464,0.46711,0.45956,0.45822,0.49412,0.45882,0.78824,0.49412,0.5,0.5,0.5,0.51176,0.5,0.4685,0.473,0.5045,0.494,0.4935,0.5025,0.5055,0.026,-0.13,1.028
1.0,0.93289,0.38711,0.15467,0.46089,0.46533,0.46,0.46711,0.49412,0.33529,0.75882,0.5,0.49412,0.5,0.5,0.51176,0.5,0.4105,0.5,0.5055,0.4945,0.5015,0.504,0.495,0.046,-0.054,1.049,0.14118,0.32941,0.29412,0.52353,0.5,0.5,0.5,0.5,0.99822,0.69244,0.49067,0.14622,0.46044,0.46622,0.46044,0.46756,0.5,0.25882,0.31765,0.5,0.5,0.5,0.5,0.5,0.5,0.4725,0.4935,0.5655,0.494,0.497,0.501,0.495,0.035,0.021,1.034
0.99822,0.58,0.39378,0.15111,0.46133,0.46622,0.46133,0.46489,0.50588,0.25882,0.31176,0.51176,0.50588,0.5,0.5,0.5,0.5,0.489,0.4575,0.601,0.494,0.498,0.4965,0.505,0.127,0.084,1.057,0.48235,0.74706,0.51765,0.78824,0.5,0.5,0.5,0.5,1.00133,0.48178,0.304,0.22311,0.46356,0.464,0.46089,0.46578,0.50588,0.51765,0.5,0.68235,0.50588,0.5,0.5,0.5,0.5,0.5765,0.3305,0.781,0.494,0.5075,0.4985,0.5,-0.002,-0.031,1.111
1.00178,0.50444,0.30444,0.32222,0.46356,0.464,0.46044,0.46489,0.50588,0.65882,0.5,0.69412,0.50588,0.5,0.5,0.5,0.5,0.7255,0.3715,0.9435,0.4945,0.508,0.501,0.504,-0.299,-0.102,0.969,0.21176,0.37647,0.67059,0.47647,0.5,0.5,0.5,0.5,1.00044,0.79467,0.352,0.50578,0.46044,0.46489,0.45067,0.452,0.50588,0.50588,0.64118,0.63529,0.5,0.5,0.5,0.50588,0.5,0.4825,0.4985,0.6185,0.4965,0.504,0.549,0.508,-0.215,-0.202,1.001
0.99911,0.75022,0.43467,0.50533,0.45956,0.46533,0.45067,0.45156,0.5,0.11765,0.66471,0.45882,0.48235,0.5,0.5,0.5,0.5,0.4795,0.5,0.5585,0.5035,0.502,0.549,0.508,-0.137,-0.189,0.984,0.22353,0.68235,0.44706,0.22941,0.5,0.5,0.5,0.5,0.99067,0.74178,0.51333,0.41511,0.45956,0.46578,0.44889,0.45156,0.5,0.64118,0.45294,0.23529,0.5,0.5,0.5,0.51176,0.5,0.4765,0.4995,0.4935,0.5035,0.501,0.5575,0.508,-0.069,-0.233,1.019
0.996,0.836,0.49556,0.26711,0.46044,0.46667,0.46178,0.46,0.51176,0.65294,0.47059,0.21176,0.50588,0.50588,0.53529,0.51176,0.5,0.477,0.4675,0.5,0.494,0.497,0.4985,0.5055,-0.038,-0.141,1.024,0.22353,0.53529,0.25294,0.75294,0.5,0.5,0.5,0.5,0.99733,0.91511,0.39156,0.17111,0.46267,0.46578,0.46311,0.45689,0.50588,0.52353,0.28824,0.67059,0.50588,0.5,0.5,0.5,0.5,0.5065,0.4215,0.631,0.4945,0.5,0.4895,0.5055,0.1,-0.191,1.113
1.00133,0.936,0.30756,0.27111,0.46311,0.46489,0.46267,0.45644,0.51176,0.42353,0.29412,0.75882,0.50588,0.5,0.5,0.50588,0.5,0.5065,0.2205,0.7695,0.495,0.5035,0.491,0.505,-0.021,-0.095,1.006,0.39412,0.55294,0.79412,0.28235,0.5,0.5,0.5,0.5,1.00133,0.97689,0.19111,0.40756,0.45911,0.46667,0.46578,0.46711,0.49412,0.6,0.73529,0.3,0.50588,0.5,0.5,0.50588,0.5,0.493,0.542,0.4935,0.5035,0.497,0.4755,0.495,-0.03,0.008,0.982
1.0,1.00044,0.35911,0.28889,0.46178,0.46711,0.46,0.46489,0.50588,0.53529,0.81176,0.28235,0.53529,0.51765,0.56471,0.5,0.5,0.5065,0.5035,0.4995,0.494,0.495,0.508,0.505,-0.16,-0.135,1.035,0.18824,0.38235,0.61176,0.44118,0.5,0.5,0.5,0.5,0.99822,1.00578,0.55422,0.14756,0.45956,0.46533,0.46533,0.46356,0.5,0.42941,0.58824,0.44706,0.50588,0.5,0.5,0.50588,0.5,0.4875,0.536,0.489,0.5035,0.502,0.478,0.505,-0.063,-0.004,1.012
0.98933,0.99111,0.61511,0.11556,0.45911,0.46533,0.46489,0.464,0.47059,0.48235,0.63529,0.42941,0.51176,0.5,0.5,0.50588,0.5,0.4395,0.518,0.497,0.5035,0.502,0.4785,0.505,-0.012,-0.042,1.041,0.51176,0.40588,0.27059,0.57059,0.5,0.5,0.5,0.5,0.96889,0.888,0.62356,0.07689,0.46044,0.46578,0.46356,0.46489,0.48824,0.32941,0.29412,0.50588,0.50588,0.5,0.5,0.50588,0.5,0.453,0.4275,0.6285,0.4965,0.5005,0.486,0.505,0.077,0.003,1.023
0.95822,0.80533,0.51022,0.10089,0.46044,0.46533,0.464,0.46444,0.47647,0.27647,0.24706,0.58824,0.5,0.5,0.5,0.5,0.5,0.4875,0.413,0.686,0.4965,0.502,0.4845,0.505,0.061,-0.008,1.064,0.15294,0.4,0.34118,0.5,0.5,0.5,0.5,0.5,0.99867,0.69511,0.33422,0.13333,0.46133,0.46533,0.46267,0.46622,0.50588,0.41176,0.37059,0.5,0.50588,0.5,0.5,0.50588,0.5,0.493,0.3495,0.731,0.4945,0.5025,0.4895,0.497,0.153,-0.013,1.032
1.00133,0.63644,0.27511,0.13333,0.46133,0.46533,0.46267,0.46489,0.50588,0.35294,0.38235,0.5,0.50588,0.5,0.5,0.49412,0.5,0.504,0.2475,0.7315,0.495,0.502,0.49,0.505,0.255,0.036,0.998,0.35294,0.63529,0.7,0.52353,0.5,0.5,0.5,0.5,1.00311,0.57244,0.21511,0.14044,0.46089,0.46578,0.46267,0.46222,0.50588,0.51765,0.65294,0.51765,0.50588,0.5,0.5,0.51176,0.5,0.5495,0.3985,0.736,0.494,0.501,0.49,0.505,0.15,-0.008,1.022
1.00222,0.64356,0.31067,0.14667,0.46089,0.46533,0.46133,0.46622,0.5,0.62941,0.68235,0.5,0.5,0.5,0.5,0.5,0.5,0.544,0.4295,0.7625,0.494,0.5025,0.4965,0.497,-0.004,-0.031,1.047,0.10588,0.48235,0.36471,0.65882,0.5,0.5,0.5,0.5,0.99911,0.76533,0.38889,0.19378,0.46044,0.46489,0.46,0.46622,0.50588,0.50588,0.38824,0.6,0.5,0.5,0.5,0.5,0.5,0.5065,0.407,0.8585,0.4965,0.5045,0.502,0.498,-0.121,-0.078,1.019
1.00089,0.75867,0.348,0.25022,0.46044,0.46533,0.46,0.46489,0.50588,0.47059,0.38824,0.67647,0.5,0.5,0.5,0.49412,0.5,0.5065,0.2735,0.9555,0.497,0.5035,0.5025,0.5045,-0.154,-0.075,1.03,0.47059,0.67059,0.62353,0.58824,0.5,0.5,0.5,0.5,1.00133,0.80222,0.26978,0.41556,0.46,0.46489,0.45867,0.45733,0.50588,0.71176,0.62353,0.65882,0.49412,0.5,0.5,0.5,0.5,0.507,0.464,0.7475,0.4965,0.5045,0.5085,0.5055,-0.205,-0.108,1.012
1.00044,0.88489,0.33156,0.45467,0.45911,0.46489,0.45867,0.45733,0.5,0.64118,0.62941,0.54706,0.5,0.5,0.5,0.50588,0.5,0.5105,0.476,0.7735,0.506,0.5045,0.5085,0.5055,-0.241,-0.154,0.931,0.47059,0.12353,0.67647,0.51765,0.5,0.5,0.5,0.5,1.00044,0.92044,0.45378,0.57111,0.46,0.46667,0.46044,0.46533,0.5,0.11176,0.63529,0.51176,0.50588,0.50588,0.5,0.50588,0.5,0.4595,0.5155,0.4935,0.5,0.498,0.5005,0.503,0.003,0.049,0.998
0.99822,0.76711,0.53733,0.58978,0.46044,0.46667,0.46044,0.46533,0.5,0.35882,0.67647,0.53529,0.50588,0.5,0.5,0.50588,0.5,0.376,0.5435,0.4485,0.4965,0.4965,0.5005,0.503,0.241,0.066,1.01,0.21765,0.70588,0.27647,0.42941,0.5,0.5,0.5,0.5,0.98222,0.63244,0.60178,0.61289,0.46089,0.46667,0.46044,0.46533,0.49412,0.5,0.35294,0.5,0.50588,0.5,0.5,0.5,0.5,0.4035,0.3825,0.2765,0.4945,0.497,0.501,0.5025,0.387,0.107,0.971
0.97644,0.65244,0.496,0.57244,0.46044,0.46622,0.46044,0.46578,0.48824,0.64118,0.22353,0.38235,0.5,0.5,0.5,0.50588,0.5,0.4905,0.34,0.292,0.4965,0.498,0.501,0.5,0.265,0.129,0.963,0.42941,0.57059,0.44118,0.21176,0.5,0.5,0.5,0.5,0.99378,0.788,0.32311,0.44178,0.46,0.46533,0.46,0.46578,0.51765,0.65882,0.44118,0.21176,0.51176,0.5,0.5,0.50588,0.5,0.4905,0.4405,0.264,0.495,0.5025,0.5025,0.499,0.352,0.065,0.971
0.99778,0.86978,0.28622,0.32533,0.46089,0.46489,0.46,0.46578,0.51176,0.70588,0.44118,0.27647,0.5,0.5,0.5,0.50588,0.5,0.4415,0.4705,0.122,0.494,0.5025,0.5025,0.498,0.41,0.029,0.98,0.12941,0.44706,0.71765,0.43529,0.5,0.5,0.5,0.5,0.99778,0.94533,0.31556,0.248,0.46,0.46533,0.46,0.46622,0.5,0.50588,0.69412,0.5,0.51176,0.5,0.5,0.50588,0.5,0.357,0.511,0.0,0.4945,0.502,0.5025,0.498,0.383,0.055,0.933
0.99689,0.94533,0.42044,0.248,0.46044,0.46533,0.46,0.46622,0.5,0.49412,0.7,0.5,0.50588,0.5,0.5,0.50588,0.5,0.3045,0.543,0.0,0.4965,0.502,0.5025,0.498,0.423,0.044,0.981,0.44706,0.51765,0.15294,0.65294,0.5,0.5,0.5,0.5,0.976,0.94578,0.45289,0.248,0.46044,0.46578,0.45956,0.46578,0.48824,0.5,0.18824,0.5,0.50588,0.5,0.5,0.50588,0.5,0.259,0.4515,0.2375,0.494,0.5,0.5045,0.497,0.521,-0.039,0.856
0.98311,0.94356,0.28089,0.28489,0.46089,0.46533,0.46,0.46533,0.62353,0.48235,0.13529,0.61176,0.51176,0.5,0.5,0.47647,0.5,0.306,0.4275,0.437,0.4945,0.5015,0.5025,0.5045,0.458,0.078,0.951,0.32353,0.2,0.45294,0.64706,0.5,0.5,0.5,0.5,1.00311,0.81111,0.13511,0.42178,0.46,0.46667,0.46089,0.46489,0.50588,0.34118,0.5,0.65882,0.5,0.5,0.5,0.49412,0.5,0.369,0.069,0.4655,0.5,0.496,0.4985,0.505,0.471,0.181,0.869
1.00356,0.67778,0.10933,0.50222,0.46,0.46667,0.46044,0.46489,0.50588,0.20588,0.5,0.64118,0.5,0.5,0.5,0.5,0.5,0.3515,0.0765,0.4275,0.5,0.496,0.501,0.505,0.483,0.188,0.884,0.34706,0.81176,0.87647,0.25294,0.5,0.5,0.5,0.5,1.00356,0.516,0.14089,0.56133,0.45956,0.46622,0.46,0.46489,0.50588,0.7,0.82941,0.35882,0.5,0.5,0.5,0.5,0.5,0.4815,0.3915,0.1705,0.5035,0.498,0.501,0.5045,0.535,0.13,1.033
1.00044,0.70311,0.30622,0.464,0.46044,0.46622,0.46044,0.46489,0.5,0.9,0.84706,0.27647,0.50588,0.5,0.5,0.50588,0.5,0.4455,0.5155,0.061,0.4965,0.498,0.501,0.5025,0.358,0.06,0.95,0.48235,0.37647,0.24118,0.58235,0.5,0.5,0.5,0.5,0.984,0.89822,0.456,0.31244,0.46044,0.46578,0.45956,0.46489,0.47059,0.5,0.25294,0.5,0.49412,0.5,0.5,0.50588,0.5,0.347,0.453,0.2205,0.495,0.5,0.5045,0.5025,0.401,0.056,0.911
0.97867,0.89822,0.32356,0.31244,0.46089,0.46578,0.45956,0.46533,0.54118,0.50588,0.24706,0.5,0.50588,0.5,0.5,0.5,0.5,0.22,0.4525,0.418,0.494,0.5005,0.5045,0.5025,0.403,0.108,0.999,0.18824,0.45294,0.82941,0.44706,0.5,0.5,0.5,0.5,0.99956,0.83467,0.27289,0.36444,0.46,0.46578,0.45956,0.46489,0.49412,0.50588,0.78824,0.5,0.49412,0.5,0.5,0.50588,0.5,0.1825,0.4955,0.324,0.5,0.501,0.5045,0.5045,0.355,0.034,0.951
0.99778,0.83511,0.42933,0.36489,0.46,0.46533,0.45956,0.46533,0.5,0.5,0.83529,0.5,0.5,0.5,0.5,0.50588,0.5,0.1585,0.543,0.194,0.5,0.5005,0.5045,0.5015,0.402,-0.004,0.974,0.3,0.29412,0.47647,0.47059,0.5,0.5,0.5,0.5,0.97822,0.836,0.624,0.36489,0.45956,0.46578,0.45556,0.46578,0.48824,0.50588,0.47647,0.5,0.50588,0.5,0.5,0.50588,0.5,0.1735,0.5065,0.004,0.5035,0.5005,0.524,0.5,0.397,-0.033,0.963
0.97067,0.836,0.612,0.36489,0.45956,0.46578,0.45556,0.46578,0.48824,0.50588,0.47059,0.5,0.50588,0.5,0.5,0.5,0.5,0.1765,0.507,0.0,0.5035,0.5005,0.524,0.5,0.394,-0.029,0.958,0.35294,0.48235,0.34118,0.35294,0.5,0.5,0.5,0.5,0.956,0.99467,0.56178,0.25378,0.46089,0.46578,0.45778,0.46756,0.48235,0.50588,0.37647,0.41765,0.49412,0.5,0.5,0.5,0.5,0.5,0.432,0.2705,0.494,0.5,0.5135,0.495,0.41,0.015,0.965
0.94533,1.00044,0.48444,0.21156,0.46089,0.46622,0.45733,0.46711,0.47647,0.51176,0.37059,0.4,0.50588,0.49412,0.5,0.5,0.5,0.5,0.413,0.1135,0.4945,0.499,0.515,0.4955,0.454,0.021,0.881,0.23529,0.47647,0.52941,0.68824,0.5,0.5,0.5,0.5,0.94044,1.00356,0.38489,0.16578,0.46044,0.46578,0.45733,0.46667,0.50588,0.50588,0.5,0.5,0.5,0.5,0.5,0.5,0.5,0.5,0.484,0.294,0.4955,0.501,0.515,0.4945,0.421,0.056,0.901
0.94133,1.00311,0.39867,0.23511,0.46,0.46667,0.46178,0.46622,0.51176,0.49412,0.52941,0.65882,0.51176,0.49412,0.50588,0.5,0.5,0.5,0.4915,0.4265,0.4965,0.497,0.4955,0.4965,0.311,0.055,1.01,0.47647,0.19412,0.65882,0.54118,0.5,0.5,0.5,0.5,0.93778,1.0,0.47067,0.348,0.46044,0.46533,0.45956,0.46667,0.47647,0.5,0.64706,0.55294,0.5,0.5,0.5,0.50588,0.5,0.5,0.5,0.4995,0.4965,0.5025,0.503,0.4945,0.253,0.013,1.006
0.92489,0.99956,0.54978,0.36889,0.45956,0.46533,0.45911,0.46667,0.47647,0.5,0.65882,0.53529,0.49412,0.5,0.5,0.50588,0.5,0.5,0.5,0.4975,0.5035,0.5025,0.5065,0.4945,0.235,-0.021,1.017,0.42941,0.29412,0.30588,0.29412,0.5,0.5,0.5,0.5,0.90311,0.99956,0.58756,0.344,0.46,0.46578,0.46,0.46667,0.48235,0.51176,0.31765,0.32353,0.49412,0.5,0.5,0.50588,0.5,0.5,0.449,0.3985,0.4965,0.501,0.502,0.4945,0.292,0.001,0.972
0.88933,1.00089,0.49333,0.25867,0.46044,0.46667,0.46,0.46533,0.47647,0.50588,0.33529,0.4,0.5,0.5,0.5,0.49412,0.5,0.5,0.43,0.3055,0.4945,0.498,0.502,0.5025,0.433,0.077,0.96,0.37059,0.4,0.7,0.40588,0.5,0.5,0.5,0.5,0.91644,1.004,0.42978,0.18089,0.46044,0.46578,0.45822,0.46533,0.50588,0.50588,0.67059,0.5,0.50588,0.5,0.5,0.50588,0.5,0.5,0.5025,0.004,0.4965,0.501,0.5105,0.502,0.396,0.025,0.939
0.91022,1.00622,0.52711,0.18089,0.46,0.46578,0.45467,0.46578,0.46471,0.50588,0.68824,0.5,0.5,0.5,0.5,0.50588,0.5,0.5,0.5205,0.0,0.5,0.501,0.527,0.5,0.401,-0.057,0.966,0.28824,0.41765,0.41765,0.49412,0.5,0.5,0.5,0.5,0.88667,1.00756,0.61867,0.18089,0.45956,0.46578,0.45467,0.46578,0.47647,0.5,0.41176,0.5,0.50588,0.5,0.5,0.50588,0.5,0.5,0.5025,0.0,0.5035,0.501,0.529,0.5,0.4,-0.042,0.977
0.49511,0.46622,0.46489,0.46578,0.46667,0.46622,0.46711,0.46667,0.5,0.5,0.5,0.5,0.5,0.5,0.5,0.50588,0.4935,0.495,0.5015,0.5,0.496,0.5,0.5,0.5,0.037,-0.009,1.035,0.48235,0.61176,0.25882,0.54706,0.5,0.5,0.5,0.5,0.496,0.48756,0.39911,0.47111,0.46533,0.46711,0.468,0.46622,0.51176,0.54118,0.32353,0.5,0.5,0.5,0.5,0.49412,0.49,0.5145,0.432,0.5475,0.5055,0.4955,0.496,0.503,0.161,0.013,1.013
0.49733,0.49956,0.29778,0.47111,0.46489,0.46489,0.45689,0.46667,0.50588,0.53529,0.31176,0.5,0.54118,0.48235,0.41765,0.50588,0.483,0.5665,0.3285,0.6615,0.4965,0.504,0.546,0.5,-0.212,-0.218,1.024,0.71765,0.62353,0.65882,0.54118,0.5,0.5,0.5,0.5,0.52622,0.66489,0.17467,0.54267,0.46489,0.46667,0.45156,0.45644,0.74118,0.62353,0.62353,0.56471,0.50588,0.5,0.5,0.51176,0.51,0.5075,0.5,0.519,0.506,0.4975,0.574,0.506,-0.166,-0.167,0.997
0.61867,0.72711,0.24044,0.55422,0.46489,0.46711,0.45244,0.45733,0.64706,0.62353,0.6,0.55294,0.5,0.5,0.5,0.50588,0.5275,0.507,0.5575,0.561,0.5055,0.496,0.57,0.506,-0.132,-0.149,1.004,0.67059,0.45882,0.48824,0.39412,0.5,0.5,0.5,0.5,0.76933,0.81156,0.30133,0.56578,0.464,0.47067,0.46622,0.46044,0.65294,0.51176,0.5,0.45294,0.50588,0.5,0.5,0.50588,0.563,0.4845,0.6955,0.455,0.5055,0.4785,0.5045,0.5055,-0.223,-0.15,1.005
0.84356,0.812,0.30133,0.53822,0.46311,0.47067,0.46444,0.45911,0.60588,0.50588,0.5,0.40588,0.5,0.5,0.48824,0.48824,0.5875,0.465,0.668,0.328,0.5055,0.4785,0.5105,0.505,-0.168,-0.153,0.997,0.32353,0.4,0.71176,0.54706,0.5,0.5,0.5,0.5,0.94489,0.81244,0.35689,0.47644,0.46311,0.46667,0.45911,0.46,0.36471,0.5,0.67059,0.5,0.5,0.5,0.5,0.50588,0.507,0.37,0.705,0.4015,0.505,0.498,0.538,0.5055,-0.274,-0.125,0.965
0.86044,0.76667,0.45378,0.49333,0.46311,0.46667,0.46044,0.46222,0.32941,0.38235,0.68235,0.54118,0.5,0.5,0.5,0.50588,0.494,0.3775,0.762,0.435,0.505,0.4975,0.532,0.505,-0.268,-0.103,1.025,0.32353,0.38824,0.34118,0.21765,0.5,0.5,0.5,0.5,0.716,0.66622,0.56267,0.46,0.464,0.46667,0.46133,0.46267,0.36471,0.5,0.42941,0.25882,0.50588,0.5,0.5,0.50588,0.49,0.371,0.592,0.279,0.506,0.4975,0.5275,0.505,-0.127,0.046,0.992
0.61289,0.65644,0.47956,0.30978,0.464,0.46489,0.45867,0.47244,0.25882,0.50588,0.32353,0.18824,0.5,0.5,0.5,0.50588,0.4945,0.2885,0.598,0.3075,0.5055,0.505,0.5395,0.495,-0.312,0.079,1.061,0.85882,0.85294,0.52353,0.64706,0.5,0.5,0.5,0.5,0.52756,0.54222,0.38178,0.15422,0.46,0.48044,0.46711,0.46622,0.78824,0.85294,0.5,0.63529,0.5,0.5,0.5,0.5,0.6165,0.5145,0.653,0.4995,0.505,0.4295,0.5,0.5035,-0.333,0.035,0.977
0.76444,0.71956,0.38178,0.22622,0.46044,0.48044,0.46667,0.46667,1.0,0.82353,0.5,0.62353,0.50588,0.5,0.5,0.50588,0.538,0.5175,0.7095,0.5015,0.505,0.4295,0.5025,0.5,-0.277,-0.039,0.986,0.41176,0.40588,0.48824,0.66471,0.5,0.5,0.5,0.5,0.98711,0.91422,0.38267,0.34622,0.46222,0.48044,0.46756,0.46622,0.50588,0.45882,0.50588,0.64706,0.50588,0.5,0.5,0.5,0.506,0.4935,0.7535,0.604,0.505,0.4295,0.498,0.503,-0.366,-0.098,0.956
0.97067,0.88089,0.39333,0.41956,0.46444,0.48,0.46711,0.46578,0.45294,0.38235,0.53529,0.64706,0.51176,0.5,0.49412,0.5,0.4855,0.4905,0.676,0.659,0.5055,0.4315,0.4985,0.505,-0.378,-0.118,0.962,0.22353,0.52941,0.38235,0.61176,0.5,0.5,0.5,0.5,0.87067,0.80089,0.38622,0.52044,0.46756,0.48,0.46711,0.46622,0.35882,0.5,0.40588,0.52941,0.51176,0.5,0.5,0.50588,0.4265,0.516,0.4875,0.8165,0.4945,0.4315,0.5,0.5025,-0.316,-0.1,1.004
0.82,0.79956,0.34756,0.59911,0.46311,0.48222,0.46667,0.46578,0.33529,0.50588,0.40588,0.82941,0.48824,0.52353,0.5,0.50588,0.27,0.5295,0.386,0.7165,0.505,0.4215,0.5015,0.5035,-0.187,0.052,0.882,0.5,0.42941,0.58235,0.32941,0.5,0.5,0.5,0.5,0.46,0.83067,0.23867,0.67333,0.43911,0.48178,0.46667,0.46444,0.34118,0.45294,0.5,0.32353,0.48824,0.5,0.49412,0.50588,0.539,0.4935,0.7035,0.405,0.516,0.423,0.501,0.5055,-0.193,-0.029,1.019
0.45956,0.828,0.25289,0.59956,0.43911,0.48178,0.46622,0.46444,0.5,0.5,0.5,0.38824,0.50588,0.5,0.5,0.50588,0.538,0.4745,0.835,0.3425,0.5155,0.423,0.5035,0.505,-0.07,-0.004,1.037,0.54706,0.58235,0.65882,0.53529,0.5,0.5,0.5,0.5,0.45911,0.84311,0.32978,0.52933,0.43911,0.48178,0.46622,0.46489,0.50588,0.50588,0.62353,0.49412,0.5,0.5,0.5,0.50588,0.564,0.452,0.937,0.251,0.515,0.423,0.502,0.505,-0.253,-0.021,0.988
0.45867,0.85467,0.41156,0.52311,0.43956,0.48178,0.46667,0.46622,0.5,0.55294,0.54118,0.5,0.5,0.5,0.5,0.51765,0.6045,0.483,0.9355,0.3665,0.5145,0.423,0.502,0.503,-0.301,0.011,0.987,0.82353,0.37059,0.30588,0.25882,0.5,0.5,0.5,0.5,0.49111,0.88667,0.42622,0.48044,0.44311,0.48178,0.46667,0.46578,0.85294,0.51176,0.49412,0.32353,0.51176,0.5,0.5,0.50588,0.763,0.438,0.702,0.289,0.513,0.423,0.502,0.5045,-0.279,-0.01,0.975
0.74889,0.88756,0.34044,0.372,0.44356,0.47067,0.46622,0.46667,1.01176,0.50588,0.31176,0.30588,0.50588,0.47059,0.5,0.50588,0.5825,0.3245,0.63,0.2225,0.5135,0.4755,0.5035,0.5,0.027,-0.186,1.061,0.39412,0.48824,0.41765,0.45294,0.5,0.5,0.5,0.5,0.98889,0.70267,0.20978,0.15511,0.45244,0.488,0.46667,0.46667,0.51765,0.17059,0.34706,0.43529,0.50588,0.49412,0.51765,0.48824,0.5065,0.492,0.574,0.4895,0.508,0.3915,0.503,0.5,-0.341,-0.042,1.024
0.96222,0.67556,0.16533,0.132,0.45244,0.488,0.468,0.46578,0.50588,0.49412,0.44118,0.46471,0.50588,0.5,0.5,0.50588,0.4845,0.5045,0.5865,0.488,0.508,0.393,0.4975,0.5035,-0.201,-0.042,1.015,0.44706,0.61176,0.70588,0.79412,0.5,0.5,0.5,0.5,0.88267,0.67556,0.15111,0.17778,0.452,0.488,0.46756,0.46622,0.4,0.49412,0.65882,0.70588,0.5,0.5,0.5,0.5,0.489,0.5285,0.7505,0.601,0.508,0.393,0.4975,0.503,-0.373,-0.054,0.962
0.86578,0.68089,0.26444,0.308,0.452,0.488,0.46756,0.46667,0.50588,0.50588,0.76471,0.74706,0.50588,0.5,0.5,0.5,0.4795,0.5875,0.7125,0.6985,0.508,0.393,0.4975,0.5,-0.442,-0.124,0.924,0.36471,0.58824,0.3,0.58824,0.5,0.5,0.5,0.5,0.84578,0.79733,0.37333,0.50489,0.46444,0.488,0.46756,0.46578,0.5,0.52353,0.33529,0.5,0.51176,0.5,0.5,0.50588,0.397,0.558,0.457,0.732,0.505,0.3925,0.4975,0.5025,-0.318,-0.127,0.979
0.83333,0.80356,0.28133,0.51111,0.46178,0.488,0.46756,0.46578,0.51176,0.50588,0.33529,0.5,0.49412,0.5,0.5,0.50588,0.2995,0.6215,0.4075,0.917,0.505,0.3925,0.4975,0.5025,0.314,0.033,1.167,0.47647,0.40588,0.48235,0.50588,0.5,0.5,0.5,0.5,0.59867,0.924,0.11467,0.66756,0.44,0.47556,0.46711,0.46978,0.3,0.34706,0.47647,0.5,0.51176,0.5,0.5,0.50588,0.5105,0.493,0.608,0.431,0.517,0.452,0.4985,0.4945,0.038,-0.11,1.042
0.57333,0.876,0.11511,0.66711,0.43733,0.47556,0.46667,0.46756,0.50588,0.41176,0.5,0.5,0.50588,0.5,0.5,0.48824,0.5125,0.4935,0.565,0.4465,0.5195,0.4535,0.5015,0.4995,-0.031,-0.143,1.013,0.54118,0.22941,0.64706,0.38824,0.5,0.5,0.5,0.5,0.56933,0.77378,0.12044,0.65511,0.43689,0.47556,0.46667,0.46756,0.5,0.32941,0.6,0.44118,0.51176,0.5,0.5,0.50588,0.5185,0.4575,0.721,0.343,0.5185,0.4535,0.503,0.495,-0.093,-0.173,1.025
0.56844,0.72756,0.16133,0.63733,0.43689,0.476,0.46622,0.47067,0.5,0.5,0.65294,0.5,0.5,0.5,0.5,0.5,0.5395,0.2905,0.886,0.16,0.5165,0.452,0.503,0.496,-0.106,-0.086,0.967,0.71176,0.32941,0.66471,0.10588,0.5,0.5,0.5,0.5,0.568,0.72844,0.23422,0.596,0.43733,0.47556,0.46622,0.47067,0.5,0.50588,0.53529,0.5,0.50588,0.5,0.5,0.5,0.7065,0.149,0.9785,0.003,0.5155,0.4535,0.5035,0.496,-0.14,-0.073,1.037
0.65689,0.72844,0.23378,0.596,0.43778,0.47556,0.46622,0.47067,0.72353,0.50588,0.5,0.5,0.5,0.5,0.5,0.50588,0.7075,0.154,0.9995,0.0,0.515,0.4535,0.5035,0.4965,-0.167,-0.062,0.947,0.32941,0.49412,0.76471,0.54118,0.5,0.5,0.5,0.5,0.83733,0.728,0.30044,0.58489,0.43778,0.47556,0.46622,0.47022,0.50588,0.5,0.71765,0.5,0.50588,0.5,0.5,0.5,0.5235,0.155,0.9445,0.102,0.516,0.453,0.5035,0.4955,-0.303,-0.06,0.943
0.78844,0.70133,0.43956,0.58044,0.43778,0.47556,0.46667,0.47067,0.32941,0.40588,0.79412,0.5,0.50588,0.5,0.5,0.50588,0.504,0.2355,0.903,0.2235,0.516,0.453,0.5025,0.4945,-0.407,-0.099,0.969,0.52353,0.45882,0.55294,0.58235,0.5,0.5,0.5,0.5,0.7,0.80089,0.63378,0.57689,0.48089,0.47689,0.46756,0.46889,0.50588,0.54706,0.51176,0.56471,0.50588,0.5,0.5,0.5,0.507,0.5,0.8055,0.499,0.492,0.4475,0.4975,0.4945,-0.465,-0.095,0.9
0.70089,0.79911,0.65067,0.61467,0.48311,0.47689,0.46756,0.46756,0.5,0.48824,0.55294,0.58235,0.50588,0.5,0.5,0.5,0.5125,0.5,0.8565,0.509,0.4905,0.4475,0.4975,0.4945,-0.437,-0.125,0.923,0.49412,0.32353,0.27647,0.51176,0.5,0.5,0.5,0.5,0.7,0.784,0.65778,0.66133,0.48311,0.47689,0.46756,0.46667,0.5,0.48235,0.32353,0.50588,0.50588,0.5,0.5,0.50588,0.5205,0.5,0.617,0.5375,0.49,0.4475,0.4975,0.4965,-0.459,-0.082,0.945
0.73067,0.77556,0.55289,0.66622,0.48356,0.47689,0.46756,0.46622,0.51176,0.48235,0.30588,0.52941,0.50588,0.5,0.5,0.5,0.493,0.5,0.5755,0.5435,0.4895,0.4475,0.4975,0.5035,-0.319,-0.028,0.998,0.49412,0.46471,0.46471,0.07647,0.5,0.5,0.5,0.5,0.75689,0.77156,0.41244,0.55467,0.48133,0.47689,0.46578,0.46222,0.48824,0.63529,0.46471,0.15882,0.5,0.5,0.5,0.51176,0.4785,0.5,0.5565,0.437,0.491,0.447,0.5055,0.505,-0.246,-0.042,1.007
0.73778,0.93289,0.39244,0.33867,0.48133,0.47689,0.46711,0.46578,0.42353,0.95294,0.47647,-0.07059,0.5,0.5,0.5,0.51176,0.4905,0.5,0.5655,0.4345,0.491,0.447,0.5,0.5035,-0.275,-0.001,0.947,0.64706,0.34706,0.43529,0.81176,0.5,0.5,0.5,0.5,0.76089,0.98711,0.34578,0.18044,0.48089,0.47733,0.46667,0.46622,0.62941,0.50588,0.41765,0.8,0.5,0.5,0.5,0.50588,0.5075,0.5,0.5835,0.5015,0.491,0.445,0.5015,0.499,-0.338,-0.021,0.964
0.83689,0.97422,0.31689,0.32622,0.48089,0.47733,0.46622,0.46667,0.66471,0.43529,0.43529,0.75294,0.5,0.5,0.5,0.5,0.507,0.5,0.563,0.552,0.4915,0.445,0.5035,0.497,-0.386,-0.081,0.972,0.37647,0.38824,0.42353,0.59412,0.5,0.5,0.5,0.5,0.92622,0.96044,0.26267,0.55156,0.46489,0.48133,0.46711,0.46667,0.49412,0.5,0.41765,0.57647,0.5,0.5,0.5,0.5,0.4575,0.5,0.5085,0.5165,0.5055,0.424,0.4995,0.5,-0.395,-0.048,0.967
0.83156,0.96844,0.20311,0.60044,0.464,0.48133,0.46756,0.46711,0.20588,0.51176,0.42941,0.55882,0.49412,0.5,0.50588,0.49412,0.4935,0.5,0.6185,0.5045,0.5055,0.424,0.4985,0.4965,-0.225,-0.049,1.015,0.34118,0.21765,0.85294,0.39412,0.5,0.5,0.5,0.5,0.696,0.96133,0.23778,0.62311,0.45111,0.48133,0.46711,0.46711,0.29412,0.51176,0.75294,0.39412,0.5,0.5,0.5,0.50588,0.4945,0.5,0.796,0.491,0.508,0.424,0.4985,0.4945,-0.369,-0.022,0.963
0.576,0.97644,0.35289,0.57511,0.45111,0.48089,0.46667,0.46667,0.25294,0.54706,0.65294,0.38824,0.5,0.5,0.5,0.5,0.5245,0.5,0.954,0.462,0.5075,0.424,0.5,0.5,-0.338,0.033,0.99,0.81176,0.43529,0.38824,0.58824,0.5,0.5,0.5,0.5,0.488,0.99689,0.38933,0.53822,0.45111,0.48133,0.46667,0.46667,0.50588,0.50588,0.5,0.58235,0.5,0.5,0.5,0.5,0.708,0.5,0.797,0.498,0.508,0.424,0.501,0.4965,-0.418,-0.015,0.976
0.64089,0.99644,0.34933,0.57822,0.45111,0.48133,0.46711,0.46667,0.94118,0.5,0.30588,0.59412,0.5,0.5,0.5,0.50588,0.6785,0.5,0.7075,0.5055,0.5085,0.424,0.4995,0.4965,-0.417,0.003,0.914,0.58235,0.17059,0.34706,0.22353,0.5,0.5,0.5,0.5,0.94222,0.99556,0.24933,0.54622,0.45244,0.48133,0.46622,0.46622,0.57647,0.54118,0.34706,0.26471,0.5,0.5,0.5,0.50588,0.55,0.5,0.631,0.468,0.508,0.424,0.5015,0.5045,-0.35,-0.072,1.009
0.964,1.00044,0.17644,0.43778,0.452,0.48089,0.46622,0.46533,0.56471,0.50588,0.35882,0.34706,0.5,0.5,0.5,0.5,0.58,0.5,0.6075,0.3195,0.508,0.4255,0.5035,0.505,-0.161,-0.097,1.013,0.22353,0.34706,0.62353,0.49412,0.5,0.5,0.5,0.5,0.98044,1.008,0.1,0.31422,0.45244,0.47067,0.46578,0.46533,0.37059,0.50588,0.58235,0.5,0.50588,0.5,0.5,0.5,0.4945,0.5,0.736,0.113,0.508,0.4765,0.5055,0.505,-0.071,-0.081,1.002
0.86,1.008,0.15778,0.29422,0.45244,0.47067,0.46578,0.46533,0.23529,0.5,0.61176,0.5,0.50588,0.5,0.5,0.5,0.4895,0.5,0.7585,0.1905,0.508,0.477,0.5055,0.505,-0.106,-0.068,1.09,0.41765,0.35882,0.51176,0.71765,0.5,0.5,0.5,0.5,0.65689,1.008,0.23867,0.31067,0.45244,0.47067,0.46622,0.46667,0.45294,0.5,0.57647,0.71176,0.5,0.50588,0.5,0.51176,0.5065,0.5,0.745,0.4775,0.508,0.478,0.5025,0.495,-0.167,-0.067,0.983
0.61156,1.00667,0.24,0.416,0.452,0.47067,0.46756,0.46711,0.37059,0.5,0.5,0.69412,0.5,0.5,0.51765,0.50588,0.5065,0.5,0.7655,0.5,0.5085,0.4765,0.4985,0.4965,-0.149,-0.042,0.981,0.42353,0.24118,0.37647,0.28235,0.5,0.5,0.5,0.5,0.54178,1.004,0.24489,0.47867,0.44889,0.47067,0.46622,0.46578,0.43529,0.50588,0.45294,0.32941,0.51176,0.5,0.5,0.5,0.5065,0.5,0.582,0.444,0.511,0.477,0.5035,0.505,-0.06,-0.055,1.061
0.50267,1.00489,0.18933,0.37911,0.44933,0.46889,0.46222,0.46578,0.45294,0.50588,0.40588,0.36471,0.50588,0.5,0.48824,0.5,0.5,0.5,0.5445,0.3915,0.5105,0.484,0.5205,0.505,0.115,-0.081,1.013,0.56471,0.29412,0.84706,0.66471,0.5,0.5,0.5,0.5,0.45778,1.00844,0.18044,0.30844,0.44933,0.46844,0.46178,0.468,0.5,0.51765,0.73529,0.67059,0.50588,0.5,0.5,0.50588,0.521,0.5,0.7875,0.3695,0.509,0.4875,0.5245,0.4945,-0.189,-0.044,0.981
0.45689,1.00889,0.33467,0.38133,0.44889,0.46844,0.46711,0.46844,0.49412,0.50588,0.78235,0.60588,0.5,0.5,0.5,0.50588,0.559,0.5,0.892,0.4245,0.509,0.4875,0.5,0.4945,-0.324,-0.008,0.965,0.62353,0.41176,0.29412,0.32941,0.5,0.5,0.5,0.5,0.45644,1.00533,0.41778,0.42667,0.44933,0.472,0.46711,0.46489,0.5,0.50588,0.49412,0.39412,0.50588,0.5,0.5,0.5,0.7045,0.5,0.6825,0.404,0.5095,0.4705,0.499,0.505,-0.251,-0.002,0.993
0.53956,1.00711,0.31778,0.37467,0.44978,0.472,0.46622,0.46222,0.77647,0.51176,0.34118,0.39412,0.50588,0.5,0.5,0.5,0.6305,0.5,0.6515,0.2405,0.5095,0.4705,0.503,0.5045,-0.122,-0.004,1.053,0.48235,0.3,0.39412,0.61176,0.5,0.5,0.5,0.5,0.64933,1.00844,0.17467,0.29867,0.44978,0.46933,0.46578,0.46178,0.50588,0.50588,0.40588,0.5,0.50588,0.5,0.5,0.50588,0.576,0.5,0.585,0.287,0.5095,0.483,0.5055,0.5055,0.036,-0.042,1.012
0.67244,1.008,0.12622,0.32533,0.44978,0.46933,0.46533,0.46311,0.6,0.50588,0.4,0.57647,0.5,0.5,0.5,0.52941,0.53,0.5,0.5585,0.4355,0.5095,0.4825,0.507,0.5055,-0.025,-0.134,1.047,0.68824,0.46471,0.67647,0.27059,0.5,0.5,0.5,0.5,0.72667,1.00711,0.09067,0.35156,0.44933,0.46889,0.46578,0.46756,0.55882,0.50588,0.55294,0.42941,0.5,0.5,0.5,0.50588,0.548,0.5,0.7055,0.266,0.509,0.485,0.507,0.4955,0.027,-0.167,1.016
0.73689,1.01067,0.14044,0.29244,0.45067,0.464,0.46533,0.46756,0.5,0.50588,0.61765,0.41765,0.50588,0.5,0.5,0.50588,0.682,0.5,0.897,0.0385,0.508,0.508,0.507,0.4955,-0.109,-0.136,1.084,0.61176,0.41765,0.5,0.70588,0.5,0.5,0.5,0.5,1.00089,1.0,0.28533,0.17067,0.46222,0.48222,0.46667,0.46667,0.64706,0.47059,0.5,0.67647,0.50588,0.5,0.5,0.49412,0.5135,0.5,0.7045,0.508,0.505,0.4195,0.501,0.5,-0.365,-0.078,0.981
1.01067,0.97911,0.28533,0.26089,0.46311,0.48222,0.46711,0.46578,0.52941,0.47647,0.5,0.65294,0.50588,0.5,0.5,0.50588,0.565,0.5,0.705,0.5745,0.505,0.4195,0.4995,0.505,-0.37,-0.107,0.964,0.3,0.37647,0.66471,0.58235,0.5,0.5,0.5,0.5,1.01511,0.94756,0.33289,0.37778,0.46311,0.48222,0.46667,0.46578,0.5,0.44706,0.61176,0.62941,0.5,0.5,0.5,0.5,0.529,0.5,0.7395,0.7375,0.505,0.4195,0.501,0.505,-0.417,-0.106,0.939
0.96622,0.91467,0.41067,0.42933,0.46311,0.48222,0.46667,0.46578,0.33529,0.40588,0.62941,0.57059,0.50588,0.5,0.5,0.5,0.4935,0.5,0.771,0.6905,0.505,0.4195,0.501,0.503,-0.457,-0.094,0.921,0.57647,0.30588,0.32941,0.53529,0.5,0.5,0.5,0.5,0.856,0.828,0.48844,0.496,0.46667,0.48178,0.46622,0.46578,0.5,0.44118,0.34706,0.5,0.50588,0.5,0.5,0.5,0.5165,0.5,0.596,0.659,0.4965,0.4205,0.502,0.505,-0.398,-0.123,0.941
0.89689,0.81689,0.412,0.49822,0.46667,0.47733,0.46533,0.46356,0.59412,0.49412,0.34118,0.50588,0.50588,0.49412,0.49412,0.49412,0.5125,0.5,0.521,0.7345,0.4965,0.444,0.5065,0.505,-0.349,-0.171,0.961,0.25882,0.27059,0.65294,0.2,0.5,0.5,0.5,0.5,0.90622,0.80489,0.35378,0.46,0.46622,0.47244,0.46267,0.46356,0.37647,0.51765,0.57647,0.24118,0.51176,0.5,0.50588,0.52941,0.4715,0.5,0.582,0.515,0.497,0.469,0.5215,0.505,-0.352,-0.073,0.971
0.82933,0.832,0.39422,0.31733,0.46889,0.47289,0.46622,0.46578,0.27647,0.50588,0.60588,0.22353,0.51176,0.5,0.5,0.5,0.428,0.5,0.7625,0.493,0.495,0.4665,0.5015,0.505,-0.382,-0.006,0.905,0.62941,0.55882,0.55294,0.61176,0.5,0.5,0.5,0.5,0.60133,0.832,0.45733,0.17822,0.46933,0.47289,0.46667,0.46622,0.5,0.50588,0.51176,0.60588,0.51176,0.5,0.5,0.5,0.5605,0.5,0.979,0.4995,0.4955,0.4665,0.501,0.503,-0.444,-0.007,0.928
0.63556,0.83289,0.48178,0.23511,0.47022,0.47289,0.46667,0.46622,0.74118,0.50588,0.55294,0.60588,0.51176,0.5,0.5,0.50588,0.5885,0.5,0.986,0.5,0.495,0.4655,0.501,0.5035,-0.485,-0.034,0.913,0.65294,0.23529,0.29412,0.49412,0.5,0.5,0.5,0.5,0.83244,0.83111,0.51644,0.29956,0.48311,0.48089,0.46667,0.46667,0.64706,0.5,0.48824,0.5,0.50588,0.5,0.50588,0.50588,0.52,0.5,0.621,0.484,0.49,0.4265,0.5015,0.4965,-0.506,-0.063,0.962
0.90889,0.82533,0.40933,0.29289,0.48311,0.48089,0.46622,0.46578,0.69412,0.51176,0.35294,0.48824,0.50588,0.5,0.5,0.49412,0.516,0.5,0.624,0.4995,0.49,0.4265,0.5015,0.505,-0.372,-0.102,0.979,0.21765,0.6,0.42353,0.37647,0.5,0.5,0.5,0.5,0.96622,0.83378,0.27867,0.24311,0.48089,0.48044,0.46667,0.46622,0.40588,0.48824,0.42941,0.38235,0.5,0.5,0.5,0.50588,0.4475,0.5,0.544,0.5005,0.4915,0.428,0.501,0.497,-0.272,-0.038,0.979
0.86,0.81556,0.23467,0.18267,0.46489,0.48044,0.46711,0.46667,0.12941,0.45294,0.42941,0.36471,0.49412,0.5,0.5,0.50588,0.4295,0.5,0.5655,0.5,0.5055,0.428,0.499,0.5,-0.251,-0.012,0.986,0.4,0.66471,0.46471,0.86471,0.5,0.5,0.5,0.5,0.58489,0.69333,0.18133,0.17733,0.44844,0.47733,0.46622,0.46667,0.41765,0.21176,0.47647,0.78824,0.50588,0.45882,0.48824,0.50588,0.493,0.5,0.548,0.7645,0.5105,0.4445,0.5015,0.5,-0.316,-0.083,0.971
0.53644,0.54578,0.17333,0.28933,0.45467,0.46622,0.46622,0.46667,0.39412,0.19412,0.49412,0.67647,0.49412,0.5,0.5,0.5,0.4925,0.5,0.499,0.952,0.507,0.497,0.503,0.5,-0.318,-0.164,0.959,0.81765,0.9,0.82353,0.34118,0.5,0.5,0.5,0.5,0.53022,0.16533,0.21956,0.428,0.45378,0.46667,0.46711,0.46622,0.61765,0.42353,0.72941,0.5,0.5,0.5,0.5,0.50588,0.5585,0.5,0.6915,0.616,0.507,0.496,0.498,0.503,-0.396,0.007,0.928
0.59822,0.16978,0.28933,0.37244,0.45289,0.46844,0.46711,0.46578,0.5,0.52941,0.5,0.34706,0.5,0.5,0.5,0.50588,0.7245,0.5,0.98,0.4915,0.506,0.4875,0.4985,0.503,-0.446,-0.026,0.937,0.6,0.86471,0.54706,0.65882,0.5,0.5,0.5,0.5,0.78444,0.19111,0.28844,0.332,0.45289,0.47289,0.46622,0.46578,0.67059,0.52941,0.5,0.65294,0.5,0.5,0.5,0.5,0.7335,0.5,0.9995,0.4995,0.506,0.4665,0.501,0.503,-0.503,-0.017,0.92
0.84133,0.19778,0.28844,0.40844,0.45289,0.47289,0.46667,0.46667,0.66471,0.48824,0.5,0.65294,0.5,0.5,0.5,0.50588,0.7205,0.5,0.9995,0.5095,0.5065,0.4665,0.501,0.4965,-0.459,-0.051,0.93,0.29412,0.92353,0.51765,0.58824,0.5,0.5,0.5,0.5,0.97289,0.16133,0.31378,0.52178,0.45422,0.476,0.46711,0.46622,0.5,0.42353,0.53529,0.57059,0.50588,0.5,0.5,0.5,0.508,0.5,0.9175,0.554,0.5065,0.4515,0.4985,0.5035,-0.439,-0.016,0.981
0.90044,0.12089,0.32133,0.55956,0.45422,0.476,0.46711,0.46622,0.28235,0.4,0.5,0.57647,0.50588,0.5,0.5,0.50588,0.492,0.5,0.925,0.5865,0.5065,0.4515,0.4985,0.502,-0.42,0.019,0.949,0.58235,0.84118,0.64706,0.32941,0.5,0.5,0.5,0.5,0.768,0.01467,0.32222,0.57467,0.45422,0.476,0.46667,0.46622,0.5,0.5,0.5,0.32941,0.50588,0.5,0.5,0.49412,0.5285,0.5,0.999,0.492,0.506,0.4515,0.5005,0.505,-0.414,0.017,0.948
0.768,0.02311,0.32222,0.49511,0.45422,0.476,0.46667,0.46622,0.5,0.53529,0.5,0.33529,0.50588,0.5,0.5,0.49412,0.5805,0.5,0.9995,0.462,0.506,0.4515,0.501,0.505,-0.379,0.119,1.607,0.48824,0.96471,0.86471,0.44118,0.5,0.5,0.5,0.5,0.852,0.04444,0.056,0.35778,0.45422,0.47511,0.46667,0.46578,0.5,0.51765,0.38235,0.46471,0.50588,0.5,0.5,0.5,0.5245,0.5,0.5465,0.539,0.5075,0.455,0.5015,0.5055,-0.218,-0.131,1.019
0.85378,0.05333,0.02889,0.332,0.45422,0.47467,0.46667,0.46578,0.50588,0.52353,0.48235,0.43529,0.5,0.5,0.5,0.50588,0.518,0.5,0.5065,0.5165,0.508,0.4555,0.501,0.5035,-0.206,-0.088,1.011,0.47647,1.1,0.92353,0.74118,0.5,0.5,0.5,0.5,0.85333,0.06622,0.02356,0.35067,0.45111,0.47511,0.46622,0.46578,0.50588,0.51765,0.5,0.67059,0.5,0.5,0.5,0.5,0.508,0.5,0.5,0.647,0.509,0.4555,0.503,0.505,-0.214,-0.197,0.986
0.85422,0.07644,0.02356,0.46578,0.45156,0.47156,0.46667,0.46578,0.50588,0.52353,0.5,0.8,0.5,0.5,0.5,0.5,0.496,0.5,0.5,0.6875,0.5085,0.4715,0.5015,0.505,-0.173,-0.236,0.985,0.32941,1.13529,0.74118,0.18235,0.5,0.5,0.5,0.5,0.81244,-0.04222,0.02356,0.53867,0.452,0.46889,0.46533,0.46578,0.27647,0.5,0.5,0.18824,0.50588,0.48824,0.5,0.50588,0.481,0.5,0.5,0.5015,0.5085,0.483,0.5055,0.504,-0.042,-0.135,1.01
0.704,-0.03022,0.02356,0.37689,0.45778,0.46578,0.468,0.46533,0.32353,0.52353,0.5,0.19412,0.50588,0.5,0.5,0.50588,0.4915,0.5,0.4995,0.5,0.506,0.4995,0.4945,0.504,-0.021,-0.142,1.026,0.51176,1.1,0.86471,0.65294,0.5,0.5,0.5,0.5,0.60178,-0.01956,0.024,0.24089,0.44978,0.46667,0.46667,0.46578,0.52353,0.50588,0.5,0.64118,0.5,0.5,0.5,0.5,0.506,0.5,0.5,0.5075,0.51,0.4955,0.501,0.5055,-0.07,-0.123,1.034
0.60844,-0.016,0.02533,0.29244,0.45022,0.46667,0.46667,0.46622,0.52353,0.51176,0.50588,0.61765,0.50588,0.5,0.5,0.50588,0.504,0.5,0.4995,0.63,0.5095,0.4955,0.501,0.503,-0.139,-0.155,1.02,0.45882,0.88824,0.55882,0.47647,0.5,0.5,0.5,0.5,0.61067,-0.00222,0.02578,0.36667,0.45689,0.46578,0.46622,0.46578,0.46471,0.52353,0.5,0.5,0.49412,0.5,0.5,0.5,0.492,0.5,0.5,0.6895,0.5065,0.498,0.5015,0.5055,-0.103,-0.178,1.011
0.58844,0.00622,0.02578,0.36667,0.45689,0.46578,0.46667,0.46578,0.46471,0.52353,0.5,0.5,0.50588,0.5,0.5,0.5,0.492,0.5,0.5,0.6335,0.5065,0.498,0.5015,0.5055,-0.089,-0.167,1.022,0.59412,0.84118,0.74706,0.68235,0.5,0.5,0.5,0.5,0.58178,0.02044,0.02978,0.39067,0.46089,0.46578,0.46622,0.46578,0.57647,0.51765,0.5,0.64118,0.5,0.5,0.5,0.5,0.5075,0.5,0.5,0.741,0.5055,0.499,0.5025,0.505,-0.122,-0.204,1.026
0.63156,0.03111,0.02889,0.50578,0.46044,0.46622,0.46711,0.46578,0.59412,0.51765,0.48824,0.71176,0.5,0.5,0.5,0.5,0.5065,0.5,0.501,0.6355,0.5055,0.498,0.4995,0.505,-0.075,-0.224,0.979,0.52941,0.85294,0.7,0.15882,0.5,0.5,0.5,0.5,0.7,-0.04978,0.02578,0.52889,0.45956,0.46533,0.46667,0.46622,0.50588,0.52353,0.48824,0.15882,0.50588,0.49412,0.5,0.50588,0.5065,0.5,0.5015,0.496,0.506,0.5,0.5015,0.4965,-0.05,-0.196,0.968
0.69911,-0.03822,0.02178,0.34889,0.46267,0.46578,0.468,0.46533,0.5,0.53529,0.5,0.14118,0.5,0.5,0.5,0.50588,0.512,0.5,0.5,0.5,0.506,0.4995,0.4945,0.5055,-0.059,-0.118,1.065,0.59412,1.11765,0.94118,0.52353,0.5,0.5,0.5,0.5,0.70711,-0.03111,0.01867,0.16089,0.45156,0.46622,0.46667,0.46667,0.53529,0.50588,0.5,0.52353,0.50588,0.5,0.5,0.5,0.558,0.5,0.5,0.493,0.5085,0.497,0.5015,0.4965,-0.111,-0.11,1.021
0.46267,0.468,0.46889,0.46622,0.47867,0.43022,0.45822,0.46667,0.50588,0.49412,0.5,0.5,0.50588,0.5,0.5,0.50588,0.504,0.495,0.501,0.499,0.4965,0.4995,0.4995,0.4965,-0.029,-0.016,1.047,0.74706,0.82353,0.42353,0.63529,0.5,0.5,0.5,0.5,0.53067,0.55022,0.444,0.50044,0.47867,0.43067,0.45911,0.46667,0.84706,0.8,0.46471,0.62353,0.5,0.5,0.5,0.50588,0.5115,0.5215,0.4935,0.5505,0.4965,0.4975,0.4955,0.4965,-0.151,0.08,0.951
0.68711,0.69644,0.41422,0.55022,0.47778,0.43022,0.45867,0.46622,0.81176,0.80588,0.40588,0.57059,0.5,0.5,0.5,0.5,0.493,0.545,0.452,0.6375,0.506,0.4985,0.496,0.5,0.171,0.103,1.088,0.37059,0.50588,0.38824,0.48235,0.5,0.5,0.5,0.5,0.82844,0.92222,0.31378,0.65067,0.47822,0.44089,0.45822,0.46622,0.5,0.51176,0.38824,0.5,0.51176,0.5,0.5,0.5,0.4385,0.51,0.534,0.5135,0.4965,0.4485,0.5,0.5,-0.075,0.056,1.005
0.82756,0.92444,0.25911,0.64356,0.47733,0.44089,0.45822,0.46622,0.50588,0.52941,0.38824,0.48824,0.5,0.5,0.5,0.5,0.3295,0.51,0.5045,0.5045,0.5055,0.4485,0.5,0.5,-0.022,0.007,1.028,0.33529,0.47059,0.44118,0.46471,0.5,0.5,0.5,0.5,0.61422,0.92711,0.16978,0.62044,0.45022,0.44044,0.45822,0.46533,0.22353,0.50588,0.43529,0.46471,0.44706,0.5,0.50588,0.49412,0.4785,0.507,0.5425,0.5055,0.519,0.4505,0.4985,0.5035,0.036,0.034,1.052
0.49644,0.91689,0.14044,0.604,0.44356,0.44,0.45778,0.46533,0.32353,0.47059,0.46471,0.47059,0.50588,0.5,0.5,0.49412,0.4925,0.495,0.54,0.4995,0.5265,0.453,0.502,0.5055,0.182,-0.009,1.006,0.86471,0.2,0.49412,0.26471,0.5,0.5,0.5,0.5,0.47022,0.82222,0.10133,0.54933,0.45556,0.43333,0.45644,0.46667,0.78235,0.3,0.46471,0.35882,0.52353,0.5,0.5,0.52353,0.55,0.476,0.5485,0.291,0.512,0.4845,0.5075,0.495,0.17,-0.052,1.028
0.61467,0.77778,0.08444,0.47822,0.46178,0.43333,0.45644,0.46711,0.77059,0.51176,0.44118,0.41765,0.5,0.5,0.5,0.5,0.6155,0.283,0.6145,0.067,0.509,0.4845,0.5075,0.496,0.174,0.027,1.003,0.33529,0.62941,0.91765,0.23529,0.5,0.5,0.5,0.5,0.77467,0.77867,0.09689,0.47778,0.464,0.43333,0.45689,0.47733,0.49412,0.5,0.61765,0.5,0.51176,0.5,0.5,0.50588,0.5695,0.2495,0.9645,0.0,0.507,0.4845,0.506,0.494,0.063,0.056,1.032
0.74,0.77867,0.16356,0.47733,0.46444,0.43333,0.45689,0.47733,0.33529,0.5,0.68824,0.5,0.51176,0.5,0.5,0.5,0.5235,0.375,0.953,0.0,0.5065,0.4845,0.506,0.494,0.028,0.033,1.076,0.74118,0.32353,0.74706,0.61765,0.5,0.5,0.5,0.5,0.64889,0.804,0.23867,0.47733,0.46444,0.43289,0.45689,0.47733,0.50588,0.5,0.5,0.5,0.5,0.5,0.5,0.5,0.6545,0.3165,0.9995,0.1835,0.5065,0.4855,0.506,0.4935,-0.123,0.063,0.984
0.76222,0.80444,0.26267,0.50267,0.46489,0.43022,0.45689,0.47733,0.96471,0.5,0.79412,0.6,0.50588,0.45294,0.5,0.5,0.6055,0.1295,0.9525,0.3495,0.507,0.495,0.5065,0.4935,-0.194,-0.046,1.043,0.33529,0.54118,0.56471,0.45882,0.5,0.5,0.5,0.5,0.99422,0.72622,0.47156,0.56489,0.46667,0.43156,0.45689,0.47733,0.50588,0.5,0.62353,0.5,0.51176,0.5,0.5,0.50588,0.4775,0.2475,0.727,0.319,0.507,0.4925,0.5065,0.4935,-0.203,-0.079,1.034
0.96622,0.72622,0.51244,0.56444,0.472,0.43156,0.45689,0.47689,0.37647,0.5,0.55882,0.5,0.50588,0.5,0.5,0.5,0.421,0.294,0.688,0.222,0.505,0.4925,0.5065,0.494,-0.215,0.01,1.037,0.56471,0.6,0.55294,0.37647,0.5,0.5,0.5,0.5,0.83022,0.72622,0.56178,0.52178,0.47422,0.43156,0.45689,0.47644,0.5,0.50588,0.58824,0.47647,0.50588,0.5,0.5,0.50588,0.492,0.399,0.7235,0.1145,0.505,0.4925,0.5065,0.494,-0.203,-0.006,1.014
0.83067,0.76089,0.58222,0.468,0.47422,0.43156,0.45689,0.47689,0.51765,0.50588,0.51765,0.37647,0.5,0.5,0.5,0.50588,0.5125,0.4275,0.751,0.07,0.505,0.493,0.5065,0.494,0.221,-0.109,0.891,0.35294,0.54706,0.30588,0.51176,0.5,0.5,0.5,0.5,0.83956,0.84933,0.61467,0.37467,0.48578,0.43022,0.46,0.48044,0.34118,0.5,0.22353,0.48235,0.5,0.5,0.5,0.50588,0.493,0.389,0.436,0.184,0.494,0.4985,0.493,0.492,0.411,-0.081,0.986
0.78133,0.84889,0.53956,0.37244,0.48667,0.43067,0.45956,0.48044,0.42941,0.50588,0.36471,0.5,0.50588,0.5,0.5,0.50588,0.481,0.429,0.3275,0.224,0.494,0.497,0.4935,0.492,0.409,0.015,0.924,0.29412,0.24706,0.55882,0.52353,0.5,0.5,0.5,0.5,0.748,0.848,0.46622,0.368,0.48711,0.43067,0.45956,0.48,0.47059,0.50588,0.5,0.5,0.51176,0.5,0.5,0.5,0.2845,0.306,0.22,0.316,0.4945,0.497,0.4935,0.4925,0.431,0.031,0.937
0.72533,0.82533,0.46622,0.36844,0.48756,0.43067,0.45956,0.48,0.5,0.5,0.5,0.5,0.50588,0.5,0.5,0.50588,0.131,0.1435,0.3615,0.371,0.4945,0.497,0.4935,0.4925,0.458,0.016,0.933,0.5,0.54706,0.26471,0.55882,0.5,0.5,0.5,0.5,0.68844,0.81644,0.49511,0.39289,0.488,0.43067,0.45956,0.48,0.50588,0.48235,0.5,0.52941,0.50588,0.5,0.5,0.5,0.1835,0.2135,0.046,0.415,0.495,0.497,0.4935,0.492,0.431,0.013,0.96
0.68844,0.80222,0.49511,0.41911,0.488,0.43067,0.45956,0.48044,0.50588,0.45882,0.5,0.57647,0.50588,0.5,0.5,0.50588,0.189,0.3005,0.0,0.4355,0.495,0.497,0.4935,0.4915,0.456,0.022,0.935,0.41176,0.37059,0.46471,0.38824,0.5,0.5,0.5,0.5,0.68844,0.764,0.49556,0.44933,0.488,0.43067,0.45956,0.48,0.50588,0.49412,0.5,0.48235,0.50588,0.5,0.5,0.5,0.1695,0.3105,0.0,0.279,0.495,0.496,0.4935,0.493,0.46,0.039,0.906
0.68844,0.76267,0.476,0.42222,0.488,0.43067,0.45867,0.47956,0.50588,0.50588,0.14118,0.37647,0.50588,0.5,0.5,0.5,0.1795,0.1875,0.074,0.1315,0.494,0.497,0.497,0.4935,0.394,0.024,0.928,0.57647,0.35882,0.26471,0.38235,0.5,0.5,0.5,0.5,0.86444,0.76311,0.32844,0.37867,0.48756,0.43022,0.45822,0.47911,0.72353,0.5,0.23529,0.45294,0.5,0.5,0.5,0.5,0.5,0.1715,0.3165,0.0145,0.494,0.4985,0.499,0.4935,0.451,0.027,1.0
0.99467,0.76356,0.20933,0.37867,0.48756,0.43067,0.45867,0.47911,0.70588,0.50588,0.41176,0.5,0.50588,0.5,0.50588,0.5,0.5,0.1755,0.321,0.0,0.4945,0.497,0.4985,0.493,0.462,0.036,0.901,0.48235,0.27647,0.53529,0.77059,0.5,0.5,0.5,0.5,1.00356,0.992,0.13556,0.30667,0.48756,0.43067,0.45867,0.47378,0.50588,0.50588,0.5,0.77059,0.50588,0.5,0.5,0.5,0.5,0.5,0.075,0.5005,0.4945,0.4965,0.4975,0.494,0.459,0.142,0.917
1.00356,0.988,0.13556,0.43733,0.48756,0.43067,0.45867,0.47333,0.50588,0.47647,0.5,0.78235,0.50588,0.5,0.5,0.5,0.5,0.5,0.16,0.5365,0.494,0.496,0.4975,0.494,0.432,0.114,0.901,0.32353,0.47059,0.85882,0.14706,0.5,0.5,0.5,0.5,1.00267,0.96533,0.22444,0.52,0.48533,0.42889,0.45689,0.46667,0.49412,0.48824,0.76471,0.27647,0.5,0.5,0.5,0.50588,0.5,0.5,0.4265,0.348,0.494,0.5045,0.5055,0.5025,0.175,-0.037,1.066
1.00044,0.98178,0.38222,0.32533,0.484,0.42844,0.45867,0.46622,0.5,0.71176,0.84706,0.17647,0.49412,0.5,0.5,0.50588,0.5,0.5,0.5245,0.417,0.494,0.5065,0.497,0.5,0.382,0.015,0.938,0.42353,0.13529,0.14706,0.49412,0.5,0.5,0.5,0.5,0.98533,1.00667,0.49822,0.19733,0.47911,0.43022,0.45467,0.46578,0.48235,0.5,0.2,0.40588,0.50588,0.5,0.5,0.5,0.5,0.5,0.4295,0.0725,0.496,0.4995,0.5165,0.503,0.391,0.004,0.931
0.98133,1.00667,0.31511,0.17644,0.47867,0.42978,0.45467,0.46578,0.55294,0.5,0.21765,0.5,0.5,0.5,0.5,0.5,0.5,0.5,0.444,0.1575,0.4965,0.501,0.516,0.503,0.503,0.056,0.917,0.40588,0.46471,0.59412,0.81765,0.5,0.5,0.5,0.5,1.00222,1.00578,0.16267,0.21778,0.48,0.43022,0.46044,0.46667,0.50588,0.49412,0.5,0.8,0.50588,0.5,0.5,0.51176,0.5,0.5,0.3215,0.489,0.494,0.499,0.4905,0.4965,0.407,0.085,0.952
1.00267,1.00356,0.19556,0.36711,0.48,0.42933,0.45911,0.46622,0.5,0.49412,0.54118,0.79412,0.50588,0.5,0.5,0.50588,0.5,0.5,0.394,0.514,0.4945,0.5035,0.495,0.5,0.458,0.113,1.087,0.32353,0.39412,0.51765,0.24118,0.5,0.5,0.5,0.5,1.00133,0.99778,0.244,0.49111,0.47956,0.43022,0.45778,0.46578,0.49412,0.5,0.5,0.25882,0.50588,0.5,0.5,0.50588,0.5,0.5,0.458,0.407,0.494,0.498,0.5025,0.5035,0.292,0.063,0.967
1.00222,0.99822,0.252,0.34844,0.47911,0.42933,0.45867,0.46533,0.51176,0.52941,0.5,0.27647,0.50588,0.5,0.5,0.5,0.5,0.5,0.4635,0.4575,0.494,0.5015,0.4985,0.505,0.316,-0.014,1.029,0.34706,0.42941,0.60588,0.47059,0.5,0.5,0.5,0.5,1.00089,1.00533,0.28889,0.24089,0.47778,0.42978,0.45867,0.46533,0.5,0.50588,0.57647,0.5,0.51176,0.5,0.5,0.49412,0.5,0.5,0.5055,0.193,0.503,0.501,0.498,0.5045,0.352,0.065,0.957
1.00044,1.00533,0.33422,0.22889,0.47822,0.42978,0.45867,0.46578,0.5,0.50588,0.59412,0.44706,0.50588,0.5,0.5,0.50588,0.5,0.5,0.545,0.175,0.5035,0.5,0.498,0.5035,0.355,0.053,0.978,0.25294,0.44706,0.55294,0.42941,0.5,0.5,0.5,0.5,0.99911,1.00622,0.41378,0.20933,0.47822,0.42978,0.45822,0.46578,0.5,0.50588,0.54706,0.5,0.5,0.5,0.5,0.5,0.5,0.5,0.5515,0.0755,0.5015,0.501,0.5,0.5025,0.397,0.014,0.92
0.99156,1.00711,0.44311,0.18178,0.47822,0.42933,0.45689,0.46578,0.46471,0.50588,0.57647,0.44706,0.5,0.5,0.5,0.50588,0.5,0.5,0.5415,0.032,0.5035,0.5015,0.5055,0.5025,0.404,0.014,0.937,0.41765,0.4,0.21765,0.50588,0.5,0.5,0.5,0.5,0.96844,1.00711,0.39556,0.16622,0.47911,0.42933,0.45689,0.46622,0.47647,0.50588,0.23529,0.49412,0.50588,0.5,0.5,0.5,0.5,0.5,0.469,0.076,0.4965,0.5015,0.506,0.503,0.468,0.066,0.884
0.99156,1.00711,0.26,0.16578,0.47911,0.42978,0.45644,0.46578,0.60588,0.50588,0.22941,0.5,0.50588,0.5,0.5,0.5,0.5,0.5,0.4295,0.0925,0.496,0.501,0.508,0.5035,0.385,0.055,0.897,0.41176,0.13529,0.61765,0.55294,0.5,0.5,0.5,0.5,1.00311,1.00444,0.15511,0.24667,0.48,0.43022,0.46,0.46711,0.50588,0.5,0.5,0.52353,0.5,0.5,0.5,0.51176,0.5,0.5,0.315,0.49,0.494,0.4985,0.4915,0.494,0.406,0.091,0.965
1.00267,1.00444,0.19778,0.26222,0.48,0.42978,0.45867,0.46711,0.5,0.5,0.58235,0.52941,0.5,0.5,0.5,0.50588,0.5,0.5,0.3985,0.491,0.4945,0.5005,0.4975,0.494,0.35,0.059,0.98,0.21176,0.47059,0.40588,0.37059,0.5,0.5,0.5,0.5,1.00133,1.00444,0.248,0.28267,0.47911,0.42933,0.45911,0.46711,0.5,0.5,0.47059,0.5,0.5,0.5,0.5,0.50588,0.5,0.5,0.346,0.499,0.4965,0.502,0.4975,0.494,0.386,0.06,0.967
1.00222,1.004,0.22311,0.28311,0.47911,0.42978,0.45867,0.46578,0.50588,0.5,0.38235,0.5,0.5,0.5,0.5,0.48824,0.5,0.5,0.229,0.5,0.495,0.502,0.497,0.5035,0.373,0.1,0.937,0.4,0.35882,0.75294,0.76471,0.5,0.5,0.5,0.5,1.00267,1.004,0.21822,0.28667,0.47911,0.42933,0.45911,0.46711,0.5,0.5,0.72353,0.52353,0.5,0.5,0.5,0.5,0.5,0.5,0.392,0.496,0.4965,0.5025,0.4965,0.495,0.284,0.064,1.003
1.00089,1.004,0.32444,0.30667,0.47822,0.42978,0.45911,0.46711,0.5,0.5,0.72353,0.54706,0.5,0.5,0.5,0.51176,0.5,0.5,0.5005,0.4885,0.5035,0.501,0.496,0.494,0.235,0.062,1.009,0.36471,0.31176,0.58824,0.42353,0.5,0.5,0.5,0.5,0.99778,1.004,0.49289,0.36356,0.47822,0.42978,0.45867,0.46667,0.49412,0.5,0.58824,0.54706,0.5,0.5,0.5,0.50588,0.5,0.5,0.5525,0.486,0.5035,0.501,0.4975,0.494,0.149,0.033,1.009
0.984,1.00356,0.54533,0.38622,0.47778,0.42933,0.45733,0.46667,0.47059,0.49412,0.62941,0.51765,0.5,0.5,0.5,0.5,0.5,0.5,0.5185,0.492,0.5055,0.503,0.503,0.496,0.154,0.001,0.971,0.38235,0.37647,0.39412,0.68235,0.5,0.5,0.5,0.5,0.96356,1.00356,0.576,0.39022,0.47867,0.42933,0.45778,0.46667,0.48235,0.5,0.41765,0.5,0.51176,0.49412,0.5,0.5,0.5,0.5,0.4515,0.5,0.495,0.502,0.502,0.4965,0.202,0.011,1.016
0.952,1.00311,0.52711,0.39022,0.47867,0.42978,0.45867,0.46578,0.47647,0.5,0.40588,0.5,0.50588,0.5,0.5,0.5,0.5,0.5,0.4275,0.5,0.4945,0.502,0.4975,0.5035,0.215,0.027,1.012,0.51176,0.16471,0.55294,0.68235,0.5,0.5,0.5,0.5,0.93867,1.00311,0.46978,0.38978,0.47867,0.42933,0.45867,0.46667,0.51176,0.5,0.50588,0.5,0.50588,0.5,0.5,0.50588,0.5,0.5,0.485,0.5,0.4965,0.5015,0.4975,0.496,0.211,0.019,1.027
0.93111,1.00267,0.49644,0.39022,0.47867,0.42933,0.45867,0.46711,0.47647,0.5,0.55294,0.5,0.5,0.5,0.5,0.50588,0.5,0.5,0.497,0.5,0.4965,0.503,0.4975,0.4945,0.204,-0.004,1.019,0.52353,0.21176,0.22941,0.58235,0.5,0.5,0.5,0.5,0.91378,1.00267,0.45511,0.39289,0.47911,0.42978,0.45867,0.46578,0.51765,0.50588,0.27059,0.49412,0.50588,0.5,0.49412,0.5,0.5,0.5,0.4055,0.5,0.4965,0.5015,0.497,0.5035,0.276,0.046,0.953
0.96044,1.00311,0.31556,0.39244,0.47911,0.42933,0.45867,0.46622,0.67059,0.50588,0.18235,0.5,0.5,0.5,0.5,0.5,0.5,0.5,0.408,0.4995,0.4965,0.502,0.4975,0.5,0.337,0.074,0.983,0.41765,0.25294,0.65882,0.43529,0.5,0.5,0.5,0.5,1.00222,1.00267,0.20978,0.38978,0.47956,0.42933,0.45822,0.46711,0.5,0.5,0.53529,0.5,0.50588,0.5,0.5,0.51176,0.5,0.5,0.401,0.5,0.494,0.5015,0.499,0.495,0.27,0.045,0.974
1.00133,1.00267,0.27867,0.39111,0.47867,0.42933,0.45822,0.46711,0.5,0.5,0.62941,0.5,0.5,0.5,0.5,0.51176,0.5,0.5,0.488,0.4995,0.4965,0.5035,0.499,0.494,0.236,0.053,1.012,0.19412,0.37059,0.41765,0.32353,0.5,0.5,0.5,0.5,1.00044,1.00267,0.34667,0.39867,0.47911,0.42978,0.45867,0.46578,0.5,0.5,0.44118,0.5,0.50588,0.5,0.5,0.5,0.5,0.5,0.4515,0.4995,0.4965,0.5015,0.497,0.5035,0.225,0.039,0.999
1.00089,1.00267,0.312,0.39867,0.47911,0.42933,0.45822,0.46578,0.51176,0.5,0.44118,0.5,0.50588,0.5,0.5,0.5,0.5,0.5,0.4185,0.5,0.4965,0.5035,0.499,0.5035,0.263,0.044,0.997,0.32941,0.34706,0.42353,0.38824,0.5,0.5,0.5,0.5,1.00133,1.00267,0.26489,0.39689,0.47911,0.42978,0.45867,0.46578,0.51176,0.5,0.49412,0.5,0.5,0.5,0.5,0.50588,0.5,0.5,0.291,0.5,0.4955,0.5015,0.4975,0.5035,0.333,0.043,0.915
1.00222,1.00267,0.24222,0.39689,0.47956,0.42978,0.45867,0.46578,0.5,0.5,0.46471,0.5,0.50588,0.5,0.5,0.51176,0.5,0.5,0.216,0.5,0.495,0.5015,0.497,0.5035,0.309,0.079,0.982,0.27059,0.18235,0.50588,0.29412,0.5,0.5,0.5,0.5,1.00267,1.00267,0.22133,0.39689,0.47956,0.42978,0.45867,0.46533,0.5,0.5,0.5,0.5,0.50588,0.5,0.5,0.5,0.5,0.5,0.1055,0.5,0.495,0.5015,0.496,0.5035,0.341,0.074,0.97
0.46578,0.46756,0.46578,0.46578,0.46622,0.46622,0.468,0.46578,0.5,0.49412,0.5,0.5,0.50588,0.5,0.5,0.51176,0.5,0.4955,0.499,0.4995,0.5,0.4995,0.5,0.4965,0.059,0.016,1.036,0.77647,0.70588,0.53529,0.41765,0.5,0.5,0.5,0.5,0.54578,0.52756,0.46533,0.44667,0.46622,0.46667,0.46756,0.46622,0.78235,0.72941,0.50588,0.44118,0.51176,0.5,0.5,0.5,0.513,0.509,0.5555,0.459,0.4965,0.4965,0.501,0.4945,0.025,-0.044,1.069
0.68844,0.64711,0.47556,0.41467,0.46667,0.46711,0.46889,0.46622,0.71765,0.72353,0.51765,0.42941,0.5,0.5,0.5,0.5,0.5145,0.506,0.5935,0.4105,0.4965,0.4955,0.4955,0.4965,-0.189,0.008,1.009,0.41176,0.41176,0.28824,0.57059,0.5,0.5,0.5,0.5,0.84622,0.76267,0.43911,0.36978,0.46667,0.46711,0.46844,0.46489,0.5,0.47647,0.32941,0.53529,0.5,0.5,0.5,0.49412,0.4865,0.4775,0.505,0.5055,0.4965,0.4955,0.4975,0.5055,-0.04,-0.022,1.044
0.83511,0.74578,0.33822,0.39289,0.46622,0.46622,0.46711,0.46178,0.46471,0.38824,0.3,0.53529,0.49412,0.5,0.5,0.5,0.457,0.4545,0.492,0.5655,0.499,0.499,0.5035,0.505,-0.015,-0.061,1.044,0.44706,0.54706,0.66471,0.6,0.5,0.5,0.5,0.5,0.79911,0.69067,0.27111,0.45422,0.46444,0.46667,0.46444,0.456,0.43529,0.47059,0.64118,0.61765,0.49412,0.5,0.5,0.50588,0.4115,0.4775,0.498,0.633,0.5055,0.498,0.517,0.506,0.009,-0.029,1.02
0.77156,0.67422,0.35244,0.51022,0.46311,0.46711,0.46889,0.45689,0.42353,0.5,0.65882,0.58824,0.5,0.5,0.5,0.50588,0.4175,0.507,0.5,0.606,0.5055,0.496,0.4955,0.5055,-0.137,-0.039,1.009,0.53529,0.71765,0.47059,0.47059,0.5,0.5,0.5,0.5,0.72267,0.71822,0.44267,0.56311,0.46622,0.47467,0.46844,0.46089,0.50588,0.72353,0.48824,0.5,0.50588,0.53529,0.5,0.50588,0.4605,0.544,0.4805,0.589,0.4965,0.4595,0.4975,0.5055,-0.167,0.017,0.989
0.72222,0.86533,0.42133,0.56533,0.47067,0.47733,0.468,0.46311,0.50588,0.76471,0.47059,0.48235,0.5,0.5,0.5,0.50588,0.4795,0.5175,0.5085,0.5045,0.494,0.447,0.499,0.5055,-0.086,0.053,1.042,0.55882,0.41176,0.44118,0.45294,0.5,0.5,0.5,0.5,0.75467,0.98711,0.38311,0.53244,0.47111,0.47733,0.468,0.464,0.57647,0.40588,0.43529,0.47059,0.50588,0.5,0.5,0.50588,0.4855,0.4935,0.5075,0.4995,0.494,0.447,0.499,0.5055,-0.067,0.017,1.01
0.78178,0.93956,0.35289,0.50844,0.47067,0.47733,0.468,0.46444,0.55882,0.40588,0.44118,0.46471,0.5,0.5,0.5,0.50588,0.4875,0.4935,0.505,0.5,0.494,0.447,0.499,0.5055,-0.085,0.019,1.054,0.46471,0.48235,0.7,0.28824,0.5,0.5,0.5,0.5,0.81511,0.90178,0.36356,0.424,0.468,0.47689,0.468,0.46578,0.5,0.51176,0.65882,0.29412,0.5,0.5,0.5,0.5,0.4755,0.488,0.615,0.441,0.4945,0.4485,0.4995,0.5,-0.156,0.003,1.051
0.77733,0.90444,0.45289,0.33022,0.46756,0.47689,0.468,0.46533,0.41176,0.51176,0.7,0.31176,0.5,0.5,0.5,0.50588,0.492,0.4795,0.6765,0.372,0.4945,0.4485,0.4995,0.503,-0.188,-0.01,0.995,0.68235,0.54706,0.45882,0.55294,0.5,0.5,0.5,0.5,0.76222,0.91956,0.56933,0.19822,0.46711,0.47644,0.46711,0.46578,0.68824,0.49412,0.5,0.54706,0.50588,0.5,0.5,0.50588,0.535,0.476,0.6225,0.491,0.4945,0.4495,0.5025,0.5,-0.294,-0.021,0.979
0.868,0.93822,0.56222,0.22533,0.46667,0.47644,0.46711,0.46489,0.71765,0.57647,0.45882,0.55882,0.5,0.5,0.5,0.5,0.521,0.478,0.5555,0.4935,0.4965,0.45,0.5035,0.505,-0.064,-0.114,0.977,0.27059,0.31176,0.45294,0.72353,0.5,0.5,0.5,0.5,0.99244,0.984,0.54356,0.33556,0.47333,0.46667,0.46756,0.46667,0.48235,0.44118,0.48824,0.73529,0.52941,0.5,0.5,0.50588,0.4175,0.348,0.4535,0.5,0.494,0.497,0.5005,0.495,0.141,0.059,0.994
0.85689,0.89822,0.52711,0.45244,0.46756,0.46578,0.46622,0.46578,0.24706,0.16471,0.5,0.73529,0.50588,0.5,0.5,0.50588,0.4595,0.3735,0.419,0.5,0.494,0.5015,0.5075,0.5,0.203,0.072,0.951,0.48824,0.46471,0.21176,0.43529,0.5,0.5,0.5,0.5,0.75244,0.70311,0.46622,0.57111,0.46756,0.46667,0.46756,0.46622,0.51176,0.5,0.27647,0.44118,0.50588,0.5,0.5,0.5,0.4175,0.457,0.117,0.4135,0.4955,0.497,0.5015,0.497,0.337,0.14,1.074
0.76578,0.69822,0.43822,0.54978,0.46756,0.46667,0.46756,0.46578,0.50588,0.5,0.5,0.46471,0.50588,0.5,0.5,0.5,0.392,0.4395,0.001,0.359,0.4955,0.497,0.5015,0.5,0.366,0.129,0.983,0.61176,0.44706,0.59412,0.32353,0.5,0.5,0.5,0.5,0.76578,0.69911,0.41378,0.49244,0.46756,0.46622,0.46711,0.46489,0.50588,0.50588,0.5,0.45294,0.50588,0.5,0.5,0.5,0.449,0.377,0.1515,0.173,0.495,0.4985,0.503,0.504,0.481,0.116,0.921
0.78844,0.7,0.41244,0.468,0.46711,0.46533,0.46711,0.46489,0.56471,0.50588,0.49412,0.5,0.5,0.5,0.5,0.5,0.483,0.33,0.385,0.005,0.494,0.502,0.503,0.504,0.423,0.077,0.941,0.51765,0.45882,0.45882,0.56471,0.5,0.5,0.5,0.5,0.82756,0.7,0.44756,0.468,0.46667,0.46578,0.46711,0.46489,0.52353,0.50588,0.49412,0.5,0.5,0.5,0.5,0.5,0.496,0.2405,0.422,0.1005,0.4965,0.502,0.503,0.5045,0.427,0.085,0.928
0.83689,0.7,0.43644,0.468,0.46667,0.46533,0.46711,0.46489,0.52353,0.50588,0.5,0.5,0.5,0.5,0.5,0.5,0.496,0.1925,0.3755,0.2575,0.4965,0.502,0.503,0.5045,0.43,0.099,0.951,0.30588,0.67647,0.35294,0.33529,0.5,0.5,0.5,0.5,0.84089,0.69956,0.37956,0.47689,0.46622,0.46578,0.46711,0.46489,0.44118,0.5,0.46471,0.48824,0.50588,0.5,0.5,0.5,0.438,0.3125,0.2985,0.1445,0.5,0.5005,0.503,0.504,0.533,0.116,0.883
0.83644,0.71378,0.33333,0.42178,0.46622,0.46622,0.46711,0.46489,0.50588,0.63529,0.37647,0.34118,0.50588,0.5,0.5,0.5,0.2655,0.4245,0.157,0.0415,0.5,0.4995,0.503,0.5045,0.53,0.156,0.915,0.42941,0.31765,0.34706,0.45882,0.5,0.5,0.5,0.5,0.83733,0.80978,0.27867,0.32222,0.46667,0.46622,0.46711,0.46489,0.5,0.5,0.5,0.5,0.50588,0.5,0.5,0.5,0.157,0.3145,0.0005,0.005,0.4985,0.4995,0.503,0.5035,0.532,0.123,0.876
0.83733,0.80978,0.27867,0.32222,0.46667,0.46622,0.46711,0.46489,0.5,0.50588,0.5,0.5,0.50588,0.5,0.5,0.5,0.1665,0.169,0.0,0.0,0.498,0.4995,0.503,0.5035,0.526,0.119,0.872,0.25882,0.41765,0.75294,0.35294,0.5,0.5,0.5,0.5,0.83733,0.80978,0.28222,0.32222,0.46667,0.46578,0.46711,0.46489,0.5,0.50588,0.61765,0.5,0.50588,0.5,0.5,0.5,0.1635,0.1675,0.373,0.0,0.497,0.4995,0.503,0.5035,0.434,0.091,0.9
0.75022,0.80578,0.41244,0.40311,0.46667,0.46578,0.46711,0.46533,0.15882,0.4,0.77059,0.9,0.50588,0.5,0.5,0.50588,0.2285,0.1725,0.3785,0.3615,0.497,0.5005,0.502,0.5025,0.464,0.119,0.924,0.44118,0.46471,0.56471,0.31176,0.5,0.5,0.5,0.5,0.71422,0.59067,0.56844,0.65467,0.46533,0.46667,0.468,0.46667,0.55882,0.39412,0.55294,0.60588,0.5,0.5,0.5,0.50588,0.5,0.441,0.451,0.466,0.506,0.497,0.5,0.4945,0.295,0.138,1.022
0.72178,0.55467,0.60089,0.69467,0.46533,0.46667,0.46844,0.46667,0.50588,0.43529,0.55294,0.53529,0.50588,0.5,0.5,0.50588,0.5,0.4585,0.454,0.4835,0.5035,0.497,0.498,0.4945,0.307,0.103,0.968,0.37059,0.45882,0.32353,0.47647,0.5,0.5,0.5,0.5,0.72133,0.54311,0.60267,0.696,0.46711,0.46667,0.46844,0.46489,0.50588,0.42353,0.38235,0.5,0.50588,0.5,0.5,0.49412,0.5,0.4325,0.3475,0.5,0.4945,0.4965,0.4975,0.505,0.383,0.175,0.927
0.74267,0.52222,0.536,0.69644,0.46711,0.46667,0.46844,0.46489,0.58235,0.48235,0.39412,0.5,0.5,0.5,0.5,0.49412,0.5,0.4265,0.238,0.5,0.495,0.4965,0.4975,0.5045,0.392,0.221,0.917,0.45882,0.56471,0.33529,0.06471,0.5,0.5,0.5,0.5,0.85067,0.49022,0.36978,0.69644,0.46622,0.46667,0.46844,0.46533,0.7,0.5,0.35294,0.5,0.5,0.5,0.5,0.5,0.5,0.467,0.2695,0.5,0.495,0.497,0.4975,0.505,0.347,0.21,0.877
0.96978,0.49644,0.25867,0.69689,0.46622,0.46578,0.46844,0.46578,0.74706,0.57059,0.3,0.5,0.5,0.5,0.5,0.51176,0.5,0.4865,0.395,0.5,0.5,0.5015,0.4975,0.5,0.345,0.272,0.933,0.45882,0.71176,0.64706,0.37059,0.5,0.5,0.5,0.5,1.00178,0.57778,0.21156,0.69689,0.46578,0.46622,0.46844,0.46622,0.50588,0.67647,0.52941,0.5,0.5,0.50588,0.5,0.50588,0.5,0.509,0.385,0.5,0.5035,0.4985,0.4975,0.4965,0.302,0.261,0.909
1.00044,0.67422,0.27067,0.69733,0.46533,0.46622,0.46844,0.46622,0.49412,0.67647,0.62941,0.5,0.51176,0.5,0.5,0.5,0.5,0.5155,0.4875,0.4995,0.5035,0.4985,0.4975,0.4965,0.225,0.279,0.968,0.33529,0.55882,0.6,0.11765,0.5,0.5,0.5,0.5,0.99956,0.82133,0.38311,0.69822,0.46622,0.46622,0.46889,0.46489,0.5,0.57059,0.57647,0.5,0.50588,0.5,0.5,0.5,0.5,0.511,0.504,0.5,0.5,0.4985,0.497,0.505,0.224,0.271,0.959
0.99867,0.852,0.42756,0.69778,0.46667,0.46578,0.46844,0.46489,0.49412,0.57059,0.57059,0.5,0.50588,0.5,0.5,0.5,0.5,0.5105,0.534,0.5,0.494,0.4995,0.497,0.5055,0.179,0.25,0.977,0.33529,0.28824,0.62353,0.28235,0.5,0.5,0.5,0.5,0.98622,0.83956,0.53467,0.69822,0.46533,0.46489,0.46844,0.464,0.47647,0.28235,0.65882,0.5,0.49412,0.5,0.5,0.5,0.5,0.4905,0.509,0.5,0.5035,0.504,0.498,0.5055,0.209,0.217,0.967
0.97511,0.73067,0.60133,0.69822,0.46533,0.46533,0.46844,0.46178,0.48824,0.29412,0.62353,0.5,0.5,0.5,0.5,0.5,0.5,0.4905,0.5,0.5,0.5055,0.5025,0.498,0.5055,0.283,0.146,0.996,0.33529,0.64706,0.08235,0.47059,0.5,0.5,0.5,0.5,0.96533,0.64444,0.56444,0.69822,0.46578,0.46622,0.46844,0.46444,0.5,0.58235,0.15882,0.5,0.50588,0.5,0.5,0.51176,0.5,0.507,0.3515,0.5,0.5035,0.498,0.498,0.5055,0.236,0.184,0.783
0.96222,0.7,0.34178,0.69867,0.46711,0.464,0.46844,0.46533,0.57647,0.62941,0.11765,0.5,0.50588,0.5,0.5,0.50588,0.5,0.517,0.3965,0.5,0.494,0.5085,0.4975,0.5035,0.289,0.283,0.933,0.18824,0.57647,0.8,0.41765,0.5,0.5,0.5,0.5,1.00311,0.81822,0.20844,0.69867,0.46622,0.464,0.46844,0.46489,0.5,0.57647,0.77647,0.5,0.5,0.5,0.5,0.5,0.5,0.5115,0.356,0.5,0.5,0.5085,0.498,0.5035,0.196,0.239,0.958
1.00044,0.85867,0.33022,0.69867,0.46667,0.464,0.46844,0.46489,0.5,0.58235,0.75882,0.5,0.5,0.5,0.5,0.5,0.5,0.5105,0.503,0.5,0.494,0.5085,0.497,0.5055,0.267,0.301,1.081,0.14118,0.38824,0.25294,0.17647,0.5,0.5,0.5,0.5,0.98889,0.88489,0.43244,0.69867,0.46667,0.464,0.46844,0.46133,0.48824,0.4,0.29412,0.5,0.5,0.5,0.5,0.50588,0.5,0.4925,0.469,0.5,0.4965,0.509,0.4975,0.5055,0.227,0.256,1.008
0.99778,0.82756,0.31733,0.69867,0.46667,0.464,0.46844,0.46178,0.52941,0.38824,0.25294,0.5,0.5,0.5,0.5,0.50588,0.5,0.493,0.414,0.5,0.494,0.509,0.498,0.5055,0.282,0.278,0.949,0.14118,0.58824,0.64706,0.21765,0.5,0.5,0.5,0.5,1.00267,0.76933,0.224,0.69867,0.46622,0.464,0.46844,0.46489,0.50588,0.58235,0.50588,0.5,0.5,0.5,0.5,0.5,0.5,0.513,0.393,0.5,0.5,0.509,0.4985,0.5055,0.258,0.266,0.891
1.00089,0.816,0.28222,0.69867,0.46667,0.464,0.46844,0.46489,0.5,0.58824,0.61765,0.5,0.5,0.5,0.5,0.50588,0.5,0.512,0.4955,0.5,0.4955,0.509,0.4975,0.505,0.199,0.284,0.97,0.31176,0.38824,0.31176,0.23529,0.5,0.5,0.5,0.5,1.00044,0.85067,0.31422,0.69867,0.46667,0.464,0.46844,0.46444,0.5,0.39412,0.35294,0.5,0.50588,0.5,0.5,0.5,0.5,0.493,0.4385,0.5,0.4965,0.509,0.498,0.5055,0.217,0.252,0.964
1.00178,0.79333,0.24622,0.69867,0.46622,0.464,0.46844,0.46489,0.51176,0.39412,0.39412,0.5,0.5,0.5,0.5,0.50588,0.5,0.493,0.3085,0.5,0.502,0.509,0.498,0.5035,0.278,0.286,0.945,0.21176,0.46471,0.59412,0.27059,0.5,0.5,0.5,0.5,1.00356,0.71022,0.18267,0.69867,0.46578,0.464,0.46756,0.46489,0.5,0.48235,0.5,0.5,0.50588,0.5,0.5,0.49412,0.5,0.493,0.2255,0.5,0.503,0.509,0.502,0.5055,0.301,0.314,0.883
1.004,0.69244,0.20133,0.69867,0.46533,0.464,0.468,0.46533,0.49412,0.47647,0.58824,0.5,0.5,0.5,0.5,0.5,0.5,0.493,0.368,0.5,0.5055,0.509,0.5,0.5035,0.288,0.307,0.928,0.18824,0.54118,0.47647,0.13529,0.5,0.5,0.5,0.5,1.00267,0.68,0.23956,0.69867,0.46533,0.46356,0.46844,0.46489,0.50588,0.50588,0.5,0.5,0.5,0.5,0.5,0.5,0.5,0.5075,0.4135,0.5,0.5055,0.5105,0.498,0.5055,0.277,0.298,0.944
1.00267,0.68978,0.23956,0.69867,0.46533,0.46356,0.46844,0.46489,0.50588,0.54706,0.5,0.5,0.5,0.5,0.5,0.5,0.5,0.512,0.357,0.5,0.5055,0.5105,0.498,0.5055,0.276,0.289,0.945,0.44118,0.68824,0.74118,0.45882,0.5,0.5,0.5,0.5,1.00178,0.77333,0.28044,0.69867,0.46667,0.46356,0.46844,0.46489,0.5,0.69412,0.70588,0.5,0.49412,0.5,0.5,0.5,0.5,0.517,0.493,0.5,0.494,0.5105,0.4975,0.5055,0.182,0.257,0.966
1.00089,0.872,0.39022,0.69867,0.46711,0.46311,0.46889,0.46489,0.5,0.69412,0.74706,0.5,0.50588,0.5,0.5,0.5,0.5,0.515,0.5395,0.5,0.4945,0.512,0.4975,0.5055,0.199,0.286,0.944,0.31765,0.47059,0.25882,0.2,0.5,0.5,0.5,0.5,0.98533,0.99289,0.476,0.69867,0.46667,0.464,0.46844,0.46089,0.48235,0.45294,0.28824,0.5,0.5,0.5,0.5,0.50588,0.5,0.4995,0.43,0.5,0.4945,0.508,0.4975,0.5055,0.242,0.292,0.932
0.98089,0.97733,0.36,0.69867,0.46711,0.464,0.46844,0.46133,0.53529,0.44706,0.30588,0.5,0.50588,0.5,0.5,0.5,0.5,0.502,0.3965,0.5,0.494,0.5085,0.4975,0.5055,0.25,0.284,0.979,0.38824,0.15882,0.6,0.26471,0.5,0.5,0.5,0.5,1.00089,0.86311,0.24267,0.69867,0.46667,0.46356,0.46844,0.46178,0.50588,0.16471,0.52941,0.5,0.5,0.5,0.5,0.50588,0.5,0.4855,0.4335,0.5,0.4965,0.51,0.4975,0.5055,0.267,0.286,0.953
1.0,0.68756,0.284,0.69867,0.46711,0.46356,0.46844,0.46178,0.5,0.24706,0.58824,0.5,0.50588,0.5,0.5,0.50588,0.5,0.4825,0.496,0.5,0.494,0.51,0.4975,0.505,0.251,0.277,0.962,0.47059,0.62353,0.31176,0.45294,0.5,0.5,0.5,0.5,1.0,0.568,0.28978,0.69867,0.46667,0.464,0.46844,0.46133,0.50588,0.5,0.34118,0.5,0.5,0.5,0.5,0.5,0.5,0.464,0.4355,0.5,0.4965,0.508,0.4975,0.5055,0.269,0.287,0.953
1.00178,0.58044,0.23289,0.69867,0.46622,0.464,0.46844,0.46222,0.51176,0.65882,0.42353,0.5,0.5,0.5,0.5,0.51176,0.5,0.5,0.255,0.5,0.5,0.508,0.4975,0.5055,0.3,0.309,0.888,0.29412,0.47647,0.47059,0.43529,0.5,0.5,0.5,0.5,1.00444,0.64533,0.16533,0.69867,0.46578,0.464,0.468,0.46311,0.5,0.5,0.5,0.5,0.5,0.5,0.5,0.50588,0.5,0.493,0.004,0.5,0.499,0.508,0.4995,0.505,0.328,0.34,0.909
1.004,0.64356,0.16489,0.69867,0.46622,0.46356,0.468,0.46311,0.5,0.49412,0.5,0.5,0.5,0.5,0.5,0.50588,0.5,0.4885,0.0,0.5,0.5015,0.508,0.5,0.505,0.344,0.36,0.915,0.26471,0.51765,0.71176,0.14118,0.5,0.5,0.5,0.5,1.00444,0.63422,0.16578,0.69867,0.46578,0.464,0.46844,0.46533,0.50588,0.50588,0.51765,0.5,0.5,0.5,0.5,0.50588,0.5,0.4905,0.3265,0.5,0.5035,0.5085,0.4985,0.5035,0.365,0.322,0.996
1.00311,0.63422,0.24978,0.69867,0.46667,0.46356,0.46844,0.46356,0.49412,0.51176,0.68235,0.5,0.50588,0.5,0.5,0.5,0.5,0.493,0.468,0.5,0.4955,0.51,0.4975,0.5055,0.25,0.292,0.967,0.31176,0.38824,0.48235,0.35294,0.5,0.5,0.5,0.5,1.00089,0.636,0.35556,0.69867,0.46711,0.46356,0.46844,0.46356,0.5,0.47647,0.5,0.5,0.50588,0.5,0.5,0.5,0.5,0.472,0.5105,0.5,0.494,0.5105,0.4975,0.5055,0.251,0.274,0.959
0.46267,0.444,0.43156,0.43822,0.46667,0.46578,0.47422,0.46578,0.50588,0.51176,0.5,0.5,0.49412,0.5,0.5,0.49412,0.506,0.5065,0.5245,0.512,0.4995,0.499,0.4975,0.4965,0.095,0.027,1.019,0.5,0.5,0.5,0.5,0.5,0.5,0.5,0.5,0.464,0.44489,0.436,0.44089,0.46533,0.46533,0.47244,0.46489,0.5,0.50588,0.52353,0.5,0.50588,0.5,0.5,0.50588,0.504,0.5065,0.5035,0.4985,0.5035,0.5015,0.5055,0.5055,0.201,0.044,1.034
0.46489,0.44889,0.43733,0.44267,0.46533,0.46533,0.47244,0.46489,0.50588,0.50588,0.5,0.5,0.49412,0.5,0.5,0.50588,0.494,0.493,0.496,0.49,0.506,0.5015,0.5055,0.5035,0.157,0.041,1.023,0.5,0.5,0.5,0.5,0.5,0.5,0.5,0.5,0.46489,0.448,0.43689,0.44089,0.46578,0.46533,0.47289,0.46489,0.5,0.5,0.5,0.5,0.50588,0.5,0.5,0.50588,0.494,0.5045,0.4965,0.498,0.5035,0.5015,0.5035,0.5035,0.08,0.019,1.032
0.46444,0.44711,0.436,0.44,0.46622,0.46533,0.47333,0.46533,0.5,0.5,0.49412,0.5,0.5,0.5,0.5,0.50588,0.496,0.505,0.5005,0.502,0.5,0.5015,0.5015,0.5,0.055,0.025,1.042,0.5,0.5,0.5,0.5,0.5,0.5,0.5,0.5,0.46356,0.44756,0.43556,0.44,0.46622,0.46533,0.47333,0.46578,0.51176,0.49412,0.5,0.5,0.5,0.5,0.5,0.50588,0.504,0.5055,0.5035,0.502,0.498,0.5015,0.5015,0.4965,0.059,0.019,1.019
0.46044,0.53111,0.452,0.48622,0.45733,0.46667,0.46578,0.46444,0.5,0.50588,0.5,0.5,0.48235,0.5,0.5,0.5,0.4935,0.4915,0.498,0.4975,0.4955,0.498,0.4975,0.5,0.033,0.031,1.032,0.5,0.5,0.5,0.5,0.5,0.5,0.5,0.5,0.46044,0.53111,0.452,0.48622,0.45422,0.46667,0.46578,0.46444,0.5,0.50588,0.5,0.5,0.5,0.5,0.5,0.50588,0.4955,0.4915,0.4975,0.4975,0.494,0.498,0.4975,0.5,0.04,0.037,1.036
0.46044,0.53111,0.452,0.48622,0.45422,0.46667,0.46578,0.46444,0.50588,0.50588,0.5,0.5,0.5,0.5,0.5,0.50588,0.4955,0.4915,0.4975,0.4975,0.494,0.498,0.4975,0.5,0.052,0.037,1.026,0.5,0.5,0.5,0.5,0.5,0.5,0.5,0.5,0.46044,0.53111,0.452,0.48622,0.45378,0.46667,0.46578,0.464,0.5,0.50588,0.5,0.5,0.5,0.5,0.5,0.50588,0.4955,0.4915,0.4975,0.4975,0.494,0.4985,0.4975,0.501,0.044,0.041,1.034
0.46044,0.53111,0.452,0.48622,0.45378,0.46667,0.46578,0.46444,0.5,0.50588,0.5,0.5,0.5,0.5,0.5,0.50588,0.4955,0.4915,0.4975,0.4975,0.494,0.4985,0.4975,0.5035,0.049,0.031,1.025,0.5,0.5,0.5,0.5,0.5,0.5,0.5,0.5,0.46044,0.53111,0.452,0.48622,0.45378,0.46667,0.46578,0.464,0.5,0.50588,0.5,0.5,0.50588,0.5,0.5,0.50588,0.4955,0.4915,0.4975,0.4975,0.496,0.498,0.4975,0.5035,0.044,0.041,1.035
0.46044,0.53111,0.452,0.48622,0.45333,0.46667,0.46578,0.464,0.5,0.50588,0.5,0.5,0.50588,0.5,0.5,0.5,0.4955,0.4915,0.4975,0.4975,0.4945,0.4985,0.4975,0.5035,0.043,0.041,1.036,0.5,0.5,0.5,0.5,0.5,0.5,0.5,0.5,0.46044,0.53111,0.452,0.48622,0.45333,0.46667,0.46578,0.464,0.5,0.50588,0.5,0.5,0.50588,0.5,0.5,0.50588,0.4955,0.4915,0.4975,0.4975,0.494,0.4985,0.4975,0.5035,0.043,0.038,1.033
0.46044,0.53111,0.452,0.48622,0.45333,0.46667,0.46578,0.464,0.5,0.50588,0.5,0.5,0.50588,0.5,0.5,0.5,0.4955,0.4915,0.4975,0.4975,0.494,0.4985,0.4975,0.5035,0.041,0.039,1.035,0.5,0.5,0.5,0.5,0.5,0.5,0.5,0.5,0.46044,0.53111,0.452,0.48622,0.45378,0.46667,0.46578,0.464,0.5,0.50588,0.5,0.5,0.50588,0.5,0.5,0.5,0.4955,0.4915,0.4975,0.4975,0.494,0.4985,0.4975,0.5035,0.053,0.025,1.034
0.46044,0.53111,0.452,0.48622,0.45333,0.46667,0.46578,0.464,0.5,0.50588,0.5,0.5,0.50588,0.5,0.5,0.5,0.4955,0.4915,0.4975,0.4975,0.494,0.4985,0.4975,0.5035,0.044,0.038,1.037,0.5,0.5,0.5,0.5,0.5,0.5,0.5,0.5,0.46044,0.53111,0.452,0.48622,0.45333,0.46667,0.46578,0.464,0.50588,0.50588,0.5,0.5,0.5,0.5,0.5,0.5,0.4955,0.4915,0.4975,0.4975,0.496,0.4985,0.4975,0.5035,0.044,0.044,1.036
0.46044,0.53111,0.452,0.48622,0.45333,0.46667,0.46578,0.464,0.50588,0.50588,0.5,0.5,0.5,0.5,0.5,0.5,0.4955,0.4915,0.4975,0.4975,0.4945,0.4985,0.4975,0.5035,0.041,0.04,1.037,0.5,0.5,0.5,0.5,0.5,0.5,0.5,0.5,0.46044,0.53111,0.452,0.48622,0.45378,0.46667,0.46578,0.464,0.5,0.50588,0.5,0.5,0.5,0.5,0.5,0.5,0.4955,0.4915,0.4975,0.4975,0.4965,0.4985,0.4975,0.5035,0.055,0.023,1.036
0.46044,0.53111,0.452,0.48622,0.45378,0.46711,0.46578,0.464,0.5,0.50588,0.5,0.5,0.5,0.5,0.5,0.5,0.4955,0.491,0.4975,0.4975,0.4965,0.4985,0.4975,0.5035,0.042,0.033,1.031,0.5,0.5,0.5,0.5,0.5,0.5,0.5,0.5,0.46044,0.53111,0.452,0.48622,0.45333,0.46667,0.46578,0.464,0.5,0.50588,0.5,0.5,0.5,0.5,0.5,0.5,0.4955,0.4915,0.4975,0.4975,0.4965,0.4985,0.4975,0.5035,0.043,0.042,1.033
0.46044,0.53111,0.452,0.48622,0.45333,0.46667,0.46578,0.464,0.5,0.50588,0.5,0.5,0.5,0.5,0.5,0.5,0.4955,0.491,0.4975,0.4975,0.496,0.4985,0.4975,0.5035,0.044,0.041,1.03,0.5,0.5,0.5,0.5,0.5,0.5,0.5,0.5,0.46044,0.53111,0.452,0.48622,0.45333,0.46667,0.46578,0.464,0.50588,0.50588,0.5,0.5,0.5,0.5,0.5,0.5,0.4955,0.4915,0.4975,0.4975,0.494,0.4985,0.4975,0.5035,0.046,0.046,1.037
0.46044,0.53111,0.452,0.48622,0.45333,0.46667,0.46578,0.464,0.50588,0.50588,0.5,0.5,0.5,0.5,0.5,0.5,0.4955,0.4915,0.4975,0.4975,0.4965,0.4985,0.4975,0.5035,0.047,0.043,1.029,0.5,0.5,0.5,0.5,0.5,0.5,0.5,0.5,0.46044,0.53111,0.452,0.48622,0.45378,0.46667,0.46578,0.464,0.50588,0.50588,0.5,0.5,0.5,0.5,0.5,0.5,0.4955,0.4915,0.4975,0.4975,0.496,0.4985,0.4975,0.5035,0.045,0.038,1.024
0.46044,0.53111,0.452,0.48622,0.45378,0.46667,0.46578,0.464,0.5,0.50588,0.5,0.5,0.50588,0.5,0.5,0.5,0.4955,0.4915,0.4975,0.4975,0.4955,0.4985,0.4975,0.5035,0.046,0.04,1.033,0.5,0.5,0.5,0.5,0.5,0.5,0.5,0.5,0.46044,0.53111,0.452,0.48622,0.45333,0.46667,0.46578,0.464,0.5,0.50588,0.5,0.5,0.50588,0.5,0.5,0.5,0.495,0.4915,0.4975,0.4975,0.4965,0.4985,0.4975,0.5035,0.045,0.038,1.038
0.46044,0.53111,0.452,0.48622,0.45378,0.46667,0.46578,0.464,0.5,0.50588,0.5,0.5,0.5,0.5,0.5,0.5,0.4955,0.4915,0.4975,0.4975,0.495,0.4985,0.4975,0.5035,0.043,0.04,1.031,0.5,0.5,0.5,0.5,0.5,0.5,0.5,0.5,0.46044,0.53111,0.452,0.48622,0.45333,0.46667,0.46578,0.464,0.5,0.50588,0.5,0.5,0.5,0.5,0.5,0.5,0.4955,0.4915,0.4975,0.4975,0.495,0.4985,0.4975,0.5035,0.046,0.035,1.036
0.46044,0.53111,0.452,0.48622,0.45333,0.46667,0.46578,0.464,0.50588,0.5,0.5,0.5,0.50588,0.5,0.5,0.5,0.4955,0.491,0.4975,0.4975,0.496,0.4985,0.4975,0.5035,0.043,0.039,1.024,0.5,0.5,0.5,0.5,0.5,0.5,0.5,0.5,0.46044,0.53111,0.452,0.48622,0.45333,0.46667,0.46578,0.464,0.50588,0.5,0.5,0.5,0.5,0.5,0.5,0.5,0.4955,0.4915,0.4975,0.4975,0.4965,0.4985,0.4975,0.5035,0.039,0.041,1.031
0.46044,0.53111,0.452,0.48622,0.45378,0.46667,0.46578,0.464,0.50588,0.5,0.5,0.5,0.5,0.5,0.5,0.5,0.4955,0.491,0.4975,0.4975,0.495,0.4985,0.4975,0.5035,0.045,0.035,1.032,0.5,0.5,0.5,0.5,0.5,0.5,0.5,0.5,0.46044,0.53111,0.452,0.48622,0.45333,0.46667,0.46578,0.464,0.50588,0.5,0.5,0.5,0.5,0.5,0.5,0.5,0.4945,0.4915,0.4975,0.4975,0.496,0.4985,0.4975,0.5035,0.045,0.034,1.03
0.46044,0.53111,0.452,0.48622,0.45333,0.46667,0.46578,0.464,0.5,0.5,0.5,0.5,0.50588,0.5,0.5,0.5,0.4955,0.4915,0.4975,0.4975,0.495,0.4985,0.4975,0.5035,0.046,0.044,1.036,0.5,0.5,0.5,0.5,0.5,0.5,0.5,0.5,0.46089,0.53111,0.452,0.48622,0.45333,0.46667,0.46578,0.464,0.50588,0.5,0.5,0.5,0.50588,0.5,0.5,0.5,0.4955,0.4915,0.4975,0.4975,0.4955,0.4985,0.4975,0.5035,0.04,0.05,1.027
0.46044,0.53111,0.452,0.48622,0.45378,0.46667,0.46578,0.464,0.5,0.5,0.5,0.5,0.5,0.5,0.5,0.5,0.4955,0.4915,0.4975,0.4975,0.496,0.4985,0.4975,0.5035,0.042,0.043,1.031,0.5,0.5,0.5,0.5,0.5,0.5,0.5,0.5,0.46044,0.53111,0.452,0.48622,0.45333,0.46667,0.46578,0.46356,0.5,0.5,0.5,0.5,0.50588,0.5,0.5,0.50588,0.496,0.4915,0.4975,0.4975,0.496,0.4985,0.4975,0.5035,0.046,0.034,1.03
0.46044,0.53111,0.452,0.48622,0.45333,0.46667,0.46578,0.464,0.5,0.5,0.5,0.5,0.50588,0.5,0.5,0.50588,0.4955,0.4915,0.4975,0.4975,0.4965,0.4985,0.4975,0.5035,0.042,0.041,1.035,0.5,0.5,0.5,0.5,0.5,0.5,0.5,0.5,0.46044,0.53111,0.452,0.48622,0.45333,0.46667,0.46578,0.46356,0.5,0.5,0.5,0.5,0.5,0.5,0.5,0.50588,0.4955,0.4915,0.4975,0.4975,0.4955,0.4985,0.4975,0.5035,0.04,0.045,1.037
0.46044,0.53111,0.452,0.48622,0.45333,0.46667,0.46578,0.46356,0.50588,0.5,0.5,0.5,0.50588,0.5,0.5,0.5,0.495,0.4915,0.4975,0.4975,0.496,0.4985,0.4975,0.5035,0.044,0.038,1.032,0.5,0.5,0.5,0.5,0.5,0.5,0.5,0.5,0.46044,0.53111,0.452,0.48622,0.45333,0.46667,0.46578,0.464,0.5,0.5,0.5,0.5,0.5,0.5,0.5,0.5,0.495,0.4915,0.4975,0.4975,0.496,0.4985,0.4975,0.505,0.045,0.038,1.027
0.46044,0.53111,0.452,0.48622,0.45333,0.46667,0.46578,0.46356,0.50588,0.5,0.5,0.5,0.5,0.5,0.5,0.49412,0.494,0.4915,0.4975,0.4975,0.496,0.4985,0.4975,0.5035,0.042,0.032,1.031,0.5,0.5,0.5,0.5,0.5,0.5,0.5,0.5,0.46044,0.53111,0.452,0.48622,0.45333,0.46667,0.46578,0.464,0.5,0.5,0.5,0.5,0.5,0.5,0.5,0.5,0.4955,0.4915,0.4975,0.4975,0.496,0.4985,0.4975,0.5035,0.048,0.029,1.029
0.46044,0.53111,0.452,0.48622,0.45333,0.46667,0.46578,0.464,0.5,0.5,0.5,0.5,0.50588,0.5,0.5,0.50588,0.495,0.491,0.4975,0.4975,0.4965,0.4985,0.4975,0.5055,0.044,0.043,1.031,0.5,0.5,0.5,0.5,0.5,0.5,0.5,0.5,0.46044,0.53111,0.452,0.48622,0.45333,0.46667,0.46578,0.464,0.50588,0.5,0.5,0.5,0.50588,0.5,0.5,0.50588,0.495,0.4915,0.4975,0.4975,0.496,0.4985,0.4975,0.5035,0.043,0.044,1.024
0.46044,0.53111,0.452,0.48622,0.45333,0.46667,0.46578,0.46356,0.50588,0.5,0.5,0.5,0.50588,0.5,0.5,0.5,0.4955,0.4915,0.4975,0.4975,0.496,0.4985,0.4975,0.5035,0.037,0.044,1.021,0.5,0.5,0.5,0.5,0.5,0.5,0.5,0.5,0.46044,0.53111,0.452,0.48622,0.45333,0.46667,0.46578,0.46356,0.5,0.5,0.5,0.5,0.5,0.5,0.5,0.49412,0.4955,0.4915,0.4975,0.4975,0.496,0.4985,0.4975,0.506,0.048,0.043,1.041
0.46044,0.53111,0.452,0.48622,0.45333,0.46667,0.46578,0.464,0.50588,0.5,0.5,0.5,0.5,0.5,0.5,0.50588,0.4945,0.4915,0.4975,0.4975,0.496,0.4985,0.4975,0.5035,0.044,0.06,1.033,0.5,0.5,0.5,0.5,0.5,0.5,0.5,0.5,0.46044,0.53111,0.452,0.48622,0.45333,0.46667,0.46578,0.46356,0.5,0.5,0.5,0.5,0.5,0.5,0.5,0.5,0.4945,0.4915,0.4975,0.4975,0.496,0.4985,0.4975,0.506,0.049,0.046,1.033
0.46044,0.53111,0.452,0.48622,0.45333,0.46667,0.46578,0.464,0.50588,0.5,0.5,0.5,0.5,0.5,0.5,0.50588,0.4955,0.4915,0.4975,0.4975,0.4965,0.4985,0.4975,0.5035,0.045,0.043,1.029,0.5,0.5,0.5,0.5,0.5,0.5,0.5,0.5,0.46044,0.53111,0.452,0.48622,0.45333,0.46667,0.46578,0.46356,0.50588,0.5,0.5,0.5,0.50588,0.5,0.5,0.50588,0.4955,0.4915,0.4975,0.4975,0.496,0.4985,0.4975,0.5035,0.046,0.036,1.031
0.46044,0.53111,0.452,0.48622,0.45333,0.46667,0.46578,0.46356,0.5,0.5,0.5,0.5,0.50588,0.5,0.5,0.5,0.4955,0.4915,0.4975,0.4975,0.4955,0.4985,0.4975,0.5055,0.044,0.038,1.031,0.5,0.5,0.5,0.5,0.5,0.5,0.5,0.5,0.46044,0.53111,0.452,0.48622,0.45333,0.46667,0.46578,0.46356,0.50588,0.5,0.5,0.5,0.50588,0.5,0.5,0.5,0.4955,0.491,0.4975,0.4975,0.496,0.4985,0.4975,0.5055,0.043,0.037,1.032
0.46044,0.53111,0.452,0.48622,0.45333,0.46667,0.46578,0.46356,0.5,0.5,0.5,0.5,0.50588,0.5,0.5,0.49412,0.4955,0.4915,0.4975,0.4975,0.4965,0.4985,0.4975,0.505,0.05,0.038,1.034,0.5,0.5,0.5,0.5,0.5,0.5,0.5,0.5,0.46044,0.53111,0.452,0.48622,0.45333,0.46667,0.46578,0.46356,0.50588,0.5,0.5,0.5,0.50588,0.5,0.5,0.5,0.4955,0.4915,0.4975,0.4975,0.496,0.4985,0.4975,0.504,0.046,0.042,1.028
0.46044,0.53111,0.452,0.48622,0.45333,0.46667,0.46578,0.464,0.50588,0.5,0.5,0.5,0.50588,0.5,0.5,0.50588,0.4955,0.4915,0.4975,0.4975,0.496,0.4985,0.4975,0.5035,0.042,0.035,1.035,0.5,0.5,0.5,0.5,0.5,0.5,0.5,0.5,0.46044,0.53111,0.452,0.48622,0.45378,0.46667,0.46578,0.46356,0.5,0.5,0.5,0.5,0.50588,0.5,0.5,0.49412,0.4955,0.4915,0.4975,0.4975,0.4965,0.498,0.4975,0.5055,0.044,0.037,1.027
0.46044,0.53111,0.452,0.48622,0.45333,0.46667,0.46578,0.46356,0.50588,0.5,0.5,0.5,0.50588,0.5,0.5,0.5,0.4955,0.491,0.4975,0.4975,0.4965,0.498,0.4975,0.506,0.041,0.038,1.036,0.5,0.5,0.5,0.5,0.5,0.5,0.5,0.5,0.46044,0.53111,0.452,0.48622,0.45333,0.46667,0.46578,0.46356,0.50588,0.5,0.5,0.5,0.50588,0.5,0.5,0.5,0.4955,0.4915,0.4975,0.4975,0.4965,0.498,0.4975,0.5035,0.043,0.043,1.035
0.46044,0.53111,0.452,0.48622,0.45333,0.46667,0.46578,0.464,0.50588,0.5,0.5,0.5,0.50588,0.5,0.5,0.50588,0.4955,0.4915,0.4975,0.4975,0.4965,0.498,0.4975,0.5035,0.052,0.041,1.031,0.5,0.5,0.5,0.5,0.5,0.5,0.5,0.5,0.46044,0.53111,0.452,0.48622,0.45333,0.46667,0.46578,0.46356,0.5,0.5,0.5,0.5,0.50588,0.5,0.5,0.51176,0.4955,0.4915,0.4975,0.4975,0.496,0.498,0.4975,0.5035,0.041,0.039,1.032
0.46044,0.53111,0.452,0.48622,0.45333,0.46667,0.46578,0.46356,0.5,0.5,0.5,0.5,0.50588,0.5,0.5,0.49412,0.4945,0.4915,0.4975,0.4975,0.496,0.498,0.4975,0.5045,0.041,0.035,1.03,0.5,0.5,0.5,0.5,0.5,0.5,0.5,0.5,0.46044,0.53111,0.452,0.48622,0.45333,0.46667,0.46578,0.46356,0.50588,0.5,0.5,0.5,0.50588,0.5,0.5,0.50588,0.4955,0.4915,0.4975,0.4975,0.496,0.498,0.4975,0.5055,0.042,0.035,1.029
0.46044,0.53111,0.452,0.48622,0.45333,0.46667,0.46578,0.464,0.50588,0.50588,0.5,0.5,0.50588,0.5,0.5,0.50588,0.4955,0.4915,0.4975,0.4975,0.4965,0.498,0.4975,0.504,0.042,0.037,1.034,0.5,0.5,0.5,0.5,0.5,0.5,0.5,0.5,0.46044,0.53111,0.452,0.48622,0.45333,0.46667,0.46578,0.46356,0.50588,0.5,0.5,0.5,0.5,0.5,0.5,0.5,0.4955,0.4915,0.4975,0.4975,0.4965,0.498,0.4975,0.5035,0.046,0.038,1.033
0.46044,0.53111,0.452,0.48622,0.45333,0.46667,0.46578,0.464,0.5,0.5,0.5,0.5,0.5,0.5,0.5,0.5,0.4955,0.4915,0.4975,0.4975,0.4965,0.498,0.4975,0.506,0.047,0.042,1.03,0.5,0.5,0.5,0.5,0.5,0.5,0.5,0.5,0.46044,0.53111,0.452,0.48622,0.45333,0.46667,0.46578,0.46356,0.50588,0.50588,0.5,0.5,0.5,0.5,0.5,0.50588,0.4955,0.4915,0.4975,0.4975,0.4965,0.498,0.4975,0.505,0.049,0.049,1.037
0.46044,0.53111,0.452,0.48622,0.45333,0.46667,0.46578,0.46356,0.50588,0.50588,0.5,0.5,0.5,0.5,0.5,0.50588,0.4955,0.4915,0.4975,0.4975,0.4965,0.498,0.4975,0.5035,0.039,0.055,1.033,0.5,0.5,0.5,0.5,0.5,0.5,0.5,0.5,0.46044,0.53111,0.452,0.48622,0.45333,0.46667,0.46578,0.46356,0.50588,0.5,0.5,0.5,0.5,0.5,0.5,0.5,0.4955,0.4915,0.4975,0.4975,0.4965,0.498,0.4975,0.506,0.045,0.032,1.035
0.46044,0.53111,0.452,0.48622,0.45333,0.46667,0.46578,0.46356,0.50588,0.5,0.5,0.5,0.5,0.5,0.5,0.5,0.4955,0.4915,0.4975,0.4975,0.4965,0.498,0.4975,0.504,0.038,0.047,1.037,0.5,0.5,0.5,0.5,0.5,0.5,0.5,0.5,0.46044,0.53111,0.452,0.48622,0.45333,0.46667,0.46578,0.46356,0.50588,0.5,0.5,0.5,0.5,0.5,0.5,0.5,0.4955,0.4915,0.4975,0.4975,0.4965,0.498,0.4975,0.5055,0.044,0.038,1.032
0.46044,0.53111,0.452,0.48622,0.45333,0.46667,0.46578,0.46356,0.50588,0.5,0.5,0.5,0.5,0.5,0.5,0.5,0.4955,0.4915,0.4975,0.4975,0.4965,0.498,0.4975,0.5055,0.044,0.034,1.024,0.5,0.5,0.5,0.5,0.5,0.5,0.5,0.5,0.46044,0.53111,0.452,0.48622,0.45333,0.46667,0.46578,0.46356,0.5,0.5,0.5,0.5,0.5,0.5,0.5,0.5,0.4955,0.4915,0.4975,0.4975,0.496,0.498,0.4975,0.5055,0.045,0.054,1.036
0.46044,0.53111,0.452,0.48622,0.45333,0.46667,0.46578,0.46356,0.5,0.5,0.5,0.5,0.5,0.5,0.5,0.5,0.4955,0.4915,0.4975,0.4975,0.4965,0.498,0.4975,0.5055,0.045,0.038,1.031,0.5,0.5,0.5,0.5,0.5,0.5,0.5,0.5,0.46044,0.53111,0.452,0.48622,0.45333,0.46667,0.46578,0.46356,0.51176,0.5,0.5,0.5,0.5,0.5,0.5,0.5,0.4935,0.4915,0.4975,0.4975,0.4965,0.498,0.4975,0.504,0.044,0.042,1.034
0.46044,0.53111,0.452,0.48622,0.45333,0.46667,0.46578,0.46356,0.50588,0.5,0.5,0.5,0.5,0.5,0.5,0.5,0.496,0.4915,0.4975,0.4975,0.4965,0.498,0.4975,0.5055,0.049,0.04,1.035,0.5,0.5,0.5,0.5,0.5,0.5,0.5,0.5,0.46044,0.53111,0.452,0.48622,0.45333,0.46667,0.46578,0.46356,0.5,0.5,0.5,0.5,0.5,0.5,0.5,0.50588,0.4955,0.4915,0.4975,0.4975,0.4965,0.498,0.4975,0.5055,0.043,0.039,1.031
0.46,0.53111,0.452,0.48622,0.45333,0.46667,0.46578,0.46356,0.48824,0.5,0.5,0.5,0.50588,0.5,0.5,0.5,0.4995,0.4915,0.4975,0.4975,0.4965,0.498,0.4975,0.5035,0.044,0.039,1.036,0.5,0.5,0.5,0.5,0.5,0.5,0.5,0.5,0.46044,0.53111,0.452,0.48622,0.45333,0.46711,0.46578,0.46356,0.50588,0.5,0.5,0.5,0.5,0.5,0.5,0.50588,0.4945,0.4915,0.4975,0.4975,0.4965,0.498,0.4975,0.5055,0.043,0.037,1.031
0.46044,0.53111,0.452,0.48622,0.45333,0.46667,0.46578,0.46356,0.50588,0.50588,0.5,0.5,0.5,0.5,0.5,0.5,0.4955,0.4915,0.4975,0.4975,0.4965,0.498,0.4975,0.504,0.042,0.042,1.039,0.5,0.5,0.5,0.5,0.5,0.5,0.5,0.5,0.46044,0.53111,0.452,0.48622,0.45333,0.46667,0.46578,0.46356,0.5,0.5,0.5,0.5,0.5,0.5,0.5,0.50588,0.4955,0.4915,0.4975,0.4975,0.4965,0.498,0.4975,0.5055,0.049,0.038,1.036
0.46044,0.53111,0.452,0.48622,0.45333,0.46667,0.46578,0.464,0.50588,0.5,0.5,0.5,0.5,0.5,0.5,0.50588,0.4945,0.4915,0.4975,0.4975,0.4965,0.498,0.4975,0.504,0.042,0.03,1.029,0.5,0.5,0.5,0.5,0.5,0.5,0.5,0.5,0.46044,0.53111,0.452,0.48622,0.45333,0.46667,0.46578,0.46356,0.50588,0.5,0.5,0.5,0.5,0.5,0.5,0.51176,0.4955,0.491,0.4975,0.4975,0.4965,0.498,0.4975,0.5035,0.044,0.042,1.033
0.46044,0.53111,0.452,0.48622,0.45333,0.46667,0.46578,0.46356,0.5,0.5,0.5,0.5,0.5,0.5,0.5,0.5,0.4955,0.4915,0.4975,0.4975,0.4965,0.498,0.4975,0.5055,0.045,0.039,1.033,0.5,0.5,0.5,0.5,0.5,0.5,0.5,0.5,0.46089,0.53111,0.452,0.48622,0.45333,0.46667,0.46578,0.46356,0.50588,0.5,0.5,0.5,0.5,0.5,0.5,0.5,0.4955,0.4915,0.4975,0.4975,0.4965,0.498,0.4975,0.504,0.041,0.042,1.03
0.46044,0.53111,0.452,0.48622,0.45333,0.46667,0.46578,0.46356,0.5,0.5,0.5,0.5,0.5,0.5,0.5,0.5,0.4955,0.4915,0.4975,0.4975,0.4965,0.498,0.4975,0.5035,0.046,0.042,1.036,0.5,0.5,0.5,0.5,0.5,0.5,0.5,0.5,0.46044,0.53111,0.452,0.48622,0.45333,0.46667,0.46578,0.46356,0.5,0.5,0.5,0.5,0.5,0.5,0.5,0.5,0.4935,0.4915,0.4975,0.4975,0.4965,0.498,0.4975,0.5045,0.047,0.035,1.031
0.46044,0.53111,0.452,0.48622,0.45333,0.46667,0.46578,0.46356,0.50588,0.5,0.5,0.5,0.5,0.5,0.5,0.50588,0.4955,0.4915,0.4975,0.4975,0.496,0.498,0.4975,0.504,0.033,0.051,1.057,0.5,0.5,0.5,0.5,0.5,0.5,0.5,0.5,0.46044,0.53111,0.452,0.48622,0.45333,0.46667,0.46578,0.46356,0.5,0.5,0.5,0.5,0.5,0.5,0.5,0.50588,0.4955,0.4915,0.4975,0.4975,0.4965,0.498,0.4975,0.5045,0.043,0.041,1.039
0.46,0.53111,0.452,0.48622,0.45333,0.46667,0.46578,0.46356,0.49412,0.5,0.5,0.5,0.5,0.5,0.5,0.51176,0.4955,0.4915,0.4975,0.4975,0.4965,0.498,0.4975,0.5035,0.041,0.039,1.032,0.5,0.5,0.5,0.5,0.5,0.5,0.5,0.5,0.46044,0.53111,0.452,0.48622,0.45333,0.46667,0.46578,0.46356,0.5,0.5,0.5,0.5,0.5,0.5,0.5,0.5,0.4955,0.4915,0.4975,0.4975,0.4965,0.498,0.4975,0.5035,0.042,0.045,1.033
0.46044,0.53111,0.452,0.48622,0.45333,0.46667,0.46578,0.46356,0.5,0.5,0.5,0.5,0.5,0.5,0.5,0.50588,0.4955,0.4915,0.4975,0.4975,0.4965,0.498,0.4975,0.506,0.046,0.042,1.036,0.5,0.5,0.5,0.5,0.5,0.5,0.5,0.5,0.46044,0.53111,0.452,0.48622,0.45333,0.46667,0.46578,0.46356,0.5,0.5,0.5,0.5,0.5,0.5,0.5,0.5,0.4955,0.4915,0.4975,0.4975,0.496,0.498,0.4975,0.5045,0.045,0.038,1.03
0.46044,0.53111,0.452,0.48622,0.45333,0.46667,0.46578,0.46356,0.50588,0.5,0.5,0.5,0.5,0.5,0.5,0.5,0.4955,0.4915,0.4975,0.4975,0.4965,0.498,0.4975,0.506,0.046,0.041,1.038,0.5,0.5,0.5,0.5,0.5,0.5,0.5,0.5,0.46044,0.53111,0.452,0.48622,0.45333,0.46667,0.46578,0.46356,0.50588,0.5,0.5,0.5,0.5,0.5,0.5,0.50588,0.4945,0.4915,0.4975,0.4975,0.4965,0.498,0.4975,0.5055,0.045,0.036,1.028
0.46044,0.53111,0.452,0.48622,0.45333,0.46667,0.46578,0.46356,0.50588,0.5,0.5,0.5,0.5,0.5,0.5,0.5,0.4955,0.4915,0.4975,0.4975,0.496,0.498,0.4975,0.5055,0.045,0.044,1.036,0.5,0.5,0.5,0.5,0.5,0.5,0.5,0.5,0.46044,0.53111,0.452,0.48622,0.45333,0.46667,0.46578,0.46356,0.50588,0.5,0.5,0.5,0.5,0.5,0.5,0.5,0.495,0.4915,0.4975,0.4975,0.4965,0.498,0.4975,0.5055,0.046,0.037,1.034
0.46044,0.53111,0.452,0.48622,0.45333,0.46667,0.46578,0.46356,0.50588,0.5,0.5,0.5,0.5,0.5,0.5,0.5,0.4955,0.4915,0.4975,0.4975,0.4965,0.498,0.4975,0.506,0.045,0.039,1.033,0.5,0.5,0.5,0.5,0.5,0.5,0.5,0.5,0.46,0.53111,0.452,0.48622,0.45333,0.46667,0.46578,0.46356,0.5,0.5,0.5,0.5,0.5,0.5,0.5,0.5,0.4945,0.4915,0.4975,0.4975,0.4965,0.498,0.4975,0.5055,0.047,0.037,1.033
0.46044,0.53111,0.452,0.48622,0.45333,0.46667,0.46578,0.46356,0.50588,0.5,0.5,0.5,0.5,0.5,0.5,0.50588,0.4955,0.4915,0.4975,0.4975,0.4965,0.498,0.4975,0.5035,0.043,0.041,1.033,0.5,0.5,0.5,0.5,0.5,0.5,0.5,0.5,0.46044,0.53111,0.452,0.48622,0.45333,0.46667,0.46578,0.46356,0.5,0.5,0.5,0.5,0.5,0.5,0.5,0.5,0.4945,0.4915,0.4975,0.4975,0.4965,0.498,0.4975,0.5055,0.04,0.039,1.039
0.46044,0.53111,0.452,0.48622,0.45333,0.46667,0.46578,0.46356,0.50588,0.50588,0.5,0.5,0.5,0.5,0.5,0.51176,0.4955,0.4915,0.4975,0.4975,0.4965,0.498,0.4975,0.5055,0.043,0.042,1.028,0.5,0.5,0.5,0.5,0.5,0.5,0.5,0.5,0.46044,0.53111,0.452,0.48622,0.45333,0.46667,0.46578,0.46356,0.5,0.5,0.5,0.5,0.5,0.5,0.5,0.50588,0.4955,0.4915,0.4975,0.4975,0.4965,0.498,0.4975,0.5035,0.047,0.037,1.029
0.46044,0.53111,0.452,0.48622,0.45333,0.46667,0.46578,0.464,0.5,0.5,0.5,0.5,0.5,0.5,0.5,0.50588,0.4955,0.4915,0.4975,0.4975,0.4965,0.498,0.4975,0.506,0.041,0.032,1.041,0.5,0.5,0.5,0.5,0.5,0.5,0.5,0.5,0.46044,0.53111,0.452,0.48622,0.45333,0.46667,0.46578,0.46356,0.50588,0.5,0.5,0.5,0.5,0.5,0.5,0.50588,0.495,0.4915,0.4975,0.4975,0.4965,0.498,0.4975,0.5035,0.043,0.04,1.033
0.46044,0.53111,0.452,0.48622,0.45333,0.46667,0.46578,0.46356,0.5,0.50588,0.5,0.5,0.5,0.5,0.5,0.50588,0.4935,0.4915,0.4975,0.4975,0.4965,0.498,0.4975,0.5055,0.044,0.038,1.036,0.5,0.5,0.5,0.5,0.5,0.5,0.5,0.5,0.46044,0.53111,0.452,0.48622,0.45333,0.46667,0.46578,0.464,0.5,0.5,0.5,0.5,0.5,0.5,0.5,0.50588,0.4955,0.4915,0.4975,0.4975,0.4965,0.498,0.4975,0.5055,0.044,0.042,1.025
0.46044,0.53111,0.452,0.48622,0.45333,0.46667,0.46578,0.46356,0.50588,0.5,0.5,0.5,0.5,0.5,0.5,0.50588,0.494,0.4915,0.4975,0.4975,0.4965,0.498,0.4975,0.5055,0.043,0.042,1.025,0.5,0.5,0.5,0.5,0.5,0.5,0.5,0.5,0.46044,0.53111,0.452,0.48622,0.45333,0.46667,0.46578,0.46356,0.5,0.5,0.5,0.5,0.5,0.5,0.5,0.5,0.4955,0.4915,0.4975,0.4975,0.4965,0.498,0.4975,0.5045,0.044,0.04,1.038
0.46044,0.53111,0.452,0.48622,0.45333,0.46667,0.46578,0.46356,0.51176,0.5,0.5,0.5,0.5,0.5,0.5,0.50588,0.4955,0.4915,0.4975,0.4975,0.496,0.498,0.4975,0.505,0.042,0.042,1.031,0.5,0.5,0.5,0.5,0.5,0.5,0.5,0.5,0.46044,0.53111,0.452,0.48622,0.45333,0.46667,0.46578,0.46356,0.50588,0.5,0.5,0.5,0.5,0.5,0.5,0.5,0.496,0.4915,0.4975,0.4975,0.4965,0.498,0.4975,0.5055,0.047,0.041,1.032
0.46044,0.53111,0.452,0.48622,0.45333,0.46667,0.46578,0.46356,0.5,0.5,0.5,0.5,0.5,0.5,0.5,0.5,0.4955,0.4915,0.4975,0.4975,0.4965,0.498,0.4975,0.505,0.042,0.036,1.028,0.5,0.5,0.5,0.5,0.5,0.5,0.5,0.5,0.46044,0.53111,0.452,0.48622,0.45333,0.46667,0.46578,0.464,0.5,0.5,0.5,0.5,0.5,0.5,0.5,0.50588,0.4955,0.4915,0.4975,0.4975,0.4965,0.498,0.4975,0.504,0.042,0.039,1.035
0.46044,0.53111,0.452,0.48622,0.45333,0.46667,0.46578,0.46356,0.5,0.5,0.5,0.5,0.5,0.5,0.5,0.50588,0.4955,0.491,0.4975,0.4975,0.4965,0.498,0.4975,0.5045,0.048,0.039,1.033,0.5,0.5,0.5,0.5,0.5,0.5,0.5,0.5,0.46044,0.53111,0.452,0.48622,0.45333,0.46667,0.46578,0.46356,0.5,0.5,0.5,0.5,0.5,0.5,0.5,0.5,0.4955,0.4915,0.4975,0.4975,0.4965,0.498,0.4975,0.505,0.05,0.041,1.033
0.46044,0.53111,0.452,0.48622,0.45333,0.46667,0.46578,0.46356,0.5,0.5,0.5,0.5,0.5,0.5,0.5,0.50588,0.4955,0.4915,0.4975,0.4975,0.4965,0.498,0.4975,0.5055,0.041,0.037,1.028,0.5,0.5,0.5,0.5,0.5,0.5,0.5,0.5,0.46044,0.53111,0.452,0.48622,0.45333,0.46667,0.46578,0.464,0.50588,0.5,0.5,0.5,0.5,0.5,0.5,0.5,0.4945,0.4915,0.4975,0.4975,0.4965,0.498,0.4975,0.5055,0.047,0.041,1.033
0.46044,0.53111,0.452,0.48622,0.45333,0.46667,0.46578,0.46356,0.5,0.5,0.5,0.5,0.5,0.5,0.5,0.50588,0.4955,0.4915,0.4975,0.4975,0.496,0.498,0.4975,0.5035,0.045,0.034,1.025,0.5,0.5,0.5,0.5,0.5,0.5,0.5,0.5,0.46044,0.53111,0.452,0.48622,0.45333,0.46667,0.46578,0.46356,0.5,0.5,0.5,0.5,0.5,0.5,0.5,0.5,0.4955,0.4915,0.4975,0.4975,0.4965,0.498,0.4975,0.5055,0.045,0.037,1.032
0.46044,0.53111,0.452,0.48622,0.45333,0.46667,0.46578,0.46356,0.5,0.50588,0.5,0.5,0.5,0.5,0.5,0.50588,0.4955,0.4915,0.4975,0.4975,0.4965,0.498,0.4975,0.5045,0.041,0.029,1.045,0.5,0.5,0.5,0.5,0.5,0.5,0.5,0.5,0.46044,0.53111,0.452,0.48622,0.45333,0.46667,0.46578,0.46356,0.5,0.5,0.5,0.5,0.5,0.5,0.5,0.50588,0.4955,0.4915,0.4975,0.4975,0.4965,0.498,0.4975,0.505,0.049,0.032,1.03
0.46044,0.53111,0.452,0.48622,0.45333,0.46667,0.46578,0.46356,0.50588,0.5,0.5,0.5,0.5,0.5,0.5,0.5,0.496,0.4915,0.4975,0.4975,0.4965,0.498,0.4975,0.505,0.047,0.032,1.031,0.5,0.5,0.5,0.5,0.5,0.5,0.5,0.5,0.46089,0.53111,0.452,0.48622,0.45333,0.46667,0.46578,0.46356,0.5,0.5,0.5,0.5,0.5,0.5,0.5,0.50588,0.4955,0.4915,0.4975,0.4975,0.4965,0.498,0.4975,0.505,0.045,0.043,1.032
0.46044,0.53111,0.452,0.48622,0.45333,0.46667,0.46578,0.46356,0.51176,0.5,0.5,0.5,0.5,0.5,0.5,0.5,0.4955,0.4915,0.4975,0.4975,0.4965,0.498,0.4975,0.5055,0.048,0.041,1.025,0.5,0.5,0.5,0.5,0.5,0.5,0.5,0.5,0.46044,0.53111,0.452,0.48622,0.45333,0.46667,0.46578,0.46356,0.5,0.5,0.5,0.5,0.5,0.5,0.5,0.5,0.494,0.4915,0.4975,0.4975,0.4965,0.498,0.4975,0.505,0.041,0.044,1.034
0.46044,0.53111,0.452,0.48622,0.45333,0.46667,0.46578,0.46356,0.5,0.5,0.5,0.5,0.5,0.5,0.5,0.5,0.496,0.4915,0.4975,0.4975,0.4965,0.498,0.4975,0.5055,0.044,0.036,1.035,0.5,0.5,0.5,0.5,0.5,0.5,0.5,0.5,0.46044,0.53111,0.452,0.48622,0.45333,0.46667,0.46578,0.46356,0.50588,0.50588,0.5,0.5,0.5,0.5,0.5,0.51176,0.4955,0.4915,0.4975,0.4975,0.4965,0.498,0.4975,0.5055,0.043,0.048,1.024
0.46044,0.53111,0.452,0.48622,0.45333,0.46667,0.46578,0.464,0.50588,0.5,0.5,0.5,0.5,0.5,0.5,0.50588,0.4955,0.491,0.4975,0.4975,0.4965,0.498,0.4975,0.505,0.045,0.042,1.032,0.5,0.5,0.5,0.5,0.5,0.5,0.5,0.5,0.46044,0.53111,0.452,0.48622,0.45333,0.46667,0.46578,0.46356,0.5,0.5,0.5,0.5,0.5,0.5,0.5,0.49412,0.4955,0.4915,0.4975,0.4975,0.4965,0.498,0.4975,0.5055,0.038,0.037,1.034
0.46044,0.53111,0.452,0.48622,0.45333,0.46667,0.46578,0.46356,0.50588,0.5,0.5,0.5,0.5,0.5,0.5,0.50588,0.4955,0.4915,0.4975,0.4975,0.4965,0.498,0.4975,0.5045,0.044,0.04,1.034,0.5,0.5,0.5,0.5,0.5,0.5,0.5,0.5,0.46,0.53111,0.452,0.48622,0.45333,0.46667,0.46578,0.46356,0.5,0.5,0.5,0.5,0.5,0.5,0.5,0.5,0.4955,0.4915,0.4975,0.4975,0.4965,0.498,0.4975,0.5055,0.047,0.037,1.032
0.54756,0.47244,0.49111,0.46711,0.46622,0.448,0.44622,0.47333,0.5,0.51176,0.5,0.5,0.5,0.5,0.5,0.50588,0.488,0.4955,0.5015,0.498,0.5,0.4995,0.5015,0.5,0.017,-0.035,1.032,0.62941,0.75882,0.46471,0.35882,0.5,0.5,0.5,0.5,0.57644,0.54622,0.47867,0.42133,0.46667,0.448,0.44667,0.47378,0.62941,0.78824,0.45882,0.36471,0.50588,0.5,0.5,0.49412,0.506,0.5115,0.4995,0.492,0.4965,0.4995,0.498,0.4955,0.006,-0.023,1.045
0.64711,0.68533,0.46,0.35156,0.46667,0.44889,0.44844,0.47333,0.65294,0.73529,0.45294,0.35882,0.5,0.5,0.5,0.5,0.4955,0.509,0.5005,0.4775,0.494,0.4955,0.4915,0.5,-0.018,0.05,1.085,0.68824,0.4,0.28824,0.59412,0.5,0.5,0.5,0.5,0.776,0.82444,0.36667,0.28667,0.46622,0.45289,0.448,0.472,0.7,0.47059,0.29412,0.53529,0.49412,0.5,0.49412,0.5,0.507,0.487,0.5,0.5355,0.5,0.476,0.492,0.5055,-0.085,-0.031,1.052
0.876,0.80356,0.26533,0.31867,0.46667,0.44756,0.44222,0.46933,0.68824,0.47059,0.31176,0.60588,0.50588,0.49412,0.46471,0.5,0.506,0.4585,0.4855,0.616,0.4965,0.5,0.5175,0.5055,-0.061,-0.097,1.054,0.21176,0.40588,0.44706,0.64706,0.5,0.5,0.5,0.5,0.90711,0.77511,0.12711,0.42267,0.46667,0.44756,0.43111,0.46356,0.14706,0.41176,0.43529,0.67647,0.50588,0.5,0.48235,0.48235,0.4845,0.3785,0.46,0.623,0.4955,0.5015,0.5715,0.5065,-0.122,-0.159,1.001
0.76089,0.70711,0.10267,0.49956,0.46667,0.44756,0.42978,0.45511,0.21765,0.38235,0.47059,0.65294,0.5,0.5,0.5,0.48824,0.4815,0.407,0.4495,0.61,0.4965,0.5015,0.5795,0.511,-0.121,-0.144,1.015,0.41765,0.47059,0.63529,0.38824,0.5,0.5,0.5,0.5,0.55911,0.584,0.11022,0.576,0.46667,0.44756,0.42889,0.45156,0.43529,0.5,0.62941,0.38824,0.50588,0.5,0.5,0.5,0.488,0.4785,0.4995,0.481,0.494,0.5015,0.583,0.5135,-0.076,-0.164,1.023
0.51733,0.58489,0.17822,0.53244,0.46667,0.44756,0.42489,0.45067,0.41176,0.50588,0.63529,0.4,0.50588,0.5,0.5,0.5,0.488,0.462,0.5,0.4195,0.4965,0.5015,0.6025,0.5135,-0.053,-0.163,1.011,0.83529,0.78824,0.8,0.52353,0.5,0.5,0.5,0.5,0.52044,0.64089,0.32667,0.47644,0.46533,0.44756,0.43067,0.45778,0.67647,0.72941,0.7,0.5,0.5,0.5,0.53529,0.50588,0.555,0.492,0.6295,0.4095,0.505,0.502,0.576,0.509,-0.398,-0.125,0.91
0.62222,0.76489,0.44489,0.47556,0.46489,0.44756,0.44178,0.464,0.73529,0.77059,0.77059,0.5,0.5,0.5,0.50588,0.50588,0.646,0.5075,0.7995,0.47,0.5045,0.5015,0.5235,0.506,-0.403,-0.067,1.038,0.39412,0.33529,0.47059,0.42353,0.5,0.5,0.5,0.5,0.844,0.92844,0.60889,0.46978,0.46622,0.45111,0.44578,0.47156,0.50588,0.46471,0.5,0.44118,0.5,0.5,0.49412,0.50588,0.5375,0.4495,0.818,0.443,0.5,0.4845,0.5015,0.5055,-0.441,-0.093,0.899
0.81733,0.89556,0.60933,0.43111,0.46622,0.45111,0.44578,0.47111,0.46471,0.27647,0.5,0.47059,0.50588,0.5,0.5,0.5,0.5135,0.3765,0.7465,0.4415,0.5,0.4845,0.503,0.505,-0.449,-0.072,0.938,0.48824,0.38235,0.51176,0.49412,0.5,0.5,0.5,0.5,0.75244,0.87378,0.60933,0.39867,0.46533,0.45111,0.44533,0.46844,0.5,0.5,0.5,0.5,0.5,0.5,0.5,0.5,0.516,0.1205,0.68,0.371,0.505,0.4845,0.5045,0.5045,-0.407,-0.101,0.926
0.74711,0.87378,0.60933,0.39822,0.46533,0.45111,0.44533,0.46844,0.5,0.5,0.5,0.5,0.50588,0.5,0.5,0.5,0.517,0.1055,0.7085,0.358,0.505,0.4845,0.5045,0.5045,-0.444,-0.112,0.918,0.54706,0.22353,0.2,0.67647,0.5,0.5,0.5,0.5,0.75244,0.85822,0.54622,0.424,0.46533,0.44756,0.44578,0.47156,0.62941,0.40588,0.22941,0.67059,0.5,0.5,0.5,0.50588,0.516,0.139,0.5175,0.5025,0.5055,0.5005,0.505,0.505,-0.137,0.139,0.852
0.80844,0.79289,0.39956,0.51689,0.46756,0.45644,0.44667,0.47422,0.55294,0.81765,0.21765,0.65294,0.50588,0.50588,0.5,0.5,0.4955,0.5,0.5,0.4905,0.494,0.4605,0.4985,0.494,-0.195,0.01,0.936,0.31765,0.27059,0.38824,0.18235,0.5,0.5,0.5,0.5,0.80667,0.89911,0.176,0.52178,0.45911,0.456,0.44578,0.472,0.11765,0.67647,0.40588,0.19412,0.48235,0.5,0.5,0.5,0.481,0.5,0.577,0.4515,0.5055,0.461,0.503,0.5055,-0.035,-0.07,1.027
0.68133,0.99067,0.124,0.368,0.45822,0.45511,0.44533,0.47156,0.32353,0.65294,0.40588,0.27059,0.5,0.5,0.5,0.5,0.493,0.5,0.5505,0.417,0.506,0.4655,0.5045,0.505,0.226,-0.059,1.03,0.65882,0.43529,0.78824,0.78235,0.5,0.5,0.5,0.5,0.57422,1.00311,0.11822,0.28044,0.46044,0.44756,0.44533,0.47422,0.5,0.50588,0.71765,0.76471,0.48824,0.5,0.5,0.52941,0.559,0.5,0.7215,0.383,0.505,0.5015,0.5045,0.494,-0.102,-0.039,1.023
0.60622,1.00267,0.24,0.412,0.45733,0.45289,0.44667,0.47689,0.56471,0.5,0.72941,0.71765,0.5,0.54706,0.49412,0.50588,0.625,0.5,0.8395,0.492,0.505,0.4775,0.4975,0.4945,-0.394,0.003,0.972,0.71176,0.3,0.62353,0.57059,0.5,0.5,0.5,0.5,0.81511,0.99822,0.40444,0.58756,0.46711,0.45644,0.44667,0.47467,0.86471,0.5,0.71176,0.55294,0.50588,0.5,0.5,0.5,0.541,0.5,0.915,0.5115,0.495,0.459,0.4985,0.496,-0.394,-0.102,0.955
0.94889,0.98622,0.47378,0.62222,0.46756,0.46133,0.44667,0.47378,0.7,0.47059,0.58824,0.57059,0.50588,0.5,0.5,0.50588,0.5235,0.5,0.8715,0.521,0.495,0.436,0.4985,0.4965,-0.547,-0.048,0.9,0.33529,0.25294,0.57647,0.15882,0.5,0.5,0.5,0.5,1.01289,0.96578,0.63244,0.55778,0.46667,0.44711,0.44667,0.47378,0.50588,0.50588,0.94118,0.24706,0.45882,0.51176,0.52941,0.49412,0.515,0.5,0.599,0.4825,0.506,0.502,0.5,0.4965,-0.128,-0.066,1.005
0.96978,0.99511,0.69022,0.38622,0.46578,0.44756,0.44444,0.47244,0.34118,0.52353,0.57059,0.20588,0.5,0.5,0.49412,0.5,0.4915,0.5,0.4955,0.4765,0.5035,0.5015,0.508,0.5055,0.173,-0.109,1.012,0.27647,0.28824,0.07059,0.70588,0.5,0.5,0.5,0.5,0.80089,1.00622,0.60356,0.26311,0.46756,0.448,0.44756,0.47244,0.27059,0.5,0.14706,0.63529,0.50588,0.5,0.52353,0.51176,0.4895,0.5,0.431,0.4215,0.4945,0.4995,0.4965,0.5035,0.27,0.003,0.992
0.75778,1.00356,0.44622,0.35067,0.46844,0.44844,0.448,0.47244,0.50588,0.5,0.25294,0.69412,0.50588,0.5,0.5,0.5,0.389,0.5,0.142,0.5055,0.4955,0.4975,0.493,0.5055,0.367,0.053,0.956,0.37059,0.32941,0.58824,0.57059,0.5,0.5,0.5,0.5,0.75911,0.99733,0.41956,0.49511,0.46844,0.44889,0.44667,0.47244,0.5,0.49412,0.5,0.57059,0.50588,0.5,0.5,0.49412,0.114,0.5,0.1375,0.513,0.495,0.496,0.4975,0.504,0.392,0.079,0.975
0.75911,0.99644,0.41956,0.53067,0.46844,0.44889,0.44667,0.47289,0.50588,0.5,0.5,0.56471,0.50588,0.5,0.5,0.50588,0.1165,0.5,0.3515,0.513,0.495,0.496,0.498,0.5035,0.388,0.087,0.978,0.64706,0.47059,0.30588,0.55294,0.5,0.5,0.5,0.5,0.73956,0.99556,0.46756,0.59067,0.46844,0.44889,0.44667,0.47289,0.51176,0.5,0.48235,0.54118,0.50588,0.5,0.5,0.5,0.3025,0.5,0.073,0.509,0.4955,0.496,0.498,0.5035,0.342,0.144,0.963
0.74044,0.99556,0.45156,0.61556,0.46844,0.44889,0.44667,0.47289,0.50588,0.5,0.5,0.54706,0.50588,0.5,0.5,0.5,0.426,0.5,0.0005,0.519,0.4955,0.496,0.498,0.5035,0.369,0.208,0.929,0.29412,0.35882,0.41765,0.14706,0.5,0.5,0.5,0.5,0.80578,0.99511,0.38222,0.54622,0.46844,0.44889,0.44489,0.47289,0.5,0.50588,0.38824,0.18235,0.50588,0.5,0.5,0.50588,0.3035,0.5,0.0145,0.4385,0.496,0.496,0.506,0.505,0.508,0.096,0.949
0.80667,0.99467,0.34889,0.35778,0.46844,0.44889,0.44578,0.47333,0.50588,0.5,0.5,0.07647,0.50588,0.5,0.5,0.49412,0.145,0.5,0.036,0.476,0.4955,0.497,0.501,0.5035,0.45,0.088,0.861,0.42941,0.14118,0.72353,0.62353,0.5,0.5,0.5,0.5,0.80622,1.00489,0.34044,0.20222,0.46844,0.44844,0.44533,0.47289,0.5,0.5,0.71765,0.61176,0.50588,0.5,0.5,0.51176,0.143,0.5,0.3745,0.42,0.495,0.4975,0.5035,0.503,0.375,0.045,0.949
0.75822,1.00444,0.452,0.25422,0.468,0.44844,0.44533,0.47378,0.34706,0.5,0.72353,0.60588,0.5,0.5,0.5,0.5,0.2385,0.5,0.388,0.488,0.4945,0.4975,0.5035,0.4965,0.31,0.016,0.983,0.69412,0.32941,0.37647,0.41765,0.5,0.5,0.5,0.5,0.64222,1.00311,0.57067,0.304,0.46622,0.44711,0.44622,0.47289,0.50588,0.5,0.48235,0.43529,0.5,0.5,0.5,0.50588,0.4635,0.5,0.261,0.452,0.5,0.504,0.5,0.5035,0.304,-0.015,0.953
0.71822,1.00356,0.50044,0.26756,0.46622,0.44711,0.44711,0.472,0.61765,0.50588,0.4,0.45294,0.5,0.5,0.5,0.5,0.4825,0.5,0.2925,0.4265,0.5,0.504,0.4975,0.5055,0.374,0.034,0.947,0.3,0.32941,0.63529,0.44118,0.5,0.5,0.5,0.5,0.79689,1.00489,0.44089,0.23067,0.46667,0.44756,0.44667,0.47289,0.43529,0.50588,0.64706,0.48824,0.50588,0.5,0.5,0.50588,0.426,0.5,0.4435,0.277,0.4965,0.502,0.497,0.503,0.421,0.042,0.947
0.72711,1.00578,0.51022,0.22178,0.46667,0.44756,0.44622,0.47289,0.33529,0.50588,0.64118,0.5,0.50588,0.5,0.5,0.5,0.3815,0.5,0.4405,0.1765,0.4965,0.5025,0.498,0.503,0.432,0.008,0.917,0.65882,0.42353,0.4,0.79412,0.5,0.5,0.5,0.5,0.59822,1.00667,0.58,0.236,0.46667,0.44756,0.44578,0.47333,0.50588,0.5,0.5,0.71176,0.5,0.5,0.5,0.5,0.4835,0.5,0.332,0.4105,0.4945,0.502,0.502,0.5,0.328,0.014,0.954
0.68,1.004,0.54222,0.36044,0.46711,0.44756,0.44622,0.47289,0.63529,0.49412,0.44118,0.77059,0.50588,0.5,0.50588,0.5,0.4795,0.5,0.2675,0.531,0.4945,0.5025,0.4995,0.5035,0.292,-0.006,0.98,0.6,0.44118,0.62353,0.49412,0.5,0.5,0.5,0.5,0.77644,0.99778,0.48533,0.54,0.46578,0.44933,0.44622,0.47333,0.55882,0.5,0.58235,0.5,0.5,0.5,0.5,0.5,0.4935,0.5,0.452,0.4945,0.5035,0.4935,0.4995,0.5,0.289,0.021,0.982
0.81378,0.99733,0.54489,0.54044,0.46533,0.44844,0.44533,0.47289,0.54706,0.5,0.62353,0.5,0.49412,0.5,0.5,0.50588,0.508,0.5,0.4885,0.4785,0.5035,0.498,0.503,0.5035,0.268,-0.002,1.0,0.24118,0.35882,0.51176,0.35882,0.5,0.5,0.5,0.5,0.80089,0.99689,0.61733,0.50622,0.46667,0.44756,0.44444,0.47378,0.24118,0.5,0.51765,0.37647,0.51176,0.5,0.5,0.52353,0.489,0.5,0.494,0.4015,0.496,0.502,0.5065,0.494,0.279,-0.056,0.985
0.70444,0.996,0.62489,0.42667,0.46711,0.44756,0.44489,0.47422,0.32353,0.5,0.53529,0.32353,0.50588,0.5,0.5,0.50588,0.4555,0.5,0.4835,0.4395,0.494,0.502,0.5045,0.4945,0.244,-0.118,1.021,0.42353,0.44118,0.17059,0.64118,0.5,0.5,0.5,0.5,0.59556,1.00133,0.58311,0.37556,0.46756,0.44756,0.44711,0.47244,0.51176,0.50588,0.28824,0.62941,0.50588,0.5,0.5,0.5,0.3595,0.5,0.1965,0.5105,0.4955,0.502,0.496,0.505,0.417,0.01,0.892
0.59644,0.99733,0.54,0.44178,0.46756,0.44756,0.44667,0.47244,0.50588,0.48235,0.5,0.67059,0.50588,0.5,0.5,0.50588,0.292,0.5,0.003,0.539,0.4955,0.502,0.497,0.505,0.404,0.075,0.863,0.45882,0.49412,0.55294,0.34706,0.5,0.5,0.5,0.5,0.59644,0.99333,0.54,0.49867,0.46756,0.448,0.44578,0.47289,0.50588,0.5,0.5,0.34118,0.50588,0.5,0.5,0.50588,0.173,0.5,0.083,0.419,0.4955,0.4995,0.502,0.5035,0.44,0.058,0.908
0.596,0.99289,0.54,0.42578,0.46756,0.448,0.44578,0.47289,0.5,0.50588,0.5,0.31765,0.51176,0.5,0.5,0.50588,0.1465,0.5,0.212,0.3975,0.495,0.5,0.501,0.5035,0.383,0.045,0.937,0.45294,0.48235,0.51176,0.37059,0.5,0.5,0.5,0.5,0.58933,1.00089,0.54,0.28756,0.46756,0.448,0.44622,0.47244,0.5,0.51176,0.5,0.39412,0.50588,0.5,0.5,0.5,0.152,0.5,0.3805,0.4155,0.495,0.5,0.4975,0.5055,0.42,0.064,0.933
0.58933,1.00267,0.54,0.23067,0.46711,0.448,0.44622,0.47244,0.5,0.51176,0.5,0.41765,0.5,0.5,0.5,0.5,0.1565,0.5,0.4095,0.372,0.495,0.5,0.4985,0.5055,0.438,0.101,0.798,0.68235,0.24118,0.5,0.42353,0.5,0.5,0.5,0.5,0.69067,1.00622,0.544,0.19333,0.46711,0.44756,0.44311,0.47244,0.62941,0.50588,0.47647,0.48824,0.50588,0.5,0.49412,0.50588,0.5,0.5,0.4245,0.0615,0.4945,0.502,0.513,0.5025,0.437,-0.079,0.995
0.73911,1.00756,0.53778,0.16667,0.46622,0.44756,0.44178,0.47289,0.57059,0.50588,0.49412,0.44118,0.5,0.5,0.5,0.50588,0.5,0.5,0.454,0.0155,0.5,0.502,0.519,0.5025,0.448,-0.046,0.936,0.58824,0.49412,0.27647,0.49412,0.5,0.5,0.5,0.5,0.78267,1.00756,0.47156,0.15556,0.46711,0.44756,0.44222,0.47244,0.58824,0.5,0.30588,0.5,0.50588,0.5,0.5,0.50588,0.5,0.5,0.4135,0.045,0.494,0.502,0.5175,0.505,0.438,-0.033,0.883
0.84889,1.00756,0.36089,0.13244,0.46711,0.44756,0.44222,0.47289,0.68235,0.5,0.27647,0.49412,0.50588,0.5,0.5,0.50588,0.5,0.5,0.397,0.1425,0.4945,0.502,0.5175,0.5025,0.458,-0.032,0.93,0.34118,0.37059,0.54118,0.62941,0.5,0.5,0.5,0.5,0.996,1.00756,0.22844,0.12933,0.46711,0.44756,0.44222,0.47244,0.50588,0.5,0.5,0.51176,0.50588,0.5,0.5,0.51176,0.5,0.5,0.4635,0.3405,0.494,0.502,0.5175,0.5035,0.439,-0.005,0.934
0.99644,1.00711,0.24533,0.18267,0.46667,0.448,0.44356,0.47289,0.50588,0.5,0.54118,0.61176,0.5,0.5,0.50588,0.50588,0.5,0.5,0.4845,0.4045,0.4965,0.5005,0.5115,0.5035,0.37,0.019,0.952,0.18824,0.3,0.72941,0.66471,0.5,0.5,0.5,0.5,0.996,1.00489,0.34356,0.29778,0.46533,0.44889,0.44711,0.47378,0.49412,0.5,0.70588,0.63529,0.5,0.5,0.5,0.50588,0.5,0.5,0.5,0.4985,0.5055,0.496,0.4945,0.4965,0.235,0.039,1.001
0.99467,1.004,0.456,0.38133,0.46578,0.44844,0.44622,0.47378,0.5,0.5,0.72353,0.65882,0.50588,0.5,0.5,0.50588,0.5,0.5,0.5175,0.5,0.5035,0.498,0.4975,0.494,0.121,0.015,1.033,0.44118,0.47647,0.54706,0.24706,0.5,0.5,0.5,0.5,0.97244,1.00311,0.61378,0.404,0.46578,0.44756,0.44489,0.47422,0.47647,0.51176,0.53529,0.27059,0.51176,0.5,0.5,0.49412,0.5,0.5,0.493,0.4495,0.4965,0.502,0.5045,0.4945,0.211,-0.057,1.027
0.96267,1.00533,0.63778,0.29022,0.46578,0.44756,0.44444,0.47289,0.48824,0.52941,0.54118,0.34706,0.49412,0.5,0.5,0.50588,0.5,0.5,0.491,0.3735,0.5035,0.502,0.5065,0.503,0.305,-0.099,0.991,0.5,0.18235,0.15294,0.73529,0.5,0.5,0.5,0.5,0.94844,1.008,0.55778,0.21378,0.46756,0.44844,0.44578,0.472,0.47647,0.5,0.21765,0.55882,0.50588,0.5,0.52941,0.5,0.5,0.5,0.454,0.388,0.4945,0.4985,0.503,0.5055,0.351,0.097,0.937
0.93733,1.00533,0.38711,0.31067,0.46578,0.44889,0.44711,0.47244,0.48824,0.5,0.12353,0.70588,0.49412,0.5,0.49412,0.5,0.5,0.5,0.422,0.507,0.5035,0.4975,0.4935,0.5035,0.287,0.061,1.023,0.24118,0.41176,0.5,0.31176,0.5,0.5,0.5,0.5,1.00089,1.00089,0.22667,0.39067,0.46622,0.44844,0.44622,0.47289,0.50588,0.52353,0.5,0.31765,0.50588,0.5,0.5,0.5,0.5,0.5,0.2075,0.492,0.5,0.4975,0.498,0.5035,0.377,0.042,0.971
1.00133,1.00267,0.22133,0.30622,0.46711,0.44889,0.44622,0.47244,0.50588,0.50588,0.5,0.32353,0.5,0.5,0.5,0.50588,0.5,0.5,0.2305,0.4355,0.4945,0.496,0.4975,0.5035,0.403,0.046,0.956,0.25882,0.46471,0.40588,0.52353,0.5,0.5,0.5,0.5,1.00178,1.00578,0.19244,0.22311,0.46667,0.44889,0.44622,0.47289,0.50588,0.50588,0.38824,0.5,0.50588,0.5,0.5,0.51176,0.5,0.5,0.2165,0.3355,0.4965,0.496,0.4985,0.5035,0.431,0.069,0.947
1.00222,1.00533,0.16311,0.22267,0.46667,0.44889,0.44622,0.47244,0.50588,0.5,0.5,0.5,0.5,0.5,0.5,0.49412,0.5,0.5,0.1325,0.395,0.497,0.496,0.4985,0.5035,0.495,0.138,0.897,0.12353,0.11765,0.83529,0.7,0.5,0.5,0.5,0.5,1.00311,1.00444,0.17111,0.28178,0.46667,0.44844,0.44489,0.47378,0.5,0.5,0.8,0.68824,0.5,0.49412,0.5,0.5,0.5,0.5,0.358,0.5,0.494,0.4975,0.503,0.494,0.279,0.029,0.983
1.00044,1.004,0.31511,0.38267,0.46622,0.44844,0.44533,0.47378,0.5,0.5,0.81176,0.69412,0.49412,0.5,0.5,0.5,0.5,0.5,0.4965,0.508,0.5,0.498,0.5005,0.4955,0.193,0.077,1.012,0.32353,0.13529,0.28235,0.30588,0.5,0.5,0.5,0.5,0.99733,1.00267,0.44133,0.43956,0.46578,0.44844,0.44578,0.47378,0.50588,0.50588,0.31176,0.30588,0.5,0.5,0.5,0.5,0.5,0.5,0.483,0.4925,0.5035,0.498,0.501,0.4965,0.247,0.042,1.0
0.99822,1.00356,0.33867,0.35067,0.46578,0.44844,0.44533,0.47378,0.51176,0.50588,0.31176,0.31765,0.5,0.5,0.5,0.50588,0.5,0.5,0.444,0.444,0.5035,0.498,0.5015,0.4945,0.283,0.042,0.985,0.45882,0.35294,0.70588,0.37059,0.5,0.5,0.5,0.5,1.00089,1.00578,0.27067,0.23378,0.46622,0.44844,0.44578,0.47289,0.5,0.50588,0.64706,0.38824,0.50588,0.5,0.5,0.5,0.5,0.5,0.4905,0.2455,0.5,0.498,0.5,0.503,0.356,0.036,0.977
0.99956,1.00711,0.36711,0.18533,0.46667,0.44844,0.44489,0.47289,0.49412,0.50588,0.70588,0.37059,0.51176,0.5,0.5,0.5,0.5,0.5,0.5235,0.1575,0.4965,0.4995,0.504,0.5025,0.359,-0.002,0.927,0.47647,0.28235,0.30588,0.45294,0.5,0.5,0.5,0.5,0.98267,1.00844,0.42933,0.09333,0.46667,0.448,0.44044,0.47422,0.47059,0.50588,0.30588,0.35294,0.5,0.5,0.5,0.50588,0.5,0.5,0.497,0.1535,0.496,0.5,0.5245,0.495,0.449,-0.097,0.909
0.98533,1.00844,0.33689,0.06933,0.46667,0.448,0.43956,0.47422,0.53529,0.50588,0.33529,0.4,0.5,0.5,0.5,0.50588,0.5,0.5,0.4675,0.1535,0.4965,0.4995,0.529,0.495,0.458,-0.092,0.917,0.32353,0.37647,0.58235,0.92941,0.5,0.5,0.5,0.5,0.99778,1.008,0.24844,0.11511,0.46711,0.448,0.44267,0.47467,0.50588,0.5,0.57647,0.91765,0.5,0.5,0.54706,0.50588,0.5,0.5,0.4735,0.493,0.494,0.501,0.5155,0.494,0.693,-0.028,1.418
0.99867,1.00533,0.29022,0.33333,0.46578,0.44933,0.44711,0.47289,0.51176,0.5,0.58824,0.85882,0.51176,0.5,0.5,0.50588,0.5,0.5,0.473,0.505,0.5035,0.4945,0.492,0.5035,0.169,0.063,0.983,0.45294,0.38824,0.67647,0.47059,0.5,0.5,0.5,0.5,0.99867,0.99911,0.39022,0.584,0.46356,0.44933,0.44622,0.47378,0.5,0.5,0.65882,0.5,0.52353,0.5,0.5,0.50588,0.5,0.5,0.509,0.4635,0.5055,0.493,0.4975,0.494,0.109,0.075,1.022
0.99733,0.99822,0.47289,0.57733,0.46667,0.44933,0.44622,0.47378,0.5,0.49412,0.62941,0.49412,0.51176,0.5,0.5,0.5,0.5,0.5,0.5435,0.424,0.4965,0.4945,0.4975,0.4965,0.107,0.075,0.994,0.14118,0.37647,0.52353,0.44118,0.5,0.5,0.5,0.5,0.98,0.99644,0.596,0.54444,0.46578,0.44844,0.44356,0.47244,0.47647,0.5,0.51765,0.44706,0.5,0.5,0.5,0.50588,0.5,0.5,0.496,0.405,0.5035,0.4985,0.5095,0.5055,0.19,-0.018,1.027
0.96889,0.99467,0.60756,0.51111,0.46578,0.44756,0.444,0.47244,0.48235,0.5,0.51176,0.44118,0.5,0.5,0.5,0.5,0.5,0.5,0.497,0.423,0.5035,0.502,0.508,0.5035,0.207,-0.017,1.007,0.34118,0.12941,0.18235,0.22941,0.5,0.5,0.5,0.5,0.94978,0.99422,0.52489,0.37733,0.46533,0.44844,0.44622,0.47244,0.48235,0.53529,0.18824,0.25294,0.50588,0.5,0.5,0.5,0.5,0.5,0.45,0.4655,0.5035,0.4975,0.497,0.5055,0.291,0.08,1.004
0.952,1.004,0.364,0.25778,0.46533,0.44889,0.44489,0.47244,0.57647,0.52353,0.16471,0.33529,0.50588,0.5,0.5,0.5,0.5,0.5,0.444,0.3785,0.504,0.4965,0.503,0.505,0.339,0.041,1.017,0.17647,0.28235,0.60588,0.45882,0.5,0.5,0.5,0.5,0.99911,1.00711,0.20578,0.13644,0.46667,0.44756,0.44089,0.47244,0.5,0.50588,0.57059,0.5,0.50588,0.5,0.5,0.50588,0.5,0.5,0.474,0.122,0.4955,0.5025,0.5225,0.505,0.441,0.003,0.925
0.99822,1.00756,0.25911,0.12889,0.46667,0.44756,0.43956,0.47289,0.5,0.50588,0.60588,0.35882,0.51176,0.5,0.5,0.50588,0.5,0.5,0.4975,0.0515,0.494,0.502,0.529,0.5025,0.431,-0.037,0.976,0.43529,0.37647,0.51176,0.69412,0.5,0.5,0.5,0.5,0.99733,1.008,0.32044,0.10711,0.46667,0.44756,0.43956,0.47244,0.5,0.50588,0.50588,0.52941,0.50588,0.5,0.5,0.5,0.5,0.5,0.498,0.346,0.496,0.5025,0.529,0.5055,0.439,-0.009,0.958
0.99733,1.00711,0.32711,0.19289,0.46622,0.44889,0.44533,0.47289,0.5,0.5,0.51176,0.64706,0.5,0.50588,0.50588,0.50588,0.5,0.5,0.495,0.4135,0.5,0.4965,0.5035,0.5005,0.326,0.048,1.023,0.25882,0.18824,0.38235,0.62353,0.5,0.5,0.5,0.5,0.99733,1.00444,0.31022,0.33022,0.46622,0.44889,0.44622,0.47244,0.50588,0.5,0.40588,0.61765,0.50588,0.5,0.5,0.5,0.5,0.5,0.42,0.5095,0.5,0.498,0.497,0.5055,0.299,0.028,0.97
0.59022,0.55822,0.70533,0.70933,0.45022,0.468,0.464,0.46622,0.5,0.50588,0.5,0.5,0.50588,0.5,0.5,0.50588,0.507,0.507,0.54,0.5115,0.5035,0.501,0.5,0.5,-0.004,-0.053,1.019,0.67059,0.68824,0.28235,0.11765,0.5,0.5,0.5,0.5,0.64044,0.62267,0.64711,0.59956,0.45156,0.46844,0.46311,0.46667,0.72941,0.79412,0.33529,0.14706,0.5,0.49412,0.48824,0.5,0.5095,0.5065,0.477,0.4315,0.494,0.4985,0.502,0.4965,0.223,-0.03,0.985
0.46756,0.46356,0.48667,0.46089,0.46489,0.43644,0.46311,0.47022,0.49412,0.49412,0.5,0.5,0.50588,0.5,0.5,0.51176,0.4935,0.5065,0.5005,0.503,0.4965,0.497,0.4955,0.4945,0.011,0.013,1.034,0.62353,0.59412,0.20588,0.55882,0.5,0.5,0.5,0.5,0.50933,0.47244,0.39822,0.464,0.464,0.43644,0.46311,0.46889,0.67059,0.54118,0.24118,0.50588,0.5,0.5,0.5,0.5,0.506,0.52,0.459,0.5815,0.5035,0.497,0.4955,0.505,0.088,0.029,1.064
0.59156,0.47511,0.26711,0.47156,0.46533,0.43556,0.44978,0.46933,0.64706,0.50588,0.22353,0.52941,0.52941,0.5,0.41765,0.5,0.489,0.5775,0.37,0.6895,0.494,0.5005,0.557,0.503,-0.149,-0.2,0.952,0.54118,0.77059,0.60588,0.38235,0.5,0.5,0.5,0.5,0.66089,0.67467,0.10533,0.50267,0.46578,0.43644,0.44444,0.46133,0.54706,0.82353,0.58824,0.44118,0.47647,0.51176,0.5,0.50588,0.5045,0.5105,0.496,0.5185,0.499,0.498,0.586,0.506,-0.059,-0.171,1.012
0.67911,0.82889,0.15244,0.43911,0.46311,0.436,0.44933,0.46222,0.53529,0.73529,0.58824,0.37647,0.5,0.5,0.52353,0.50588,0.5065,0.508,0.51,0.5315,0.506,0.4985,0.564,0.5055,-0.184,-0.237,0.999,0.42353,0.19412,0.51176,0.47059,0.5,0.5,0.5,0.5,0.67556,0.96578,0.20311,0.36444,0.45333,0.43511,0.46,0.46267,0.38824,0.35294,0.53529,0.47647,0.51176,0.5,0.5,0.50588,0.494,0.3975,0.5875,0.511,0.507,0.503,0.5095,0.5055,-0.284,-0.2,0.92
0.63333,0.83778,0.20578,0.34844,0.45511,0.43511,0.45511,0.46222,0.4,0.4,0.50588,0.47647,0.50588,0.5,0.49412,0.49412,0.5065,0.3385,0.602,0.515,0.506,0.503,0.5315,0.505,-0.075,-0.184,1.038,0.72353,0.61176,0.77059,0.41765,0.5,0.5,0.5,0.5,0.596,0.66622,0.28044,0.30711,0.45689,0.43511,0.45689,0.47467,0.55294,0.48824,0.66471,0.42941,0.5,0.5,0.51176,0.5,0.5905,0.432,0.7075,0.497,0.505,0.502,0.5265,0.4945,-0.314,-0.108,0.925
0.64756,0.67289,0.38933,0.28267,0.456,0.43511,0.45956,0.472,0.62941,0.62353,0.82353,0.48235,0.49412,0.5,0.56471,0.48235,0.7035,0.4815,0.8505,0.415,0.505,0.5035,0.5155,0.4945,-0.522,-0.096,0.877,0.47647,0.54706,0.28824,0.48235,0.5,0.5,0.5,0.5,0.89511,0.72533,0.49822,0.21867,0.46756,0.44844,0.46178,0.47022,0.68235,0.56471,0.32353,0.47647,0.50588,0.5,0.5,0.50588,0.506,0.5065,0.5735,0.457,0.494,0.4405,0.5015,0.4945,-0.507,-0.013,0.944
0.89644,0.75244,0.37867,0.20978,0.46622,0.44844,0.46222,0.46978,0.51176,0.57647,0.27059,0.45882,0.5,0.5,0.5,0.5,0.4935,0.504,0.6265,0.4565,0.494,0.4405,0.499,0.5,-0.271,-0.008,0.957,0.56471,0.55882,0.71176,0.5,0.5,0.5,0.5,0.5,0.90844,0.78044,0.29644,0.18978,0.46356,0.44844,0.46222,0.46978,0.54706,0.55294,0.65882,0.5,0.5,0.5,0.5,0.50588,0.4935,0.5125,0.7565,0.5005,0.505,0.4405,0.499,0.4965,-0.327,-0.013,1.007
0.94089,0.82267,0.39822,0.19111,0.46356,0.44844,0.46178,0.46978,0.5,0.57059,0.7,0.5,0.5,0.5,0.5,0.5,0.494,0.507,0.791,0.4965,0.505,0.4405,0.5015,0.5,-0.531,-0.032,0.898,0.26471,0.26471,0.53529,0.67059,0.5,0.5,0.5,0.5,0.88667,0.8,0.51067,0.24933,0.46356,0.44844,0.46267,0.47022,0.31765,0.26471,0.60588,0.66471,0.5,0.5,0.5,0.50588,0.494,0.486,0.8515,0.5,0.5045,0.4405,0.4975,0.4965,-0.488,-0.024,0.921
0.81333,0.69822,0.53689,0.33644,0.46444,0.448,0.46178,0.46978,0.28824,0.35294,0.51176,0.66471,0.50588,0.5,0.5,0.5,0.465,0.467,0.8065,0.5,0.5,0.4415,0.502,0.5,-0.435,-0.022,0.949,0.61765,0.45294,0.24118,0.25294,0.5,0.5,0.5,0.5,0.68,0.52711,0.52089,0.35956,0.46444,0.448,0.46222,0.46978,0.62941,0.51176,0.24118,0.27647,0.50588,0.5,0.5,0.5,0.506,0.485,0.573,0.471,0.5,0.442,0.5,0.5,-0.333,0.037,0.952
0.74089,0.49956,0.38267,0.23511,0.46444,0.448,0.46222,0.46978,0.60588,0.40588,0.22941,0.27059,0.50588,0.5,0.5,0.5,0.506,0.4895,0.602,0.461,0.5,0.442,0.5,0.5,-0.266,0.034,1.008,0.27647,0.55882,0.37059,0.68235,0.5,0.5,0.5,0.5,0.76311,0.47822,0.19067,0.14267,0.45333,0.448,0.46267,0.46933,0.18235,0.55882,0.4,0.62353,0.46471,0.5,0.5,0.50588,0.478,0.5065,0.5815,0.5025,0.508,0.441,0.4975,0.503,-0.458,-0.3,1.276
0.62222,0.48,0.13422,0.192,0.444,0.44222,0.46222,0.46933,0.31176,0.49412,0.39412,0.59412,0.51176,0.44118,0.5,0.50588,0.49,0.522,0.524,0.697,0.5115,0.4675,0.4995,0.502,-0.253,-0.097,1.021,0.84118,0.81176,0.88824,0.47059,0.5,0.5,0.5,0.5,0.56978,0.49333,0.17022,0.25022,0.45867,0.43689,0.46222,0.46978,0.72353,0.78824,0.76471,0.5,0.47647,0.5,0.5,0.50588,0.5335,0.6865,0.6085,0.8875,0.505,0.4965,0.5,0.5,-0.492,-0.033,0.913
0.67556,0.70444,0.31333,0.26889,0.45467,0.43911,0.46178,0.46978,0.74706,0.84706,0.78235,0.57059,0.5,0.5,0.49412,0.5,0.612,0.594,0.867,0.731,0.505,0.4875,0.501,0.5,-0.532,-0.031,0.826,0.27647,0.33529,0.36471,0.49412,0.5,0.5,0.5,0.5,0.9,0.95422,0.45822,0.29778,0.46267,0.44844,0.46178,0.47022,0.35294,0.31176,0.5,0.49412,0.50588,0.5,0.5,0.5,0.4905,0.4865,0.689,0.4955,0.5055,0.4405,0.502,0.4965,-0.408,-0.021,0.925
0.83289,0.88133,0.408,0.29378,0.46311,0.44844,0.46222,0.46889,0.32941,0.4,0.39412,0.47647,0.50588,0.5,0.5,0.5,0.452,0.473,0.598,0.501,0.5055,0.4405,0.5,0.5055,-0.406,0.05,0.881,0.38824,0.45294,0.32941,0.52353,0.5,0.5,0.5,0.5,0.61556,0.72044,0.28267,0.27378,0.46356,0.44089,0.46133,0.46978,0.40588,0.45294,0.35882,0.5,0.50588,0.48235,0.5,0.50588,0.4935,0.5105,0.512,0.616,0.505,0.4755,0.5035,0.5,-0.309,-0.088,0.975
0.57422,0.69778,0.20711,0.27333,0.464,0.436,0.46089,0.46978,0.41765,0.43529,0.35294,0.5,0.51176,0.49412,0.5,0.50588,0.4865,0.51,0.4855,0.675,0.5035,0.4975,0.506,0.5,-0.269,-0.105,1.014,0.81765,0.44118,0.46471,0.47647,0.5,0.5,0.5,0.5,0.58667,0.63911,0.10222,0.27289,0.464,0.436,0.46,0.47022,0.81176,0.45882,0.40588,0.5,0.49412,0.5,0.5,0.50588,0.5145,0.516,0.445,0.7075,0.5035,0.499,0.51,0.497,-0.292,-0.131,0.983
0.73644,0.60622,0.07467,0.27289,0.464,0.436,0.46,0.47022,0.79412,0.44706,0.44706,0.5,0.49412,0.5,0.5,0.50588,0.522,0.517,0.49,0.6505,0.506,0.499,0.51,0.4965,-0.263,-0.141,0.98,0.37647,0.52941,0.58824,0.41176,0.5,0.5,0.5,0.5,0.90133,0.57733,0.06889,0.24222,0.46356,0.43644,0.46044,0.47022,0.38824,0.50588,0.54706,0.41765,0.49412,0.5,0.5,0.5,0.494,0.5245,0.5595,0.5875,0.506,0.4975,0.5075,0.4965,-0.24,-0.092,1.004
0.85778,0.58267,0.092,0.208,0.456,0.43644,0.46311,0.46889,0.41176,0.54706,0.53529,0.43529,0.48235,0.5,0.5,0.5,0.4865,0.532,0.665,0.538,0.506,0.497,0.4955,0.5055,-0.261,-0.055,1.008,0.50588,0.77059,0.68824,0.78235,0.5,0.5,0.5,0.5,0.76711,0.66222,0.18978,0.212,0.45467,0.43689,0.46267,0.46933,0.5,0.64118,0.69412,0.67059,0.5,0.5,0.5,0.50588,0.5065,0.5865,0.7485,0.715,0.506,0.4965,0.4975,0.502,-0.498,-0.074,0.963
0.77644,0.73822,0.29689,0.33467,0.45511,0.43733,0.46267,0.46933,0.50588,0.68824,0.70588,0.85294,0.50588,0.5,0.5,0.5,0.4935,0.6835,0.692,0.825,0.506,0.4935,0.4975,0.5025,-0.321,-0.068,0.938,0.54706,0.43529,0.54118,0.52353,0.5,0.5,0.5,0.5,0.82,1.00622,0.43689,0.57733,0.468,0.44444,0.46222,0.47022,0.50588,0.5,0.48824,0.51765,0.5,0.5,0.5,0.50588,0.485,0.495,0.621,0.5015,0.4945,0.459,0.4995,0.4965,-0.469,0.041,0.921
0.82222,0.98489,0.43733,0.58933,0.46933,0.44444,0.46222,0.46933,0.55882,0.44118,0.50588,0.51176,0.51765,0.5,0.5,0.50588,0.493,0.4925,0.7215,0.5,0.494,0.459,0.4995,0.4965,-0.433,0.015,0.931,0.43529,0.33529,0.31765,0.47059,0.5,0.5,0.5,0.5,0.85556,0.91156,0.43111,0.60089,0.47067,0.44444,0.46178,0.46933,0.50588,0.44706,0.31765,0.5,0.50588,0.5,0.5,0.5,0.473,0.474,0.578,0.4625,0.494,0.459,0.5015,0.5025,-0.357,0.017,0.984
0.85644,0.85556,0.33822,0.59467,0.47067,0.44444,0.46178,0.46889,0.49412,0.38824,0.31765,0.49412,0.50588,0.5,0.5,0.50588,0.432,0.446,0.577,0.4205,0.4945,0.459,0.5015,0.5035,-0.229,0.055,0.998,0.34118,0.40588,0.78824,0.35294,0.5,0.5,0.5,0.5,0.70622,0.79022,0.28356,0.56178,0.46222,0.444,0.46178,0.46978,0.2,0.50588,0.71765,0.38824,0.5,0.5,0.5,0.5,0.494,0.338,0.778,0.261,0.505,0.4605,0.5015,0.5,-0.229,0.07,1.066
0.58844,0.79067,0.41067,0.51511,0.46222,0.44,0.46178,0.46933,0.28824,0.50588,0.78824,0.35882,0.5,0.5,0.5,0.50588,0.5175,0.2445,0.877,0.1265,0.5045,0.4795,0.502,0.501,-0.273,0.063,0.993,0.67647,0.34118,0.4,0.44118,0.5,0.5,0.5,0.5,0.50089,0.79111,0.58489,0.392,0.45956,0.43289,0.46133,0.46889,0.70588,0.5,0.5,0.49412,0.48824,0.49412,0.5,0.5,0.5855,0.1215,0.7035,0.2085,0.505,0.5125,0.503,0.504,-0.278,-0.075,1.033
0.57956,0.79156,0.55689,0.36489,0.45511,0.43289,0.45911,0.46844,0.8,0.50588,0.42353,0.44118,0.5,0.5,0.48824,0.51176,0.586,0.1295,0.5915,0.1895,0.5065,0.514,0.513,0.5045,-0.146,-0.099,1.04,0.6,0.4,0.4,0.46471,0.5,0.5,0.5,0.5,0.76267,0.79111,0.47378,0.28178,0.45511,0.43333,0.46,0.47022,0.6,0.49412,0.4,0.44118,0.51765,0.51176,0.58235,0.51176,0.5415,0.135,0.5465,0.362,0.5065,0.512,0.517,0.4945,-0.298,-0.1,1.075
0.85289,0.93867,0.41733,0.24089,0.45733,0.43778,0.46356,0.46889,0.63529,0.72941,0.37059,0.5,0.50588,0.5,0.5,0.5,0.5095,0.5,0.5705,0.4725,0.506,0.4905,0.4925,0.5045,-0.265,-0.042,1.013,0.3,0.25294,0.46471,0.52941,0.5,0.5,0.5,0.5,0.88533,0.98578,0.35244,0.22444,0.45956,0.44089,0.46356,0.46889,0.35882,0.47647,0.47647,0.52353,0.50588,0.5,0.5,0.50588,0.471,0.5,0.5415,0.499,0.5055,0.4755,0.493,0.504,-0.163,0.013,1.023
0.85511,0.98533,0.34089,0.23867,0.46089,0.44267,0.46356,0.46933,0.44706,0.48235,0.5,0.52353,0.50588,0.5,0.5,0.5,0.3615,0.5,0.5115,0.502,0.5055,0.4675,0.4915,0.5045,-0.16,0.034,1.028,0.48824,0.31765,0.67647,0.67647,0.5,0.5,0.5,0.5,0.74933,0.95644,0.35911,0.30667,0.46133,0.44533,0.46222,0.46933,0.38824,0.44118,0.65882,0.67647,0.50588,0.5,0.5,0.51176,0.3685,0.5,0.604,0.5415,0.505,0.4545,0.4965,0.5025,-0.252,0.051,0.987
0.73689,0.93956,0.45511,0.4,0.46533,0.44533,0.46267,0.46933,0.5,0.5,0.69412,0.66471,0.50588,0.5,0.50588,0.50588,0.375,0.5,0.58,0.5285,0.4945,0.4545,0.4985,0.503,-0.325,0.026,0.999,0.65882,0.21765,0.38235,0.36471,0.5,0.5,0.5,0.5,0.69067,0.92533,0.53022,0.46622,0.46578,0.44533,0.46133,0.46889,0.55294,0.51765,0.35882,0.37059,0.5,0.5,0.49412,0.49412,0.4925,0.5,0.5085,0.4965,0.494,0.4545,0.502,0.505,-0.294,0.02,0.996
0.76044,0.94222,0.46844,0.39778,0.46533,0.44489,0.46133,0.46889,0.63529,0.57059,0.38235,0.36471,0.5,0.5,0.5,0.5,0.506,0.5,0.538,0.494,0.494,0.456,0.503,0.5055,-0.258,0.036,0.983,0.3,0.32353,0.55882,0.50588,0.5,0.5,0.5,0.5,0.83156,0.99556,0.39911,0.31867,0.46533,0.44489,0.46178,0.46933,0.47059,0.50588,0.51765,0.5,0.50588,0.5,0.5,0.50588,0.4405,0.5,0.6305,0.4975,0.4945,0.456,0.5025,0.497,-0.274,0.029,1.007
0.78533,0.99556,0.43289,0.32089,0.46622,0.44533,0.46222,0.47022,0.39412,0.49412,0.57647,0.50588,0.50588,0.5,0.50588,0.50588,0.359,0.5,0.614,0.5005,0.4945,0.4545,0.5,0.4965,-0.221,0.028,0.99,0.55294,0.5,0.45294,0.62353,0.5,0.5,0.5,0.5,0.68311,0.98844,0.47333,0.36133,0.46667,0.44533,0.46267,0.47022,0.5,0.49412,0.46471,0.59412,0.50588,0.5,0.5,0.49412,0.3855,0.5,0.508,0.5205,0.494,0.4545,0.4975,0.4965,-0.242,0.039,0.999
0.68311,0.97289,0.45067,0.42267,0.46667,0.44578,0.46267,0.46978,0.5,0.47059,0.47059,0.61765,0.50588,0.5,0.5,0.5,0.4275,0.5,0.5,0.5315,0.494,0.453,0.4975,0.5,-0.229,0.051,1.0,0.41176,0.19412,0.32353,0.25294,0.5,0.5,0.5,0.5,0.68311,0.95378,0.36133,0.42178,0.46311,0.44533,0.46133,0.46889,0.5,0.50588,0.31765,0.26471,0.5,0.5,0.49412,0.5,0.415,0.5,0.5,0.49,0.5055,0.454,0.5025,0.5055,-0.025,0.07,1.054
0.63378,0.996,0.27244,0.304,0.452,0.44311,0.45689,0.468,0.3,0.53529,0.32941,0.28235,0.5,0.48235,0.48235,0.5,0.441,0.5,0.5,0.449,0.5075,0.463,0.5235,0.505,0.157,0.091,1.007,0.70588,0.34118,0.73529,0.70588,0.5,0.5,0.5,0.5,0.56133,1.00089,0.22489,0.21911,0.464,0.436,0.45244,0.47111,0.6,0.5,0.61765,0.67647,0.50588,0.5,0.5,0.49412,0.519,0.5,0.6105,0.496,0.5035,0.498,0.5455,0.4945,-0.026,0.057,1.043
0.64,1.00044,0.32622,0.328,0.46356,0.43689,0.45467,0.46889,0.75882,0.5,0.72941,0.68235,0.50588,0.5,0.5,0.51176,0.534,0.5,0.703,0.5,0.505,0.4955,0.536,0.503,-0.35,0.02,0.996,0.64706,0.38235,0.33529,0.57647,0.5,0.5,0.5,0.5,0.85067,0.99511,0.44356,0.468,0.46622,0.44711,0.46267,0.46978,0.67647,0.5,0.34706,0.57059,0.5,0.5,0.5,0.50588,0.5065,0.5,0.5465,0.505,0.494,0.447,0.4985,0.5,-0.373,-0.01,0.935
0.91333,0.99867,0.348,0.51067,0.46578,0.44711,0.46267,0.47067,0.68235,0.51176,0.32353,0.57059,0.5,0.5,0.5,0.50588,0.5105,0.5,0.599,0.5,0.494,0.447,0.498,0.4945,-0.256,0.024,1.01,0.2,0.49412,0.55294,0.20588,0.5,0.5,0.5,0.5,0.97822,0.99911,0.25778,0.46622,0.46311,0.44711,0.46178,0.46889,0.35294,0.50588,0.5,0.24118,0.50588,0.5,0.5,0.51176,0.4165,0.5,0.65,0.448,0.505,0.447,0.502,0.5045,-0.172,0.075,1.036
0.88756,1.00044,0.27822,0.33244,0.46267,0.44667,0.46133,0.46889,0.10588,0.51176,0.57647,0.20588,0.49412,0.5,0.5,0.5,0.3655,0.5,0.683,0.3685,0.505,0.4485,0.5035,0.505,-0.025,0.128,1.024,0.4,0.35294,0.68235,0.61176,0.5,0.5,0.5,0.5,0.53689,1.00267,0.35822,0.17867,0.46133,0.44267,0.45689,0.46889,0.34706,0.50588,0.66471,0.54706,0.5,0.5,0.5,0.49412,0.509,0.5,0.7345,0.444,0.505,0.47,0.5245,0.5055,-0.101,0.106,1.007
0.47911,1.00178,0.45956,0.22978,0.45956,0.44267,0.46178,0.46933,0.35882,0.5,0.64118,0.6,0.50588,0.5,0.5,0.50588,0.511,0.5,0.6985,0.496,0.5055,0.4675,0.502,0.5035,-0.227,0.112,1.017,0.86471,0.12941,0.55882,0.48824,0.5,0.5,0.5,0.5,0.42489,1.00089,0.57289,0.29333,0.46044,0.44311,0.46222,0.46933,0.82353,0.5,0.5,0.5,0.51176,0.5,0.5,0.5,0.655,0.5,0.7675,0.467,0.505,0.466,0.5,0.5025,-0.437,0.09,0.871
0.69378,0.99911,0.60578,0.28844,0.46933,0.44356,0.46222,0.46978,1.01176,0.58235,0.62941,0.49412,0.55882,0.5,0.5,0.5,0.541,0.5,0.7605,0.465,0.494,0.464,0.4995,0.5,-0.07,0.039,0.912,0.50588,0.16471,0.11765,0.48824,0.5,0.5,0.5,0.5,0.95822,0.99022,0.572,0.25111,0.46489,0.436,0.46533,0.46889,0.64118,0.42353,0.12941,0.48824,0.47059,0.5,0.5,0.5,0.506,0.5,0.4745,0.5875,0.5035,0.5,0.4855,0.505,0.012,-0.133,1.114
0.98933,0.99511,0.40267,0.25156,0.46578,0.436,0.46267,0.46889,0.57647,0.51176,0.30588,0.5,0.50588,0.5,0.5,0.5,0.4845,0.5,0.359,0.558,0.4945,0.5005,0.4985,0.505,0.031,-0.029,1.022,0.18824,0.37647,0.65882,0.56471,0.5,0.5,0.5,0.5,0.99333,0.92622,0.21822,0.24356,0.46578,0.43511,0.46622,0.46756,0.49412,0.49412,0.55294,0.52941,0.5,0.5,0.5,0.5,0.302,0.5,0.4025,0.665,0.495,0.5035,0.4805,0.505,-0.006,-0.06,1.036
0.98044,0.93022,0.29422,0.27067,0.46533,0.43511,0.46356,0.46756,0.42353,0.49412,0.62941,0.53529,0.5,0.5,0.48824,0.5,0.124,0.5,0.426,0.693,0.495,0.5035,0.492,0.505,-0.084,-0.072,1.039,0.45294,0.32941,0.57647,0.72941,0.5,0.5,0.5,0.5,0.92133,0.93422,0.41467,0.37022,0.46356,0.43511,0.46133,0.468,0.36471,0.45882,0.56471,0.67647,0.50588,0.5,0.5,0.50588,0.1875,0.5,0.423,0.7695,0.505,0.504,0.504,0.505,-0.227,-0.075,0.991
0.88,0.94089,0.45511,0.50089,0.46356,0.436,0.46267,0.46844,0.30588,0.49412,0.55294,0.82353,0.50588,0.51176,0.5,0.51765,0.2195,0.5,0.4165,0.7045,0.5,0.5005,0.4985,0.4985,0.16,0.134,0.971,0.52941,0.24706,0.36471,0.07647,0.5,0.5,0.5,0.5,0.75556,0.92089,0.48,0.56356,0.46489,0.43422,0.46133,0.46889,0.4,0.48824,0.37647,0.11176,0.5,0.5,0.5,0.5,0.4055,0.5,0.296,0.377,0.497,0.5075,0.5035,0.503,0.374,0.074,0.959
0.75644,0.92089,0.43644,0.34267,0.46489,0.43422,0.46222,0.46889,0.51176,0.57647,0.44118,0.11176,0.50588,0.5,0.50588,0.5,0.4255,0.5,0.179,0.4035,0.4975,0.508,0.501,0.505,0.5,0.094,0.919,0.57059,0.35294,0.35882,0.68824,0.5,0.5,0.5,0.5,0.79378,1.00444,0.31467,0.15244,0.46489,0.43422,0.46133,0.46889,0.57059,0.50588,0.41176,0.58235,0.50588,0.5,0.5,0.50588,0.4315,0.5,0.151,0.4055,0.4955,0.5075,0.5045,0.5055,0.542,0.263,0.862
0.82044,1.00356,0.26578,0.23467,0.46533,0.43422,0.46267,0.46933,0.61176,0.50588,0.24118,0.61765,0.5,0.5,0.5,0.50588,0.418,0.5,0.067,0.496,0.4955,0.5075,0.4975,0.503,0.414,0.181,0.922,0.44118,0.45294,0.40588,0.41176,0.5,0.5,0.5,0.5,0.86667,1.00089,0.25644,0.31467,0.46533,0.43422,0.46267,0.46933,0.50588,0.50588,0.5,0.41176,0.5,0.5,0.5,0.50588,0.4,0.5,0.0,0.488,0.4955,0.5075,0.498,0.5035,0.438,0.158,0.923
0.86711,1.00133,0.256,0.28178,0.46533,0.43422,0.46267,0.46889,0.51176,0.50588,0.5,0.44706,0.5,0.5,0.5,0.5,0.352,0.5,0.0,0.4285,0.4955,0.5075,0.498,0.505,0.424,0.144,0.928,0.21765,0.17647,0.39412,0.77059,0.5,0.5,0.5,0.5,0.86667,1.00133,0.256,0.30311,0.46533,0.43378,0.46267,0.46978,0.5,0.5,0.5,0.76471,0.5,0.5,0.5,0.51176,0.1605,0.5,0.0,0.5105,0.496,0.5085,0.498,0.4995,0.398,0.201,0.873
0.86667,0.99867,0.256,0.43644,0.46533,0.43422,0.46267,0.47022,0.5,0.46471,0.5,0.81765,0.5,0.5,0.5,0.50588,0.166,0.5,0.0,0.534,0.496,0.5075,0.498,0.4965,0.433,0.182,0.877,0.58235,0.38824,0.58824,0.53529,0.5,0.5,0.5,0.5,0.86622,0.98222,0.35956,0.61956,0.46533,0.43422,0.46178,0.46889,0.5,0.5,0.88235,0.55882,0.51176,0.5,0.5,0.50588,0.225,0.5,0.348,0.4805,0.4945,0.5075,0.502,0.505,0.317,0.226,0.984
0.78844,0.97867,0.47733,0.63867,0.46444,0.43378,0.46178,0.46889,0.38824,0.5,0.67059,0.52353,0.5,0.5,0.5,0.50588,0.437,0.5,0.4475,0.474,0.5,0.5095,0.5025,0.5055,0.262,0.161,0.989,0.32353,0.35882,0.56471,0.44706,0.5,0.5,0.5,0.5,0.73022,0.97422,0.59111,0.66,0.46356,0.43378,0.46178,0.46889,0.34706,0.5,0.64118,0.5,0.5,0.5,0.5,0.50588,0.472,0.5,0.463,0.3875,0.5055,0.51,0.5025,0.505,0.302,0.06,0.975
0.65289,0.972,0.65556,0.64978,0.46356,0.43422,0.46133,0.46889,0.34706,0.49412,0.58235,0.46471,0.5,0.5,0.5,0.50588,0.459,0.5,0.472,0.3065,0.5055,0.5075,0.504,0.505,0.302,0.065,1.022,0.53529,0.32941,0.48235,0.28824,0.5,0.5,0.5,0.5,0.56267,0.968,0.69111,0.55956,0.46311,0.43556,0.46089,0.46889,0.5,0.49412,0.5,0.28235,0.51176,0.5,0.5,0.50588,0.465,0.5,0.5,0.25,0.5055,0.501,0.5065,0.502,0.35,-0.047,0.927
0.56267,0.95867,0.69111,0.41689,0.46489,0.436,0.46133,0.47022,0.5,0.48235,0.5,0.23529,0.50588,0.5,0.5,0.49412,0.4815,0.5,0.5,0.4165,0.4965,0.4995,0.504,0.496,0.337,-0.148,1.009,0.74118,0.31176,0.15294,0.51176,0.5,0.5,0.5,0.5,0.63156,0.99911,0.69156,0.29289,0.46489,0.436,0.46178,0.47067,0.71176,0.50588,0.5,0.5,0.5,0.5,0.5,0.5,0.508,0.5,0.5,0.4275,0.496,0.5,0.5025,0.4945,0.292,-0.138,0.986
0.73244,0.99911,0.69156,0.29289,0.46489,0.436,0.46178,0.47067,0.70588,0.50588,0.5,0.5,0.5,0.5,0.5,0.5,0.521,0.5,0.5,0.4555,0.4965,0.5,0.5025,0.4945,0.277,-0.159,0.986,0.51765,0.47647,0.31176,0.59412,0.5,0.5,0.5,0.5,0.88844,0.99911,0.69156,0.32667,0.46489,0.436,0.46178,0.47111,0.52941,0.50588,0.5,0.58824,0.5,0.5,0.5,0.5,0.509,0.5,0.5,0.499,0.496,0.5,0.5025,0.4945,0.263,-0.144,0.996
0.89867,0.99867,0.69156,0.37511,0.46533,0.436,0.46178,0.47111,0.52353,0.5,0.5,0.59412,0.50588,0.5,0.5,0.5,0.509,0.5,0.5,0.5,0.494,0.5,0.5025,0.4945,0.293,-0.154,1.006,0.32353,0.15294,0.15294,0.44706,0.5,0.5,0.5,0.5,0.86933,0.99778,0.692,0.41289,0.46489,0.436,0.46178,0.47067,0.32941,0.5,0.5,0.47059,0.5,0.5,0.5,0.5,0.4915,0.5,0.5,0.482,0.4965,0.5,0.502,0.4945,0.229,-0.136,0.992
0.77911,0.99822,0.69244,0.39644,0.46489,0.436,0.46133,0.47067,0.32941,0.50588,0.5,0.46471,0.5,0.5,0.5,0.50588,0.492,0.5,0.5,0.432,0.4965,0.5,0.504,0.4945,0.257,-0.147,0.99,0.50588,0.47647,0.15294,0.35294,0.5,0.5,0.5,0.5,0.688,0.99911,0.69244,0.32,0.46489,0.436,0.46178,0.46933,0.5,0.50588,0.5,0.35294,0.50588,0.5,0.5,0.50588,0.49,0.5,0.5,0.4105,0.494,0.4995,0.502,0.497,0.298,-0.144,0.989
0.68356,1.00089,0.69244,0.26933,0.46444,0.436,0.46133,0.46978,0.5,0.51176,0.5,0.39412,0.5,0.5,0.5,0.49412,0.4935,0.5,0.5,0.2905,0.5,0.5,0.504,0.497,0.312,-0.124,0.963,0.71765,0.18235,0.32353,0.71176,0.5,0.5,0.5,0.5,0.732,1.00933,0.68578,0.23511,0.464,0.436,0.46133,0.47111,0.65294,0.50588,0.49412,0.62353,0.51765,0.5,0.5,0.50588,0.5185,0.5,0.5005,0.375,0.4965,0.4995,0.504,0.494,0.288,-0.138,0.99
0.83956,1.00756,0.69378,0.31733,0.46489,0.436,0.46133,0.47289,0.72941,0.49412,0.50588,0.66471,0.50588,0.5,0.5,0.50588,0.5185,0.5,0.496,0.504,0.494,0.4995,0.5035,0.4945,0.222,-0.163,1.001,0.45882,0.45294,0.06471,0.64118,0.5,0.5,0.5,0.5,0.97422,1.00311,0.69378,0.47867,0.46533,0.436,0.46178,0.46889,0.44118,0.5,0.5,0.61176,0.5,0.5,0.5,0.49412,0.4955,0.5,0.5,0.5555,0.494,0.4975,0.502,0.503,0.179,-0.112,0.961
0.95289,0.99867,0.69378,0.56267,0.46533,0.43689,0.46311,0.47067,0.44118,0.49412,0.5,0.65882,0.50588,0.5,0.5,0.50588,0.4985,0.5,0.5,0.5105,0.494,0.496,0.496,0.4945,0.243,-0.098,1.025,0.25882,0.32353,0.11176,0.52353,0.5,0.5,0.5,0.5,0.85911,0.99689,0.69689,0.65511,0.46622,0.43689,0.46222,0.47067,0.25882,0.5,0.5,0.52353,0.5,0.5,0.5,0.50588,0.489,0.5,0.5,0.492,0.494,0.4955,0.4985,0.4945,0.247,-0.011,1.008
0.73556,0.99689,0.69778,0.66667,0.46622,0.43689,0.46222,0.47067,0.26471,0.5,0.5,0.53529,0.5,0.5,0.5,0.51176,0.4895,0.5,0.4995,0.4965,0.494,0.4955,0.4995,0.4945,0.25,-0.016,1.004,0.43529,0.24118,0.38235,0.45882,0.5,0.5,0.5,0.5,0.61689,0.99689,0.69822,0.67822,0.46667,0.43689,0.46222,0.47067,0.42353,0.5,0.5,0.48824,0.5,0.5,0.5,0.50588,0.455,0.5,0.5,0.44,0.494,0.4955,0.5,0.4945,0.273,0.006,0.998
0.596,0.99689,0.69822,0.66578,0.46622,0.43689,0.46222,0.47067,0.45882,0.5,0.5,0.48235,0.5,0.5,0.5,0.50588,0.439,0.5,0.5,0.399,0.494,0.4955,0.5,0.4945,0.269,-0.014,0.998,0.55882,0.15294,0.38235,0.15882,0.5,0.5,0.5,0.5,0.56844,0.99689,0.69822,0.55511,0.46578,0.43689,0.45956,0.47022,0.44706,0.5,0.5,0.17059,0.49412,0.5,0.5,0.51176,0.4595,0.5,0.5,0.269,0.494,0.4955,0.512,0.495,0.152,0.002,1.039
0.56933,1.00089,0.69822,0.34578,0.46533,0.43689,0.46267,0.47022,0.52941,0.54118,0.5,0.22941,0.50588,0.5,0.5,0.5,0.4845,0.5,0.5,0.4385,0.494,0.4955,0.498,0.4965,0.368,-0.13,0.976,0.61176,0.18824,0.23529,0.74118,0.5,0.5,0.5,0.5,0.61644,1.00933,0.69867,0.236,0.46489,0.436,0.46178,0.472,0.59412,0.50588,0.5,0.66471,0.5,0.5,0.5,0.51176,0.506,0.5,0.5,0.3805,0.4965,0.499,0.5015,0.4945,0.268,-0.154,0.989
0.66711,1.00756,0.69867,0.33333,0.46533,0.436,0.46133,0.47244,0.59412,0.5,0.5,0.71765,0.5,0.5,0.5,0.5,0.5075,0.5,0.5,0.5055,0.494,0.499,0.5035,0.4945,0.312,-0.15,0.99,0.7,0.32353,0.07647,0.31176,0.5,0.5,0.5,0.5,0.78267,1.00222,0.69867,0.42,0.46489,0.43644,0.46133,0.47022,0.71176,0.5,0.5,0.36471,0.5,0.5,0.5,0.50588,0.518,0.5,0.5,0.476,0.494,0.4975,0.5035,0.4945,0.251,-0.077,1.007
0.88578,1.004,0.69867,0.33689,0.46489,0.43644,0.46133,0.46978,0.70588,0.50588,0.5,0.3,0.49412,0.5,0.48824,0.49412,0.5165,0.5,0.5,0.4125,0.4965,0.4975,0.5025,0.497,0.28,-0.141,1.005,0.19412,0.31176,0.24118,0.69412,0.5,0.5,0.5,0.5,0.93467,1.00667,0.69867,0.28133,0.46533,0.43644,0.46133,0.47156,0.18824,0.49412,0.5,0.60588,0.50588,0.5,0.5,0.50588,0.486,0.5,0.5,0.457,0.496,0.499,0.5035,0.4945,0.236,-0.165,0.985
0.77778,1.00578,0.69867,0.36978,0.46533,0.43644,0.46133,0.47111,0.20588,0.5,0.5,0.68235,0.5,0.5,0.5,0.5,0.487,0.5,0.5,0.5065,0.494,0.498,0.5035,0.4945,0.288,-0.167,1.009,0.67059,0.37059,0.45294,0.40588,0.5,0.5,0.5,0.5,0.64756,1.00267,0.69867,0.45644,0.46533,0.43644,0.46178,0.46978,0.62941,0.50588,0.5,0.41765,0.50588,0.5,0.5,0.50588,0.506,0.5,0.5,0.4915,0.494,0.497,0.5015,0.5,0.255,-0.149,0.989
0.71111,1.00267,0.69867,0.41289,0.46489,0.43644,0.46178,0.47022,0.61176,0.50588,0.5,0.42353,0.49412,0.5,0.5,0.5,0.5175,0.5,0.5,0.47,0.495,0.4975,0.5015,0.4945,0.249,-0.155,0.992,0.42941,0.13529,0.42941,0.42353,0.5,0.5,0.5,0.5,0.80311,1.00444,0.69867,0.34267,0.46489,0.43644,0.46133,0.47067,0.41176,0.50588,0.5,0.42941,0.51176,0.5,0.5,0.5,0.4955,0.5,0.5,0.4155,0.494,0.4975,0.5025,0.4945,0.256,-0.153,0.987
0.76756,1.00444,0.69867,0.30444,0.46533,0.43644,0.46178,0.47022,0.41176,0.50588,0.5,0.44706,0.5,0.5,0.5,0.5,0.4955,0.5,0.5,0.41,0.496,0.4975,0.502,0.4965,0.268,-0.159,0.997,0.64118,0.22353,0.14118,0.45294,0.5,0.5,0.5,0.5,0.756,1.00622,0.69867,0.26933,0.46489,0.43644,0.46178,0.47022,0.64118,0.50588,0.5,0.48235,0.5,0.5,0.5,0.50588,0.516,0.5,0.5,0.286,0.4965,0.4975,0.502,0.495,0.313,-0.146,1.003
0.82978,1.00711,0.69867,0.25778,0.46489,0.43644,0.46133,0.47022,0.64706,0.50588,0.5,0.48235,0.5,0.5,0.5,0.50588,0.5145,0.5,0.5,0.228,0.4965,0.4975,0.5035,0.4965,0.326,-0.133,0.972,0.31765,0.24706,0.24706,0.57059,0.5,0.5,0.5,0.5,0.87644,1.00844,0.69733,0.24444,0.46444,0.43644,0.46133,0.47022,0.32941,0.50588,0.5,0.5,0.50588,0.5,0.5,0.5,0.491,0.5,0.5,0.2675,0.496,0.4975,0.5035,0.4945,0.334,-0.136,0.976
0.78311,1.00844,0.69733,0.25156,0.46489,0.43644,0.46133,0.47067,0.32353,0.50588,0.5,0.52941,0.51176,0.5,0.5,0.51176,0.4915,0.5,0.4995,0.4065,0.496,0.4975,0.5035,0.4945,0.317,-0.155,0.984,0.41765,0.48824,0.28235,0.47059,0.5,0.5,0.5,0.5,0.67244,1.008,0.69867,0.28,0.46533,0.43644,0.46133,0.472,0.47647,0.5,0.5,0.5,0.51176,0.5,0.5,0.50588,0.4765,0.5,0.5,0.425,0.494,0.4975,0.5035,0.495,0.296,-0.156,0.966
0.64533,1.008,0.69867,0.27822,0.46533,0.43644,0.46133,0.47156,0.47059,0.5,0.5,0.48824,0.50588,0.5,0.5,0.5,0.4625,0.5,0.5,0.36,0.494,0.4975,0.5035,0.4945,0.301,-0.149,0.99,0.6,0.28824,0.35294,0.41765,0.5,0.5,0.5,0.5,0.60889,1.00844,0.69867,0.256,0.46489,0.43644,0.46133,0.47111,0.5,0.50588,0.5,0.47647,0.50588,0.5,0.5,0.5,0.4905,0.5,0.5,0.255,0.494,0.4975,0.5035,0.495,0.363,-0.152,0.967
0.64178,1.00889,0.69822,0.24133,0.46356,0.436,0.46133,0.47111,0.6,0.50588,0.49412,0.5,0.5,0.5,0.5,0.50588,0.506,0.5,0.5,0.1245,0.5035,0.4995,0.5035,0.495,0.351,-0.143,0.946,0.48235,0.21765,0.06471,0.80588,0.5,0.5,0.5,0.5,0.68978,1.01022,0.69022,0.24178,0.46489,0.436,0.46133,0.47244,0.47647,0.50588,0.5,0.69412,0.49412,0.5,0.5,0.51176,0.4935,0.5,0.5,0.3735,0.4965,0.4995,0.5045,0.4945,0.224,-0.13,1.006
0.68089,1.008,0.69867,0.36667,0.46489,0.43644,0.46133,0.47067,0.5,0.5,0.5,0.74706,0.5,0.5,0.5,0.49412,0.4935,0.5,0.499,0.527,0.4965,0.498,0.503,0.4945,0.26,-0.164,1.012,0.71765,0.19412,0.18824,0.57059,0.5,0.5,0.5,0.5,0.72133,0.99644,0.69956,0.58,0.46711,0.43733,0.46311,0.47067,0.7,0.48824,0.5,0.55294,0.50588,0.5,0.5,0.50588,0.52,0.5,0.4995,0.4925,0.494,0.4945,0.496,0.4945,0.203,-0.061,1.066
0.83244,0.99022,0.69956,0.61644,0.46756,0.43733,0.46267,0.47067,0.72353,0.5,0.5,0.57059,0.50588,0.5,0.5,0.50588,0.518,0.5,0.5,0.497,0.494,0.4945,0.4975,0.4945,0.239,-0.017,0.982,0.34118,0.37647,0.1,0.15882,0.5,0.5,0.5,0.5,0.93556,0.98222,0.69956,0.57867,0.46489,0.43644,0.46089,0.47067,0.35294,0.5,0.5,0.20588,0.5,0.5,0.5,0.5,0.4915,0.5,0.5,0.32,0.496,0.498,0.506,0.495,0.334,-0.08,0.973
0.85333,0.97822,0.69956,0.38,0.46444,0.436,0.46222,0.47022,0.33529,0.58824,0.5,0.18824,0.50588,0.5,0.51176,0.5,0.492,0.5,0.5,0.443,0.4965,0.499,0.499,0.4965,0.314,-0.223,0.986,0.52941,0.27647,0.31765,0.51765,0.5,0.5,0.5,0.5,0.75511,1.00756,0.69733,0.23689,0.464,0.436,0.46178,0.47067,0.50588,0.50588,0.5,0.5,0.5,0.5,0.5,0.50588,0.508,0.5,0.5,0.1835,0.5035,0.5,0.5025,0.495,0.353,-0.152,0.971
0.76267,1.008,0.69733,0.23689,0.464,0.436,0.46178,0.47067,0.53529,0.50588,0.5,0.5,0.50588,0.5,0.5,0.50588,0.5115,0.5,0.5,0.225,0.5035,0.5,0.5025,0.495,0.355,-0.138,0.964,0.5,0.47059,0.24706,0.54706,0.5,0.5,0.5,0.5,0.78222,1.008,0.69733,0.23689,0.464,0.43556,0.46133,0.47067,0.50588,0.5,0.5,0.5,0.51176,0.5,0.5,0.50588,0.509,0.5,0.5,0.3485,0.5035,0.5005,0.503,0.4945,0.365,-0.147,0.968
0.78267,1.008,0.69778,0.24756,0.464,0.43556,0.46133,0.47111,0.49412,0.50588,0.5,0.51765,0.50588,0.5,0.5,0.50588,0.509,0.5,0.4995,0.414,0.5035,0.5015,0.5035,0.4945,0.327,-0.148,0.966,0.5,0.4,0.36471,0.61176,0.5,0.5,0.5,0.5,0.78267,1.00667,0.69911,0.3,0.46489,0.436,0.46133,0.47244,0.50588,0.5,0.5,0.60588,0.51176,0.5,0.5,0.50588,0.5095,0.5,0.5,0.4955,0.494,0.5,0.5025,0.494,0.278,-0.148,0.977
0.78267,1.00622,0.69911,0.35333,0.46533,0.436,0.46133,0.47244,0.5,0.49412,0.5,0.60588,0.5,0.5,0.5,0.49412,0.5095,0.5,0.5,0.5,0.494,0.5,0.5035,0.4945,0.256,-0.142,1.003,0.54706,0.38824,0.11176,0.45882,0.5,0.5,0.5,0.5,0.79689,1.00356,0.69911,0.40667,0.46489,0.436,0.46133,0.47111,0.54706,0.5,0.5,0.47059,0.51176,0.5,0.5,0.5,0.5115,0.5,0.5,0.4905,0.494,0.5,0.5035,0.4945,0.25,-0.146,1.0
0.82267,1.00356,0.69911,0.39022,0.46533,0.436,0.46178,0.47067,0.54706,0.5,0.5,0.48824,0.5,0.5,0.5,0.51176,0.5105,0.5,0.5,0.4705,0.4965,0.5,0.502,0.4945,0.235,-0.153,0.978,0.40588,0.40588,0.14118,0.65882,0.5,0.5,0.5,0.5,0.832,1.00356,0.69911,0.41067,0.46489,0.436,0.46178,0.47022,0.41765,0.5,0.5,0.65882,0.51176,0.5,0.50588,0.5,0.4935,0.5,0.5,0.508,0.494,0.5,0.5025,0.497,0.196,-0.145,1.002
0.78667,1.00267,0.69911,0.47911,0.46533,0.43644,0.46267,0.46933,0.40588,0.5,0.5,0.64706,0.50588,0.5,0.50588,0.50588,0.494,0.5,0.5,0.567,0.494,0.498,0.499,0.4975,0.214,-0.136,0.992,0.5,0.21765,0.15882,0.29412,0.5,0.5,0.5,0.5,0.72756,0.99644,0.69956,0.54133,0.46489,0.43689,0.46089,0.47022,0.50588,0.5,0.5,0.31176,0.48824,0.5,0.5,0.49412,0.5065,0.5,0.5,0.3875,0.4965,0.4955,0.506,0.4965,0.272,-0.157,1.011
0.72756,0.99422,0.69956,0.42356,0.46489,0.43644,0.46178,0.47067,0.50588,0.5,0.5,0.21765,0.50588,0.5,0.48824,0.51176,0.5065,0.5,0.5,0.452,0.494,0.4975,0.5005,0.4945,0.276,-0.236,0.995,0.41176,0.49412,0.2,0.67647,0.5,0.5,0.5,0.5,0.70311,1.00311,0.69956,0.35067,0.46533,0.43689,0.46267,0.46933,0.43529,0.50588,0.5,0.66471,0.50588,0.5,0.5,0.50588,0.4935,0.5,0.5,0.4995,0.494,0.4965,0.498,0.501,0.251,-0.156,1.021
0.67244,1.00267,0.69956,0.43822,0.46533,0.43689,0.46311,0.46889,0.44706,0.5,0.5,0.65882,0.50588,0.5,0.5,0.5,0.486,0.5,0.5,0.5105,0.494,0.4965,0.4965,0.5055,0.21,-0.152,0.997,0.65882,0.19412,0.16471,0.23529,0.5,0.5,0.5,0.5,0.65556,0.992,0.69956,0.46978,0.46533,0.43689,0.46222,0.47022,0.61176,0.48824,0.5,0.25294,0.50588,0.5,0.5,0.5,0.507,0.5,0.5,0.4395,0.494,0.4965,0.5,0.4955,0.222,-0.174,1.02
0.71822,0.99911,0.69956,0.33822,0.46533,0.43644,0.46178,0.46978,0.62941,0.50588,0.5,0.25294,0.50588,0.5,0.49412,0.50588,0.5165,0.5,0.5,0.421,0.496,0.498,0.5015,0.495,0.296,-0.135,0.994,0.27059,0.17059,0.38824,0.62941,0.5,0.5,0.5,0.5,0.76133,1.008,0.69867,0.23911,0.464,0.43644,0.46133,0.47067,0.27059,0.50588,0.5,0.5,0.5,0.5,0.5,0.50588,0.49,0.5,0.5,0.346,0.5035,0.4985,0.5035,0.4945,0.291,-0.163,0.977
0.46533,0.46667,0.46578,0.46533,0.46311,0.49156,0.47511,0.46711,0.5,0.50588,0.5,0.5,0.5,0.5,0.5,0.5,0.5,0.496,0.5,0.4985,0.503,0.498,0.498,0.4955,0.027,0.044,1.042,0.58235,0.65294,0.44706,0.31765,0.5,0.5,0.5,0.5,0.48711,0.51156,0.44622,0.40889,0.46356,0.49156,0.47511,0.46711,0.62353,0.68235,0.45882,0.33529,0.50588,0.5,0.5,0.51176,0.507,0.5075,0.5,0.477,0.5,0.498,0.497,0.4945,0.051,0.035,1.03
0.52933,0.59556,0.41733,0.32222,0.46444,0.492,0.47511,0.46533,0.57647,0.65294,0.44706,0.34118,0.50588,0.5,0.5,0.50588,0.5075,0.506,0.5095,0.447,0.495,0.4965,0.496,0.504,-0.004,0.085,0.98,0.61176,0.37647,0.35294,0.81176,0.5,0.5,0.5,0.5,0.63067,0.65644,0.344,0.29733,0.46267,0.50178,0.47333,0.46756,0.62353,0.41176,0.38235,0.72941,0.48824,0.5,0.5,0.50588,0.493,0.4895,0.482,0.541,0.505,0.45,0.505,0.495,-0.053,-0.036,1.033
0.69111,0.57822,0.28089,0.41333,0.46311,0.49422,0.46267,0.46578,0.61765,0.30588,0.38824,0.73529,0.51176,0.44706,0.44706,0.49412,0.493,0.4995,0.4255,0.747,0.503,0.4825,0.553,0.5025,-0.25,-0.106,0.972,0.66471,0.77647,0.45294,0.27059,0.5,0.5,0.5,0.5,0.78933,0.58089,0.172,0.59511,0.46356,0.49111,0.452,0.444,0.69412,0.75294,0.42353,0.42941,0.48824,0.50588,0.5,0.51176,0.5095,0.518,0.4545,0.402,0.5,0.501,0.607,0.513,-0.085,-0.132,0.979
0.86889,0.736,0.14489,0.44933,0.46356,0.49111,0.45333,0.44844,0.66471,0.76471,0.44118,0.22941,0.49412,0.5,0.5,0.50588,0.5115,0.5095,0.4695,0.497,0.5,0.5005,0.6015,0.5105,-0.201,-0.229,1.012,0.51176,0.4,0.81176,0.45294,0.5,0.5,0.5,0.5,0.97289,0.90889,0.18889,0.30222,0.464,0.492,0.46178,0.464,0.5,0.50588,0.74118,0.45882,0.50588,0.5,0.5,0.53529,0.508,0.467,0.6205,0.5095,0.497,0.4965,0.561,0.505,-0.276,-0.12,1.006
0.97778,0.90933,0.32756,0.28356,0.46356,0.492,0.464,0.46667,0.52941,0.50588,0.74118,0.45294,0.5,0.5,0.5,0.50588,0.508,0.394,0.7155,0.484,0.5,0.4965,0.55,0.495,-0.397,-0.069,0.987,0.30588,0.54118,0.41176,0.74118,0.5,0.5,0.5,0.5,0.916,0.872,0.46756,0.332,0.46356,0.492,0.46622,0.46489,0.35882,0.44118,0.50588,0.71176,0.51176,0.5,0.5,0.5,0.5065,0.406,0.794,0.5085,0.499,0.4965,0.5405,0.505,-0.41,-0.046,0.986
0.84844,0.84178,0.46889,0.43422,0.46356,0.492,0.46756,0.46533,0.41765,0.41176,0.5,0.7,0.50588,0.5,0.5,0.50588,0.4825,0.4765,0.5745,0.607,0.5,0.4965,0.533,0.504,-0.384,-0.042,0.951,0.6,0.59412,0.44118,0.59412,0.5,0.5,0.5,0.5,0.796,0.80578,0.42133,0.58178,0.46356,0.49289,0.47511,0.46711,0.5,0.50588,0.45882,0.59412,0.50588,0.50588,0.5,0.53529,0.474,0.5465,0.455,0.732,0.497,0.494,0.4985,0.4945,-0.073,0.027,1.079
0.81867,0.88756,0.37556,0.66978,0.476,0.50533,0.47467,0.46622,0.58235,0.60588,0.4,0.54118,0.52353,0.5,0.5,0.5,0.4905,0.5115,0.5265,0.5445,0.492,0.433,0.5,0.5,-0.429,0.025,0.921,0.48235,0.25294,0.62353,0.35882,0.5,0.5,0.5,0.5,0.892,0.88489,0.35378,0.68844,0.47822,0.50533,0.47422,0.46578,0.5,0.25294,0.57059,0.38824,0.50588,0.5,0.49412,0.48824,0.472,0.49,0.6615,0.492,0.492,0.433,0.501,0.505,-0.344,0.012,0.989
0.88489,0.8,0.40311,0.63244,0.47778,0.50533,0.47422,0.46578,0.41765,0.30588,0.58824,0.41765,0.5,0.5,0.5,0.50588,0.4745,0.452,0.729,0.4185,0.4925,0.433,0.502,0.5025,-0.362,0.02,0.951,0.53529,0.38824,0.64118,0.50588,0.5,0.5,0.5,0.5,0.82978,0.73511,0.504,0.588,0.47733,0.50489,0.47422,0.46533,0.5,0.37647,0.58824,0.5,0.5,0.5,0.5,0.5,0.513,0.2555,0.8215,0.24,0.493,0.433,0.502,0.503,-0.327,-0.006,1.009
0.82978,0.71422,0.57378,0.58844,0.47733,0.50489,0.47378,0.46222,0.50588,0.5,0.62941,0.5,0.5,0.5,0.49412,0.38824,0.5275,0.145,0.83,0.252,0.493,0.435,0.5025,0.505,0.405,-0.003,0.858,0.24118,0.65294,0.39412,0.29412,0.5,0.5,0.5,0.5,0.81022,0.588,0.70267,0.58889,0.46311,0.49111,0.47511,0.48667,0.22941,0.49412,0.44706,0.48824,0.51176,0.5,0.5,0.5,0.489,0.419,0.4485,0.018,0.497,0.5,0.4975,0.4895,0.406,-0.005,0.934
0.68356,0.62044,0.66489,0.53956,0.46444,0.49111,0.47511,0.48667,0.31176,0.59412,0.5,0.28235,0.5,0.5,0.5,0.5,0.484,0.459,0.372,0.0385,0.495,0.5,0.4975,0.4895,0.451,-0.042,0.904,0.68235,0.35294,0.52941,0.44118,0.5,0.5,0.5,0.5,0.6,0.71822,0.616,0.46444,0.464,0.49111,0.47511,0.48667,0.55294,0.51176,0.5,0.5,0.5,0.5,0.5,0.5,0.491,0.3635,0.3515,0.0,0.497,0.5,0.4975,0.49,0.454,-0.06,0.923
0.66622,0.71867,0.61511,0.46444,0.464,0.49111,0.47511,0.48667,0.64706,0.50588,0.5,0.5,0.5,0.5,0.5,0.50588,0.508,0.2125,0.427,0.0,0.497,0.5,0.4975,0.49,0.434,-0.012,0.935,0.4,0.32353,0.36471,0.61176,0.5,0.5,0.5,0.5,0.74311,0.71778,0.59422,0.46444,0.464,0.49156,0.47511,0.48622,0.41765,0.5,0.37647,0.5,0.5,0.5,0.5,0.5,0.494,0.1355,0.394,0.174,0.495,0.499,0.4975,0.4885,0.48,-0.006,0.923
0.72178,0.71244,0.544,0.48222,0.46444,0.49156,0.47511,0.48667,0.48824,0.4,0.36471,0.64118,0.50588,0.5,0.5,0.50588,0.473,0.148,0.3065,0.3635,0.4955,0.499,0.4975,0.489,0.498,0.101,0.905,0.38235,0.51765,0.20588,0.48824,0.5,0.5,0.5,0.5,0.69911,0.57689,0.44622,0.54578,0.46489,0.492,0.47511,0.48578,0.51176,0.5,0.5,0.5,0.50588,0.5,0.5,0.5,0.37,0.259,0.0265,0.354,0.4965,0.497,0.4975,0.4895,0.597,0.196,0.882
0.69867,0.57467,0.44622,0.54578,0.46489,0.492,0.47511,0.48578,0.49412,0.49412,0.5,0.5,0.50588,0.5,0.5,0.5,0.2595,0.285,0.0,0.3255,0.4965,0.497,0.4975,0.4895,0.538,0.115,0.882,0.5,0.51176,0.47647,0.51176,0.5,0.5,0.5,0.5,0.69911,0.57467,0.44622,0.54578,0.46489,0.492,0.47511,0.48578,0.5,0.50588,0.5,0.5,0.50588,0.5,0.5,0.5,0.148,0.313,0.0,0.3105,0.4965,0.497,0.4975,0.4895,0.524,0.104,0.882
0.69867,0.57467,0.44622,0.54578,0.46489,0.492,0.47511,0.48578,0.50588,0.50588,0.5,0.5,0.50588,0.5,0.5,0.5,0.154,0.324,0.0,0.339,0.4965,0.497,0.4975,0.4895,0.53,0.113,0.862,0.47059,0.48824,0.42941,0.5,0.5,0.5,0.5,0.5,0.69911,0.57467,0.44622,0.54578,0.46489,0.492,0.47511,0.48578,0.5,0.5,0.5,0.5,0.50588,0.5,0.5,0.5,0.164,0.3255,0.0,0.3725,0.4965,0.497,0.4975,0.4895,0.544,0.11,0.888
0.69867,0.57511,0.44622,0.54578,0.46489,0.49156,0.47511,0.484,0.49412,0.50588,0.5,0.5,0.50588,0.5,0.5,0.5,0.1695,0.3145,0.0,0.3725,0.495,0.497,0.4975,0.4905,0.485,0.162,0.883,0.42353,0.44706,0.36471,0.20588,0.5,0.5,0.5,0.5,0.88267,0.57467,0.29867,0.51733,0.46489,0.48978,0.47467,0.48089,0.70588,0.50588,0.32353,0.38824,0.50588,0.5,0.5,0.5,0.5,0.2625,0.318,0.065,0.495,0.507,0.4985,0.493,0.516,0.109,0.896
0.98533,0.57511,0.21244,0.51244,0.46489,0.49022,0.47511,0.48089,0.70588,0.5,0.38824,0.5,0.5,0.50588,0.5,0.49412,0.5,0.208,0.404,0.0,0.495,0.506,0.498,0.492,0.4,0.09,0.817,0.5,0.58824,0.81765,0.53529,0.5,0.5,0.5,0.5,1.0,0.93333,0.23289,0.30311,0.46444,0.49067,0.47467,0.48089,0.5,0.72941,0.70588,0.5,0.5,0.49412,0.5,0.50588,0.5,0.5,0.4465,0.391,0.4945,0.5015,0.5,0.491,0.272,0.053,0.978
0.99733,0.99289,0.37689,0.304,0.46356,0.49111,0.47467,0.48,0.5,0.50588,0.82941,0.51765,0.5,0.5,0.5,0.5,0.5,0.5,0.515,0.472,0.5,0.501,0.5,0.492,0.24,0.044,0.966,0.31176,0.17647,0.42941,0.53529,0.5,0.5,0.5,0.5,0.98222,0.99467,0.55644,0.33244,0.46356,0.49111,0.47022,0.48,0.48235,0.50588,0.43529,0.51765,0.5,0.5,0.5,0.48824,0.5,0.5,0.4425,0.4995,0.5,0.501,0.5205,0.492,0.288,0.009,0.994
0.972,0.99467,0.52889,0.34889,0.46356,0.49111,0.47067,0.47467,0.48235,0.5,0.44706,0.52353,0.5,0.5,0.5,0.49412,0.5,0.5,0.403,0.5045,0.5,0.501,0.5195,0.494,0.296,0.031,0.983,0.15882,0.22353,0.60588,0.47059,0.5,0.5,0.5,0.5,0.94978,0.99422,0.508,0.36,0.46311,0.49111,0.47067,0.47111,0.47647,0.50588,0.59412,0.47059,0.5,0.5,0.5,0.50588,0.5,0.5,0.479,0.5,0.503,0.501,0.5185,0.4945,0.257,0.004,0.995
0.936,0.99467,0.56178,0.35022,0.46267,0.49111,0.47022,0.47067,0.48235,0.50588,0.61176,0.5,0.51176,0.5,0.5,0.5,0.5,0.5,0.4995,0.4785,0.503,0.501,0.5195,0.4945,0.261,-0.023,0.967,0.35882,0.20588,0.27059,0.44706,0.5,0.5,0.5,0.5,0.916,0.99511,0.55956,0.32356,0.46356,0.49111,0.47422,0.46533,0.48824,0.50588,0.30588,0.44118,0.50588,0.5,0.5,0.51176,0.5,0.5,0.417,0.437,0.5,0.501,0.5035,0.503,0.327,0.025,0.943
0.90222,0.99511,0.45111,0.29244,0.46311,0.492,0.47467,0.46578,0.47059,0.50588,0.29412,0.45294,0.5,0.5,0.5,0.5,0.5,0.5,0.378,0.4555,0.5025,0.4965,0.5,0.5035,0.342,0.061,0.944,0.41765,0.49412,0.35294,0.61176,0.5,0.5,0.5,0.5,0.99511,0.996,0.26222,0.28978,0.464,0.49067,0.47511,0.46711,0.51765,0.50588,0.41176,0.55882,0.51176,0.5,0.5,0.5,0.5,0.5,0.398,0.502,0.495,0.5025,0.4975,0.4965,0.365,0.064,1.001
0.99956,0.99556,0.22978,0.34,0.46444,0.49067,0.47422,0.46667,0.51765,0.50588,0.48235,0.59412,0.50588,0.5,0.5,0.5,0.5,0.5,0.2,0.531,0.495,0.5025,0.5015,0.4965,0.385,0.083,0.976,0.43529,0.29412,0.54118,0.62353,0.5,0.5,0.5,0.5,1.00178,0.98578,0.16311,0.44622,0.46444,0.49111,0.47511,0.46667,0.50588,0.47059,0.5,0.64118,0.5,0.5,0.5,0.50588,0.5,0.5,0.1585,0.5375,0.495,0.5015,0.4975,0.4965,0.434,0.137,0.914
1.00178,0.97244,0.16356,0.51289,0.464,0.492,0.47511,0.46667,0.5,0.47647,0.5,0.61765,0.5,0.5,0.5,0.5,0.5,0.5,0.2575,0.52,0.4975,0.497,0.498,0.4965,0.412,0.167,0.917,0.35882,0.22353,0.52941,0.56471,0.5,0.5,0.5,0.5,1.00267,0.95156,0.17289,0.60178,0.46356,0.49289,0.47511,0.46667,0.50588,0.47647,0.67059,0.55294,0.49412,0.5,0.5,0.50588,0.5,0.5,0.3825,0.545,0.503,0.4935,0.498,0.4965,0.388,0.214,0.946
1.00267,0.93956,0.19289,0.63378,0.46311,0.49289,0.47511,0.46667,0.50588,0.48824,0.5,0.55294,0.5,0.5,0.5,0.5,0.5,0.5,0.353,0.55,0.5025,0.4925,0.498,0.4965,0.443,0.211,0.908,0.12941,0.24706,0.4,0.45882,0.5,0.5,0.5,0.5,1.00267,0.924,0.20444,0.66711,0.46311,0.49556,0.47511,0.46711,0.50588,0.48824,0.5,0.46471,0.50588,0.5,0.5,0.49412,0.5,0.5,0.2235,0.504,0.5025,0.4805,0.498,0.496,0.358,0.21,0.954
1.00311,0.91556,0.19378,0.64533,0.46311,0.49556,0.47511,0.46711,0.51176,0.48824,0.5,0.47059,0.5,0.5,0.5,0.50588,0.5,0.5,0.0335,0.509,0.5015,0.48,0.498,0.4955,0.395,0.197,0.949,0.21176,0.22941,0.55882,0.42353,0.5,0.5,0.5,0.5,1.00311,0.89511,0.19378,0.59956,0.46311,0.49556,0.47467,0.46622,0.50588,0.48235,0.5,0.42941,0.50588,0.5,0.5,0.49412,0.5,0.5,0.091,0.491,0.5025,0.48,0.5,0.5,0.394,0.198,0.92
1.00267,0.88267,0.19333,0.57022,0.46311,0.49556,0.47378,0.46533,0.5,0.48235,0.5,0.45294,0.50588,0.5,0.5,0.5,0.5,0.5,0.2355,0.4475,0.5025,0.4815,0.5035,0.5055,0.422,0.169,0.923,0.17647,0.54118,0.76471,0.3,0.5,0.5,0.5,0.5,1.00044,0.85867,0.26533,0.476,0.46444,0.48933,0.47378,0.46533,0.49412,0.47647,0.72941,0.29412,0.51176,0.5,0.5,0.51176,0.5,0.5,0.493,0.3655,0.495,0.509,0.5045,0.503,0.337,0.069,0.934
0.99867,0.89911,0.39244,0.37378,0.46444,0.48933,0.47378,0.46667,0.5,0.63529,0.73529,0.36471,0.51176,0.5,0.5,0.50588,0.5,0.5,0.519,0.3685,0.4945,0.509,0.504,0.497,0.276,0.013,0.937,0.32941,0.24118,0.35294,0.78235,0.5,0.5,0.5,0.5,0.98089,0.99867,0.51956,0.32,0.464,0.49067,0.47111,0.46622,0.47647,0.5,0.38824,0.76471,0.50588,0.5,0.5,0.5,0.5,0.5,0.4275,0.5055,0.497,0.5025,0.5175,0.4965,0.345,0.064,1.03
0.96844,0.99644,0.44756,0.45378,0.464,0.49067,0.47467,0.46667,0.47647,0.5,0.31765,0.75882,0.5,0.5,0.50588,0.50588,0.5,0.5,0.4125,0.5545,0.497,0.502,0.5025,0.4945,0.298,0.099,0.999,0.38235,0.42353,0.60588,0.22353,0.5,0.5,0.5,0.5,0.99467,0.97911,0.37822,0.56533,0.46444,0.49067,0.47333,0.46489,0.50588,0.48824,0.59412,0.27647,0.50588,0.5,0.5,0.50588,0.5,0.5,0.4995,0.379,0.495,0.5025,0.5065,0.505,0.29,0.075,0.976
0.99467,0.96889,0.42178,0.412,0.46444,0.49022,0.47422,0.46667,0.50588,0.47647,0.59412,0.19412,0.5,0.5,0.5,0.5,0.5,0.5,0.547,0.4405,0.495,0.5045,0.502,0.4945,0.216,0.061,1.003,0.14706,0.14118,0.22353,0.70588,0.5,0.5,0.5,0.5,0.98622,0.99911,0.408,0.30622,0.464,0.49067,0.47511,0.46578,0.53529,0.50588,0.26471,0.65882,0.5,0.5,0.5,0.50588,0.5,0.5,0.4725,0.494,0.498,0.5025,0.4985,0.5055,0.271,0.003,1.041
0.99689,0.99822,0.28089,0.40133,0.464,0.49067,0.47422,0.46622,0.51176,0.5,0.31176,0.7,0.50588,0.5,0.5,0.50588,0.5,0.5,0.4065,0.538,0.497,0.503,0.5025,0.4965,0.405,0.108,0.948,0.16471,0.40588,0.46471,0.24706,0.5,0.5,0.5,0.5,1.00267,0.98133,0.16311,0.45778,0.46267,0.49244,0.47467,0.46578,0.50588,0.48235,0.39412,0.29412,0.5,0.5,0.5,0.50588,0.5,0.5,0.1275,0.451,0.5045,0.495,0.5,0.5035,0.403,0.153,0.947
1.00267,0.97822,0.13778,0.32667,0.46267,0.49244,0.47511,0.46578,0.50588,0.52941,0.5,0.26471,0.5,0.5,0.5,0.5,0.5,0.5,0.167,0.4585,0.5045,0.495,0.4985,0.5045,0.441,0.171,0.862,0.3,0.12353,0.64118,0.68824,0.5,0.5,0.5,0.5,1.00311,0.99956,0.12711,0.23956,0.46267,0.49244,0.47467,0.46756,0.50588,0.5,0.5,0.65882,0.5,0.5,0.49412,0.50588,0.5,0.5,0.337,0.487,0.505,0.495,0.499,0.4945,0.407,0.132,0.939
1.00267,0.99867,0.18711,0.32578,0.46311,0.49067,0.47422,0.46711,0.5,0.5,0.64706,0.67647,0.50588,0.5,0.5,0.5,0.5,0.5,0.398,0.506,0.5025,0.502,0.5025,0.4965,0.342,0.054,0.953,0.27647,0.28235,0.65882,0.47059,0.5,0.5,0.5,0.5,1.0,0.99733,0.30444,0.42667,0.46444,0.49022,0.47422,0.46711,0.5,0.51176,0.62941,0.5,0.50588,0.5,0.5,0.50588,0.5,0.5,0.4985,0.5115,0.4965,0.5045,0.5025,0.4945,0.229,0.044,1.005
0.99911,0.99733,0.38133,0.41422,0.464,0.49022,0.47422,0.46711,0.49412,0.5,0.64706,0.47647,0.5,0.5,0.5,0.50588,0.5,0.5,0.51,0.4975,0.497,0.505,0.5025,0.4945,0.233,0.046,1.004,0.33529,0.45882,0.5,0.34706,0.5,0.5,0.5,0.5,0.99778,0.99778,0.46711,0.36133,0.464,0.48978,0.47467,0.46667,0.5,0.51176,0.5,0.34118,0.5,0.5,0.5,0.50588,0.5,0.5,0.5485,0.4235,0.497,0.5055,0.501,0.4945,0.16,0.0,0.998
0.99778,0.99956,0.46711,0.29556,0.464,0.49022,0.47422,0.46578,0.5,0.50588,0.5,0.40588,0.5,0.5,0.5,0.5,0.5,0.5,0.5495,0.363,0.497,0.5045,0.502,0.503,0.308,0.071,0.988,0.21176,0.38824,0.62353,0.61176,0.5,0.5,0.5,0.5,0.97733,1.00311,0.51911,0.244,0.46311,0.49067,0.47244,0.46667,0.47059,0.50588,0.65882,0.5,0.5,0.5,0.48824,0.50588,0.5,0.5,0.5045,0.35,0.503,0.502,0.51,0.4965,0.328,0.028,0.997
0.96489,1.00311,0.58267,0.27733,0.46311,0.49067,0.46889,0.468,0.48235,0.5,0.61176,0.57059,0.51176,0.5,0.5,0.50588,0.5,0.5,0.5,0.467,0.503,0.5015,0.527,0.494,0.244,-0.021,0.997,0.51176,0.47647,0.28824,0.7,0.5,0.5,0.5,0.5,0.948,1.00222,0.6,0.39733,0.46311,0.49022,0.46933,0.46667,0.48824,0.5,0.32941,0.67059,0.50588,0.5,0.51176,0.5,0.5,0.5,0.4255,0.531,0.5025,0.5035,0.526,0.4965,0.261,0.062,1.02
0.93733,0.99644,0.49867,0.5,0.46356,0.49244,0.47511,0.46711,0.48824,0.46471,0.26471,0.75294,0.49412,0.50588,0.5,0.49412,0.5,0.5,0.392,0.527,0.5015,0.4955,0.4995,0.4965,0.254,0.167,0.989,0.33529,0.22941,0.47059,0.49412,0.5,0.5,0.5,0.5,0.98222,0.97956,0.36,0.62444,0.46222,0.49244,0.47511,0.46667,0.58824,0.49412,0.48235,0.5,0.5,0.5,0.5,0.5,0.5,0.5,0.4075,0.4855,0.505,0.4945,0.4985,0.4965,0.254,0.179,0.98
0.99289,0.97378,0.34533,0.62444,0.46267,0.492,0.47511,0.46667,0.50588,0.49412,0.45882,0.5,0.50588,0.5,0.5,0.5,0.5,0.5,0.403,0.4715,0.505,0.496,0.4985,0.4965,0.245,0.186,0.988,0.25294,0.44118,0.53529,0.46471,0.5,0.5,0.5,0.5,0.99644,0.96133,0.32844,0.616,0.46311,0.492,0.47467,0.46578,0.50588,0.48824,0.5,0.47647,0.50588,0.5,0.5,0.49412,0.5,0.5,0.457,0.4395,0.503,0.496,0.4995,0.5035,0.254,0.171,0.978
0.996,0.95333,0.33956,0.60533,0.46356,0.49111,0.47467,0.46578,0.5,0.48235,0.54118,0.48824,0.51176,0.5,0.5,0.50588,0.5,0.5,0.4945,0.4045,0.5,0.498,0.5,0.5045,0.259,0.167,0.988,0.37059,0.41765,0.54118,0.38235,0.5,0.5,0.5,0.5,0.996,0.93467,0.37378,0.55511,0.46444,0.49022,0.47378,0.46533,0.5,0.47647,0.51765,0.41765,0.5,0.5,0.5,0.5,0.5,0.5,0.5,0.3575,0.4945,0.502,0.504,0.505,0.304,0.168,1.019
0.996,0.92311,0.38933,0.49689,0.46444,0.49022,0.47422,0.46533,0.50588,0.47647,0.53529,0.38824,0.50588,0.5,0.5,0.5,0.5,0.5,0.5215,0.35,0.495,0.504,0.503,0.505,0.265,0.057,1.002,0.45294,0.55882,0.6,0.24706,0.5,0.5,0.5,0.5,0.99467,0.94978,0.44178,0.33511,0.464,0.49022,0.47467,0.46578,0.49412,0.67647,0.58824,0.25882,0.50588,0.5,0.5,0.51176,0.5,0.5,0.5465,0.388,0.495,0.504,0.501,0.5,0.28,0.071,0.982
0.98444,0.99911,0.50044,0.23822,0.46356,0.49022,0.47289,0.46578,0.47059,0.51176,0.68235,0.37059,0.51176,0.5,0.5,0.5,0.5,0.5,0.5185,0.234,0.495,0.5035,0.508,0.502,0.435,-0.027,0.946,0.17059,0.31176,0.25882,0.46471,0.5,0.5,0.5,0.5,0.96356,1.00756,0.48622,0.14933,0.46356,0.49156,0.46622,0.46622,0.48235,0.50588,0.30588,0.48824,0.49412,0.5,0.5,0.5,0.5,0.5,0.477,0.015,0.497,0.498,0.5405,0.5025,0.434,0.008,0.905
0.95378,1.00756,0.36667,0.12,0.464,0.49156,0.46622,0.46622,0.54706,0.50588,0.27647,0.5,0.50588,0.5,0.5,0.5,0.5,0.5,0.4625,0.074,0.495,0.498,0.5405,0.5,0.448,-0.002,0.912,0.26471,0.47059,0.67059,0.5,0.5,0.5,0.5,0.5,0.99644,1.008,0.27378,0.10711,0.46356,0.49111,0.46622,0.46667,0.50588,0.50588,0.65882,0.5,0.50588,0.5,0.5,0.50588,0.5,0.5,0.499,0.035,0.5,0.4995,0.5405,0.4975,0.449,-0.005,0.922
0.996,1.008,0.35644,0.10711,0.46356,0.49067,0.46622,0.46667,0.5,0.50588,0.65294,0.5,0.5,0.5,0.5,0.50588,0.5,0.5,0.512,0.0355,0.5,0.5015,0.5405,0.4975,0.448,-0.04,0.939,0.25294,0.4,0.51176,0.69412,0.5,0.5,0.5,0.5,0.97867,1.008,0.45733,0.108,0.46311,0.49111,0.46622,0.46667,0.47647,0.50588,0.50588,0.51765,0.50588,0.5,0.5,0.5,0.5,0.5,0.535,0.3335,0.503,0.5005,0.5405,0.4965,0.432,-0.028,0.943
0.96444,1.00756,0.47156,0.19467,0.464,0.492,0.47067,0.46756,0.47647,0.5,0.5,0.64706,0.5,0.5,0.51176,0.50588,0.5,0.5,0.496,0.3965,0.497,0.496,0.5215,0.494,0.332,0.09,0.959,0.48824,0.47647,0.32941,0.47059,0.5,0.5,0.5,0.5,0.94133,1.00533,0.44222,0.28756,0.464,0.492,0.47556,0.46578,0.47647,0.5,0.30588,0.5,0.5,0.5,0.5,0.50588,0.5,0.5,0.3965,0.4595,0.497,0.496,0.497,0.505,0.35,0.058,0.943
0.95156,1.00533,0.35378,0.27556,0.46444,0.49111,0.47511,0.46533,0.57059,0.5,0.38235,0.45882,0.50588,0.5,0.5,0.51176,0.5,0.5,0.4035,0.4445,0.495,0.4985,0.497,0.505,0.355,0.09,0.979,0.37059,0.38235,0.45294,0.75882,0.5,0.5,0.5,0.5,0.99778,1.00533,0.25467,0.32978,0.46444,0.49067,0.47422,0.46578,0.51176,0.5,0.5,0.72353,0.50588,0.5,0.5,0.5,0.5,0.5,0.3215,0.516,0.495,0.5025,0.5015,0.503,0.344,0.076,0.968
0.46667,0.46578,0.46578,0.46489,0.46756,0.47333,0.47556,0.46622,0.50588,0.5,0.5,0.5,0.5,0.5,0.5,0.50588,0.5,0.5,0.5,0.5015,0.497,0.4985,0.499,0.5,0.066,-0.027,1.039,0.72353,0.70588,0.60588,0.63529,0.5,0.5,0.5,0.5,0.52933,0.51556,0.49244,0.5,0.468,0.47333,0.47556,0.46578,0.72353,0.67647,0.58824,0.62353,0.5,0.5,0.5,0.5,0.5125,0.516,0.5405,0.547,0.497,0.499,0.4995,0.5035,-0.008,-0.022,1.25
0.64267,0.62578,0.55067,0.57156,0.46756,0.47289,0.476,0.46622,0.67059,0.65294,0.57647,0.59412,0.5,0.5,0.5,0.5,0.515,0.5145,0.5195,0.5305,0.5,0.4995,0.4975,0.5,-0.284,-0.059,0.992,0.56471,0.65294,0.35882,0.33529,0.5,0.5,0.5,0.5,0.81822,0.80356,0.57778,0.60533,0.46844,0.47333,0.476,0.46978,0.6,0.74118,0.39412,0.35294,0.50588,0.49412,0.5,0.50588,0.4925,0.5075,0.468,0.4925,0.4945,0.498,0.497,0.4945,-0.182,-0.005,1.022
0.86889,0.88933,0.50889,0.51867,0.46889,0.47378,0.47644,0.47022,0.54118,0.64706,0.32941,0.32941,0.50588,0.5,0.5,0.5,0.4825,0.5065,0.4525,0.4995,0.495,0.497,0.4955,0.4945,-0.09,-0.001,1.128,0.24118,0.45882,0.41176,0.62353,0.5,0.5,0.5,0.5,0.90667,0.97778,0.40178,0.45156,0.47378,0.48044,0.476,0.46844,0.50588,0.46471,0.42353,0.59412,0.51176,0.51765,0.5,0.48235,0.321,0.4925,0.424,0.559,0.495,0.463,0.497,0.494,0.169,0.158,0.985
0.79244,0.94711,0.36489,0.51956,0.46889,0.48756,0.47556,0.46667,0.11765,0.46471,0.34118,0.61176,0.51176,0.5,0.5,0.5,0.3625,0.4955,0.3805,0.5325,0.495,0.43,0.499,0.4965,0.042,0.129,1.032,0.4,0.35882,0.40588,0.31765,0.5,0.5,0.5,0.5,0.59911,0.88089,0.27156,0.53689,0.45378,0.48711,0.47556,0.46667,0.28235,0.37059,0.37647,0.31765,0.46471,0.5,0.5,0.5,0.362,0.493,0.4285,0.4995,0.508,0.4305,0.499,0.4965,0.17,0.051,1.026
0.44622,0.82222,0.20711,0.45333,0.44889,0.48578,0.47289,0.46533,0.24118,0.43529,0.38824,0.38824,0.50588,0.49412,0.5,0.49412,0.488,0.484,0.497,0.469,0.5105,0.4365,0.5115,0.504,0.343,0.008,0.98,0.65294,0.30588,0.46471,0.3,0.5,0.5,0.5,0.5,0.404,0.81511,0.13956,0.33111,0.46622,0.47333,0.46978,0.46711,0.64118,0.38824,0.44118,0.37059,0.55882,0.5,0.5,0.50588,0.5115,0.2565,0.499,0.2185,0.497,0.4985,0.5265,0.4955,0.467,-0.049,0.968
0.47378,0.76933,0.12044,0.248,0.47289,0.472,0.46933,0.46978,0.58824,0.22353,0.45294,0.34706,0.52941,0.5,0.5,0.50588,0.5195,0.1685,0.5105,0.125,0.495,0.5045,0.5285,0.4955,0.409,-0.115,0.979,0.71176,0.69412,0.66471,0.78824,0.5,0.5,0.5,0.5,0.56933,0.67822,0.10756,0.16222,0.47689,0.47244,0.47378,0.47244,0.57059,0.5,0.59412,0.78824,0.50588,0.5,0.5,0.49412,0.609,0.294,0.7355,0.471,0.495,0.503,0.5075,0.4945,0.439,-0.09,0.918
0.69289,0.67778,0.18356,0.31111,0.47511,0.47289,0.476,0.47156,0.85882,0.5,0.64118,0.73529,0.50588,0.5,0.5,0.5,0.563,0.4585,0.774,0.4275,0.495,0.501,0.4975,0.494,-0.051,-0.1,1.005,0.47647,0.54118,0.61765,0.42941,0.5,0.5,0.5,0.5,0.90089,0.76711,0.33911,0.47511,0.47511,0.47511,0.47733,0.472,0.49412,0.56471,0.65882,0.5,0.5,0.5,0.5,0.5,0.4855,0.4825,0.685,0.3415,0.495,0.491,0.4915,0.4945,-0.107,-0.105,0.984
0.89067,0.79822,0.38356,0.45822,0.47511,0.47511,0.47733,0.47244,0.48824,0.55294,0.63529,0.44118,0.5,0.5,0.5,0.51176,0.4845,0.4745,0.761,0.2495,0.495,0.491,0.4915,0.4945,-0.152,-0.119,1.012,0.29412,0.25294,0.5,0.48235,0.5,0.5,0.5,0.5,0.808,0.82533,0.47156,0.38978,0.476,0.47956,0.47644,0.47422,0.34706,0.43529,0.56471,0.5,0.50588,0.5,0.5,0.5,0.48,0.319,0.6745,0.348,0.4945,0.468,0.495,0.4945,-0.078,-0.093,1.018
0.73822,0.76578,0.47867,0.39022,0.476,0.47956,0.476,0.47378,0.31176,0.3,0.50588,0.5,0.50588,0.5,0.5,0.5,0.447,0.2075,0.639,0.303,0.4945,0.47,0.497,0.495,0.148,-0.104,1.05,0.64118,0.62353,0.24118,0.65294,0.5,0.5,0.5,0.5,0.60978,0.65467,0.41911,0.40178,0.46489,0.47733,0.47422,0.47156,0.63529,0.5,0.25882,0.62941,0.5,0.5,0.5,0.48824,0.506,0.259,0.501,0.441,0.505,0.4795,0.5055,0.4945,0.24,-0.039,1.072
0.68889,0.632,0.29556,0.47689,0.452,0.47822,0.47689,0.47067,0.65294,0.50588,0.23529,0.65882,0.5,0.5,0.5,0.5,0.4925,0.416,0.4715,0.457,0.5085,0.4765,0.4935,0.4945,0.01,0.025,0.947,0.51176,0.52353,0.78235,0.55294,0.5,0.5,0.5,0.5,0.78533,0.61689,0.21511,0.57778,0.44756,0.48311,0.47644,0.46756,0.61765,0.61176,0.72353,0.55882,0.5,0.5,0.5,0.50588,0.485,0.506,0.5735,0.493,0.511,0.451,0.4955,0.494,-0.13,-0.064,1.025
0.79911,0.63289,0.33822,0.60489,0.46356,0.48311,0.47644,0.46889,0.50588,0.51176,0.77059,0.54706,0.55294,0.5,0.5,0.50588,0.4825,0.496,0.671,0.4875,0.505,0.451,0.495,0.494,-0.134,-0.085,0.953,0.31765,0.71176,0.46471,0.46471,0.5,0.5,0.5,0.5,0.74978,0.704,0.51689,0.62,0.48089,0.48756,0.476,0.468,0.39412,0.66471,0.5,0.44706,0.52941,0.5,0.5,0.5,0.468,0.511,0.5635,0.4975,0.492,0.43,0.4975,0.494,-0.168,-0.03,0.983
0.72044,0.79956,0.51467,0.60222,0.48444,0.488,0.476,0.46667,0.40588,0.67059,0.5,0.47647,0.51176,0.5,0.5,0.5,0.377,0.5185,0.4885,0.5015,0.4905,0.428,0.4975,0.496,-0.158,-0.04,0.99,0.55294,0.34118,0.26471,0.55294,0.5,0.5,0.5,0.5,0.672,0.90089,0.44444,0.59244,0.48489,0.48844,0.47556,0.46667,0.50588,0.34706,0.27059,0.55294,0.5,0.5,0.5,0.50588,0.33,0.493,0.3485,0.5375,0.4905,0.426,0.5,0.4965,0.052,0.032,0.988
0.67156,0.82,0.296,0.61822,0.46489,0.48756,0.47556,0.46667,0.5,0.34706,0.17059,0.55294,0.49412,0.5,0.5,0.5,0.3785,0.4925,0.475,0.5425,0.505,0.429,0.5,0.4965,0.072,0.04,1.038,0.39412,0.43529,0.83529,0.18235,0.5,0.5,0.5,0.5,0.56756,0.71022,0.22044,0.56444,0.42578,0.48756,0.47467,0.46578,0.22941,0.50588,0.77647,0.26471,0.50588,0.5,0.5,0.49412,0.493,0.489,0.7135,0.446,0.5315,0.43,0.5025,0.503,0.061,0.037,1.029
0.468,0.71156,0.36444,0.45333,0.43289,0.48711,0.47556,0.46933,0.32353,0.50588,0.75294,0.33529,0.56471,0.5,0.5,0.51176,0.5235,0.461,0.836,0.2135,0.5165,0.431,0.5015,0.4955,0.189,0.033,0.979,0.82353,0.68235,0.58235,0.69412,0.5,0.5,0.5,0.5,0.38178,0.76622,0.46711,0.38222,0.46756,0.48667,0.47556,0.46933,0.51176,0.62353,0.55294,0.49412,0.53529,0.5,0.5,0.50588,0.7775,0.441,0.852,0.3155,0.4955,0.433,0.498,0.494,-0.202,-0.004,0.963
0.668,0.80178,0.54889,0.45111,0.48356,0.48756,0.47556,0.46756,1.05882,0.58824,0.64706,0.67647,0.55294,0.5,0.5,0.48235,0.529,0.4925,0.6625,0.4975,0.4905,0.4295,0.4995,0.494,-0.121,-0.094,0.964,0.37647,0.42353,0.45294,0.25294,0.5,0.5,0.5,0.5,0.888,0.88711,0.62933,0.49022,0.46756,0.47289,0.47333,0.46667,0.02941,0.50588,0.48235,0.27647,0.48824,0.5,0.5,0.50588,0.487,0.48,0.436,0.4295,0.5,0.4995,0.5095,0.4965,0.151,-0.071,1.01
0.80889,0.88844,0.60267,0.38578,0.46756,0.47333,0.47289,0.46667,0.43529,0.51176,0.44118,0.34118,0.51176,0.5,0.5,0.50588,0.491,0.4295,0.447,0.334,0.4965,0.5,0.5115,0.4975,0.331,-0.047,0.972,0.38824,0.49412,0.41176,0.35882,0.5,0.5,0.5,0.5,0.73422,0.89733,0.55333,0.292,0.468,0.47333,0.47244,0.46622,0.44706,0.50588,0.42353,0.5,0.51176,0.5,0.5,0.5,0.4615,0.346,0.4085,0.0025,0.495,0.499,0.5125,0.4975,0.472,-0.044,0.981
0.70578,0.89733,0.52133,0.27689,0.46844,0.47333,0.47244,0.46667,0.45882,0.50588,0.46471,0.5,0.50588,0.5,0.5,0.5,0.428,0.3405,0.3485,0.006,0.495,0.4975,0.513,0.4975,0.453,-0.021,0.918,0.62941,0.34706,0.32941,0.67647,0.5,0.5,0.5,0.5,0.70044,0.89689,0.45156,0.25733,0.46889,0.47378,0.47289,0.46711,0.50588,0.50588,0.48235,0.5,0.50588,0.5,0.5,0.50588,0.424,0.226,0.163,0.2775,0.4955,0.4975,0.5115,0.495,0.466,0.066,0.891
0.74711,0.88533,0.38133,0.32444,0.46933,0.47422,0.47289,0.46711,0.64118,0.25882,0.22353,0.68824,0.50588,0.5,0.5,0.5,0.4355,0.203,0.087,0.394,0.496,0.4955,0.5115,0.497,0.508,0.079,0.852,0.25294,0.61765,0.57059,0.32353,0.5,0.5,0.5,0.5,0.83511,0.73556,0.30311,0.41022,0.46933,0.47422,0.47289,0.46667,0.49412,0.5,0.5,0.40588,0.50588,0.5,0.5,0.50588,0.238,0.3755,0.1145,0.204,0.496,0.4955,0.5115,0.4975,0.543,0.09,0.881
0.83511,0.76,0.30267,0.35244,0.46933,0.47422,0.47333,0.46711,0.50588,0.58235,0.5,0.36471,0.50588,0.5,0.5,0.50588,0.143,0.421,0.287,0.05,0.4955,0.4955,0.51,0.4955,0.531,0.058,0.871,0.58235,0.58235,0.63529,0.68235,0.5,0.5,0.5,0.5,0.81333,0.86044,0.36089,0.26978,0.46889,0.47378,0.47333,0.46756,0.5,0.52353,0.63529,0.49412,0.5,0.5,0.5,0.50588,0.265,0.411,0.4265,0.287,0.495,0.4975,0.509,0.4945,0.454,0.033,0.926
0.77689,0.87911,0.42933,0.33378,0.46889,0.47378,0.47467,0.46889,0.4,0.5,0.61765,0.64118,0.50588,0.5,0.5,0.50588,0.4045,0.4485,0.4315,0.432,0.495,0.497,0.502,0.494,0.387,0.018,0.951,0.48235,0.35882,0.55882,0.40588,0.5,0.5,0.5,0.5,0.74444,0.86267,0.52,0.42311,0.46844,0.47333,0.47422,0.46933,0.47647,0.47059,0.54118,0.47059,0.5,0.5,0.5,0.50588,0.4805,0.453,0.475,0.3745,0.495,0.499,0.5045,0.4945,0.399,-0.024,0.959
0.73467,0.84489,0.54889,0.39644,0.46844,0.47333,0.47378,0.46844,0.47647,0.36471,0.56471,0.47647,0.50588,0.5,0.5,0.5,0.481,0.3735,0.487,0.274,0.4965,0.499,0.507,0.495,0.375,-0.026,0.962,0.58824,0.40588,0.34118,0.30588,0.5,0.5,0.5,0.5,0.73022,0.84267,0.53822,0.34356,0.46756,0.47289,0.47333,0.46756,0.6,0.50588,0.36471,0.5,0.5,0.5,0.5,0.5,0.5045,0.1475,0.445,0.0185,0.5,0.5005,0.509,0.496,0.467,0.028,0.94
0.77511,0.84267,0.47111,0.33378,0.468,0.47333,0.47333,0.46756,0.58235,0.5,0.37059,0.5,0.50588,0.5,0.5,0.5,0.506,0.155,0.3795,0.003,0.497,0.4995,0.509,0.496,0.495,0.05,0.9,0.38235,0.41176,0.27059,0.41765,0.5,0.5,0.5,0.5,0.83067,0.84311,0.328,0.29467,0.46844,0.47333,0.47333,0.46756,0.51765,0.50588,0.32941,0.44118,0.50588,0.5,0.5,0.50588,0.4555,0.1655,0.244,0.017,0.4955,0.499,0.509,0.496,0.616,0.058,0.87
0.832,0.84267,0.26622,0.26844,0.46889,0.47378,0.47333,0.46711,0.50588,0.50588,0.49412,0.47059,0.50588,0.5,0.5,0.5,0.3725,0.176,0.032,0.0375,0.496,0.4985,0.509,0.4955,0.593,0.102,0.819,0.42941,0.41176,0.67059,0.75882,0.5,0.5,0.5,0.5,0.83289,0.90711,0.21644,0.21733,0.46889,0.47422,0.47556,0.46667,0.52353,0.87647,0.5,0.56471,0.50588,0.5,0.5,0.5,0.1865,0.5,0.2885,0.449,0.4955,0.4955,0.498,0.4965,0.548,0.14,0.835
0.83244,0.97778,0.29511,0.33911,0.46889,0.47378,0.47556,0.46667,0.5,0.57647,0.54118,0.74706,0.50588,0.5,0.5,0.5,0.1445,0.5,0.3285,0.51,0.4955,0.4975,0.499,0.4965,0.38,0.075,0.991,0.41176,0.35882,0.41765,0.57647,0.5,0.5,0.5,0.5,0.78978,0.96844,0.38356,0.52178,0.46844,0.47422,0.47556,0.46622,0.46471,0.48235,0.5,0.54706,0.5,0.5,0.5,0.5,0.156,0.5,0.2655,0.5,0.496,0.496,0.497,0.5,0.425,0.142,0.933
0.78711,0.95689,0.38356,0.556,0.46889,0.47422,0.47556,0.46622,0.5,0.48235,0.5,0.57059,0.50588,0.5,0.5,0.5,0.1685,0.5,0.066,0.5105,0.4965,0.4955,0.4975,0.5,0.395,0.203,0.934,0.30588,0.37647,0.6,0.14118,0.5,0.5,0.5,0.5,0.81956,0.93333,0.35467,0.50222,0.46756,0.47244,0.47422,0.46533,0.92353,0.48235,0.37647,0.2,0.49412,0.5,0.5,0.50588,0.5,0.5,0.276,0.4155,0.497,0.503,0.505,0.5055,0.289,0.085,0.982
0.92933,0.94533,0.36089,0.32533,0.468,0.47244,0.47467,0.46578,0.63529,0.61765,0.58235,0.21176,0.5,0.5,0.5,0.50588,0.5,0.5,0.4975,0.3885,0.497,0.502,0.503,0.5035,0.405,0.08,0.947,0.45882,0.14706,0.37647,0.75882,0.5,0.5,0.5,0.5,0.95778,1.004,0.38311,0.19822,0.46756,0.47333,0.47289,0.46622,0.49412,0.50588,0.40588,0.7,0.49412,0.50588,0.51765,0.51176,0.5,0.5,0.48,0.3875,0.4995,0.5005,0.5135,0.4965,0.331,0.075,0.979
0.968,1.00178,0.332,0.30489,0.46844,0.47244,0.47467,0.46711,0.57647,0.49412,0.39412,0.75294,0.5,0.49412,0.49412,0.51176,0.5,0.5,0.4225,0.508,0.495,0.5035,0.502,0.494,0.338,0.061,0.941,0.40588,0.37647,0.42941,0.36471,0.5,0.5,0.5,0.5,0.99689,0.99511,0.25067,0.41689,0.46844,0.47244,0.47422,0.46711,0.50588,0.51176,0.41765,0.37647,0.50588,0.5,0.5,0.50588,0.5,0.5,0.35,0.493,0.495,0.5035,0.5045,0.494,0.344,0.056,0.973
0.99867,0.99911,0.22978,0.35467,0.46844,0.47289,0.47467,0.46622,0.51176,0.50588,0.5,0.38824,0.50588,0.5,0.5,0.5,0.5,0.5,0.2795,0.4595,0.495,0.502,0.5025,0.5,0.404,0.054,0.963,0.25882,0.22941,0.55294,0.58824,0.5,0.5,0.5,0.5,1.0,1.0,0.19778,0.29911,0.46844,0.47333,0.47467,0.46667,0.50588,0.50588,0.5,0.58824,0.50588,0.5,0.5,0.50588,0.5,0.5,0.314,0.4945,0.495,0.5005,0.502,0.4965,0.39,0.084,0.948
1.0,1.0,0.204,0.33867,0.46844,0.47289,0.47467,0.46711,0.50588,0.50588,0.57059,0.58235,0.5,0.5,0.5,0.50588,0.5,0.5,0.4165,0.5095,0.495,0.502,0.503,0.494,0.359,0.061,0.96,0.27059,0.16471,0.73529,0.38235,0.5,0.5,0.5,0.5,0.99822,0.99956,0.29778,0.36267,0.46756,0.47244,0.47467,0.46711,0.5,0.50588,0.71176,0.43529,0.48824,0.5,0.5,0.50588,0.5,0.5,0.499,0.4575,0.5,0.504,0.503,0.494,0.265,0.056,0.979
0.99733,1.00044,0.408,0.31244,0.468,0.47289,0.47511,0.46711,0.5,0.51176,0.72941,0.37059,0.5,0.5,0.5,0.50588,0.5,0.5,0.5375,0.409,0.495,0.5015,0.501,0.4945,0.285,0.05,0.95,0.26471,0.13529,0.27647,0.40588,0.5,0.5,0.5,0.5,0.98,1.00222,0.492,0.24044,0.468,0.47289,0.46978,0.46533,0.48235,0.50588,0.30588,0.43529,0.50588,0.5,0.5,0.5,0.5,0.5,0.446,0.267,0.497,0.501,0.526,0.505,0.426,0.07,0.965
0.96756,1.00311,0.37556,0.20711,0.46844,0.47289,0.46978,0.46533,0.47059,0.50588,0.25882,0.44118,0.49412,0.5,0.5,0.5,0.5,0.5,0.458,0.199,0.495,0.502,0.526,0.505,0.443,0.061,0.948,0.27059,0.26471,0.77647,0.60588,0.5,0.5,0.5,0.5,0.99511,1.00578,0.32356,0.16933,0.468,0.47289,0.46978,0.46533,0.5,0.51176,0.74706,0.5,0.5,0.5,0.5,0.5,0.5,0.5,0.5105,0.2765,0.497,0.5025,0.528,0.5055,0.36,0.036,0.924
0.99022,1.00622,0.45689,0.19956,0.46756,0.47289,0.46978,0.46578,0.47647,0.50588,0.81176,0.58235,0.5,0.5,0.5,0.50588,0.5,0.5,0.5495,0.394,0.5,0.502,0.5265,0.5035,0.423,-0.012,0.944,0.15882,0.21176,0.16471,0.51765,0.5,0.5,0.5,0.5,0.97156,1.00578,0.53511,0.25244,0.46844,0.47378,0.47156,0.46533,0.48824,0.5,0.21765,0.5,0.50588,0.5,0.51765,0.50588,0.5,0.5,0.4235,0.469,0.495,0.4985,0.519,0.5055,0.336,0.089,0.974
0.96133,1.00533,0.36,0.25867,0.46756,0.47378,0.47556,0.46578,0.48235,0.5,0.15882,0.51765,0.5,0.5,0.5,0.50588,0.5,0.5,0.441,0.483,0.5,0.4975,0.4985,0.5035,0.361,0.044,0.918,0.20588,0.44706,0.61765,0.62941,0.5,0.5,0.5,0.5,1.0,1.00444,0.20667,0.30622,0.46844,0.47333,0.47511,0.46622,0.50588,0.5,0.52353,0.61176,0.50588,0.5,0.5,0.50588,0.5,0.5,0.4105,0.5115,0.4945,0.4995,0.5005,0.4955,0.345,0.062,0.963
0.99911,1.00356,0.25511,0.368,0.468,0.47289,0.47467,0.46667,0.5,0.5,0.61765,0.63529,0.5,0.5,0.5,0.5,0.5,0.5,0.4765,0.5365,0.497,0.502,0.503,0.4965,0.271,0.056,1.004,0.21176,0.5,0.7,0.62353,0.5,0.5,0.5,0.5,0.99733,1.00178,0.38622,0.48089,0.46756,0.47289,0.47467,0.46667,0.49412,0.5,0.68824,0.62941,0.50588,0.5,0.5,0.5,0.5,0.5,0.5,0.5585,0.5,0.502,0.503,0.4965,0.129,0.038,1.041
0.99689,0.99689,0.48489,0.55378,0.46756,0.47289,0.47556,0.46711,0.49412,0.49412,0.68824,0.64118,0.50588,0.5,0.50588,0.51176,0.5,0.5,0.5105,0.5105,0.5,0.502,0.5,0.494,0.036,0.094,1.004,0.18235,0.18235,0.3,0.10588,0.5,0.5,0.5,0.5,0.972,0.99378,0.54933,0.52089,0.46711,0.47244,0.47422,0.46711,0.48235,0.5,0.31765,0.1,0.49412,0.5,0.50588,0.50588,0.5,0.5,0.45,0.3905,0.505,0.5025,0.5055,0.4945,0.162,0.141,0.988
0.964,1.0,0.43644,0.30667,0.46756,0.47378,0.47467,0.46489,0.55294,0.50588,0.28235,0.13529,0.5,0.5,0.5,0.50588,0.5,0.5,0.4955,0.4525,0.5,0.4985,0.5015,0.505,0.421,0.066,0.99,0.45294,0.33529,0.31765,0.68235,0.5,0.5,0.5,0.5,0.996,1.00667,0.26978,0.15556,0.46844,0.47244,0.46933,0.46578,0.51176,0.50588,0.35294,0.50588,0.50588,0.5,0.5,0.5,0.5,0.5,0.4425,0.343,0.495,0.5025,0.528,0.5035,0.43,0.073,0.922
0.99822,1.00578,0.20489,0.22756,0.46889,0.47333,0.47556,0.46533,0.51176,0.5,0.39412,0.59412,0.50588,0.5,0.51765,0.50588,0.5,0.5,0.309,0.451,0.4955,0.5,0.5005,0.506,0.47,0.079,0.935,0.43529,0.20588,0.68235,0.34706,0.5,0.5,0.5,0.5,1.00133,1.00311,0.13867,0.28178,0.46889,0.47333,0.47556,0.46667,0.5,0.5,0.57647,0.41765,0.5,0.5,0.5,0.5,0.5,0.5,0.395,0.462,0.4945,0.5,0.498,0.4965,0.378,0.072,0.958
1.00133,1.00444,0.22133,0.23289,0.46844,0.47289,0.47467,0.46667,0.5,0.51176,0.62353,0.44118,0.5,0.5,0.5,0.5,0.5,0.5,0.45,0.3245,0.495,0.5015,0.502,0.495,0.407,0.065,0.957,0.17647,0.15294,0.69412,0.70588,0.5,0.5,0.5,0.5,0.99778,1.00711,0.376,0.19778,0.46756,0.47333,0.47467,0.46711,0.5,0.50588,0.64706,0.65294,0.5,0.5,0.5,0.50588,0.5,0.5,0.5325,0.385,0.5,0.5,0.502,0.4945,0.289,0.082,0.981
0.99067,1.00622,0.47689,0.28578,0.46711,0.47378,0.47556,0.46889,0.47059,0.49412,0.72353,0.65294,0.5,0.5,0.5,0.50588,0.5,0.5,0.5245,0.4915,0.503,0.4975,0.499,0.494,0.226,0.011,1.004,0.42353,0.42353,0.54706,0.61765,0.5,0.5,0.5,0.5,0.96711,1.00267,0.61556,0.43822,0.46711,0.47289,0.47422,0.46889,0.48235,0.5,0.55294,0.6,0.5,0.5,0.5,0.50588,0.5,0.5,0.493,0.5115,0.503,0.5025,0.5045,0.494,0.133,-0.042,1.041
0.95911,1.00222,0.63911,0.48844,0.46667,0.47244,0.47422,0.46756,0.48235,0.5,0.53529,0.60588,0.5,0.5,0.5,0.5,0.5,0.5,0.492,0.5565,0.505,0.5035,0.5045,0.494,0.121,-0.056,1.035,0.37059,0.42353,0.17647,0.39412,0.5,0.5,0.5,0.5,0.94222,0.99244,0.57422,0.544,0.468,0.47422,0.47556,0.46667,0.48235,0.5,0.16471,0.41176,0.50588,0.5,0.5,0.5,0.5,0.5,0.417,0.4535,0.495,0.496,0.4985,0.4965,0.229,0.128,1.044
0.93156,0.99111,0.40844,0.48444,0.468,0.47422,0.47556,0.46622,0.50588,0.5,0.17059,0.40588,0.50588,0.5,0.5,0.5,0.5,0.5,0.4235,0.4815,0.495,0.4955,0.4985,0.5,0.255,0.058,1.044,0.41765,0.22941,0.55882,0.27647,0.5,0.5,0.5,0.5,0.99956,0.98844,0.23956,0.352,0.46844,0.47333,0.47467,0.46667,0.51176,0.54706,0.5,0.27647,0.50588,0.5,0.5,0.5,0.5,0.5,0.4065,0.459,0.495,0.5,0.5025,0.496,0.343,0.071,0.953
0.99911,1.00178,0.25289,0.25644,0.46844,0.47244,0.47467,0.46622,0.5,0.51176,0.54118,0.39412,0.51176,0.49412,0.5,0.50588,0.5,0.5,0.4865,0.3735,0.495,0.5015,0.5025,0.497,0.414,0.041,0.942,0.27059,0.24706,0.61765,0.55882,0.5,0.5,0.5,0.5,0.99778,1.00622,0.31867,0.17822,0.468,0.47244,0.47422,0.46667,0.5,0.5,0.6,0.5,0.5,0.5,0.5,0.5,0.5,0.5,0.5235,0.2015,0.497,0.5035,0.5045,0.4965,0.418,0.026,0.955
0.99689,1.00711,0.37511,0.17822,0.468,0.47244,0.47422,0.46667,0.5,0.50588,0.58235,0.5,0.5,0.5,0.5,0.5,0.5,0.5,0.541,0.3435,0.495,0.503,0.5045,0.4965,0.405,0.042,0.952,0.33529,0.18824,0.25882,0.49412,0.5,0.5,0.5,0.5,0.984,1.00711,0.37778,0.20178,0.468,0.47333,0.47422,0.46622,0.5,0.50588,0.29412,0.5,0.5,0.5,0.5,0.49412,0.5,0.5,0.4785,0.3925,0.495,0.5,0.5045,0.4965,0.428,0.051,0.909
0.99511,1.00711,0.26444,0.20178,0.46844,0.47333,0.47422,0.46622,0.50588,0.50588,0.28235,0.5,0.50588,0.5,0.5,0.5,0.5,0.5,0.4345,0.3785,0.495,0.5,0.5045,0.5,0.478,0.077,0.926,0.41176,0.23529,0.58824,0.54118,0.5,0.5,0.5,0.5,1.00089,1.00711,0.16711,0.20133,0.46889,0.47378,0.47467,0.46533,0.50588,0.50588,0.5,0.5,0.50588,0.5,0.5,0.49412,0.5,0.5,0.354,0.4275,0.495,0.498,0.503,0.5055,0.476,0.118,0.919
1.00089,1.00667,0.19689,0.21911,0.46889,0.47378,0.47467,0.46578,0.50588,0.5,0.55294,0.51765,0.5,0.5,0.5,0.51176,0.5,0.5,0.4265,0.4445,0.495,0.498,0.503,0.5,0.4,0.068,0.947,0.2,0.47647,0.46471,0.60588,0.5,0.5,0.5,0.5,0.99956,1.00578,0.23822,0.26978,0.46844,0.47378,0.47556,0.46756,0.50588,0.5,0.5,0.57647,0.5,0.5,0.5,0.50588,0.5,0.5,0.4265,0.499,0.495,0.498,0.4985,0.494,0.36,0.044,0.98
0.47689,0.49511,0.46711,0.48978,0.45644,0.47956,0.48178,0.46133,0.5,0.50588,0.50588,0.5,0.5,0.5,0.50588,0.50588,0.494,0.4935,0.498,0.4955,0.5035,0.498,0.4975,0.5035,0.05,0.101,1.022,0.51765,0.59412,0.38235,0.49412,0.5,0.5,0.5,0.5,0.48133,0.51822,0.43689,0.48667,0.45644,0.47956,0.48222,0.46089,0.52353,0.58824,0.40588,0.49412,0.5,0.5,0.5,0.50588,0.496,0.507,0.4535,0.499,0.5055,0.497,0.496,0.506,0.076,0.108,0.983
0.49778,0.56311,0.38444,0.48178,0.45644,0.47956,0.48222,0.46089,0.55294,0.59412,0.4,0.49412,0.5,0.5,0.5,0.5,0.493,0.508,0.42,0.509,0.5055,0.497,0.496,0.5055,0.106,0.048,1.025,0.6,0.41765,0.71765,0.34706,0.5,0.5,0.5,0.5,0.54044,0.60622,0.37022,0.43111,0.452,0.47956,0.48178,0.46222,0.52353,0.52353,0.67059,0.35882,0.52941,0.50588,0.5,0.50588,0.498,0.4915,0.5015,0.4915,0.506,0.4985,0.4975,0.4965,0.035,0.031,1.055
0.57778,0.60667,0.46267,0.376,0.45822,0.47956,0.48089,0.46489,0.57647,0.50588,0.64706,0.42941,0.50588,0.5,0.5,0.50588,0.507,0.453,0.587,0.3875,0.494,0.4975,0.5015,0.495,0.027,-0.007,0.992,0.70588,0.51176,0.25294,0.58824,0.5,0.5,0.5,0.5,0.69467,0.57822,0.52622,0.28667,0.45778,0.47956,0.46933,0.47378,0.81176,0.29412,0.25294,0.57647,0.51176,0.5,0.5,0.50588,0.5115,0.463,0.499,0.514,0.4965,0.4965,0.5575,0.4925,0.208,-0.05,1.027
0.81244,0.53644,0.40756,0.31378,0.45733,0.47867,0.46889,0.47422,0.71176,0.5,0.28824,0.52941,0.50588,0.5,0.5,0.50588,0.5075,0.4895,0.476,0.601,0.498,0.5005,0.5595,0.4925,0.126,-0.073,1.039,0.47059,0.61765,0.62941,0.69412,0.5,0.5,0.5,0.5,0.95378,0.54311,0.30089,0.41911,0.45778,0.47822,0.46622,0.45689,0.49412,0.64706,0.62353,0.7,0.50588,0.5,0.5,0.43529,0.4815,0.514,0.4995,0.661,0.4965,0.502,0.5715,0.5055,-0.13,-0.144,0.99
0.948,0.628,0.36844,0.54089,0.45689,0.47822,0.46711,0.44578,0.45882,0.61765,0.62941,0.76471,0.52941,0.5,0.50588,0.50588,0.474,0.506,0.5,0.549,0.4965,0.5025,0.568,0.5095,-0.036,-0.191,1.046,0.24118,0.67059,0.27647,0.47059,0.5,0.5,0.5,0.5,0.90667,0.72356,0.39289,0.64756,0.46044,0.48,0.48267,0.46311,0.5,0.70588,0.3,0.5,0.50588,0.5,0.5,0.48824,0.3515,0.517,0.3755,0.5415,0.495,0.494,0.494,0.4945,0.19,0.193,0.943
0.908,0.82,0.30489,0.64756,0.46,0.47822,0.48089,0.46089,0.50588,0.57059,0.20588,0.50588,0.5,0.5,0.5,0.5,0.1115,0.5145,0.248,0.472,0.4955,0.501,0.502,0.5035,0.32,0.265,0.915,0.54118,0.33529,0.72941,0.30588,0.5,0.5,0.5,0.5,0.90933,0.89333,0.22356,0.58444,0.46044,0.47733,0.48,0.46,0.5,0.34706,0.55294,0.37647,0.50588,0.5,0.5,0.5,0.157,0.492,0.3665,0.3795,0.4945,0.5065,0.5055,0.5055,0.394,0.122,0.877
0.88044,0.81467,0.32622,0.49822,0.45778,0.47644,0.48,0.45956,0.35294,0.4,0.71176,0.34706,0.5,0.5,0.5,0.5,0.2935,0.4855,0.4635,0.3205,0.4965,0.5105,0.506,0.505,0.391,0.122,0.915,0.44118,0.31765,0.34706,0.6,0.5,0.5,0.5,0.5,0.77333,0.78978,0.43289,0.41733,0.45689,0.47689,0.47733,0.45911,0.51176,0.5,0.42941,0.5,0.50588,0.5,0.5,0.5,0.4485,0.266,0.341,0.3155,0.503,0.508,0.5185,0.505,0.466,0.079,0.911
0.77422,0.74133,0.38133,0.45422,0.45689,0.47689,0.47733,0.45867,0.50588,0.38235,0.30588,0.57059,0.50588,0.5,0.5,0.5,0.408,0.199,0.2075,0.3845,0.5025,0.508,0.5185,0.505,0.475,0.184,0.875,0.45882,0.61765,0.67647,0.45294,0.5,0.5,0.5,0.5,0.77556,0.62089,0.32222,0.51022,0.45778,0.47689,0.47733,0.45867,0.50588,0.5,0.5,0.5,0.5,0.5,0.5,0.5,0.3255,0.3355,0.3385,0.325,0.4965,0.508,0.5185,0.505,0.466,0.109,0.895
0.77333,0.62178,0.39422,0.51067,0.45733,0.47689,0.47733,0.45911,0.46471,0.50588,0.66471,0.5,0.5,0.5,0.5,0.51765,0.304,0.4275,0.43,0.209,0.5,0.508,0.5185,0.505,0.498,0.136,0.921,0.65294,0.49412,0.42353,0.53529,0.5,0.5,0.5,0.5,0.68667,0.66711,0.49156,0.50756,0.45689,0.47689,0.47733,0.46178,0.50588,0.50588,0.49412,0.5,0.5,0.5,0.5,0.5,0.4805,0.4465,0.3445,0.1445,0.503,0.508,0.5185,0.5,0.501,0.147,0.916
0.72978,0.66711,0.456,0.50711,0.45689,0.47689,0.47733,0.46089,0.65294,0.50588,0.43529,0.5,0.5,0.5,0.5,0.50588,0.505,0.4415,0.3275,0.2315,0.503,0.508,0.5185,0.504,0.477,0.143,0.881,0.27647,0.64706,0.42941,0.41765,0.5,0.5,0.5,0.5,0.78622,0.68222,0.39867,0.49289,0.45689,0.47689,0.47778,0.46133,0.37059,0.6,0.5,0.37059,0.50588,0.5,0.5,0.50588,0.4465,0.485,0.2735,0.265,0.503,0.508,0.5165,0.503,0.464,0.147,0.907
0.77333,0.73378,0.37956,0.45111,0.45689,0.47689,0.47778,0.46133,0.50588,0.63529,0.47647,0.39412,0.5,0.5,0.5,0.5,0.276,0.504,0.192,0.271,0.502,0.508,0.5165,0.5015,0.507,0.107,0.938,0.53529,0.55882,0.68235,0.40588,0.5,0.5,0.5,0.5,0.77378,0.84444,0.36178,0.364,0.45733,0.47689,0.47778,0.46267,0.5,0.6,0.51176,0.40588,0.50588,0.5,0.5,0.50588,0.1695,0.493,0.3595,0.3035,0.5,0.508,0.5165,0.4945,0.49,0.085,0.889
0.72444,0.88667,0.44133,0.32044,0.45733,0.47689,0.47733,0.46311,0.35882,0.59412,0.64706,0.39412,0.50588,0.5,0.5,0.5,0.314,0.4855,0.4305,0.279,0.5,0.508,0.5185,0.4945,0.431,0.033,0.954,0.52353,0.54706,0.17647,0.57647,0.5,0.5,0.5,0.5,0.66444,0.94889,0.48622,0.26622,0.45822,0.47689,0.48089,0.46178,0.51176,0.50588,0.31176,0.5,0.50588,0.5,0.50588,0.51765,0.4495,0.4805,0.221,0.391,0.495,0.508,0.502,0.5,0.502,0.124,0.911
0.70044,0.95556,0.39689,0.28622,0.45867,0.47689,0.48089,0.46222,0.62353,0.54706,0.45882,0.57059,0.50588,0.5,0.5,0.5,0.413,0.491,0.0325,0.4985,0.4955,0.508,0.502,0.495,0.531,0.107,0.908,0.68824,0.39412,0.34706,0.69412,0.5,0.5,0.5,0.5,0.76889,0.96044,0.35778,0.38667,0.45867,0.47689,0.48089,0.46222,0.80588,0.38235,0.47059,0.68824,0.50588,0.5,0.5,0.49412,0.4325,0.481,0.068,0.533,0.495,0.508,0.502,0.4965,0.439,0.139,0.861
0.86844,0.88089,0.26489,0.49378,0.45822,0.47689,0.48178,0.46222,0.64706,0.37059,0.31176,0.68824,0.5,0.5,0.5,0.5,0.431,0.494,0.138,0.5,0.495,0.508,0.4975,0.4965,0.403,0.19,0.943,0.5,0.48824,0.51176,0.31765,0.5,0.5,0.5,0.5,0.98533,0.80844,0.17067,0.56444,0.45822,0.47689,0.48,0.46089,0.5,0.48824,0.5,0.35294,0.5,0.5,0.49412,0.5,0.4125,0.5045,0.1755,0.412,0.495,0.5085,0.5045,0.5055,0.431,0.162,0.927
0.98533,0.80667,0.164,0.49156,0.45822,0.47422,0.48,0.46044,0.50588,0.5,0.5,0.32941,0.5,0.5,0.5,0.5,0.413,0.494,0.2345,0.3175,0.4945,0.5205,0.506,0.505,0.492,0.127,0.876,0.28235,0.54118,0.79412,0.62353,0.5,0.5,0.5,0.5,0.97956,0.82756,0.22311,0.40133,0.45778,0.47289,0.48,0.46133,0.47647,0.54706,0.75882,0.6,0.5,0.5,0.5,0.50588,0.2675,0.491,0.4935,0.431,0.4965,0.527,0.5055,0.5035,0.41,0.114,0.933
0.86044,0.836,0.376,0.45911,0.45689,0.47289,0.48044,0.46178,0.23529,0.50588,0.81176,0.6,0.5,0.5,0.5,0.50588,0.328,0.4955,0.5,0.4555,0.5035,0.527,0.5035,0.4965,0.391,0.048,0.929,0.62941,0.49412,0.38824,0.37647,0.5,0.5,0.5,0.5,0.67689,0.848,0.53911,0.50844,0.45689,0.47289,0.48,0.46222,0.51176,0.51176,0.45882,0.42353,0.50588,0.5,0.5,0.50588,0.4735,0.506,0.317,0.372,0.5035,0.527,0.506,0.4965,0.398,0.029,0.955
0.71956,0.85644,0.48,0.45156,0.45689,0.47289,0.47956,0.46267,0.61176,0.51765,0.4,0.38824,0.50588,0.5,0.5,0.51176,0.4895,0.4935,0.326,0.346,0.5035,0.527,0.507,0.4945,0.409,0.053,0.924,0.28824,0.24118,0.30588,0.51765,0.5,0.5,0.5,0.5,0.788,0.84667,0.37422,0.38044,0.45778,0.47289,0.48,0.46133,0.5,0.39412,0.34706,0.5,0.50588,0.5,0.5,0.51176,0.3885,0.404,0.2065,0.363,0.4975,0.5265,0.506,0.505,0.551,0.093,0.784
0.78889,0.79422,0.31156,0.38133,0.45822,0.47289,0.48,0.46089,0.5,0.42353,0.49412,0.5,0.50588,0.5,0.5,0.5,0.186,0.2275,0.046,0.4015,0.496,0.5265,0.506,0.505,0.547,0.188,0.85,0.54118,0.57059,0.72941,0.33529,0.5,0.5,0.5,0.5,0.78933,0.76622,0.31467,0.38889,0.45822,0.47289,0.48,0.46089,0.50588,0.5,0.58824,0.46471,0.51176,0.5,0.5,0.5,0.1905,0.1915,0.342,0.1555,0.495,0.5265,0.5065,0.504,0.52,0.09,0.913
0.75333,0.76711,0.41378,0.38222,0.45778,0.47289,0.47956,0.46089,0.34706,0.5,0.68824,0.5,0.49412,0.5,0.5,0.5,0.341,0.276,0.4445,0.001,0.5,0.5265,0.5075,0.504,0.499,0.054,0.895,0.6,0.65294,0.47647,0.52353,0.5,0.5,0.5,0.5,0.67111,0.78667,0.53867,0.38222,0.45733,0.47333,0.47956,0.46178,0.5,0.54706,0.5,0.5,0.51176,0.5,0.5,0.50588,0.492,0.41,0.4515,0.0385,0.4975,0.525,0.5075,0.5,0.448,-0.008,0.945
0.70844,0.81467,0.53422,0.37156,0.45822,0.47378,0.47956,0.46311,0.61176,0.57059,0.48235,0.48235,0.5,0.5,0.5,0.50588,0.4965,0.4685,0.4165,0.1445,0.4965,0.523,0.508,0.4945,0.422,-0.02,0.947,0.65294,0.32353,0.38824,0.43529,0.5,0.5,0.5,0.5,0.79956,0.876,0.48622,0.336,0.45822,0.47422,0.47956,0.46267,0.63529,0.50588,0.41176,0.48235,0.50588,0.5,0.5,0.49412,0.5105,0.4035,0.401,0.2775,0.494,0.5225,0.5075,0.497,0.461,0.037,0.94
0.86667,0.87422,0.42933,0.32089,0.45822,0.47556,0.47956,0.46222,0.64706,0.48824,0.38824,0.5,0.50588,0.5,0.5,0.5,0.5165,0.2425,0.3995,0.1945,0.4945,0.5155,0.5075,0.496,0.414,0.135,0.917,0.35882,0.50588,0.33529,0.7,0.5,0.5,0.5,0.5,0.95244,0.86978,0.30133,0.31156,0.45822,0.47867,0.47956,0.46267,0.5,0.5,0.37647,0.61176,0.50588,0.5,0.5,0.50588,0.481,0.136,0.4305,0.3695,0.4945,0.5005,0.5075,0.495,0.508,0.117,0.882
0.94933,0.80622,0.23911,0.40578,0.45733,0.47867,0.47956,0.46222,0.47059,0.36471,0.47647,0.68824,0.49412,0.5,0.5,0.50588,0.395,0.311,0.334,0.41,0.5,0.5,0.5075,0.4965,0.429,0.123,0.934,0.18235,0.46471,0.53529,0.24118,0.5,0.5,0.5,0.5,0.95111,0.70089,0.18578,0.47378,0.45822,0.47778,0.48089,0.46089,0.50588,0.50588,0.5,0.38235,0.5,0.5,0.5,0.5,0.1565,0.441,0.1725,0.242,0.4955,0.503,0.501,0.5045,0.478,0.15,0.934
0.48444,0.46044,0.45422,0.45333,0.46756,0.46444,0.46133,0.46667,0.51176,0.50588,0.50588,0.5,0.50588,0.5,0.5,0.50588,0.5,0.5045,0.5185,0.5035,0.4965,0.5,0.5,0.4945,-0.01,0.005,1.036,0.79412,0.76471,0.41765,0.34706,0.5,0.5,0.5,0.5,0.56622,0.53244,0.42578,0.40133,0.468,0.464,0.46133,0.46756,0.80588,0.82941,0.42353,0.34118,0.50588,0.5,0.5,0.5,0.516,0.513,0.5015,0.4995,0.494,0.501,0.499,0.4945,-0.057,-0.031,1.033
0.72311,0.68489,0.384,0.32578,0.468,0.464,0.46178,0.46756,0.81765,0.77647,0.42353,0.35294,0.50588,0.50588,0.5,0.51176,0.5115,0.5065,0.5,0.493,0.496,0.502,0.4975,0.4945,-0.091,-0.045,1.013,0.42353,0.33529,0.59412,0.58235,0.5,0.5,0.5,0.5,0.896,0.81733,0.332,0.25467,0.46756,0.46489,0.46267,0.46711,0.41176,0.38824,0.55294,0.54706,0.50588,0.5,0.5,0.49412,0.4885,0.4735,0.6785,0.527,0.4965,0.497,0.492,0.496,-0.14,-0.01,1.011
0.85156,0.76889,0.38578,0.30044,0.46756,0.46444,0.46133,0.46756,0.41176,0.41176,0.6,0.58235,0.5,0.49412,0.5,0.50588,0.4915,0.4295,0.657,0.5095,0.4965,0.499,0.4985,0.4945,-0.208,-0.039,1.027,0.43529,0.59412,0.62941,0.42353,0.5,0.5,0.5,0.5,0.77822,0.70356,0.48356,0.33422,0.46756,0.46311,0.46044,0.47689,0.42941,0.5,0.61765,0.48235,0.5,0.5,0.5,0.52353,0.494,0.4475,0.663,0.464,0.4965,0.505,0.503,0.493,-0.225,-0.045,0.957
0.73778,0.71333,0.53956,0.304,0.468,0.46356,0.46089,0.47689,0.41176,0.54706,0.6,0.42941,0.50588,0.5,0.5,0.5,0.5065,0.485,0.711,0.4175,0.4945,0.504,0.5015,0.4935,-0.256,0.014,1.034,0.36471,0.32353,0.25882,0.46471,0.5,0.5,0.5,0.5,0.65467,0.72311,0.57733,0.23467,0.47378,0.472,0.46178,0.47156,0.37647,0.48824,0.28824,0.44706,0.50588,0.5,0.5,0.49412,0.494,0.4575,0.506,0.4765,0.494,0.463,0.497,0.495,-0.198,0.148,0.963
0.63911,0.60933,0.46311,0.216,0.47689,0.47244,0.46222,0.46533,0.50588,0.31176,0.3,0.48235,0.50588,0.5,0.5,0.5,0.442,0.486,0.4725,0.48,0.4935,0.461,0.495,0.5055,0.03,0.158,1.005,0.44118,0.46471,0.67059,0.7,0.5,0.5,0.5,0.5,0.56222,0.47333,0.35911,0.25156,0.46133,0.47244,0.46178,0.46622,0.17647,0.47647,0.62353,0.66471,0.5,0.5,0.5,0.50588,0.453,0.493,0.554,0.528,0.5055,0.461,0.497,0.5035,-0.084,0.173,1.028
0.46444,0.45333,0.45111,0.34089,0.46133,0.47244,0.46178,0.46622,0.41765,0.46471,0.7,0.68824,0.50588,0.5,0.5,0.50588,0.4935,0.507,0.5335,0.592,0.506,0.461,0.497,0.503,-0.108,0.147,0.986,0.66471,0.58235,0.28235,0.6,0.5,0.5,0.5,0.5,0.47467,0.42311,0.49733,0.46756,0.46089,0.472,0.46044,0.46711,0.72353,0.5,0.32353,0.52353,0.5,0.5,0.5,0.5,0.507,0.536,0.45,0.7105,0.5055,0.463,0.503,0.4975,-0.197,0.08,1.016
0.58178,0.42267,0.4,0.49289,0.45156,0.47111,0.46,0.46711,0.72353,0.50588,0.3,0.61176,0.5,0.49412,0.5,0.49412,0.493,0.5935,0.384,0.8355,0.5085,0.466,0.504,0.4975,-0.204,0.021,0.943,0.68235,0.75882,0.58824,0.51765,0.5,0.5,0.5,0.5,0.71467,0.49556,0.27956,0.55333,0.46711,0.464,0.43956,0.44578,0.75882,0.86471,0.57059,0.5,0.50588,0.5,0.5,0.5,0.509,0.658,0.494,0.8535,0.502,0.501,0.6045,0.512,-0.358,-0.093,0.864
0.81244,0.72711,0.32489,0.59778,0.46756,0.46533,0.44044,0.44489,0.75294,0.86471,0.55882,0.63529,0.5,0.50588,0.50588,0.5,0.507,0.5425,0.492,0.689,0.5,0.496,0.5995,0.5135,-0.085,0.103,0.949,0.28824,0.47647,0.57059,0.27059,0.5,0.5,0.5,0.5,0.92178,0.92,0.36222,0.57422,0.46844,0.48,0.46133,0.46667,0.15882,0.54118,0.5,0.3,0.50588,0.5,0.5,0.48824,0.456,0.493,0.6605,0.483,0.4945,0.4245,0.499,0.5035,-0.201,-0.005,1.011
0.82222,0.92089,0.40844,0.46622,0.46978,0.48,0.46089,0.46578,0.28235,0.50588,0.63529,0.28824,0.5,0.5,0.5,0.49412,0.421,0.49,0.6205,0.4465,0.4945,0.4245,0.501,0.505,-0.18,0.059,1.018,0.61765,0.47647,0.42941,0.48235,0.5,0.5,0.5,0.5,0.71156,0.92667,0.448,0.33778,0.46978,0.47956,0.46089,0.46578,0.50588,0.50588,0.43529,0.47647,0.50588,0.5,0.5,0.5,0.4675,0.4685,0.5155,0.3795,0.494,0.426,0.5025,0.505,-0.109,0.097,1.007
0.73511,0.92844,0.41156,0.32933,0.46711,0.47778,0.46,0.464,0.60588,0.51176,0.42941,0.49412,0.49412,0.47647,0.5,0.5,0.4925,0.447,0.5065,0.3755,0.5035,0.433,0.5055,0.505,-0.081,0.041,1.022,0.33529,0.49412,0.61176,0.32941,0.5,0.5,0.5,0.5,0.77911,0.92889,0.38444,0.28,0.468,0.47422,0.46,0.46311,0.42353,0.51176,0.59412,0.35882,0.5,0.5,0.5,0.5,0.457,0.429,0.626,0.288,0.494,0.452,0.505,0.505,-0.041,0.097,0.989
0.69111,0.93156,0.44978,0.15467,0.46889,0.46756,0.46089,0.46533,0.3,0.49412,0.65882,0.18235,0.52353,0.5,0.49412,0.50588,0.4665,0.4235,0.5865,0.457,0.494,0.484,0.499,0.5055,-0.126,0.225,0.9,0.49412,0.27059,0.31765,0.71176,0.5,0.5,0.5,0.5,0.60844,0.79022,0.47733,0.12133,0.48,0.47511,0.46089,0.46578,0.50588,0.28824,0.37059,0.70588,0.50588,0.5,0.5,0.50588,0.4495,0.4855,0.48,0.5,0.492,0.4475,0.501,0.5055,0.002,0.158,0.999
0.60889,0.66933,0.384,0.22356,0.47511,0.47467,0.46089,0.46711,0.50588,0.24706,0.26471,0.67059,0.46471,0.5,0.5,0.50588,0.445,0.4885,0.48,0.5125,0.4945,0.449,0.501,0.4965,-0.162,0.103,1.045,0.6,0.61765,0.67647,0.45294,0.5,0.5,0.5,0.5,0.58756,0.51022,0.31422,0.30844,0.45333,0.47422,0.46178,0.46711,0.52353,0.51765,0.62353,0.5,0.5,0.5,0.5,0.5,0.4935,0.548,0.5785,0.629,0.508,0.451,0.4965,0.497,-0.225,0.069,1.0
0.63378,0.58711,0.38489,0.30889,0.45556,0.47467,0.46133,0.46711,0.60588,0.67059,0.65294,0.5,0.53529,0.5,0.5,0.5,0.506,0.5225,0.67,0.5145,0.5065,0.4495,0.499,0.4965,-0.307,0.086,1.007,0.46471,0.59412,0.52353,0.56471,0.5,0.5,0.5,0.5,0.692,0.72578,0.49733,0.30044,0.47067,0.47467,0.46,0.46756,0.50588,0.58235,0.50588,0.54706,0.51176,0.5,0.5,0.50588,0.488,0.506,0.6715,0.524,0.4945,0.4495,0.5045,0.4945,-0.324,0.079,0.957
0.692,0.76267,0.51822,0.32489,0.47156,0.47467,0.46,0.46711,0.50588,0.61176,0.55294,0.54706,0.50588,0.5,0.5,0.5,0.4735,0.508,0.632,0.5655,0.4945,0.4495,0.5045,0.4965,-0.286,0.064,0.958,0.67647,0.34118,0.31765,0.4,0.5,0.5,0.5,0.5,0.70178,0.79689,0.49511,0.33822,0.47067,0.47422,0.45644,0.46622,0.65294,0.38235,0.31765,0.40588,0.5,0.5,0.47059,0.50588,0.506,0.48,0.5005,0.526,0.494,0.451,0.5195,0.5035,-0.266,0.046,1.001
0.78578,0.72889,0.39867,0.28711,0.46978,0.47378,0.45511,0.46756,0.65882,0.34706,0.31765,0.39412,0.5,0.5,0.5,0.51176,0.5065,0.47,0.5,0.5005,0.494,0.453,0.528,0.494,-0.283,0.016,1.023,0.24706,0.48824,0.74706,0.55882,0.5,0.5,0.5,0.5,0.85467,0.62,0.34311,0.25022,0.47111,0.47422,0.45556,0.47556,0.31176,0.5,0.72353,0.58235,0.51176,0.5,0.5,0.5,0.4505,0.4815,0.6735,0.515,0.495,0.452,0.5255,0.494,-0.302,0.079,0.985
0.74178,0.62,0.46622,0.28311,0.47733,0.47422,0.45556,0.47556,0.21765,0.49412,0.73529,0.55882,0.50588,0.5,0.5,0.5,0.4375,0.4765,0.6885,0.5,0.4935,0.452,0.5255,0.494,-0.292,0.105,0.985,0.54706,0.46471,0.12353,0.56471,0.5,0.5,0.5,0.5,0.53378,0.59422,0.52178,0.33333,0.47867,0.47422,0.46133,0.47467,0.65882,0.37059,0.14118,0.50588,0.50588,0.5,0.5,0.5,0.5065,0.4855,0.5025,0.5285,0.4925,0.452,0.4985,0.494,-0.245,0.108,1.019
0.58089,0.53511,0.33689,0.33511,0.45911,0.47378,0.46133,0.47467,0.57059,0.41176,0.15882,0.5,0.43529,0.5,0.5,0.5,0.491,0.51,0.489,0.6765,0.507,0.453,0.4975,0.4945,-0.138,0.141,0.948,0.46471,0.53529,0.46471,0.50588,0.5,0.5,0.5,0.5,0.59289,0.50444,0.11244,0.34933,0.46756,0.464,0.44756,0.48711,0.51176,0.44118,0.44706,0.5,0.5,0.5,0.5,0.50588,0.491,0.5315,0.442,0.8025,0.4965,0.5,0.5665,0.4885,-0.18,-0.143,0.997
0.58133,0.49911,0.09511,0.34933,0.46756,0.464,0.44756,0.48711,0.47647,0.5,0.42353,0.5,0.49412,0.5,0.5,0.50588,0.4885,0.5555,0.435,0.817,0.4965,0.5,0.5665,0.4885,-0.176,-0.147,1.003,0.44706,0.65882,0.67059,0.40588,0.5,0.5,0.5,0.5,0.54089,0.49956,0.12267,0.34889,0.46756,0.464,0.44756,0.48667,0.45294,0.51765,0.67059,0.5,0.5,0.5,0.5,0.5,0.4885,0.6975,0.499,0.6875,0.4965,0.5,0.5665,0.4885,-0.222,-0.153,1.002
0.50533,0.59956,0.20356,0.31067,0.46622,0.464,0.44756,0.48667,0.43529,0.77059,0.65882,0.40588,0.48824,0.5,0.5,0.5,0.493,0.628,0.5075,0.637,0.5055,0.5,0.5665,0.488,-0.287,-0.111,0.998,0.75294,0.53529,0.41765,0.46471,0.5,0.5,0.5,0.5,0.51956,0.79111,0.27333,0.25511,0.46533,0.46489,0.448,0.48622,0.73529,0.57059,0.40588,0.48235,0.5,0.5,0.5,0.5,0.529,0.5195,0.5235,0.579,0.5055,0.496,0.5645,0.4885,-0.305,-0.111,0.987
0.63644,0.82178,0.23022,0.23956,0.46533,0.46489,0.448,0.48622,0.75294,0.58824,0.41765,0.45882,0.5,0.5,0.5,0.50588,0.542,0.51,0.5305,0.5675,0.506,0.496,0.5645,0.488,-0.326,-0.129,0.976,0.65294,0.32353,0.84118,0.68824,0.5,0.5,0.5,0.5,0.796,0.84978,0.25067,0.25467,0.46356,0.46489,0.448,0.48622,0.49412,0.36471,0.76471,0.64706,0.5,0.5,0.5,0.5,0.6075,0.457,0.742,0.6935,0.5045,0.496,0.564,0.489,-0.476,-0.091,0.912
0.79511,0.81511,0.39022,0.36133,0.46311,0.46489,0.444,0.47822,0.5,0.45294,0.77647,0.72941,0.50588,0.5,0.48824,0.4,0.751,0.3645,0.903,0.648,0.504,0.496,0.582,0.495,0.036,-0.068,1.462,0.38235,0.32353,0.43529,0.51765,0.5,0.5,0.5,0.5,1.00756,0.70267,0.64311,0.48133,0.46622,0.464,0.43289,0.44667,0.45294,0.19412,0.46471,0.5,0.48824,0.50588,0.5,0.50588,0.494,0.3245,0.502,0.633,0.506,0.5005,0.635,0.5115,-0.22,-0.175,0.937
0.95289,0.47422,0.61067,0.48178,0.46756,0.46444,0.43378,0.45689,0.37647,0.04118,0.45294,0.5,0.54118,0.5,0.5,0.51176,0.4935,0.492,0.5,0.6745,0.494,0.4985,0.632,0.5055,-0.312,-0.211,1.027,0.34706,0.73529,0.32941,0.27647,0.5,0.5,0.5,0.5,0.89067,0.31822,0.53156,0.44178,0.468,0.464,0.43511,0.46178,0.46471,0.51765,0.35294,0.28235,0.50588,0.5,0.5,0.52353,0.433,0.64,0.4315,0.5555,0.4945,0.5,0.626,0.505,-0.091,-0.112,1.0
0.87867,0.44933,0.47156,0.324,0.46933,0.46444,0.43911,0.468,0.51176,0.77059,0.35882,0.26471,0.51176,0.5,0.51176,0.50588,0.3195,0.6025,0.306,0.578,0.495,0.498,0.6085,0.495,0.008,-0.064,1.047,0.57647,0.51765,0.32941,0.64706,0.5,0.5,0.5,0.5,0.87956,0.64356,0.352,0.19778,0.472,0.46444,0.45467,0.46622,0.50588,0.49412,0.40588,0.53529,0.50588,0.5,0.5,0.5,0.202,0.5415,0.1215,0.78,0.4955,0.4985,0.5305,0.5025,0.11,0.036,1.03
0.88044,0.64311,0.30756,0.25378,0.472,0.46444,0.456,0.46622,0.5,0.5,0.5,0.64706,0.5,0.5,0.5,0.51176,0.297,0.552,0.009,0.873,0.4955,0.4985,0.524,0.5025,0.023,0.045,1.019,0.53529,0.58235,0.82353,0.55294,0.5,0.5,0.5,0.5,0.86578,0.70044,0.22933,0.38933,0.46711,0.46489,0.46222,0.46622,0.48235,0.50588,0.75882,0.55294,0.5,0.5,0.50588,0.47647,0.422,0.537,0.534,0.728,0.5035,0.4965,0.4955,0.505,-0.215,-0.061,0.83
0.828,0.75422,0.40133,0.40978,0.46756,0.46444,0.45378,0.46533,0.38824,0.67647,0.77059,0.54118,0.49412,0.5,0.5,0.5,0.485,0.5205,0.508,0.76,0.5035,0.4985,0.535,0.505,-0.352,-0.033,0.953,0.47647,0.3,0.47059,0.24118,0.5,0.5,0.5,0.5,0.82044,0.828,0.57422,0.41067,0.46667,0.464,0.45289,0.46667,0.46471,0.45294,0.5,0.24706,0.51176,0.5,0.5,0.51176,0.4935,0.4345,0.544,0.4945,0.5005,0.502,0.539,0.4965,-0.284,0.033,0.964
0.8,0.76089,0.55778,0.29111,0.46667,0.46444,0.45244,0.47689,0.48235,0.42941,0.5,0.28824,0.5,0.5,0.5,0.50588,0.5065,0.3745,0.5505,0.4335,0.5035,0.499,0.5405,0.4935,-0.303,0.171,0.881,0.6,0.62353,0.50588,0.44118,0.5,0.5,0.5,0.5,0.83111,0.584,0.54711,0.11422,0.48178,0.472,0.46133,0.46622,0.63529,0.61176,0.57059,0.42353,0.53529,0.5,0.50588,0.5,0.493,0.507,0.5295,0.447,0.4905,0.4635,0.4995,0.5035,-0.033,0.132,1.069
0.92089,0.64889,0.56178,0.07822,0.48844,0.472,0.46089,0.46711,0.60588,0.62353,0.5,0.42353,0.50588,0.5,0.5,0.5,0.464,0.5065,0.473,0.474,0.4875,0.463,0.501,0.4965,-0.137,0.116,0.986,0.21176,0.35294,0.51765,0.6,0.5,0.5,0.5,0.5,0.892,0.66622,0.56756,0.04667,0.46489,0.46356,0.46178,0.46356,0.24706,0.35882,0.52941,0.54118,0.51176,0.50588,0.5,0.50588,0.4485,0.4965,0.49,0.6185,0.5055,0.5035,0.4965,0.505,-0.114,0.238,1.017
0.78667,0.59022,0.58444,0.08311,0.464,0.46356,0.46133,0.46756,0.41176,0.34706,0.5,0.55882,0.48824,0.5,0.5,0.50588,0.366,0.507,0.4525,0.687,0.505,0.503,0.4985,0.495,-0.057,0.251,1.036,0.54706,0.78824,0.35294,0.68235,0.5,0.5,0.5,0.5,0.71556,0.48444,0.60444,0.15733,0.456,0.46356,0.46089,0.46889,0.50588,0.5,0.5,0.63529,0.5,0.5,0.5,0.50588,0.26,0.686,0.18,0.904,0.5055,0.503,0.5,0.496,-0.125,0.198,1.021
0.716,0.54756,0.59511,0.17644,0.44756,0.46356,0.46089,0.46889,0.50588,0.71765,0.5,0.5,0.5,0.5,0.5,0.50588,0.316,0.8205,0.0025,0.9985,0.5095,0.503,0.5,0.4965,-0.134,0.186,0.981,0.69412,0.77059,0.32941,0.64118,0.5,0.5,0.5,0.5,0.724,0.55867,0.58133,0.17689,0.44756,0.46356,0.46089,0.46844,0.65882,0.50588,0.23529,0.5,0.5,0.5,0.5,0.49412,0.4445,0.8495,0.035,0.9995,0.5105,0.503,0.5,0.496,-0.133,0.152,0.952
0.81956,0.55867,0.504,0.17689,0.44756,0.46356,0.46089,0.46889,0.68824,0.50588,0.31765,0.5,0.5,0.5,0.5,0.5,0.4495,0.8445,0.107,0.9995,0.511,0.503,0.5,0.496,-0.195,0.208,1.018,0.32941,0.74118,0.32353,0.44118,0.5,0.5,0.5,0.5,0.93422,0.55867,0.39422,0.17689,0.44756,0.46311,0.46089,0.46889,0.50588,0.50588,0.5,0.5,0.5,0.5,0.5,0.50588,0.338,0.8355,0.006,0.908,0.5095,0.5055,0.5,0.495,-0.063,0.233,0.984
0.93467,0.42489,0.328,0.17867,0.44756,0.46356,0.46178,0.46756,0.5,0.1,0.3,0.5,0.50588,0.5,0.5,0.5,0.1545,0.5,0.125,0.7575,0.51,0.503,0.497,0.495,0.153,0.308,0.998,0.22353,0.74118,0.47059,0.55882,0.5,0.5,0.5,0.5,0.93556,0.268,0.22444,0.188,0.44889,0.46,0.46089,0.46756,0.51176,0.47647,0.48824,0.59412,0.51176,0.49412,0.5,0.50588,0.1625,0.5,0.0845,0.6415,0.509,0.5185,0.4995,0.4945,0.148,0.349,0.816
0.93422,0.25511,0.27689,0.216,0.44889,0.45867,0.46044,0.47867,0.48824,0.52941,0.87059,0.54118,0.5,0.5,0.5,0.50588,0.157,0.5,0.3715,0.649,0.5105,0.526,0.5035,0.493,0.018,0.289,0.996,0.41765,0.68235,0.62353,0.40588,0.5,0.5,0.5,0.5,0.80978,0.25822,0.53822,0.24222,0.44844,0.45911,0.46089,0.47822,0.35294,0.53529,0.8,0.45294,0.5,0.5,0.5,0.5,0.272,0.5,0.4195,0.5425,0.511,0.524,0.5015,0.493,-0.031,0.083,0.966
0.68133,0.27111,0.67156,0.19867,0.448,0.46089,0.46089,0.47689,0.3,0.52941,0.71765,0.42353,0.49412,0.52941,0.5,0.49412,0.413,0.5,0.433,0.5045,0.511,0.517,0.5,0.4935,0.067,0.072,1.05,0.48824,0.82941,0.13529,0.65294,0.5,0.5,0.5,0.5,0.62711,0.27422,0.70044,0.18489,0.44844,0.46489,0.46133,0.47689,0.5,0.50588,0.5,0.57647,0.50588,0.5,0.5,0.5,0.4075,0.5,0.5,0.558,0.511,0.497,0.499,0.4935,0.026,0.062,1.013
0.62667,0.27067,0.70178,0.22622,0.44844,0.46489,0.46133,0.47733,0.5,0.48824,0.50588,0.55294,0.50588,0.5,0.5,0.50588,0.398,0.5,0.4995,0.734,0.511,0.497,0.499,0.494,-0.033,0.076,1.078,0.4,0.86471,0.14118,0.39412,0.5,0.5,0.5,0.5,0.62756,0.22178,0.70356,0.29467,0.448,0.46489,0.46133,0.47733,0.50588,0.48824,0.5,0.5,0.5,0.5,0.5,0.50588,0.32,0.5,0.5,0.6765,0.5115,0.497,0.4985,0.493,0.04,-0.02,1.059
0.61867,0.22089,0.70356,0.26311,0.44844,0.46489,0.46178,0.47644,0.35882,0.49412,0.5,0.42353,0.50588,0.5,0.5,0.49412,0.262,0.5,0.5,0.568,0.5115,0.497,0.497,0.4935,0.116,0.046,1.093,0.63529,1.01765,0.20588,0.74118,0.5,0.5,0.5,0.5,0.56622,0.23067,0.70356,0.24222,0.44889,0.46489,0.46133,0.472,0.50588,0.48235,0.5,0.63529,0.5,0.5,0.5,0.5,0.3475,0.5,0.5,0.748,0.5105,0.4965,0.4985,0.495,0.085,0.052,1.033
0.56622,0.18267,0.70356,0.356,0.44933,0.46489,0.46089,0.472,0.5,0.31765,0.5,0.75294,0.50588,0.5,0.5,0.5,0.4465,0.5,0.5,0.797,0.5105,0.497,0.5,0.495,-0.044,-0.076,1.003,0.71765,0.79412,0.1,0.47059,0.5,0.5,0.5,0.5,0.66356,0.00178,0.704,0.52222,0.45111,0.46489,0.46089,0.46622,0.57059,0.40588,0.5,0.5,0.51176,0.5,0.50588,0.50588,0.493,0.5,0.5,0.64,0.5095,0.497,0.5015,0.5035,-0.034,-0.12,1.032
0.74222,-0.01644,0.704,0.52222,0.45333,0.46444,0.46089,0.46578,0.66471,0.48235,0.5,0.5,0.51176,0.5,0.5,0.50588,0.5135,0.5,0.5,0.569,0.508,0.499,0.501,0.505,-0.032,-0.123,1.028,0.24706,1.18235,0.13529,0.47059,0.5,0.5,0.5,0.5,0.80667,-0.01956,0.704,0.50711,0.45733,0.46444,0.46044,0.46622,0.24706,0.5,0.5,0.48235,0.52353,0.5,0.5,0.50588,0.4895,0.5,0.5,0.5085,0.506,0.499,0.5015,0.505,0.026,-0.115,1.032
0.71422,-0.01867,0.704,0.49289,0.46089,0.46444,0.46044,0.46578,0.33529,0.50588,0.5,0.47647,0.50588,0.5,0.5,0.5,0.456,0.5,0.5,0.5025,0.5055,0.499,0.5025,0.5035,0.037,-0.13,1.02,0.74118,1.1,0.21176,0.52941,0.5,0.5,0.5,0.5,0.63556,-0.01733,0.704,0.476,0.46133,0.46489,0.46089,0.46622,0.52353,0.49412,0.5,0.50588,0.51176,0.5,0.5,0.5,0.4895,0.5,0.5,0.552,0.5055,0.497,0.501,0.5045,0.053,-0.15,1.03
0.71244,-0.01644,0.704,0.48178,0.46356,0.46489,0.46178,0.46622,0.66471,0.5,0.5,0.50588,0.50588,0.5,0.5,0.5,0.513,0.5,0.5,0.5935,0.5055,0.4975,0.498,0.505,0.047,-0.144,1.03,0.31176,0.85882,0.46471,0.44706,0.5,0.5,0.5,0.5,0.80844,-0.02444,0.704,0.49556,0.46578,0.46489,0.46133,0.46622,0.31176,0.49412,0.5,0.49412,0.50588,0.5,0.5,0.50588,0.4915,0.5,0.5,0.5265,0.5055,0.4975,0.4985,0.5025,0.043,-0.117,1.024
0.72533,-0.02311,0.704,0.47156,0.46756,0.46489,0.46089,0.46622,0.40588,0.49412,0.5,0.44706,0.51176,0.5,0.5,0.5,0.481,0.5,0.5,0.514,0.4965,0.4975,0.5005,0.5055,0.09,-0.138,1.036,0.70588,1.14706,0.10588,0.61176,0.5,0.5,0.5,0.5,0.67156,0.01644,0.704,0.456,0.468,0.46489,0.46133,0.45556,0.64118,0.54118,0.5,0.55882,0.5,0.5,0.5,0.5,0.506,0.5,0.5,0.6155,0.4955,0.497,0.4985,0.5065,0.029,-0.137,0.978
0.75067,0.00711,0.704,0.51511,0.468,0.46533,0.46133,0.45556,0.65294,0.4,0.5,0.56471,0.51176,0.5,0.5,0.5,0.518,0.5,0.5,0.602,0.494,0.4955,0.4975,0.507,0.003,-0.157,1.025,0.42353,1.22353,0.08824,0.14118,0.5,0.5,0.5,0.5,0.86178,-0.05244,0.70489,0.484,0.468,0.46489,0.45956,0.46,0.41176,0.53529,0.5,0.14118,0.5,0.5,0.5,0.52353,0.494,0.5,0.5,0.4975,0.496,0.497,0.507,0.505,0.131,-0.107,1.02
0.51778,0.47022,0.46622,0.46622,0.46889,0.45956,0.44711,0.468,0.5,0.50588,0.5,0.5,0.5,0.5,0.5,0.50588,0.4905,0.4935,0.498,0.498,0.5,0.5015,0.5005,0.5,0.06,-0.016,1.034,0.54706,0.72353,0.52941,0.51176,0.5,0.5,0.5,0.5,0.52356,0.53156,0.47733,0.46978,0.46844,0.45956,0.448,0.468,0.56471,0.72353,0.52941,0.5,0.5,0.5,0.5,0.50588,0.493,0.5105,0.4975,0.502,0.5035,0.501,0.497,0.5,-0.019,0.047,1.038
0.54978,0.64889,0.49289,0.47156,0.46889,0.46,0.44756,0.46756,0.56471,0.74118,0.52353,0.50588,0.51176,0.5,0.5,0.50588,0.493,0.509,0.4915,0.5225,0.497,0.499,0.4975,0.497,-0.043,0.024,1.046,0.73529,0.52353,0.28235,0.53529,0.5,0.5,0.5,0.5,0.64356,0.78267,0.44622,0.476,0.46889,0.46044,0.448,0.468,0.74706,0.5,0.29412,0.50588,0.50588,0.5,0.49412,0.5,0.5095,0.511,0.452,0.5895,0.5,0.497,0.495,0.5035,-0.029,-0.014,1.035
0.77911,0.78933,0.33956,0.48489,0.46889,0.46,0.44622,0.46711,0.74706,0.54706,0.3,0.50588,0.50588,0.5,0.5,0.5,0.506,0.5135,0.4295,0.63,0.4965,0.4985,0.503,0.5055,-0.022,-0.019,1.054,0.37059,0.35294,0.59412,0.47059,0.5,0.5,0.5,0.5,0.89956,0.82044,0.23156,0.50711,0.46933,0.45911,0.44133,0.46489,0.37059,0.42941,0.58824,0.54118,0.50588,0.5,0.5,0.5,0.469,0.459,0.499,0.5805,0.4965,0.5025,0.527,0.5055,-0.055,-0.098,1.046
0.83867,0.74667,0.27422,0.50711,0.46933,0.45911,0.44178,0.46533,0.37059,0.28235,0.58235,0.48824,0.51176,0.5,0.5,0.50588,0.464,0.468,0.505,0.506,0.4945,0.5025,0.5265,0.5055,-0.151,-0.159,1.036,0.35882,0.41176,0.48235,0.58824,0.5,0.5,0.5,0.5,0.74444,0.61467,0.32089,0.52,0.46933,0.46,0.44667,0.46578,0.42941,0.36471,0.50588,0.57647,0.5,0.5,0.50588,0.5,0.425,0.4795,0.519,0.503,0.4965,0.4995,0.5035,0.5055,0.023,-0.061,1.046
0.688,0.56844,0.32,0.55867,0.46889,0.46089,0.44756,0.46578,0.35882,0.41176,0.5,0.57059,0.5,0.5,0.5,0.5,0.4075,0.479,0.48,0.531,0.4965,0.4955,0.498,0.5055,0.093,-0.024,1.011,0.50588,0.47647,0.58824,0.32353,0.5,0.5,0.5,0.5,0.59556,0.47822,0.33733,0.56,0.46711,0.46044,0.44711,0.46711,0.38235,0.48824,0.56471,0.33529,0.49412,0.49412,0.5,0.51176,0.442,0.4935,0.498,0.491,0.5055,0.4965,0.5,0.5035,0.106,0.015,1.055
0.55867,0.47556,0.37067,0.48667,0.46933,0.46044,0.44667,0.46889,0.44118,0.51176,0.56471,0.33529,0.5,0.5,0.5,0.50588,0.4805,0.4915,0.545,0.414,0.4945,0.497,0.502,0.4945,0.108,-0.015,1.015,0.63529,0.80588,0.52941,0.42941,0.5,0.5,0.5,0.5,0.52711,0.55289,0.404,0.356,0.46978,0.46089,0.44844,0.47822,0.54706,0.8,0.5,0.45294,0.50588,0.5,0.5,0.48235,0.5475,0.507,0.6825,0.4285,0.4945,0.496,0.4945,0.4935,-0.007,0.026,1.008
0.62711,0.70622,0.428,0.32044,0.48133,0.46178,0.44844,0.47467,0.72353,0.79412,0.52941,0.44118,0.52353,0.5,0.5,0.5,0.512,0.5085,0.64,0.4255,0.492,0.4915,0.494,0.494,-0.133,0.021,1.03,0.64118,0.5,0.30588,0.75882,0.5,0.5,0.5,0.5,0.768,0.89422,0.40444,0.34089,0.47644,0.46222,0.44933,0.47022,0.66471,0.42941,0.32353,0.68235,0.46471,0.5,0.5,0.5,0.507,0.5065,0.5025,0.539,0.494,0.4895,0.4895,0.4945,-0.188,-0.06,1.022
0.85022,0.88844,0.31244,0.44844,0.46933,0.46089,0.44622,0.468,0.64118,0.51176,0.33529,0.72353,0.49412,0.50588,0.5,0.49412,0.5045,0.5065,0.4905,0.658,0.4985,0.496,0.504,0.503,-0.146,-0.055,0.905,0.5,0.25882,0.42941,0.40588,0.5,0.5,0.5,0.5,0.96489,0.83156,0.16356,0.60889,0.45156,0.47244,0.44756,0.46889,0.49412,0.37059,0.37647,0.48824,0.51176,0.5,0.5,0.49412,0.471,0.48,0.5385,0.4715,0.51,0.4405,0.4985,0.4945,-0.026,0.007,1.073
0.96533,0.74933,0.128,0.57822,0.452,0.47244,0.44711,0.46711,0.51176,0.35294,0.44118,0.44706,0.5,0.5,0.5,0.5,0.4705,0.436,0.542,0.389,0.51,0.4405,0.5005,0.505,0.099,0.027,1.04,0.51176,0.66471,0.55882,0.45882,0.5,0.5,0.5,0.5,0.96533,0.68133,0.08756,0.54356,0.452,0.47156,0.44667,0.46756,0.5,0.5,0.5,0.48235,0.50588,0.5,0.5,0.51176,0.476,0.436,0.626,0.2215,0.5095,0.443,0.5025,0.503,0.131,0.041,1.049
0.96533,0.72489,0.10444,0.51378,0.452,0.472,0.44711,0.46844,0.5,0.66471,0.57059,0.42941,0.50588,0.5,0.5,0.50588,0.481,0.4755,0.691,0.263,0.5095,0.4425,0.5005,0.4965,0.162,0.052,1.004,0.50588,0.33529,0.48824,0.42941,0.5,0.5,0.5,0.5,0.96533,0.812,0.13778,0.46756,0.45244,0.472,0.44711,0.46844,0.50588,0.50588,0.5,0.44706,0.50588,0.5,0.5,0.50588,0.487,0.3895,0.6795,0.258,0.509,0.4425,0.5005,0.4975,0.145,0.034,1.051
0.96489,0.81244,0.13778,0.44444,0.45244,0.47156,0.44667,0.46844,0.5,0.48824,0.5,0.42353,0.5,0.5,0.5,0.5,0.489,0.223,0.6515,0.197,0.509,0.444,0.501,0.4975,0.192,0.01,1.035,0.19412,0.41176,0.84118,0.3,0.5,0.5,0.5,0.5,0.91378,0.80578,0.232,0.35022,0.46578,0.45867,0.44711,0.46844,0.18235,0.50588,0.91765,0.21765,0.51176,0.47059,0.5,0.50588,0.4475,0.126,0.713,0.1235,0.505,0.502,0.501,0.4975,0.168,0.023,1.02
0.72489,0.80578,0.41911,0.22356,0.468,0.45467,0.44711,0.46889,0.16471,0.50588,0.86471,0.10588,0.50588,0.47647,0.5,0.5,0.4755,0.1285,0.6485,0.238,0.503,0.5225,0.501,0.495,0.09,-0.003,1.028,0.66471,0.31176,0.32941,0.57059,0.5,0.5,0.5,0.5,0.54711,0.50489,0.59422,0.07733,0.48667,0.47422,0.44711,0.46889,0.8,0.28235,0.42353,0.57647,0.51176,0.53529,0.5,0.49412,0.5115,0.4805,0.495,0.493,0.4885,0.431,0.501,0.494,0.026,0.171,1.024
0.64533,0.40222,0.51778,0.11422,0.48667,0.47511,0.44711,0.46756,0.71765,0.34118,0.29412,0.57059,0.5,0.49412,0.5,0.50588,0.5085,0.481,0.456,0.4875,0.489,0.4255,0.501,0.5035,-0.163,0.121,0.996,0.49412,0.74706,0.55882,0.65882,0.5,0.5,0.5,0.5,0.76356,0.33778,0.41022,0.20844,0.48178,0.47511,0.44711,0.46889,0.51176,0.74118,0.57059,0.65294,0.5,0.5,0.5,0.49412,0.4885,0.51,0.5815,0.5,0.492,0.427,0.501,0.4945,-0.163,0.13,1.004
0.76222,0.45422,0.43422,0.28044,0.48178,0.47467,0.44756,0.46756,0.5,0.72353,0.58824,0.6,0.5,0.49412,0.5,0.5,0.4875,0.5175,0.6095,0.526,0.492,0.4275,0.498,0.5035,-0.206,0.08,1.009,0.3,0.72941,0.34118,0.62353,0.5,0.5,0.5,0.5,0.75244,0.62711,0.46178,0.37644,0.48133,0.46889,0.44889,0.468,0.36471,0.67647,0.43529,0.6,0.5,0.48235,0.51176,0.51176,0.415,0.573,0.3945,0.718,0.493,0.454,0.4925,0.495,-0.174,0.003,1.004
0.68667,0.72533,0.40578,0.42667,0.46489,0.46978,0.45067,0.468,0.50588,0.71765,0.41765,0.58824,0.47059,0.51176,0.5,0.5,0.334,0.5955,0.275,0.7785,0.505,0.4535,0.4825,0.499,-0.037,0.027,0.945,0.53529,0.57059,0.74118,0.25882,0.5,0.5,0.5,0.5,0.52222,0.95867,0.32444,0.47911,0.45422,0.476,0.44711,0.468,0.09412,0.57059,0.57059,0.27059,0.5,0.5,0.5,0.50588,0.477,0.5125,0.5865,0.4945,0.508,0.4225,0.5,0.5,-0.192,-0.009,1.05
0.452,1.00622,0.41778,0.35511,0.45333,0.476,0.44711,0.468,0.5,0.58235,0.73529,0.25294,0.50588,0.5,0.5,0.5,0.524,0.507,0.757,0.4775,0.5085,0.4225,0.5,0.5,-0.207,0.028,0.992,0.85294,0.31176,0.33529,0.74706,0.5,0.5,0.5,0.5,0.54489,1.0,0.54533,0.29111,0.48133,0.476,0.44667,0.468,1.08235,0.34706,0.33529,0.74118,0.51176,0.5,0.5,0.51176,0.553,0.4915,0.5665,0.501,0.4915,0.4225,0.502,0.5,-0.146,0.059,0.994
0.78489,0.94311,0.46711,0.41556,0.48133,0.47556,0.44489,0.46622,0.86471,0.26471,0.34118,0.69412,0.49412,0.5,0.48824,0.5,0.517,0.467,0.504,0.505,0.492,0.425,0.5105,0.5055,-0.35,-0.088,0.972,0.31176,0.28235,0.45882,0.28235,0.5,0.5,0.5,0.5,0.97156,0.80978,0.36356,0.51422,0.46889,0.46444,0.43689,0.44933,0.51176,0.41765,0.44118,0.37059,0.49412,0.5,0.47059,0.5,0.4725,0.377,0.4975,0.3845,0.4965,0.478,0.5475,0.5105,0.031,-0.02,0.985
0.87911,0.70978,0.34,0.40311,0.46844,0.45867,0.42978,0.45422,0.17647,0.11765,0.44706,0.25882,0.50588,0.5,0.5,0.55294,0.482,0.4025,0.509,0.384,0.5035,0.5045,0.582,0.506,-0.017,-0.07,1.05,0.35882,0.72941,0.52353,0.38824,0.5,0.5,0.5,0.5,0.69689,0.59289,0.30978,0.22622,0.46978,0.46356,0.44267,0.48311,0.36471,0.5,0.5,0.35294,0.50588,0.53529,0.53529,0.45882,0.493,0.483,0.579,0.4315,0.494,0.4835,0.5245,0.492,-0.119,0.021,1.039
0.62533,0.65822,0.30933,0.16444,0.46711,0.47022,0.44711,0.47556,0.35882,0.71176,0.5,0.38824,0.5,0.52941,0.5,0.5,0.493,0.509,0.638,0.454,0.5055,0.4505,0.5005,0.494,-0.001,0.034,1.021,0.5,0.37647,0.52353,0.61176,0.5,0.5,0.5,0.5,0.52578,0.76978,0.31111,0.12844,0.45556,0.472,0.44711,0.47422,0.5,0.38824,0.5,0.61176,0.5,0.5,0.5,0.5,0.509,0.491,0.7335,0.4995,0.5075,0.4415,0.5005,0.4945,-0.045,0.058,1.03
0.52533,0.71378,0.32578,0.18133,0.45556,0.472,0.44667,0.47422,0.49412,0.42941,0.5,0.59412,0.49412,0.5,0.5,0.50588,0.5095,0.486,0.722,0.5065,0.5075,0.4425,0.502,0.494,-0.084,0.013,1.043,0.47059,0.61176,0.47647,0.63529,0.5,0.5,0.5,0.5,0.51822,0.66178,0.34622,0.27289,0.456,0.47156,0.44667,0.47467,0.49412,0.57647,0.5,0.58235,0.50588,0.5,0.5,0.50588,0.507,0.506,0.655,0.6,0.5075,0.444,0.5025,0.4945,-0.14,-0.026,1.022
0.512,0.69156,0.348,0.32178,0.45644,0.47111,0.44667,0.472,0.47059,0.55294,0.50588,0.61176,0.49412,0.5,0.5,0.48235,0.5,0.521,0.5905,0.7005,0.5075,0.4455,0.5025,0.495,-0.203,-0.025,1.01,0.75294,0.69412,0.30588,0.68824,0.5,0.5,0.5,0.5,0.58222,0.76889,0.29822,0.43556,0.45244,0.472,0.44622,0.46711,0.80588,0.67059,0.35294,0.68235,0.5,0.50588,0.5,0.5,0.5065,0.581,0.4495,0.842,0.51,0.4405,0.5045,0.5045,-0.322,-0.043,0.926
0.71911,0.86667,0.19822,0.53111,0.46844,0.45956,0.44578,0.46622,0.55294,0.94706,0.24706,0.70588,0.47059,0.5,0.60588,0.59412,0.507,0.547,0.4565,0.8405,0.5055,0.4995,0.516,0.5025,0.092,-0.081,1.084,0.51176,0.3,0.84706,0.18824,0.5,0.5,0.5,0.5,0.84756,1.00267,0.13867,0.63333,0.45111,0.46,0.44756,0.46889,0.38235,0.35882,0.74706,0.20588,0.52941,0.5,0.5,0.51176,0.513,0.492,0.743,0.3895,0.509,0.497,0.4975,0.4945,-0.333,0.038,0.955
0.84444,0.96,0.28711,0.48356,0.46444,0.46089,0.44711,0.46756,0.50588,0.50588,0.68824,0.27059,0.54118,0.5,0.5,0.49412,0.516,0.421,0.8715,0.3485,0.5045,0.4945,0.5,0.5025,-0.464,0.017,0.916,0.40588,0.36471,0.38824,0.52353,0.5,0.5,0.5,0.5,0.844,0.95911,0.50044,0.29244,0.46756,0.45778,0.44667,0.46578,0.48235,0.49412,0.5,0.5,0.50588,0.5,0.49412,0.48824,0.4935,0.121,0.6275,0.4125,0.5055,0.5085,0.503,0.505,-0.376,-0.025,0.975
0.804,0.92489,0.46044,0.28667,0.46711,0.45733,0.44044,0.46578,0.42941,0.40588,0.40588,0.52353,0.50588,0.5,0.49412,0.50588,0.4915,0.138,0.5455,0.4985,0.5055,0.5105,0.531,0.505,-0.309,-0.02,1.028,0.38235,0.5,0.57647,0.35882,0.5,0.5,0.5,0.5,0.69378,0.70178,0.39556,0.25333,0.46844,0.45911,0.44933,0.46711,0.43529,0.12353,0.5,0.35294,0.50588,0.52941,0.5,0.49412,0.5045,0.477,0.658,0.496,0.4995,0.505,0.49,0.5055,-0.375,0.104,0.91
0.61644,0.65778,0.39556,0.19111,0.47022,0.46622,0.44756,0.46756,0.42941,0.50588,0.50588,0.35882,0.51176,0.55294,0.5,0.48824,0.513,0.4935,0.844,0.4495,0.495,0.4715,0.4975,0.5035,-0.371,0.121,0.894,0.64118,0.38235,0.40588,0.88235,0.5,0.5,0.5,0.5,0.53644,0.62622,0.41867,0.224,0.47022,0.46711,0.44756,0.46756,0.5,0.35882,0.5,0.87059,0.50588,0.5,0.5,0.50588,0.604,0.49,0.805,0.5065,0.495,0.4645,0.498,0.5035,-0.476,0.003,0.905
0.57244,0.544,0.40889,0.38267,0.46978,0.46311,0.44578,0.468,0.68235,0.39412,0.44706,0.80588,0.49412,0.45882,0.5,0.50588,0.626,0.5065,0.62,0.6785,0.4945,0.48,0.505,0.5,-0.517,-0.05,0.91,0.61765,0.62941,0.67647,0.48235,0.5,0.5,0.5,0.5,0.74711,0.42311,0.39022,0.52267,0.46889,0.45822,0.44,0.46711,0.50588,0.50588,0.58824,0.5,0.5,0.5,0.5,0.5,0.5735,0.622,0.723,0.951,0.4975,0.5065,0.5335,0.5045,-0.554,-0.057,0.874
0.74622,0.42667,0.45022,0.53378,0.46844,0.45822,0.43733,0.46622,0.5,0.65882,0.7,0.5,0.5,0.5,0.48235,0.48235,0.671,0.678,0.868,0.856,0.5025,0.5065,0.545,0.505,-0.471,-0.055,0.825,0.23529,0.52353,0.37647,0.38235,0.5,0.5,0.5,0.5,0.85422,0.62711,0.58489,0.53378,0.46889,0.45911,0.436,0.45244,0.36471,0.50588,0.45294,0.49412,0.50588,0.50588,0.5,0.5,0.491,0.5395,0.528,0.622,0.499,0.5035,0.553,0.5095,-0.442,-0.082,0.914
0.76711,0.62622,0.52756,0.47689,0.46978,0.46044,0.43733,0.45333,0.32353,0.5,0.38235,0.40588,0.50588,0.5,0.5,0.50588,0.4535,0.5555,0.4985,0.606,0.4945,0.496,0.5465,0.5085,-0.356,-0.023,0.96,0.49412,0.62353,0.46471,0.38235,0.5,0.5,0.5,0.5,0.70133,0.67911,0.45333,0.37956,0.47111,0.46578,0.448,0.45511,0.5,0.65882,0.45294,0.4,0.50588,0.5,0.5,0.50588,0.3175,0.5565,0.447,0.5505,0.4945,0.473,0.4955,0.5075,-0.259,0.006,0.986
0.70133,0.75867,0.42933,0.32356,0.47156,0.46889,0.44711,0.45867,0.5,0.66471,0.44118,0.38824,0.50588,0.50588,0.5,0.51176,0.3135,0.5355,0.4755,0.508,0.4945,0.4555,0.4995,0.506,-0.22,0.107,1.03,0.51765,0.50588,0.43529,0.66471,0.5,0.5,0.5,0.5,0.57956,0.86178,0.37111,0.29156,0.47111,0.47111,0.44667,0.46267,0.33529,0.5,0.45294,0.58824,0.5,0.5,0.5,0.5,0.492,0.5135,0.5495,0.607,0.4945,0.445,0.502,0.5055,-0.237,0.047,0.983
0.57467,0.86222,0.34533,0.35689,0.46711,0.47111,0.44622,0.46178,0.55294,0.50588,0.44706,0.58235,0.5,0.5,0.5,0.5,0.493,0.5145,0.505,0.6975,0.5055,0.4455,0.5035,0.505,-0.312,-0.009,0.994,0.66471,0.3,0.4,0.66471,0.5,0.5,0.5,0.5,0.66044,0.832,0.29378,0.48178,0.46133,0.46711,0.43467,0.44711,0.67059,0.35882,0.41765,0.62353,0.51176,0.49412,0.44118,0.47059,0.489,0.489,0.418,0.8285,0.5055,0.463,0.555,0.512,-0.322,-0.132,0.926
0.71022,0.74578,0.23556,0.59511,0.46889,0.45956,0.428,0.44267,0.64118,0.26471,0.45882,0.71765,0.5,0.5,0.5,0.49412,0.5105,0.4825,0.456,0.6895,0.4965,0.5,0.5915,0.5155,-0.263,-0.129,0.988,0.32941,0.39412,0.52941,0.16471,0.5,0.5,0.5,0.5,0.77244,0.57333,0.17822,0.63778,0.46933,0.45956,0.424,0.43067,0.34706,0.5,0.5,0.25294,0.50588,0.5,0.5,0.5,0.488,0.49,0.491,0.4185,0.496,0.5,0.609,0.5265,-0.15,-0.166,1.016
0.68756,0.57467,0.19289,0.48533,0.468,0.45956,0.41956,0.43289,0.35294,0.50588,0.52941,0.15882,0.48824,0.5,0.5,0.54706,0.487,0.4345,0.4975,0.3315,0.5055,0.5,0.6285,0.518,0.127,0.017,0.944,0.67059,0.78824,0.43529,0.52941,0.5,0.5,0.5,0.5,0.58667,0.50933,0.17244,0.23911,0.43911,0.46622,0.43911,0.47956,0.52941,0.50588,0.4,0.48235,0.48235,0.5,0.5,0.5,0.5455,0.549,0.5685,0.601,0.518,0.47,0.538,0.493,-0.144,-0.15,0.85
0.68267,0.61644,0.14978,0.23778,0.44044,0.46578,0.43867,0.48044,0.78235,0.75294,0.47647,0.5,0.50588,0.5,0.5,0.50588,0.524,0.5795,0.522,0.679,0.5175,0.471,0.539,0.493,-0.319,-0.13,0.966,0.61176,0.56471,0.51176,0.45882,0.5,0.5,0.5,0.5,0.83911,0.80533,0.11511,0.23644,0.44222,0.46622,0.43867,0.48,0.58824,0.55882,0.5,0.5,0.50588,0.5,0.5,0.5,0.5125,0.5765,0.5225,0.704,0.517,0.4705,0.539,0.4925,-0.349,-0.152,0.969
0.88756,0.86667,0.11511,0.228,0.44178,0.46622,0.43867,0.47911,0.62941,0.65882,0.5,0.49412,0.5,0.5,0.5,0.49412,0.5165,0.536,0.551,0.6465,0.5165,0.469,0.539,0.493,-0.354,-0.152,0.97,0.48235,0.51176,0.56471,0.68235,0.5,0.5,0.5,0.5,0.96089,0.94222,0.12622,0.22089,0.44178,0.46711,0.43867,0.47467,0.50588,0.5,0.55882,0.55882,0.5,0.5,0.5,0.47647,0.507,0.5115,0.6355,0.849,0.516,0.4645,0.539,0.4955,-0.431,-0.14,0.964
0.96089,0.952,0.17244,0.30711,0.44178,0.46933,0.43778,0.45644,0.5,0.55882,0.61176,0.71176,0.50588,0.51176,0.49412,0.50588,0.4955,0.509,0.575,0.8865,0.5165,0.456,0.542,0.5065,-0.277,-0.159,0.949,0.41176,0.50588,0.78235,0.47647,0.5,0.5,0.5,0.5,0.95822,0.96533,0.30089,0.42578,0.45111,0.46933,0.43822,0.456,0.46471,0.5,0.75294,0.55294,0.51176,0.5,0.50588,0.5,0.469,0.5075,0.589,0.8,0.51,0.4545,0.5425,0.507,-0.405,-0.118,0.938
0.91467,0.96489,0.41644,0.44578,0.46489,0.472,0.44044,0.45644,0.38235,0.5,0.69412,0.5,0.57059,0.5,0.5,0.51176,0.473,0.5095,0.723,0.648,0.505,0.4415,0.5315,0.507,-0.457,-0.052,0.906,0.36471,0.51176,0.17059,0.24706,0.5,0.5,0.5,0.5,0.784,0.98267,0.50444,0.37867,0.47511,0.472,0.44622,0.46089,0.47059,0.58824,0.20588,0.24118,0.51176,0.5,0.5,0.50588,0.491,0.506,0.516,0.4975,0.4945,0.441,0.503,0.506,-0.279,-0.015,0.958
0.784,0.99022,0.34133,0.24844,0.47511,0.472,0.44711,0.46222,0.5,0.5,0.16471,0.25294,0.49412,0.5,0.5,0.50588,0.4135,0.5065,0.5,0.5,0.4945,0.441,0.5,0.506,-0.186,0.009,0.95,0.38824,0.25294,0.7,0.72941,0.5,0.5,0.5,0.5,0.59956,0.93644,0.19244,0.13644,0.44178,0.47111,0.44711,0.46356,0.37647,0.24118,0.69412,0.69412,0.50588,0.5,0.5,0.50588,0.493,0.483,0.6555,0.682,0.516,0.4445,0.4995,0.505,-0.214,-0.081,1.017
0.53644,0.87289,0.29556,0.24533,0.444,0.46533,0.44089,0.464,0.36471,0.35294,0.7,0.70588,0.51765,0.49412,0.48235,0.5,0.494,0.4065,0.646,0.7205,0.514,0.471,0.5275,0.505,-0.326,-0.134,0.992,0.81765,0.42353,0.31765,0.34118,0.5,0.5,0.5,0.5,0.52533,0.73911,0.37467,0.37689,0.45556,0.45867,0.432,0.46133,0.87647,0.5,0.32353,0.36471,0.51765,0.5,0.5,0.50588,0.5445,0.341,0.522,0.4945,0.5075,0.5035,0.5695,0.505,-0.237,-0.085,0.989
0.67556,0.71467,0.28133,0.29378,0.45733,0.45867,0.43156,0.48356,0.82941,0.34706,0.33529,0.33529,0.50588,0.5,0.5,0.55882,0.5605,0.335,0.5245,0.4975,0.507,0.503,0.573,0.4895,-0.116,-0.06,1.011,0.28824,0.64706,0.69412,0.54706,0.5,0.5,0.5,0.5,0.85733,0.60578,0.20489,0.20889,0.45822,0.46089,0.43422,0.48844,0.39412,0.5,0.65294,0.55882,0.51176,0.5,0.5,0.5,0.491,0.492,0.7055,0.533,0.506,0.4945,0.561,0.4875,-0.218,0.043,1.01
0.78711,0.66489,0.29644,0.23511,0.45956,0.46889,0.44356,0.48533,0.34706,0.64118,0.67647,0.55294,0.50588,0.51176,0.51176,0.48824,0.463,0.5055,0.7375,0.521,0.5055,0.4575,0.5175,0.49,-0.278,0.056,1.007,0.71176,0.69412,0.4,0.76471,0.5,0.5,0.5,0.5,0.70756,0.79111,0.41644,0.34267,0.464,0.47244,0.44578,0.47111,0.72941,0.65882,0.5,0.67647,0.50588,0.5,0.5,0.44118,0.4955,0.516,0.56,0.563,0.5055,0.4395,0.505,0.495,-0.314,-0.017,1.066
0.82044,0.86489,0.37689,0.44933,0.46622,0.47244,0.44578,0.46578,0.74118,0.63529,0.39412,0.72353,0.50588,0.5,0.5,0.5,0.4925,0.544,0.497,0.701,0.5055,0.4395,0.5055,0.505,-0.355,-0.188,0.87,0.37059,0.42353,0.43529,0.28824,0.5,0.5,0.5,0.5,0.93422,0.99556,0.28133,0.57778,0.46844,0.47511,0.44711,0.468,0.22353,0.40588,0.43529,0.31176,0.51176,0.5,0.5,0.50588,0.4515,0.496,0.568,0.495,0.499,0.427,0.499,0.499,-0.109,0.024,1.011
0.928,0.97422,0.25644,0.476,0.46667,0.47511,0.44667,0.468,0.50588,0.48824,0.44706,0.31176,0.5,0.5,0.5,0.50588,0.352,0.4885,0.5335,0.473,0.5055,0.4265,0.501,0.5,-0.167,0.008,1.02,0.35882,0.3,0.48824,0.35882,0.5,0.5,0.5,0.5,0.79111,0.96178,0.212,0.32,0.44889,0.47511,0.44578,0.46711,0.26471,0.40588,0.5,0.37059,0.47059,0.5,0.49412,0.5,0.4065,0.3495,0.544,0.391,0.5125,0.427,0.5035,0.505,0.059,0.068,1.021
0.66844,0.94978,0.20533,0.25733,0.44533,0.47467,0.44133,0.46711,0.27059,0.50588,0.48824,0.38824,0.5,0.5,0.48824,0.5,0.4675,0.126,0.545,0.345,0.5135,0.429,0.525,0.505,0.189,0.082,1.007,0.49412,0.37647,0.53529,0.61176,0.5,0.5,0.5,0.5,0.536,0.95022,0.20267,0.19067,0.44578,0.468,0.43822,0.46711,0.49412,0.50588,0.5,0.52353,0.50588,0.5,0.5,0.48235,0.505,0.132,0.581,0.436,0.5135,0.46,0.541,0.505,0.185,0.041,1.019
0.53289,0.94978,0.21289,0.24222,0.44533,0.468,0.43911,0.46711,0.49412,0.5,0.53529,0.61765,0.5,0.5,0.5,0.50588,0.5065,0.139,0.62,0.4705,0.5135,0.46,0.5375,0.505,0.188,0.013,1.046,0.45882,0.5,0.46471,0.4,0.5,0.5,0.5,0.5,0.51333,0.86889,0.22933,0.30978,0.44533,0.468,0.44,0.46756,0.43529,0.50588,0.5,0.47059,0.50588,0.5,0.52353,0.50588,0.5065,0.2005,0.586,0.3055,0.515,0.46,0.5335,0.5035,0.15,0.051,1.037
0.49111,0.98622,0.22,0.24044,0.44356,0.46844,0.44356,0.46844,0.45882,0.81176,0.45882,0.47647,0.5,0.5,0.51765,0.49412,0.5065,0.5,0.545,0.39,0.515,0.4585,0.516,0.4965,0.189,-0.004,1.022,0.6,0.13529,0.66471,0.70588,0.5,0.5,0.5,0.5,0.46489,0.99778,0.22578,0.23778,0.44356,0.46844,0.44711,0.46889,0.50588,0.50588,0.63529,0.70588,0.5,0.5,0.50588,0.5,0.5375,0.5,0.678,0.486,0.5145,0.4585,0.5,0.494,-0.1,0.014,1.058
0.47156,0.99733,0.29378,0.33467,0.44311,0.46889,0.44756,0.46889,0.51765,0.5,0.62941,0.69412,0.50588,0.5,0.5,0.50588,0.587,0.5,0.7495,0.5,0.5155,0.4565,0.4975,0.494,-0.212,-0.025,1.093,0.62353,0.14118,0.37647,0.64706,0.5,0.5,0.5,0.5,0.532,0.99644,0.37067,0.50178,0.444,0.46889,0.44711,0.46844,0.68235,0.49412,0.5,0.63529,0.50588,0.5,0.5,0.5,0.64,0.5,0.659,0.5055,0.5145,0.4565,0.499,0.4965,-0.273,0.023,1.009
0.63644,0.99333,0.31422,0.57244,0.44489,0.46889,0.44756,0.468,0.76471,0.48235,0.38235,0.64118,0.50588,0.5,0.5,0.51176,0.5765,0.5,0.6215,0.5225,0.514,0.4565,0.4985,0.4965,-0.305,-0.026,0.999,0.49412,0.25882,0.73529,0.44706,0.5,0.5,0.5,0.5,0.74133,0.96889,0.27111,0.64844,0.44578,0.46889,0.44756,0.46844,0.5,0.5,0.67647,0.45882,0.50588,0.5,0.5,0.5,0.5375,0.5,0.855,0.4915,0.5125,0.4565,0.4995,0.496,-0.397,0.025,0.926
0.74133,0.96889,0.32711,0.62133,0.45156,0.46889,0.44711,0.46844,0.5,0.5,0.53529,0.44706,0.50588,0.5,0.5,0.5,0.534,0.5,0.9885,0.4915,0.5085,0.4565,0.499,0.4965,-0.43,-0.007,0.939,0.55294,0.44706,0.65882,0.41176,0.5,0.5,0.5,0.5,0.74133,0.98622,0.328,0.56711,0.45333,0.46889,0.44711,0.46844,0.5,0.54118,0.5,0.42353,0.50588,0.5,0.5,0.50588,0.556,0.5,0.9995,0.461,0.507,0.4565,0.499,0.4965,-0.402,0.018,0.936
0.74533,0.99556,0.328,0.52667,0.45422,0.46889,0.44711,0.468,0.57059,0.50588,0.5,0.42353,0.51176,0.5,0.5,0.5,0.5835,0.5,0.9995,0.442,0.507,0.4565,0.499,0.4965,-0.405,-0.015,0.956,0.57059,0.25294,0.35882,0.37647,0.5,0.5,0.5,0.5,0.80444,0.99778,0.32844,0.44844,0.45733,0.46889,0.44667,0.46667,0.58235,0.51176,0.5,0.40588,0.50588,0.5,0.5,0.5,0.576,0.5,0.7795,0.372,0.5065,0.4565,0.501,0.505,-0.332,-0.028,0.965
0.85067,1.0,0.28267,0.40756,0.45778,0.46844,0.44622,0.46667,0.62353,0.50588,0.38824,0.39412,0.50588,0.5,0.5,0.5,0.56,0.5,0.651,0.2655,0.5065,0.457,0.502,0.505,-0.245,-0.031,1.023,0.57059,0.31176,0.51765,0.61176,0.5,0.5,0.5,0.5,0.92133,1.00267,0.20711,0.35467,0.46089,0.46356,0.44622,0.46667,0.54706,0.50588,0.5,0.50588,0.51176,0.5,0.5,0.50588,0.56,0.5,0.6415,0.342,0.5055,0.481,0.502,0.506,-0.191,-0.025,1.003
0.95911,1.00222,0.20756,0.396,0.46133,0.46356,0.44667,0.46844,0.67647,0.5,0.5,0.57059,0.50588,0.5,0.5,0.51176,0.5475,0.5,0.682,0.4205,0.5055,0.481,0.501,0.494,-0.211,-0.026,1.025,0.28824,0.46471,0.68235,0.34706,0.5,0.5,0.5,0.5,0.99911,1.00133,0.25378,0.42978,0.46444,0.46356,0.44711,0.46889,0.41176,0.5,0.65294,0.38824,0.52353,0.5,0.5,0.5,0.487,0.5,0.8005,0.333,0.505,0.4805,0.499,0.4945,-0.337,-0.001,0.949
0.91244,1.00178,0.344,0.35689,0.468,0.46356,0.44711,0.46844,0.28824,0.50588,0.69412,0.32941,0.51176,0.5,0.5,0.50588,0.477,0.5,0.813,0.3035,0.5045,0.481,0.499,0.4945,-0.321,0.029,0.992,0.63529,0.3,0.30588,0.72941,0.5,0.5,0.5,0.5,0.80133,1.00133,0.43556,0.3,0.46844,0.46356,0.44667,0.468,0.65294,0.5,0.31765,0.72353,0.50588,0.5,0.51176,0.51176,0.5065,0.5,0.5855,0.507,0.5035,0.481,0.501,0.4965,-0.213,0.011,1.037
0.88133,1.00089,0.34089,0.42222,0.46933,0.46711,0.44711,0.46844,0.64118,0.5,0.28235,0.71176,0.5,0.5,0.5,0.5,0.493,0.5,0.562,0.5,0.4965,0.4645,0.499,0.4965,-0.337,0.001,0.987,0.42353,0.5,0.51176,0.3,0.5,0.5,0.5,0.5,0.96,1.0,0.22489,0.50133,0.46889,0.46711,0.44667,0.468,0.48235,0.5,0.5,0.32353,0.5,0.5,0.5,0.5,0.471,0.5,0.589,0.437,0.4965,0.4645,0.501,0.5,-0.317,-0.004,1.006
0.924,1.00133,0.22444,0.42,0.46844,0.46711,0.44622,0.46711,0.41176,0.50588,0.5,0.35882,0.50588,0.5,0.5,0.5,0.4725,0.5,0.6185,0.342,0.503,0.4645,0.5015,0.5055,-0.163,0.051,1.007,0.35294,0.4,0.79412,0.65882,0.5,0.5,0.5,0.5,0.79333,1.00267,0.29022,0.33733,0.46889,0.46667,0.44667,0.46756,0.32941,0.5,0.76471,0.58235,0.5,0.5,0.5,0.51176,0.494,0.5,0.8045,0.417,0.497,0.466,0.501,0.5035,-0.349,0.07,0.963
0.72267,1.00089,0.42889,0.40667,0.47067,0.46667,0.44667,0.46756,0.38235,0.5,0.71765,0.63529,0.51176,0.5,0.5,0.50588,0.492,0.5,0.856,0.498,0.495,0.4645,0.5,0.5025,-0.443,0.081,0.907,0.68824,0.25882,0.53529,0.21765,0.5,0.5,0.5,0.5,0.66489,0.98533,0.63067,0.408,0.48356,0.47156,0.44667,0.46756,0.76471,0.47647,0.52353,0.28235,0.52353,0.50588,0.5,0.5,0.5185,0.5,0.78,0.4705,0.491,0.445,0.5005,0.5035,-0.51,0.013,0.935
0.71333,0.99911,0.63911,0.26889,0.48444,0.47111,0.44711,0.468,0.62353,0.51176,0.5,0.23529,0.5,0.5,0.5,0.50588,0.5885,0.5,0.8265,0.4435,0.4915,0.445,0.499,0.5,-0.467,0.027,0.9,0.47647,0.18824,0.27647,0.74118,0.5,0.5,0.5,0.5,0.84533,0.99244,0.63067,0.17156,0.48489,0.47111,0.44711,0.468,0.50588,0.5,0.32941,0.73529,0.50588,0.5,0.5,0.50588,0.537,0.5,0.6145,0.5005,0.4905,0.445,0.4985,0.5,-0.41,0.021,0.904
0.87378,0.98756,0.51867,0.29111,0.48489,0.47111,0.44711,0.468,0.50588,0.47059,0.27647,0.71765,0.50588,0.5,0.5,0.50588,0.507,0.5,0.6055,0.508,0.49,0.445,0.4985,0.4965,-0.41,0.021,0.958,0.36471,0.17059,0.32353,0.27647,0.5,0.5,0.5,0.5,0.872,0.92978,0.34667,0.35022,0.46933,0.46889,0.44578,0.46756,0.5,0.52941,0.32941,0.28824,0.50588,0.5,0.5,0.5,0.4455,0.5,0.5,0.5085,0.495,0.456,0.5045,0.503,-0.249,-0.007,1.013
0.85467,0.92844,0.25467,0.24044,0.46711,0.46889,0.44667,0.46756,0.38824,0.45882,0.31765,0.27647,0.5,0.5,0.5,0.50588,0.3855,0.5,0.5,0.5,0.5055,0.456,0.501,0.5035,-0.176,0.014,1.018,0.46471,0.32941,0.48235,0.47059,0.5,0.5,0.5,0.5,0.68133,0.84222,0.13689,0.09733,0.44533,0.46889,0.448,0.46711,0.36471,0.35882,0.45294,0.45882,0.48824,0.5,0.5,0.5,0.4895,0.5,0.555,0.5315,0.5145,0.456,0.4955,0.506,-0.137,-0.054,1.021
0.644,0.79156,0.12889,0.08622,0.44489,0.46889,0.44756,0.46711,0.48235,0.44706,0.48235,0.49412,0.5,0.5,0.5,0.5,0.4935,0.5,0.5515,0.5145,0.5145,0.456,0.497,0.5055,-0.136,-0.039,1.024,0.67647,0.52941,0.8,0.9,0.5,0.5,0.5,0.5,0.65689,0.74489,0.17911,0.17067,0.44267,0.46889,0.44711,0.468,0.58235,0.38235,0.75882,0.81765,0.51176,0.5,0.5,0.51176,0.5265,0.5,0.738,0.6605,0.5145,0.456,0.4985,0.5,-0.422,-0.083,0.951
0.69778,0.68667,0.32,0.34133,0.45378,0.46089,0.43689,0.46622,0.57647,0.42941,0.79412,0.87059,0.50588,0.44118,0.46471,0.48824,0.585,0.5,0.794,0.8235,0.5075,0.4905,0.546,0.505,-0.544,-0.1,0.818,0.30588,0.66471,0.41176,0.51176,0.5,0.5,0.5,0.5,0.83867,0.66533,0.53778,0.65022,0.47111,0.46178,0.44444,0.45111,0.50588,0.51176,0.46471,0.5,0.49412,0.5,0.5,0.49412,0.4675,0.5,0.466,0.502,0.4945,0.4895,0.5115,0.51,-0.565,-0.162,0.9
0.76311,0.64089,0.49289,0.63867,0.47156,0.46356,0.44711,0.44978,0.24118,0.42353,0.48235,0.5,0.51176,0.51765,0.5,0.50588,0.456,0.5,0.466,0.584,0.4945,0.4815,0.4985,0.511,-0.317,-0.081,0.983,0.62941,0.59412,0.54706,0.26471,0.5,0.5,0.5,0.5,0.70222,0.59822,0.45644,0.58533,0.47111,0.46444,0.44578,0.44933,0.49412,0.54118,0.5,0.28235,0.49412,0.5,0.49412,0.5,0.459,0.5,0.4635,0.497,0.494,0.476,0.504,0.511,-0.304,-0.081,0.985
0.72267,0.66311,0.45911,0.47422,0.47156,0.46444,0.44533,0.45778,0.57059,0.68824,0.5,0.31176,0.50588,0.5,0.5,0.54706,0.493,0.5,0.564,0.4605,0.4945,0.4765,0.5075,0.506,-0.268,-0.05,0.988,0.65882,0.44118,0.44706,0.39412,0.5,0.5,0.5,0.5,0.82089,0.81956,0.46133,0.3,0.47511,0.468,0.44578,0.46933,0.61176,0.58824,0.5,0.4,0.5,0.51176,0.5,0.5,0.5155,0.5,0.6035,0.4535,0.4945,0.461,0.506,0.4945,-0.303,0.001,0.976
0.88089,0.86,0.43778,0.24667,0.47511,0.468,0.44622,0.468,0.66471,0.57059,0.45882,0.36471,0.5,0.5,0.50588,0.49412,0.5295,0.5,0.5875,0.4485,0.4945,0.4605,0.504,0.4995,-0.348,-0.015,0.958,0.14706,0.47647,0.48235,0.71176,0.5,0.5,0.5,0.5,0.97867,0.86756,0.41156,0.24267,0.47778,0.47289,0.44711,0.46756,0.36471,0.47059,0.5,0.71176,0.50588,0.5,0.5,0.51176,0.386,0.5,0.535,0.5055,0.494,0.437,0.4985,0.5015,-0.471,0.031,0.992
0.81733,0.83111,0.404,0.32533,0.47733,0.47244,0.44756,0.46711,0.46471,0.42353,0.50588,0.68235,0.49412,0.5,0.51176,0.50588,0.349,0.5,0.5265,0.627,0.4945,0.4385,0.498,0.5035,-0.229,0.053,1.006,0.35882,0.34706,0.42941,0.62353,0.5,0.5,0.5,0.5,0.59067,0.70711,0.408,0.464,0.45289,0.472,0.44711,0.46711,0.25882,0.3,0.48235,0.59412,0.49412,0.5,0.5,0.5,0.352,0.5,0.3475,0.762,0.5085,0.4405,0.4985,0.505,-0.246,-0.038,0.917
0.47156,0.592,0.37644,0.51111,0.45733,0.46,0.42844,0.45644,0.3,0.25882,0.47059,0.65882,0.55882,0.42353,0.39412,0.47647,0.4185,0.5,0.325,0.8395,0.506,0.49,0.585,0.507,-0.256,-0.202,0.902,0.95294,0.75882,0.71765,0.38824,0.5,0.5,0.5,0.5,0.43022,0.528,0.36667,0.63289,0.46756,0.46044,0.42444,0.44178,0.92353,0.58824,0.67647,0.48824,0.50588,0.5,0.5,0.50588,0.5235,0.5,0.519,0.43,0.5055,0.498,0.607,0.5155,-0.367,-0.143,0.951
0.59378,0.59911,0.42622,0.58711,0.46622,0.45956,0.42622,0.44356,0.80588,0.66471,0.61765,0.41176,0.5,0.5,0.5,0.50588,0.6115,0.5,0.761,0.373,0.5045,0.4995,0.599,0.5145,-0.409,-0.141,0.914,0.60588,0.63529,0.52353,0.59412,0.5,0.5,0.5,0.5,0.95778,0.75733,0.61733,0.50711,0.46756,0.45911,0.42578,0.44578,0.85882,0.55882,0.48235,0.49412,0.42941,0.50588,0.5,0.48824,0.517,0.5,0.513,0.5865,0.5055,0.502,0.601,0.5135,-0.298,-0.16,0.954
1.00844,0.76978,0.62356,0.53333,0.46844,0.45956,0.42578,0.444,0.54118,0.5,0.50588,0.61765,0.5,0.5,0.5,0.49412,0.53,0.5,0.53,0.6965,0.5035,0.5015,0.6015,0.5145,-0.285,-0.174,0.971,0.35294,0.37059,0.16471,0.26471,0.5,0.5,0.5,0.5,1.01289,0.83422,0.53289,0.54978,0.46933,0.45956,0.42622,0.44311,0.50588,0.75294,0.2,0.27059,0.51176,0.5,0.5,0.50588,0.5215,0.5,0.494,0.501,0.4965,0.5,0.599,0.515,-0.25,-0.174,0.995
0.99911,0.95733,0.37956,0.42489,0.47111,0.46,0.43422,0.444,0.48235,0.68824,0.27059,0.27059,0.51765,0.5,0.5,0.50588,0.48,0.5,0.419,0.5,0.4945,0.4975,0.5625,0.5135,0.049,-0.029,1.035,0.43529,0.44706,0.44706,0.61176,0.5,0.5,0.5,0.5,0.99378,0.99111,0.18667,0.29689,0.47511,0.46,0.44756,0.44933,0.5,0.48235,0.41765,0.58235,0.50588,0.5,0.5,0.50588,0.345,0.5,0.3035,0.652,0.495,0.497,0.497,0.5105,0.018,0.0,1.091
0.992,0.99511,0.15867,0.35378,0.47467,0.46,0.44844,0.452,0.50588,0.49412,0.35294,0.6,0.5,0.5,0.5,0.51176,0.2885,0.5,0.304,0.656,0.495,0.498,0.4945,0.509,-0.109,-0.033,0.952,0.20588,0.45294,0.71765,0.5,0.5,0.5,0.5,0.5,0.98,0.99467,0.16178,0.42578,0.46844,0.46044,0.44844,0.46533,0.5,0.50588,0.70588,0.51176,0.51176,0.50588,0.5,0.54118,0.1385,0.5,0.4995,0.6305,0.4975,0.497,0.4945,0.5055,-0.214,0.002,0.976
0.96533,0.99511,0.268,0.44089,0.46933,0.46044,0.44844,0.46889,0.47647,0.50588,0.69412,0.51176,0.5,0.5,0.5,0.49412,0.148,0.5,0.5295,0.5585,0.495,0.496,0.4945,0.4945,-0.177,0.049,1.106,0.18235,0.38235,0.39412,0.23529,0.5,0.5,0.5,0.5,0.876,0.99911,0.41467,0.36178,0.46844,0.45956,0.44622,0.46711,0.41176,0.50588,0.47647,0.23529,0.50588,0.5,0.5,0.50588,0.1775,0.5,0.2835,0.5,0.5025,0.5,0.505,0.5055,0.02,0.026,0.994
0.86578,0.99822,0.36178,0.22267,0.46933,0.46044,0.44667,0.46756,0.5,0.5,0.41765,0.25882,0.50588,0.5,0.5,0.50588,0.164,0.5,0.2715,0.5,0.4975,0.496,0.501,0.5035,0.22,0.12,0.92,0.41765,0.27647,0.41176,0.73529,0.5,0.5,0.5,0.5,1.00044,0.99778,0.27956,0.10844,0.46711,0.45867,0.44889,0.46711,0.50588,0.51765,0.5,0.71765,0.50588,0.5,0.5,0.5,0.5,0.5,0.2305,0.699,0.505,0.504,0.491,0.505,0.099,0.02,1.045
1.00089,0.98978,0.23689,0.21511,0.46756,0.45867,0.44889,0.46711,0.51176,0.42353,0.41765,0.74118,0.50588,0.5,0.5,0.50588,0.5,0.5,0.212,0.763,0.505,0.504,0.4915,0.505,-0.029,-0.009,0.988,0.22353,0.38824,0.75294,0.55882,0.5,0.5,0.5,0.5,1.0,0.94267,0.212,0.39956,0.468,0.45956,0.44622,0.46711,0.5,0.57059,0.74118,0.56471,0.49412,0.5,0.5,0.5,0.5,0.5,0.498,0.6475,0.504,0.5005,0.5025,0.5055,-0.193,-0.172,1.039
0.99956,0.99689,0.34356,0.44267,0.46756,0.45911,0.43867,0.45644,0.5,0.51765,0.75294,0.57059,0.5,0.5,0.5,0.5,0.5,0.5,0.5,0.587,0.5055,0.502,0.54,0.507,-0.201,-0.121,1.011,0.32941,0.22941,0.51176,0.64118,0.5,0.5,0.5,0.5,0.99689,0.99911,0.49289,0.51867,0.46844,0.45911,0.44178,0.45467,0.5,0.50588,0.5,0.67059,0.49412,0.5,0.54706,0.58235,0.5,0.5,0.496,0.6135,0.5035,0.502,0.5265,0.506,0.226,-0.611,1.589
0.99689,0.99867,0.49867,0.60489,0.46889,0.46044,0.44756,0.46756,0.5,0.54118,0.5,0.61176,0.50588,0.50588,0.5,0.50588,0.5,0.5,0.497,0.542,0.4965,0.4975,0.498,0.5035,-0.18,0.035,1.057,0.20588,0.18235,0.37647,0.28824,0.5,0.5,0.5,0.5,0.99689,0.97911,0.46756,0.64222,0.46978,0.45956,0.44578,0.46622,0.5,0.48824,0.39412,0.3,0.50588,0.5,0.5,0.5,0.5,0.5,0.4815,0.4255,0.494,0.5,0.5045,0.5055,0.124,0.09,1.03
0.99733,0.96978,0.40844,0.53689,0.46933,0.45956,0.44578,0.46711,0.50588,0.48824,0.38824,0.28235,0.50588,0.5,0.5,0.50588,0.5,0.5,0.464,0.416,0.4965,0.5005,0.507,0.5055,0.119,0.004,1.022,0.34706,0.17059,0.58824,0.65882,0.5,0.5,0.5,0.5,0.99822,0.99422,0.36,0.44622,0.46933,0.45911,0.44711,0.46756,0.5,0.5,0.58824,0.64118,0.5,0.5,0.5,0.50588,0.5,0.5,0.499,0.505,0.4965,0.502,0.499,0.5035,0.062,0.006,1.036
0.99778,0.992,0.40267,0.524,0.46933,0.45911,0.44756,0.46756,0.5,0.47647,0.58235,0.65294,0.5,0.5,0.5,0.50588,0.5,0.5,0.5,0.5165,0.4965,0.502,0.4975,0.5035,-0.007,0.005,1.023,0.31765,0.28824,0.48824,0.12941,0.5,0.5,0.5,0.5,0.99689,0.97156,0.45022,0.50978,0.46978,0.45956,0.44667,0.46756,0.5,0.48235,0.48824,0.13529,0.50588,0.5,0.50588,0.51176,0.5,0.5,0.497,0.4455,0.4955,0.4995,0.502,0.5035,0.121,0.033,1.015
0.99689,0.99644,0.444,0.32756,0.46933,0.45956,0.44667,0.46711,0.5,0.50588,0.5,0.20588,0.50588,0.5,0.5,0.50588,0.5,0.5,0.5005,0.4135,0.496,0.5,0.5015,0.505,0.334,0.046,0.979,0.34118,0.43529,0.25882,0.57647,0.5,0.5,0.5,0.5,0.996,1.00578,0.36089,0.17333,0.46933,0.45911,0.44178,0.46711,0.50588,0.50588,0.28824,0.5,0.5,0.5,0.5,0.5,0.5,0.5,0.478,0.219,0.494,0.5025,0.5255,0.5055,0.333,-0.008,1.008
0.99733,1.00533,0.25289,0.17333,0.46978,0.45956,0.44222,0.46711,0.50588,0.49412,0.33529,0.50588,0.50588,0.5,0.5,0.50588,0.5,0.5,0.41,0.402,0.4945,0.502,0.524,0.5035,0.428,0.062,0.938,0.25882,0.43529,0.56471,0.68824,0.5,0.5,0.5,0.5,1.00178,1.00311,0.15556,0.26533,0.46889,0.46133,0.44756,0.46756,0.50588,0.5,0.5,0.67647,0.51176,0.5,0.5,0.5,0.5,0.5,0.2945,0.4995,0.5,0.492,0.4985,0.5035,0.388,0.131,0.918
1.00178,1.00178,0.168,0.35733,0.46844,0.46089,0.44711,0.468,0.49412,0.5,0.54118,0.68824,0.5,0.5,0.5,0.50588,0.5,0.5,0.3945,0.506,0.5035,0.4925,0.5,0.5,0.344,0.117,0.979,0.21765,0.29412,0.42353,0.34118,0.5,0.5,0.5,0.5,1.00178,0.98844,0.204,0.41956,0.46844,0.46133,0.44711,0.468,0.5,0.47647,0.5,0.35882,0.50588,0.5,0.5,0.5,0.5,0.5,0.285,0.49,0.497,0.492,0.5,0.5,0.369,0.108,0.928
1.00222,0.98533,0.18356,0.34444,0.46844,0.46133,0.44711,0.46711,0.51176,0.52941,0.5,0.35294,0.5,0.5,0.5,0.50588,0.5,0.5,0.196,0.461,0.503,0.492,0.5005,0.5035,0.428,0.137,0.924,0.12353,0.19412,0.48235,0.74706,0.5,0.5,0.5,0.5,1.00222,1.0,0.15067,0.324,0.46844,0.464,0.44711,0.46756,0.50588,0.50588,0.5,0.73529,0.5,0.5,0.5,0.50588,0.5,0.5,0.1085,0.502,0.5025,0.4795,0.5005,0.5035,0.384,0.162,0.915
1.00222,0.996,0.15067,0.44444,0.46844,0.46444,0.44711,0.46756,0.5,0.45882,0.5,0.77059,0.5,0.5,0.5,0.50588,0.5,0.5,0.065,0.53,0.5025,0.478,0.4995,0.5035,0.37,0.268,0.923,0.12941,0.51176,0.51765,0.47647,0.5,0.5,0.5,0.5,1.00267,0.97689,0.15067,0.58711,0.46844,0.46533,0.44756,0.468,0.50588,0.48824,0.5,0.48824,0.50588,0.5,0.5,0.50588,0.5,0.5,0.0425,0.5055,0.5025,0.4735,0.4985,0.5,0.336,0.245,0.928
1.00267,0.96889,0.15067,0.57511,0.46844,0.46533,0.44756,0.468,0.50588,0.48235,0.5,0.47059,0.50588,0.5,0.5,0.50588,0.5,0.5,0.086,0.5005,0.503,0.4745,0.4985,0.5,0.348,0.232,0.937,0.43529,0.46471,0.75882,0.4,0.5,0.5,0.5,0.5,1.00267,0.952,0.18489,0.53733,0.468,0.46444,0.44533,0.46667,0.50588,0.48824,0.75882,0.43529,0.49412,0.5,0.49412,0.5,0.5,0.5,0.3845,0.4595,0.504,0.476,0.5075,0.5055,0.345,0.077,0.972
1.00044,0.93956,0.29378,0.50711,0.46933,0.45911,0.44533,0.46711,0.5,0.48235,0.72353,0.4,0.50588,0.5,0.5,0.51176,0.5,0.5,0.498,0.364,0.4965,0.5005,0.509,0.5035,0.283,0.034,0.966,0.22353,0.48824,0.27647,0.55882,0.5,0.5,0.5,0.5,0.99867,0.93778,0.376,0.44222,0.46889,0.45956,0.44578,0.468,0.50588,0.51765,0.31765,0.54118,0.49412,0.5,0.5,0.50588,0.5,0.5,0.4765,0.4855,0.5,0.5005,0.507,0.5,0.271,0.062,0.975
0.99956,0.93333,0.27689,0.46844,0.46756,0.45956,0.44578,0.46844,0.50588,0.48824,0.32353,0.52941,0.50588,0.5,0.5,0.50588,0.5,0.5,0.4055,0.506,0.5055,0.5005,0.507,0.4965,0.391,0.097,0.969,0.15882,0.3,0.44118,0.34706,0.5,0.5,0.5,0.5,1.00178,0.90933,0.17689,0.45911,0.46756,0.46044,0.448,0.46756,0.50588,0.47647,0.38235,0.39412,0.5,0.5,0.5,0.5,0.5,0.5,0.155,0.473,0.505,0.497,0.498,0.5035,0.411,0.146,0.953
1.00222,0.91733,0.14933,0.38889,0.46756,0.46044,0.44711,0.46844,0.50588,0.54706,0.38235,0.34118,0.5,0.5,0.5,0.49412,0.5,0.5,0.1435,0.435,0.505,0.4965,0.5,0.4965,0.416,0.167,0.9,0.2,0.31176,0.56471,0.4,0.5,0.5,0.5,0.5,1.00267,0.99689,0.12489,0.26622,0.46756,0.46089,0.44711,0.46756,0.50588,0.52353,0.5,0.40588,0.5,0.5,0.5,0.50588,0.5,0.5,0.197,0.424,0.5055,0.4945,0.5,0.5035,0.431,0.186,0.899
1.00267,0.99867,0.12489,0.22622,0.46756,0.46089,0.44667,0.46711,0.50588,0.51176,0.5,0.44706,0.50588,0.5,0.5,0.50588,0.5,0.5,0.3535,0.3725,0.5055,0.4945,0.5025,0.504,0.447,0.158,0.917,0.12941,0.13529,0.85882,0.80588,0.5,0.5,0.5,0.5,1.00089,1.00267,0.25956,0.25467,0.46933,0.45956,0.44756,0.46756,0.5,0.50588,0.78824,0.74118,0.5,0.5,0.5,0.50588,0.5,0.5,0.4985,0.471,0.4965,0.5,0.4985,0.5035,0.135,-0.003,1.042
0.99867,1.00089,0.43289,0.40133,0.46844,0.46,0.44756,0.46756,0.5,0.5,0.85882,0.81176,0.50588,0.5,0.5,0.50588,0.5,0.5,0.5115,0.5,0.503,0.498,0.498,0.5035,0.058,0.019,1.019,0.2,0.41176,0.23529,0.58235,0.5,0.5,0.5,0.5,0.98178,0.98178,0.58,0.61067,0.46933,0.46178,0.44756,0.46844,0.48824,0.48235,0.25882,0.57647,0.5,0.5,0.5,0.50588,0.5,0.5,0.4035,0.5,0.4965,0.49,0.498,0.4965,0.22,0.181,1.033
0.97289,0.97644,0.43467,0.65333,0.46889,0.46133,0.44711,0.468,0.48235,0.48824,0.18824,0.58824,0.50588,0.5,0.5,0.5,0.5,0.5,0.4515,0.498,0.4965,0.492,0.501,0.5,0.15,0.23,1.007,0.46471,0.36471,0.64118,0.20588,0.5,0.5,0.5,0.5,0.99778,0.96978,0.31644,0.62667,0.46978,0.45867,0.44444,0.46711,0.5,0.5,0.61765,0.26471,0.50588,0.5,0.48824,0.5,0.5,0.5,0.497,0.371,0.494,0.5035,0.5115,0.505,0.333,0.128,0.981
0.99689,0.96489,0.38444,0.47956,0.46978,0.45822,0.44578,0.46711,0.5,0.48824,0.63529,0.12941,0.5,0.5,0.51176,0.49412,0.5,0.5,0.513,0.3595,0.4945,0.5065,0.5075,0.5055,0.236,0.051,0.986,0.14706,0.40588,0.27647,0.35882,0.5,0.5,0.5,0.5,0.99333,0.99911,0.39911,0.26267,0.46844,0.45911,0.44578,0.46667,0.5,0.50588,0.3,0.42941,0.50588,0.5,0.5,0.50588,0.5,0.5,0.485,0.3385,0.5035,0.502,0.5065,0.505,0.391,0.07,0.95
0.99689,1.00222,0.296,0.21867,0.468,0.45911,0.444,0.46711,0.50588,0.50588,0.3,0.41765,0.50588,0.5,0.48235,0.50588,0.5,0.5,0.4325,0.2025,0.5055,0.502,0.514,0.505,0.472,0.057,0.945,0.31176,0.14706,0.58824,0.44706,0.5,0.5,0.5,0.5,0.99956,1.00444,0.188,0.14933,0.468,0.45867,0.44133,0.46711,0.50588,0.50588,0.50588,0.5,0.5,0.5,0.5,0.5,0.5,0.5,0.4545,0.0485,0.5055,0.504,0.5285,0.5045,0.495,0.014,0.913
0.99867,1.00578,0.22889,0.13689,0.46844,0.45911,0.43911,0.46667,0.5,0.50588,0.57059,0.5,0.50588,0.5,0.5,0.50588,0.5,0.5,0.487,0.0035,0.5035,0.503,0.5385,0.5045,0.453,-0.002,0.914,0.35882,0.45882,0.61765,0.79412,0.5,0.5,0.5,0.5,0.99778,1.00578,0.31422,0.15778,0.46844,0.45956,0.44,0.46756,0.5,0.50588,0.61765,0.73529,0.51176,0.5,0.50588,0.51176,0.5,0.5,0.505,0.3645,0.5035,0.5005,0.535,0.5035,0.543,-0.019,1.119
0.99778,1.004,0.37733,0.28533,0.468,0.46044,0.44711,0.46756,0.5,0.48824,0.62353,0.73529,0.5,0.5,0.49412,0.50588,0.5,0.5,0.5005,0.4925,0.506,0.4955,0.5,0.5,0.229,0.047,1.002,0.31176,0.18824,0.30588,0.50588,0.5,0.5,0.5,0.5,0.99156,1.00089,0.38978,0.44889,0.468,0.46,0.44711,0.468,0.53529,0.51176,0.29412,0.5,0.5,0.5,0.5,0.5,0.5,0.5,0.455,0.5395,0.5055,0.498,0.5015,0.5,0.23,0.056,1.004
0.99733,1.00089,0.30089,0.44889,0.46844,0.46,0.44711,0.468,0.50588,0.50588,0.33529,0.5,0.5,0.5,0.5,0.50588,0.5,0.5,0.4085,0.5545,0.502,0.498,0.501,0.5,0.336,0.045,0.973,0.12353,0.15882,0.59412,0.41765,0.5,0.5,0.5,0.5,1.00089,0.98356,0.22844,0.43689,0.46844,0.46,0.44711,0.46844,0.50588,0.48235,0.5,0.45882,0.50588,0.5,0.5,0.50588,0.5,0.5,0.3525,0.4945,0.5035,0.497,0.5,0.495,0.338,0.046,0.964
1.00089,0.98489,0.25689,0.40267,0.46978,0.46044,0.44711,0.46844,0.5,0.51765,0.57647,0.44118,0.51765,0.5,0.5,0.51176,0.5,0.5,0.4485,0.462,0.494,0.498,0.501,0.494,0.292,0.039,0.988,0.47059,0.44118,0.46471,0.34706,0.5,0.5,0.5,0.5,0.99956,1.00044,0.29822,0.312,0.46978,0.46,0.448,0.46756,0.50588,0.50588,0.48824,0.33529,0.5,0.5,0.5,0.5,0.5,0.5,0.459,0.414,0.494,0.4985,0.497,0.5035,0.33,0.042,0.988
0.99956,1.00178,0.28267,0.25556,0.46978,0.46044,0.44756,0.468,0.50588,0.50588,0.45882,0.41176,0.5,0.5,0.5,0.50588,0.5,0.5,0.4455,0.3125,0.494,0.4965,0.4985,0.5,0.413,0.036,0.949,0.21765,0.11765,0.42941,0.42353,0.5,0.5,0.5,0.5,0.99956,1.00444,0.24222,0.18089,0.46978,0.45911,0.44578,0.468,0.50588,0.50588,0.44118,0.48235,0.50588,0.5,0.5,0.50588,0.5,0.5,0.428,0.112,0.4945,0.5025,0.5065,0.5,0.456,0.012,0.946
1.0,1.00533,0.21956,0.15467,0.46978,0.45911,0.44489,0.468,0.50588,0.50588,0.47647,0.47059,0.50588,0.5,0.5,0.50588,0.5,0.5,0.3645,0.0495,0.4945,0.5025,0.51,0.5,0.485,0.002,0.886,0.14706,0.28824,0.68235,0.58824,0.5,0.5,0.5,0.5,0.99956,1.00622,0.21778,0.11111,0.46889,0.45911,0.44044,0.46844,0.5,0.50588,0.65882,0.5,0.5,0.5,0.5,0.50588,0.5,0.5,0.496,0.1795,0.4965,0.5025,0.532,0.4965,0.457,-0.039,0.924
0.99778,1.00667,0.30356,0.11689,0.46889,0.45911,0.44044,0.468,0.49412,0.50588,0.66471,0.58235,0.5,0.5,0.5,0.5,0.5,0.5,0.501,0.3675,0.4965,0.5025,0.532,0.5,0.446,-0.017,0.94,0.31765,0.48824,0.31176,0.43529,0.5,0.5,0.5,0.5,0.99778,1.00622,0.35156,0.16267,0.46844,0.45956,0.44133,0.468,0.5,0.5,0.34706,0.5,0.5,0.5,0.5,0.50588,0.5,0.5,0.4845,0.2985,0.5035,0.5005,0.528,0.498,0.429,-0.007,0.919
0.99778,1.00667,0.26756,0.15422,0.46978,0.45911,0.44133,0.46844,0.5,0.51176,0.33529,0.45882,0.5,0.5,0.5,0.50588,0.5,0.5,0.429,0.1775,0.494,0.5025,0.528,0.4975,0.513,-0.011,0.916,0.27647,0.14706,0.73529,0.58824,0.5,0.5,0.5,0.5,0.99956,1.00667,0.23022,0.12133,0.46889,0.45911,0.44089,0.46844,0.5,0.50588,0.7,0.5,0.5,0.5,0.5,0.51176,0.5,0.5,0.494,0.291,0.4965,0.502,0.5295,0.494,0.359,-0.015,0.933
0.99778,1.00667,0.33867,0.14756,0.46844,0.45911,0.44133,0.468,0.5,0.5,0.72353,0.60588,0.5,0.5,0.5,0.5,0.5,0.5,0.504,0.3845,0.5035,0.502,0.528,0.5,0.361,-0.009,0.958,0.46471,0.4,0.48235,0.77647,0.5,0.5,0.5,0.5,0.98578,1.00533,0.47556,0.27689,0.46978,0.46,0.44889,0.46756,0.47647,0.5,0.50588,0.7,0.51176,0.48824,0.5,0.49412,0.5,0.5,0.4905,0.494,0.4945,0.497,0.4925,0.504,0.256,0.046,0.991
0.97289,1.00356,0.476,0.40578,0.46933,0.45956,0.448,0.46711,0.48235,0.5,0.5,0.77647,0.50588,0.5,0.5,0.50588,0.5,0.5,0.4445,0.518,0.4965,0.5005,0.4955,0.5055,0.183,0.039,1.002,0.24706,0.33529,0.24118,0.3,0.5,0.5,0.5,0.5,0.96178,0.99067,0.38,0.51822,0.46933,0.46,0.44578,0.46756,0.53529,0.48824,0.22941,0.32353,0.50588,0.5,0.5,0.50588,0.5,0.5,0.44,0.4435,0.4965,0.4975,0.506,0.5035,0.316,0.09,0.946
0.99689,0.98,0.25911,0.41778,0.47022,0.46,0.44578,0.46756,0.51765,0.48824,0.37059,0.30588,0.50588,0.5,0.51176,0.49412,0.5,0.5,0.3895,0.44,0.4945,0.4995,0.507,0.505,0.457,0.107,0.932,0.21765,0.46471,0.44706,0.71765,0.5,0.5,0.5,0.5,1.00222,0.99822,0.14933,0.35689,0.46933,0.46044,0.44756,0.46756,0.50588,0.50588,0.5,0.71176,0.5,0.5,0.5,0.51176,0.5,0.5,0.0975,0.5095,0.4975,0.4965,0.498,0.503,0.438,0.137,0.839
1.00222,0.98933,0.13511,0.46533,0.46933,0.46044,0.44756,0.46756,0.50588,0.47647,0.5,0.71765,0.5,0.5,0.5,0.50588,0.5,0.5,0.0365,0.5225,0.4975,0.496,0.498,0.5035,0.39,0.198,0.942,0.48824,0.51176,0.5,0.28235,0.5,0.5,0.5,0.5,1.00311,0.97156,0.10933,0.52711,0.46933,0.46044,0.44667,0.468,0.50588,0.48824,0.47059,0.28824,0.50588,0.5,0.5,0.50588,0.5,0.5,0.015,0.493,0.4975,0.497,0.5015,0.5,0.381,0.25,0.932
1.00311,0.96311,0.09067,0.42889,0.46933,0.45867,0.44622,0.46889,0.50588,0.47647,0.5,0.3,0.51176,0.5,0.5,0.50588,0.5,0.5,0.0995,0.435,0.495,0.5035,0.504,0.4945,0.38,0.217,0.906,0.30588,0.32941,0.70588,0.61176,0.5,0.5,0.5,0.5,1.00311,0.99733,0.09244,0.328,0.46933,0.45822,0.44578,0.46889,0.50588,0.50588,0.71176,0.61176,0.5,0.5,0.5,0.50588,0.5,0.5,0.4185,0.498,0.4965,0.5055,0.5055,0.494,0.353,0.148,0.95
1.00178,0.99733,0.19244,0.37867,0.46756,0.45822,0.44578,0.46933,0.49412,0.50588,0.70588,0.60588,0.5,0.5,0.5,0.50588,0.5,0.5,0.44,0.5085,0.506,0.5065,0.506,0.494,0.318,0.002,0.91,0.28235,0.45294,0.39412,0.33529,0.5,0.5,0.5,0.5,1.00044,0.99156,0.28178,0.39733,0.46844,0.45911,0.44622,0.46844,0.50588,0.5,0.42353,0.37059,0.50588,0.5,0.5,0.49412,0.5,0.5,0.425,0.472,0.5035,0.5025,0.504,0.4965,0.334,0.058,0.995
1.00133,0.99822,0.248,0.32622,0.468,0.45911,0.44711,0.46756,0.50588,0.50588,0.44706,0.35882,0.50588,0.5,0.5,0.50588,0.5,0.5,0.333,0.411,0.5055,0.502,0.5,0.5055,0.379,0.082,0.952,0.42353,0.41765,0.68824,0.44706,0.5,0.5,0.5,0.5,1.00178,1.00044,0.22489,0.23644,0.468,0.45911,0.44578,0.46756,0.49412,0.50588,0.67059,0.48824,0.50588,0.5,0.5,0.5,0.5,0.5,0.441,0.288,0.5055,0.5015,0.5055,0.503,0.392,0.081,0.979
1.0,1.00267,0.30533,0.22578,0.46844,0.46,0.44622,0.46756,0.5,0.50588,0.65882,0.47647,0.50588,0.5,0.5,0.50588,0.5,0.5,0.5135,0.208,0.5035,0.4985,0.505,0.503,0.379,0.039,0.971,0.47059,0.23529,0.51765,0.70588,0.5,0.5,0.5,0.5,0.99733,1.00356,0.41289,0.22489,0.468,0.46044,0.44667,0.468,0.49412,0.50588,0.51765,0.65882,0.49412,0.5,0.5,0.50588,0.5,0.5,0.5625,0.389,0.5055,0.4975,0.503,0.5,0.299,0.077,0.982
0.99422,1.00178,0.43333,0.30844,0.46844,0.46,0.44711,0.46756,0.5,0.49412,0.52353,0.68824,0.51176,0.5,0.5,0.5,0.5,0.5,0.5095,0.498,0.502,0.498,0.4995,0.5035,0.305,0.055,0.984,0.32941,0.24118,0.25294,0.28824,0.5,0.5,0.5,0.5,0.98222,1.00089,0.37289,0.36533,0.46844,0.46,0.44667,0.46844,0.54118,0.50588,0.23529,0.36471,0.5,0.5,0.5,0.5,0.5,0.5,0.452,0.468,0.5035,0.4985,0.502,0.4965,0.319,0.054,1.032
0.99733,1.00178,0.26089,0.26578,0.46933,0.46044,0.44711,0.46756,0.50588,0.51176,0.39412,0.34118,0.50588,0.5,0.5,0.5,0.5,0.5,0.3915,0.4265,0.4965,0.497,0.5,0.5035,0.51,0.108,0.911,0.35882,0.15294,0.58824,0.7,0.5,0.5,0.5,0.5,1.00133,1.00356,0.15156,0.20222,0.46933,0.46044,0.44711,0.46889,0.50588,0.49412,0.5,0.68235,0.5,0.5,0.5,0.48824,0.5,0.5,0.3505,0.459,0.4965,0.497,0.5005,0.4945,0.445,0.111,0.923
1.00178,1.00178,0.18889,0.29156,0.46933,0.46044,0.44667,0.46844,0.50588,0.5,0.61765,0.69412,0.50588,0.5,0.5,0.48824,0.5,0.5,0.39,0.508,0.494,0.497,0.502,0.4965,0.345,0.089,0.926,0.47647,0.21176,0.51765,0.41765,0.5,0.5,0.5,0.5,1.00089,1.00089,0.23378,0.38667,0.46933,0.46,0.44667,0.46889,0.5,0.50588,0.5,0.44118,0.5,0.5,0.5,0.50588,0.5,0.5,0.4505,0.4905,0.4965,0.499,0.502,0.494,0.363,0.062,0.958
1.00089,1.00089,0.24178,0.35022,0.46933,0.46,0.44667,0.46889,0.5,0.50588,0.54706,0.46471,0.5,0.5,0.5,0.50588,0.5,0.5,0.4565,0.464,0.4965,0.499,0.5015,0.494,0.348,0.046,0.969,0.17647,0.27647,0.68235,0.62353,0.5,0.5,0.5,0.5,0.99956,1.00133,0.30444,0.34,0.46933,0.46,0.44756,0.46844,0.5,0.5,0.67647,0.60588,0.5,0.5,0.5,0.5,0.5,0.5,0.4995,0.497,0.4965,0.4995,0.4985,0.4965,0.293,0.045,0.988
0.99822,1.00044,0.39422,0.39911,0.46844,0.46044,0.44756,0.468,0.5,0.5,0.67647,0.61176,0.5,0.5,0.5,0.49412,0.5,0.5,0.5115,0.5,0.5035,0.4985,0.498,0.4965,0.174,0.031,1.026,0.48824,0.21765,0.22353,0.24118,0.5,0.5,0.5,0.5,0.99689,0.99422,0.41422,0.39422,0.46889,0.46044,0.44711,0.468,0.50588,0.53529,0.23529,0.24118,0.50588,0.5,0.49412,0.5,0.5,0.5,0.491,0.456,0.4965,0.4985,0.4995,0.5,0.333,0.055,0.998
0.99867,1.00089,0.28311,0.26978,0.46889,0.46,0.44667,0.46622,0.50588,0.50588,0.25294,0.27059,0.50588,0.5,0.5,0.50588,0.5,0.5,0.4445,0.4155,0.502,0.499,0.5015,0.505,0.507,0.068,0.941,0.28824,0.22353,0.47647,0.68824,0.5,0.5,0.5,0.5,1.00133,1.00356,0.14889,0.17822,0.46933,0.46044,0.44667,0.46756,0.5,0.50588,0.50588,0.65882,0.5,0.5,0.5,0.5,0.5,0.5,0.2675,0.42,0.497,0.4975,0.5025,0.5055,0.435,0.154,0.92
1.00222,1.00222,0.14978,0.25867,0.46933,0.46044,0.44711,0.46711,0.50588,0.5,0.5,0.66471,0.5,0.5,0.49412,0.5,0.5,0.5,0.206,0.499,0.4965,0.4975,0.5005,0.5055,0.407,0.138,0.923,0.32353,0.17059,0.61176,0.65294,0.5,0.5,0.5,0.5,1.00222,1.0,0.14978,0.40933,0.46933,0.46044,0.44711,0.46756,0.50588,0.49412,0.5,0.64118,0.50588,0.5,0.5,0.50588,0.5,0.5,0.3135,0.555,0.4965,0.4975,0.5005,0.5035,0.396,0.132,0.924
1.00222,0.98711,0.19111,0.49867,0.46933,0.46044,0.44711,0.468,0.5,0.47647,0.61765,0.66471,0.50588,0.5,0.5,0.51176,0.5,0.5,0.3925,0.5045,0.4965,0.498,0.5,0.5,0.423,0.146,0.949,0.42353,0.35294,0.4,0.56471,0.5,0.5,0.5,0.5,1.00178,0.97156,0.24311,0.60844,0.46756,0.46178,0.44756,0.46844,0.50588,0.49412,0.47059,0.55882,0.5,0.5,0.5,0.50588,0.5,0.5,0.3015,0.5085,0.505,0.4915,0.498,0.4965,0.371,0.224,0.917
1.00267,0.96622,0.22222,0.63867,0.46844,0.46133,0.44756,0.468,0.49412,0.49412,0.45882,0.53529,0.50588,0.5,0.5,0.50588,0.5,0.5,0.161,0.5215,0.503,0.493,0.499,0.4965,0.337,0.233,0.955,0.28824,0.44118,0.76471,0.15882,0.5,0.5,0.5,0.5,1.00311,0.956,0.20844,0.58267,0.46889,0.45956,0.444,0.46578,0.5,0.49412,0.65882,0.27647,0.51176,0.48824,0.48235,0.5,0.5,0.5,0.37,0.435,0.4965,0.5,0.514,0.505,0.348,0.114,0.955
1.00089,0.94622,0.31689,0.412,0.46889,0.45956,0.44533,0.46711,0.5,0.48235,0.74706,0.05294,0.49412,0.50588,0.51765,0.50588,0.5,0.5,0.5,0.417,0.4965,0.5025,0.5105,0.5055,0.239,0.075,0.91,0.29412,0.43529,0.41765,0.37647,0.5,0.5,0.5,0.5,0.98978,1.00222,0.44444,0.22044,0.46844,0.46,0.44622,0.46711,0.47647,0.51765,0.41176,0.45294,0.50588,0.5,0.5,0.49412,0.5,0.5,0.5,0.174,0.5,0.499,0.5045,0.5045,0.439,0.061,0.922
0.98489,1.004,0.404,0.17733,0.46889,0.45911,0.44356,0.46756,0.49412,0.51765,0.41765,0.47647,0.5,0.5,0.48824,0.50588,0.5,0.5,0.4975,0.0735,0.4965,0.503,0.5165,0.5025,0.441,0.043,0.925,0.47059,0.38824,0.59412,0.62941,0.5,0.5,0.5,0.5,0.99111,1.00622,0.38133,0.13467,0.46933,0.45911,0.44044,0.46756,0.50588,0.50588,0.57059,0.5,0.50588,0.5,0.5,0.50588,0.5,0.5,0.5255,0.215,0.494,0.5035,0.5315,0.505,0.423,-0.004,0.944
0.98622,1.00622,0.42756,0.16756,0.46844,0.45956,0.44133,0.46711,0.47647,0.5,0.59412,0.61765,0.5,0.5,0.5,0.51176,0.5,0.5,0.5355,0.3755,0.5035,0.5015,0.5285,0.502,0.396,0.04,0.965,0.40588,0.32353,0.55882,0.61765,0.5,0.5,0.5,0.5,0.96356,1.00489,0.51244,0.26444,0.46933,0.46,0.44756,0.46889,0.48824,0.5,0.54118,0.60588,0.51176,0.5,0.5,0.50588,0.5,0.5,0.4995,0.4825,0.4965,0.499,0.499,0.494,0.308,0.012,0.988
0.95111,1.00356,0.54267,0.32,0.46889,0.45956,0.44622,0.46933,0.48235,0.5,0.54118,0.60588,0.5,0.5,0.5,0.5,0.5,0.5,0.498,0.4995,0.4965,0.5015,0.5045,0.494,0.264,-0.003,1.008,0.18824,0.13529,0.22941,0.68824,0.5,0.5,0.5,0.5,0.93022,1.00178,0.50711,0.43733,0.468,0.45956,0.448,0.46711,0.47647,0.5,0.27059,0.65294,0.5,0.5,0.5,0.51176,0.5,0.5,0.396,0.564,0.5055,0.5015,0.497,0.5035,0.305,0.056,0.995
0.93556,0.99111,0.36356,0.54489,0.46756,0.46089,0.448,0.46756,0.57647,0.48235,0.24706,0.67059,0.5,0.5,0.5,0.50588,0.5,0.5,0.4175,0.5075,0.5055,0.4955,0.4985,0.5,0.301,0.148,0.997,0.25294,0.25882,0.54118,0.35882,0.5,0.5,0.5,0.5,1.00089,0.97956,0.23911,0.616,0.46933,0.46133,0.44667,0.46711,0.50588,0.49412,0.5,0.40588,0.51176,0.5,0.5,0.50588,0.5,0.5,0.3155,0.4735,0.4965,0.493,0.5025,0.503,0.36,0.186,0.973
1.00089,0.97556,0.23867,0.56178,0.46933,0.46044,0.44667,0.46711,0.50588,0.49412,0.5,0.41176,0.5,0.5,0.5,0.5,0.5,0.5,0.416,0.391,0.4945,0.4975,0.5035,0.5035,0.398,0.156,0.955,0.27059,0.36471,0.48824,0.56471,0.5,0.5,0.5,0.5,1.0,0.96178,0.248,0.492,0.46889,0.45956,0.444,0.46756,0.50588,0.48235,0.5,0.5,0.5,0.5,0.5,0.50588,0.5,0.5,0.4705,0.428,0.4965,0.5015,0.516,0.5035,0.378,0.152,0.961
0.99956,0.94978,0.24844,0.51422,0.46711,0.46,0.44444,0.46756,0.5,0.47647,0.5,0.55882,0.5,0.5,0.5,0.50588,0.5,0.5,0.4405,0.481,0.506,0.5,0.514,0.5035,0.355,0.155,0.957,0.18235,0.41176,0.51765,0.16471,0.5,0.5,0.5,0.5,0.99956,0.92933,0.24844,0.46889,0.46844,0.45911,0.44533,0.46756,0.5,0.48824,0.5,0.15294,0.5,0.5,0.5,0.51176,0.5,0.5,0.4345,0.3495,0.5035,0.5035,0.511,0.5035,0.378,0.078,0.955
1.0,0.95111,0.24844,0.29067,0.46889,0.45911,0.44756,0.46756,0.50588,0.66471,0.5,0.09412,0.5,0.5,0.5,0.51176,0.5,0.5,0.478,0.38,0.5,0.504,0.4995,0.503,0.448,0.07,0.941,0.18235,0.24706,0.41176,0.81176,0.5,0.5,0.5,0.5,0.99911,1.00444,0.23822,0.19644,0.468,0.46,0.44578,0.46889,0.5,0.49412,0.45882,0.74118,0.5,0.50588,0.50588,0.5,0.5,0.5,0.437,0.383,0.5055,0.5015,0.5085,0.4945,0.375,0.05,0.957
1.00044,1.00178,0.22444,0.32578,0.46844,0.45956,0.44711,0.46756,0.50588,0.5,0.44706,0.75294,0.5,0.5,0.5,0.49412,0.5,0.5,0.2885,0.5245,0.5015,0.502,0.5015,0.5035,0.412,0.033,0.944,0.30588,0.22941,0.48824,0.36471,0.5,0.5,0.5,0.5,1.00222,0.988,0.19156,0.48311,0.468,0.46222,0.44711,0.46756,0.50588,0.48824,0.5,0.37059,0.50588,0.5,0.5,0.49412,0.5,0.5,0.1755,0.4395,0.505,0.4895,0.5015,0.5035,0.451,0.104,0.891
1.00222,0.97822,0.18267,0.42178,0.468,0.46178,0.44711,0.468,0.50588,0.48235,0.5,0.40588,0.51176,0.5,0.5,0.50588,0.5,0.5,0.1895,0.4075,0.5005,0.4915,0.5015,0.4965,0.421,0.115,0.93,0.25882,0.47059,0.42353,0.56471,0.5,0.5,0.5,0.5,1.00222,0.98356,0.16267,0.34533,0.46844,0.46178,0.448,0.46711,0.50588,0.52353,0.45882,0.54118,0.50588,0.5,0.5,0.5,0.5,0.5,0.1345,0.4985,0.5025,0.4915,0.497,0.505,0.491,0.148,0.894
1.00267,0.98489,0.13556,0.37422,0.46844,0.46178,0.448,0.46711,0.50588,0.51176,0.5,0.55294,0.5,0.5,0.5,0.51176,0.5,0.5,0.075,0.5125,0.5025,0.4915,0.497,0.5035,0.449,0.157,0.911,0.27059,0.15882,0.57059,0.67647,0.5,0.5,0.5,0.5,1.00267,0.97467,0.13511,0.46978,0.468,0.46178,0.44756,0.46756,0.50588,0.47647,0.5,0.68235,0.5,0.5,0.5,0.50588,0.5,0.5,0.1095,0.519,0.505,0.4915,0.499,0.5035,0.464,0.185,0.825
1.00267,0.96356,0.13511,0.55733,0.468,0.46178,0.44756,0.468,0.5,0.48235,0.5,0.64706,0.5,0.5,0.5,0.51176,0.5,0.5,0.281,0.5255,0.5055,0.4915,0.499,0.4995,0.333,0.282,0.938,0.3,0.39412,0.64118,0.24118,0.5,0.5,0.5,0.5,1.00311,0.94711,0.20578,0.59644,0.468,0.45956,0.44578,0.46711,0.5,0.48824,0.61176,0.35882,0.50588,0.48824,0.49412,0.50588,0.5,0.5,0.37,0.43,0.5055,0.5,0.506,0.5055,0.383,0.16,0.935
1.00089,0.93956,0.25556,0.48844,0.46889,0.45867,0.44178,0.46756,0.5,0.48235,0.60588,0.21765,0.50588,0.5,0.50588,0.50588,0.5,0.5,0.494,0.3165,0.4965,0.5055,0.5275,0.5035,0.298,0.06,0.98,0.14706,0.24706,0.71765,0.38824,0.5,0.5,0.5,0.5,0.99867,0.99689,0.40089,0.28,0.46844,0.46044,0.448,0.46756,0.5,0.51176,0.68824,0.38235,0.50588,0.5,0.5,0.50588,0.5,0.5,0.5275,0.4,0.5035,0.498,0.497,0.5035,0.351,0.056,0.896
0.992,1.0,0.51733,0.24933,0.46933,0.45956,0.44578,0.46711,0.46471,0.50588,0.76471,0.47059,0.5,0.50588,0.5,0.49412,0.5,0.5,0.514,0.276,0.4965,0.5015,0.507,0.503,0.384,-0.044,0.948,0.40588,0.22353,0.41176,0.54118,0.5,0.5,0.5,0.5,0.976,1.00489,0.61867,0.22222,0.46933,0.46,0.44311,0.46756,0.49412,0.50588,0.42941,0.5,0.50588,0.5,0.5,0.49412,0.5,0.5,0.491,0.151,0.4965,0.4985,0.52,0.5045,0.403,-0.034,0.951
0.96933,1.00489,0.58089,0.22222,0.46933,0.46,0.44356,0.46711,0.48824,0.50588,0.42941,0.5,0.5,0.5,0.5,0.5,0.5,0.5,0.4595,0.2505,0.4945,0.499,0.519,0.5055,0.427,-0.021,0.941,0.47059,0.37059,0.52353,0.71176,0.5,0.5,0.5,0.5,0.95644,1.00356,0.53911,0.26933,0.46978,0.46,0.44711,0.46756,0.49412,0.49412,0.5,0.65882,0.50588,0.5,0.5,0.50588,0.5,0.5,0.4455,0.4935,0.494,0.499,0.503,0.5035,0.321,-0.019,0.985
0.94711,1.00133,0.544,0.36844,0.46978,0.45911,0.44711,0.46756,0.48235,0.49412,0.54706,0.7,0.50588,0.5,0.5,0.51176,0.5,0.5,0.481,0.525,0.494,0.5025,0.502,0.4965,0.315,-0.021,0.955,0.35294,0.43529,0.20588,0.47647,0.5,0.5,0.5,0.5,0.92889,0.98933,0.48133,0.48978,0.46844,0.46089,0.44844,0.46756,0.48824,0.47647,0.21176,0.5,0.49412,0.5,0.5,0.5,0.5,0.5,0.3775,0.507,0.503,0.4965,0.496,0.5035,0.261,0.077,1.01
0.94533,0.97644,0.32889,0.47867,0.468,0.46089,0.448,0.46711,0.64706,0.47059,0.21765,0.48235,0.49412,0.5,0.5,0.49412,0.5,0.5,0.389,0.5015,0.5035,0.496,0.4975,0.505,0.38,0.083,0.964,0.46471,0.38235,0.47059,0.28235,0.5,0.5,0.5,0.5,1.00133,0.95111,0.19822,0.40133,0.46933,0.46089,0.448,0.46756,0.50588,0.47059,0.5,0.32941,0.50588,0.5,0.5,0.51176,0.5,0.5,0.1375,0.4605,0.497,0.496,0.4975,0.4965,0.399,0.067,0.938
1.00178,0.97111,0.17644,0.29822,0.46889,0.46089,0.448,0.46756,0.50588,0.6,0.48235,0.28824,0.5,0.5,0.5,0.5,0.5,0.5,0.167,0.4195,0.497,0.4955,0.4975,0.5035,0.482,0.133,0.896,0.19412,0.17647,0.78235,0.55294,0.5,0.5,0.5,0.5,1.00178,1.00133,0.2,0.19956,0.46889,0.45911,0.44711,0.46711,0.5,0.51176,0.76471,0.5,0.48824,0.5,0.5,0.49412,0.5,0.5,0.429,0.359,0.4965,0.5015,0.5015,0.5035,0.381,0.037,0.948
0.99911,1.00311,0.32178,0.21956,0.46844,0.46089,0.44756,0.46756,0.5,0.50588,0.74118,0.54118,0.5,0.5,0.5,0.50588,0.5,0.5,0.522,0.394,0.5035,0.4975,0.5,0.5035,0.342,0.108,0.936,0.30588,0.14706,0.44118,0.51765,0.5,0.5,0.5,0.5,0.98578,1.00267,0.48444,0.24533,0.46844,0.45956,0.44711,0.46844,0.47647,0.5,0.45882,0.52353,0.50588,0.5,0.5,0.5,0.5,0.5,0.4535,0.449,0.5035,0.5015,0.5015,0.4965,0.374,0.056,0.957
0.97289,1.00267,0.45822,0.25022,0.46844,0.45956,0.44711,0.46667,0.48235,0.5,0.44118,0.51176,0.50588,0.5,0.5,0.5,0.5,0.5,0.4355,0.4675,0.5035,0.502,0.5015,0.5055,0.375,0.051,0.944,0.24118,0.22353,0.47647,0.62941,0.5,0.5,0.5,0.5,0.94889,1.00178,0.424,0.29467,0.46844,0.46,0.448,0.46711,0.47059,0.5,0.45294,0.61765,0.50588,0.5,0.5,0.50588,0.5,0.5,0.395,0.511,0.5035,0.5005,0.4975,0.5055,0.319,0.013,1.021
0.94622,1.00089,0.40889,0.35778,0.468,0.46,0.448,0.46711,0.51765,0.49412,0.47059,0.62941,0.50588,0.5,0.5,0.5,0.5,0.5,0.4095,0.526,0.5035,0.5005,0.498,0.5055,0.32,0.069,0.972,0.20588,0.45294,0.41765,0.58235,0.5,0.5,0.5,0.5,0.96756,0.99956,0.364,0.45333,0.468,0.46044,0.448,0.46711,0.55882,0.50588,0.41176,0.58824,0.5,0.5,0.5,0.50588,0.5,0.5,0.423,0.5695,0.5055,0.499,0.4975,0.5035,0.292,0.047,1.029
0.99333,0.98933,0.32622,0.50489,0.468,0.46089,0.448,0.46756,0.51765,0.47647,0.42353,0.6,0.5,0.5,0.5,0.50588,0.5,0.5,0.4035,0.5225,0.5055,0.497,0.4975,0.5035,0.317,0.067,0.988,0.42941,0.45882,0.55882,0.2,0.5,0.5,0.5,0.5,0.99733,0.96889,0.28089,0.47467,0.46978,0.45956,0.44667,0.46756,0.5,0.48824,0.5,0.24706,0.5,0.49412,0.5,0.5,0.5,0.5,0.4815,0.424,0.494,0.501,0.5025,0.5035,0.225,0.052,1.044
0.99778,0.97733,0.308,0.32667,0.46978,0.45956,0.448,0.46711,0.50588,0.62941,0.52941,0.24706,0.50588,0.5,0.5,0.50588,0.5,0.5,0.501,0.4005,0.494,0.5015,0.498,0.5035,0.345,0.079,0.963,0.36471,0.45882,0.72941,0.42941,0.5,0.5,0.5,0.5,0.996,1.004,0.41111,0.184,0.46933,0.45956,0.44622,0.46756,0.5,0.50588,0.71765,0.47647,0.5,0.5,0.5,0.50588,0.5,0.5,0.5365,0.115,0.4965,0.5015,0.506,0.5025,0.433,0.026,0.956
0.98356,1.00533,0.53244,0.16844,0.46844,0.46,0.44267,0.468,0.47647,0.50588,0.71176,0.46471,0.5,0.5,0.5,0.50588,0.5,0.5,0.5155,0.0215,0.5035,0.501,0.522,0.5,0.436,-0.061,0.945,0.45294,0.48235,0.12353,0.44118,0.5,0.5,0.5,0.5,0.96844,1.008,0.548,0.15467,0.46844,0.46044,0.44267,0.46756,0.47647,0.51176,0.14706,0.41765,0.47647,0.5,0.5,0.5,0.5,0.5,0.4885,0.03,0.5035,0.4985,0.523,0.5,0.419,0.033,0.904
0.95822,1.008,0.36089,0.11244,0.46933,0.45956,0.44267,0.46756,0.47647,0.50588,0.12941,0.45294,0.49412,0.5,0.5,0.5,0.5,0.5,0.467,0.099,0.4945,0.5015,0.523,0.4975,0.435,-0.079,0.959,0.35294,0.17059,0.82353,0.55294,0.5,0.5,0.5,0.5,0.99822,1.00844,0.244,0.07778,0.46889,0.46,0.44311,0.47378,0.5,0.50588,0.77647,0.5,0.51765,0.5,0.50588,0.58235,0.5,0.5,0.4965,0.1775,0.4955,0.501,0.522,0.494,0.351,-0.09,0.966
0.99689,1.00844,0.40311,0.06756,0.46889,0.45956,0.44356,0.48267,0.5,0.50588,0.81176,0.47647,0.49412,0.5,0.5,0.50588,0.5,0.5,0.5055,0.353,0.4965,0.5025,0.519,0.4905,0.384,-0.173,0.947,0.26471,0.39412,0.25294,0.8,0.5,0.5,0.5,0.5,0.97733,1.00756,0.52489,0.12356,0.46933,0.46044,0.44578,0.48933,0.47647,0.5,0.32353,0.75294,0.49412,0.5,0.5,0.50588,0.5,0.5,0.446,0.7145,0.4965,0.4975,0.508,0.488,-0.111,-0.316,1.052
0.98978,1.00533,0.40311,0.23956,0.46978,0.46044,0.45022,0.47156,0.64118,0.49412,0.27059,0.84118,0.48824,0.51765,0.51176,0.5,0.5,0.5,0.4255,0.891,0.4995,0.499,0.489,0.4945,0.148,-0.125,1.047,0.48824,0.35882,0.43529,0.37059,0.5,0.5,0.5,0.5,1.00089,0.99556,0.26889,0.45733,0.46978,0.46133,0.448,0.46756,0.50588,0.52353,0.47647,0.36471,0.50588,0.5,0.5,0.51176,0.5,0.5,0.266,0.497,0.4945,0.4945,0.4975,0.5,0.299,0.015,1.018
1.00133,1.00044,0.24089,0.39378,0.46978,0.46133,0.44844,0.46756,0.50588,0.50588,0.40588,0.39412,0.50588,0.5,0.5,0.50588,0.5,0.5,0.237,0.4895,0.4945,0.4945,0.4955,0.5045,0.343,0.021,1.002,0.37647,0.22353,0.75294,0.38235,0.5,0.5,0.5,0.5,1.00133,1.00222,0.25067,0.29067,0.46978,0.46,0.448,0.46844,0.49412,0.50588,0.72941,0.40588,0.50588,0.48824,0.5,0.51176,0.5,0.5,0.4165,0.423,0.494,0.5,0.497,0.4965,0.297,0.074,0.993
0.99867,1.00444,0.35511,0.26178,0.46933,0.46089,0.448,0.46844,0.5,0.50588,0.71765,0.43529,0.50588,0.5,0.5,0.50588,0.5,0.5,0.528,0.276,0.4965,0.497,0.497,0.495,0.352,0.071,0.944,0.26471,0.24706,0.57059,0.72353,0.5,0.5,0.5,0.5,0.98533,1.00667,0.53556,0.23867,0.46889,0.46,0.448,0.46933,0.47647,0.5,0.60588,0.67647,0.51176,0.5,0.5,0.50588,0.5,0.5,0.504,0.408,0.494,0.501,0.4975,0.494,0.288,0.001,0.988
0.97422,1.00533,0.57467,0.33333,0.46889,0.45956,0.44711,0.46844,0.48824,0.5,0.57647,0.68824,0.49412,0.49412,0.49412,0.5,0.5,0.5,0.492,0.5035,0.4955,0.5015,0.4995,0.4965,0.233,-0.04,1.023,0.5,0.19412,0.37647,0.48235,0.5,0.5,0.5,0.5,0.95911,1.00356,0.59111,0.45689,0.46844,0.45956,0.448,0.46711,0.48824,0.5,0.38824,0.5,0.50588,0.5,0.5,0.5,0.5,0.5,0.407,0.517,0.5035,0.503,0.498,0.505,0.235,0.002,0.991
0.94889,1.00311,0.53156,0.45022,0.46933,0.46,0.448,0.46756,0.48235,0.5,0.38824,0.48235,0.50588,0.5,0.5,0.5,0.5,0.5,0.3905,0.506,0.4965,0.5015,0.497,0.5035,0.254,0.016,1.008,0.45294,0.4,0.50588,0.43529,0.5,0.5,0.5,0.5,0.93067,1.00311,0.45867,0.42178,0.46844,0.46089,0.448,0.468,0.50588,0.50588,0.5,0.44706,0.5,0.5,0.5,0.50588,0.5,0.5,0.399,0.4885,0.5025,0.497,0.497,0.5,0.271,0.048,0.995
0.92978,1.00311,0.45867,0.39111,0.46844,0.46089,0.448,0.46844,0.5,0.50588,0.5,0.44706,0.5,0.5,0.5,0.50588,0.5,0.5,0.4125,0.4795,0.5035,0.497,0.497,0.4965,0.289,0.048,0.997,0.3,0.26471,0.62353,0.58824,0.5,0.5,0.5,0.5,0.92711,1.00311,0.48756,0.38133,0.46844,0.46044,0.44756,0.46889,0.48235,0.5,0.61765,0.58235,0.50588,0.5,0.5,0.50588,0.5,0.5,0.4985,0.4985,0.5035,0.4985,0.4985,0.494,0.222,0.007,1.005
0.91378,1.00311,0.55111,0.42133,0.46889,0.46,0.44667,0.46889,0.48824,0.50588,0.62353,0.58824,0.49412,0.5,0.5,0.51176,0.5,0.5,0.5,0.5085,0.4965,0.501,0.5025,0.494,0.16,-0.023,1.045,0.20588,0.30588,0.27647,0.57647,0.5,0.5,0.5,0.5,0.89067,1.00222,0.56578,0.488,0.46889,0.45956,0.448,0.468,0.48235,0.48824,0.30588,0.55882,0.49412,0.5,0.5,0.50588,0.5,0.5,0.41,0.5575,0.4965,0.5025,0.4965,0.5,0.25,0.065,0.987
0.88756,0.98889,0.45733,0.53689,0.46844,0.46133,0.448,0.46844,0.53529,0.47647,0.27647,0.57647,0.51176,0.5,0.5,0.51176,0.5,0.5,0.382,0.5105,0.5035,0.495,0.498,0.4965,0.267,0.121,0.917,0.20588,0.4,0.61765,0.52941,0.5,0.5,0.5,0.5,0.996,0.97067,0.344,0.59556,0.46667,0.46133,0.448,0.46844,0.50588,0.48824,0.61176,0.53529,0.5,0.5,0.5,0.50588,0.5,0.5,0.496,0.495,0.5055,0.495,0.497,0.494,0.191,0.126,1.007
0.468,0.50978,0.45644,0.47911,0.46356,0.47867,0.48044,0.46622,0.5,0.50588,0.5,0.5,0.49412,0.5,0.5,0.50588,0.4955,0.493,0.498,0.4975,0.506,0.4995,0.498,0.497,0.03,0.022,1.046,0.82941,0.73529,0.41765,0.23529,0.5,0.5,0.5,0.5,0.56444,0.57733,0.42356,0.404,0.46533,0.47956,0.48,0.46711,0.83529,0.77059,0.41765,0.27059,0.50588,0.5,0.5,0.50588,0.5145,0.5075,0.511,0.4345,0.494,0.4955,0.5,0.495,0.074,-0.022,1.04
0.73467,0.716,0.38044,0.27556,0.46756,0.47956,0.48,0.46578,0.81765,0.71176,0.42353,0.2,0.48235,0.5,0.5,0.46471,0.5135,0.495,0.5265,0.3995,0.4945,0.4955,0.499,0.505,-0.167,0.012,1.021,0.45882,0.27647,0.67647,0.70588,0.5,0.5,0.5,0.5,0.93289,0.79022,0.35067,0.168,0.464,0.48711,0.47911,0.468,0.50588,0.44706,0.78235,0.7,0.50588,0.5,0.5,0.50588,0.4925,0.473,0.718,0.5,0.503,0.457,0.5035,0.495,-0.23,0.041,1.008
0.908,0.72489,0.42978,0.26311,0.46356,0.48622,0.47422,0.47556,0.37647,0.27647,0.65294,0.66471,0.5,0.49412,0.47647,0.50588,0.494,0.429,0.768,0.5365,0.505,0.4605,0.526,0.4945,-0.327,0.002,0.995,0.47647,0.42353,0.25882,0.64118,0.5,0.5,0.5,0.5,0.84356,0.53644,0.48978,0.40667,0.46356,0.47778,0.46711,0.47778,0.48824,0.30588,0.28235,0.62353,0.5,0.5,0.5,0.50588,0.5185,0.476,0.5985,0.6625,0.506,0.5035,0.5615,0.4935,-0.331,-0.042,0.984
0.86044,0.432,0.38222,0.45289,0.46356,0.47822,0.46711,0.47733,0.57059,0.37059,0.28235,0.62353,0.5,0.5,0.5,0.5,0.4935,0.5145,0.501,0.786,0.506,0.502,0.5615,0.494,-0.226,-0.08,1.035,0.56471,0.62941,0.55294,0.31176,0.5,0.5,0.5,0.5,0.87156,0.36178,0.26489,0.51022,0.464,0.47822,0.46711,0.47644,0.51176,0.50588,0.55294,0.43529,0.51176,0.49412,0.5,0.49412,0.506,0.6145,0.496,0.6145,0.5035,0.5005,0.5615,0.494,-0.225,-0.082,1.024
0.90311,0.40356,0.27644,0.42356,0.46444,0.47822,0.46711,0.47644,0.58235,0.77059,0.51176,0.32353,0.51176,0.5,0.5,0.50588,0.506,0.622,0.5605,0.5705,0.496,0.5015,0.5615,0.4935,-0.193,-0.085,0.996,0.34118,0.62353,0.34118,0.57647,0.5,0.5,0.5,0.5,0.91111,0.60489,0.26133,0.32044,0.46489,0.47911,0.468,0.47644,0.42353,0.56471,0.37647,0.50588,0.5,0.5,0.5,0.5,0.476,0.528,0.504,0.647,0.4965,0.4975,0.5575,0.4945,-0.191,-0.066,1.036
0.884,0.62089,0.19289,0.32578,0.46311,0.47956,0.46978,0.46756,0.41765,0.50588,0.37647,0.52941,0.5,0.5,0.5,0.45294,0.4075,0.5935,0.4695,0.8065,0.5055,0.496,0.5495,0.4975,-0.167,-0.131,1.01,0.26471,0.72941,0.58824,0.69412,0.5,0.5,0.5,0.5,0.65511,0.81289,0.12711,0.40356,0.464,0.47822,0.46889,0.456,0.19412,0.90588,0.6,0.75294,0.5,0.5,0.5,0.5,0.4835,0.52,0.4835,0.919,0.4965,0.502,0.5525,0.5055,-0.206,-0.161,0.891
0.53689,0.96578,0.17111,0.576,0.45911,0.48,0.48222,0.46444,0.26471,0.77059,0.58824,0.99412,0.45882,0.49412,0.57647,0.54118,0.481,0.5065,0.498,0.583,0.506,0.495,0.495,0.505,-0.106,-0.112,0.964,0.85294,0.31176,0.59412,0.45882,0.5,0.5,0.5,0.5,0.41067,1.02089,0.21111,0.69956,0.46356,0.47822,0.48,0.46756,0.67647,0.5,0.5,0.46471,0.50588,0.5,0.5,0.50588,0.5935,0.51,0.7005,0.488,0.505,0.5015,0.5005,0.495,-0.266,-0.21,0.981
0.53156,0.95511,0.22311,0.69378,0.46444,0.47867,0.48044,0.47111,0.68235,0.31176,0.5,0.48824,0.5,0.5,0.5,0.51176,0.6955,0.491,0.89,0.4115,0.498,0.5,0.4985,0.495,-0.39,-0.112,0.884,0.46471,0.59412,0.44706,0.32353,0.5,0.5,0.5,0.5,0.73067,0.86533,0.23822,0.628,0.464,0.47867,0.47956,0.46889,0.5,0.57059,0.5,0.32353,0.5,0.5,0.5,0.5,0.7025,0.493,0.917,0.3185,0.5025,0.5,0.5025,0.495,-0.368,-0.064,0.96
0.73111,0.93556,0.23867,0.52622,0.46444,0.47867,0.47956,0.46667,0.50588,0.62353,0.5,0.34706,0.51176,0.5,0.5,0.5,0.666,0.4845,0.778,0.3465,0.4995,0.5005,0.5025,0.4975,-0.365,-0.082,0.961,0.38235,0.25882,0.59412,0.35882,0.5,0.5,0.5,0.5,0.73067,0.99111,0.23778,0.43511,0.464,0.47867,0.47911,0.46622,0.5,0.5,0.5,0.43529,0.50588,0.5,0.5,0.5,0.56,0.349,0.777,0.0635,0.4985,0.501,0.504,0.5,-0.256,-0.03,0.96
0.69467,0.98578,0.23822,0.40044,0.46444,0.47822,0.47911,0.464,0.35294,0.5,0.5,0.44118,0.50588,0.5,0.5,0.5,0.5395,0.131,0.986,0.02,0.4975,0.502,0.504,0.503,-0.212,-0.062,1.076,0.62353,0.33529,0.72941,0.55882,0.5,0.5,0.5,0.5,0.62578,0.98578,0.27333,0.38222,0.46533,0.47822,0.47911,0.46356,0.5,0.5,0.5,0.5,0.50588,0.5,0.5,0.5,0.6075,0.141,0.9975,0.1045,0.4955,0.502,0.504,0.504,-0.246,-0.007,1.008
0.62578,0.98578,0.27333,0.38222,0.46533,0.47822,0.47911,0.46356,0.5,0.5,0.5,0.5,0.50588,0.5,0.5,0.5,0.718,0.1445,0.9995,0.2475,0.4955,0.502,0.504,0.504,-0.264,-0.008,0.998,0.57059,0.2,0.7,0.58824,0.5,0.5,0.5,0.5,0.66267,0.98622,0.27333,0.41556,0.46533,0.47778,0.47956,0.46711,0.50588,0.60588,0.5,0.61176,0.50588,0.5,0.5,0.51176,0.821,0.5,0.9995,0.3975,0.4955,0.504,0.5025,0.495,-0.324,0.002,0.928
0.77333,1.00089,0.14178,0.44933,0.46489,0.47778,0.47556,0.46444,0.94118,0.50588,0.08235,0.54118,0.49412,0.5,0.5,0.51176,0.622,0.5,0.6455,0.451,0.4965,0.504,0.5215,0.505,-0.16,-0.171,1.09,0.36471,0.25294,0.57059,0.62941,0.5,0.5,0.5,0.5,0.90978,1.0,0.044,0.53111,0.46356,0.47822,0.47733,0.46533,0.41176,0.5,0.47647,0.65882,0.5,0.5,0.51765,0.51176,0.493,0.5,0.5055,0.516,0.505,0.502,0.5145,0.505,-0.16,-0.211,1.003
0.852,0.99822,0.03911,0.58711,0.46356,0.47822,0.48089,0.46578,0.38824,0.49412,0.5,0.61176,0.5,0.5,0.5,0.5,0.489,0.5,0.5,0.558,0.506,0.502,0.4965,0.5025,-0.117,-0.14,1.017,0.48235,0.47059,0.91765,0.3,0.5,0.5,0.5,0.5,0.77022,0.97867,0.03733,0.63111,0.46311,0.47911,0.47956,0.46533,0.45882,0.48824,0.5,0.35882,0.50588,0.5,0.5,0.5,0.4905,0.5,0.5,0.399,0.506,0.4975,0.5035,0.5025,-0.029,-0.19,1.027
0.74533,0.96756,0.02756,0.52356,0.46533,0.47778,0.48044,0.46711,0.48824,0.48824,0.48824,0.30588,0.50588,0.5,0.5,0.50588,0.504,0.5,0.5055,0.427,0.494,0.5035,0.498,0.495,-0.022,-0.233,0.976,0.42941,0.19412,0.75294,0.57647,0.5,0.5,0.5,0.5,0.71067,0.99778,0.02267,0.42044,0.46578,0.47822,0.48089,0.46667,0.45882,0.5,0.5,0.57647,0.50588,0.5,0.5,0.5,0.494,0.5,0.5,0.4835,0.494,0.502,0.498,0.497,-0.023,-0.215,1.014
0.68267,0.99778,0.02356,0.45511,0.464,0.47822,0.48044,0.46533,0.45294,0.5,0.5,0.54118,0.49412,0.5,0.5,0.50588,0.493,0.5,0.5,0.503,0.5035,0.502,0.4985,0.503,0.002,-0.221,1.02,0.47059,0.35294,0.74706,0.43529,0.5,0.5,0.5,0.5,0.63733,0.99778,0.02356,0.48044,0.46356,0.47867,0.48089,0.46667,0.47647,0.5,0.5,0.43529,0.5,0.5,0.5,0.50588,0.492,0.5,0.5,0.4875,0.506,0.5,0.4965,0.4965,0.011,-0.231,1.017
0.62444,0.99778,0.02356,0.45644,0.464,0.47867,0.48044,0.46667,0.47647,0.50588,0.5,0.46471,0.51176,0.5,0.5,0.50588,0.4905,0.5,0.5,0.449,0.5035,0.5,0.4985,0.495,0.059,-0.248,1.008,0.56471,0.43529,0.8,0.4,0.5,0.5,0.5,0.5,0.60978,0.99822,0.024,0.39244,0.46489,0.47822,0.48089,0.46711,0.54706,0.50588,0.5,0.40588,0.49412,0.5,0.5,0.50588,0.507,0.5,0.5,0.409,0.4965,0.502,0.497,0.495,0.028,-0.21,1.015
0.628,0.99911,0.02222,0.356,0.46533,0.47822,0.48044,0.46711,0.52941,0.50588,0.5,0.45294,0.5,0.5,0.5,0.51176,0.515,0.5,0.5005,0.341,0.494,0.502,0.4985,0.495,0.098,-0.209,1.021,0.58235,0.47059,0.85882,0.57059,0.5,0.5,0.5,0.5,0.65067,1.00311,0.01733,0.32622,0.46489,0.47822,0.48044,0.46711,0.50588,0.50588,0.5,0.5,0.5,0.5,0.5,0.50588,0.5665,0.5,0.5,0.3085,0.4945,0.502,0.4985,0.495,0.113,-0.24,1.047
0.67778,1.00578,0.01556,0.33733,0.46533,0.47778,0.48044,0.46756,0.58235,0.5,0.5,0.54706,0.5,0.5,0.5,0.50588,0.573,0.5,0.5,0.43,0.494,0.502,0.4985,0.495,0.041,-0.187,1.018,0.54706,0.36471,0.54706,0.51765,0.5,0.5,0.5,0.5,0.73778,1.00578,0.01556,0.37689,0.46533,0.47822,0.48089,0.46844,0.55882,0.5,0.5,0.50588,0.50588,0.5,0.5,0.50588,0.58,0.5,0.5,0.471,0.4945,0.502,0.497,0.495,-0.02,-0.205,1.012
0.75867,1.00578,0.01511,0.38622,0.46533,0.47822,0.48089,0.46844,0.62353,0.5,0.5,0.52353,0.50588,0.5,0.5,0.5,0.582,0.5,0.5,0.471,0.494,0.502,0.497,0.495,-0.034,-0.19,1.042,0.45294,0.31765,0.58235,0.50588,0.5,0.5,0.5,0.5,0.78844,1.00533,0.01511,0.39644,0.46533,0.47822,0.48133,0.46844,0.50588,0.5,0.5,0.5,0.50588,0.5,0.5,0.5,0.557,0.5,0.5,0.4795,0.494,0.502,0.4955,0.495,-0.055,-0.208,1.018
0.78844,1.00533,0.01511,0.39867,0.46533,0.47822,0.48133,0.46844,0.50588,0.5,0.5,0.5,0.50588,0.5,0.5,0.5,0.529,0.5,0.5,0.483,0.494,0.502,0.4955,0.495,-0.06,-0.204,1.017,0.27647,0.14706,0.95294,0.28235,0.5,0.5,0.5,0.5,0.728,1.00578,0.016,0.35556,0.46489,0.47822,0.48,0.46622,0.32353,0.50588,0.5,0.35294,0.5,0.5,0.5,0.50588,0.4935,0.5,0.5,0.357,0.4965,0.502,0.501,0.5,0.152,-0.185,1.003
0.61867,1.00756,0.01644,0.28622,0.46311,0.47867,0.48,0.46667,0.25882,0.51176,0.5,0.37059,0.5,0.49412,0.5,0.50588,0.4925,0.5,0.4995,0.158,0.5055,0.501,0.5025,0.4955,0.32,-0.265,0.953,0.5,0.15882,0.62941,0.48824,0.5,0.5,0.5,0.5,0.48089,1.01289,0.01822,0.15733,0.46578,0.47867,0.48178,0.46711,0.5,0.50588,0.5,0.5,0.5,0.5,0.5,0.50588,0.506,0.5,0.5,0.134,0.4945,0.4995,0.4925,0.4955,0.338,-0.225,0.983
0.48089,1.01289,0.01822,0.15467,0.46533,0.47867,0.48178,0.46667,0.5,0.50588,0.5,0.49412,0.5,0.5,0.5,0.50588,0.506,0.5,0.5,0.12,0.494,0.499,0.4925,0.4955,0.293,-0.251,0.968,0.57647,0.21176,0.72353,0.48824,0.5,0.5,0.5,0.5,0.48889,1.01422,0.01822,0.12444,0.46578,0.47867,0.488,0.46533,0.57059,0.50588,0.5,0.43529,0.50588,0.5,0.5,0.50588,0.5145,0.5,0.5,0.207,0.4945,0.5,0.4635,0.5025,0.287,-0.252,0.961
0.51911,1.01467,0.01778,0.11956,0.46578,0.47822,0.48844,0.46533,0.52353,0.50588,0.5,0.5,0.50588,0.5,0.5,0.50588,0.5225,0.5,0.5,0.206,0.494,0.5015,0.4615,0.5045,0.25,-0.252,0.981,0.44118,0.35882,0.62941,0.61176,0.5,0.5,0.5,0.5,0.55111,1.01467,0.01733,0.09911,0.46622,0.47822,0.492,0.46533,0.5,0.50588,0.5,0.54706,0.50588,0.5,0.5,0.50588,0.5115,0.5,0.5,0.4445,0.494,0.5015,0.4445,0.505,0.192,-0.261,0.98
0.54089,1.01289,0.01778,0.15067,0.46356,0.47867,0.492,0.46756,0.43529,0.5,0.5,0.61176,0.5,0.5,0.5,0.50588,0.496,0.5,0.5,0.4985,0.5055,0.501,0.4445,0.495,0.2,-0.262,0.989,0.61176,0.45882,0.72941,0.44118,0.5,0.5,0.5,0.5,0.52533,1.01156,0.01778,0.21644,0.46178,0.47822,0.492,0.46889,0.57647,0.5,0.5,0.5,0.5,0.5,0.5,0.50588,0.5165,0.5,0.5,0.385,0.5055,0.5,0.4445,0.495,0.205,-0.258,1.001
0.56044,1.01156,0.01644,0.20356,0.46222,0.47822,0.492,0.47022,0.57647,0.5,0.5,0.45882,0.50588,0.5,0.5,0.50588,0.537,0.5,0.5,0.301,0.5055,0.5015,0.4445,0.495,0.167,-0.259,1.002,0.76471,0.38824,0.92941,0.64118,0.5,0.5,0.5,0.5,0.65911,1.01333,0.01244,0.18978,0.464,0.47822,0.492,0.47022,0.69412,0.5,0.49412,0.59412,0.5,0.5,0.5,0.50588,0.621,0.5,0.5005,0.4235,0.503,0.5015,0.445,0.495,-0.002,-0.271,1.003
0.77111,1.01244,0.01111,0.25689,0.46356,0.47822,0.49156,0.47911,0.75294,0.50588,0.5,0.62941,0.5,0.5,0.5,0.50588,0.6455,0.5,0.5,0.448,0.5055,0.5015,0.4455,0.492,-0.115,-0.242,1.001,0.21176,0.14706,0.77059,0.46471,0.5,0.5,0.5,0.5,0.92756,1.01111,0.012,0.33956,0.45067,0.47956,0.49067,0.47911,0.46471,0.5,0.5,0.5,0.49412,0.5,0.5,0.5,0.5065,0.5,0.4995,0.4,0.5085,0.4955,0.4505,0.492,-0.025,-0.236,0.999
0.81556,1.01111,0.01289,0.32844,0.44622,0.47956,0.49067,0.47911,0.22353,0.50588,0.5,0.44706,0.5,0.5,0.5,0.50588,0.4875,0.5,0.4995,0.365,0.5115,0.4955,0.4505,0.492,0.079,-0.249,1.003,0.58235,0.47059,0.88824,0.32353,0.5,0.5,0.5,0.5,0.656,1.012,0.01378,0.26978,0.444,0.47956,0.49067,0.47822,0.51765,0.50588,0.5,0.34118,0.51176,0.5,0.5,0.5,0.509,0.5,0.5,0.263,0.5115,0.4955,0.4505,0.4935,0.157,-0.242,0.997
0.65556,1.01378,0.01244,0.20311,0.45022,0.47867,0.49111,0.47733,0.5,0.50588,0.5,0.32353,0.54706,0.5,0.50588,0.5,0.5465,0.5,0.5,0.1535,0.507,0.499,0.449,0.494,0.127,-0.247,0.955,0.42353,0.24706,0.57647,0.6,0.5,0.5,0.5,0.5,0.70222,1.00267,0.01422,0.03867,0.45467,0.47867,0.48533,0.46178,0.51176,0.50588,0.5,0.51765,0.50588,0.5,0.5,0.50588,0.512,0.5,0.4995,0.596,0.506,0.499,0.476,0.505,-0.146,-0.204,1.008
0.68578,1.00311,0.01556,0.06622,0.45467,0.47867,0.48489,0.46222,0.42941,0.48235,0.5,0.54118,0.49412,0.5,0.5,0.51176,0.4935,0.5,0.4995,0.704,0.5065,0.499,0.4775,0.5045,-0.298,-0.275,1.087,0.61765,0.46471,0.65882,0.81765,0.5,0.5,0.5,0.5,0.67733,1.00489,0.01822,0.188,0.46,0.47867,0.48311,0.46178,0.61765,0.50588,0.5,0.72941,0.50588,0.5,0.48235,0.5,0.508,0.5,0.5,0.9085,0.506,0.499,0.486,0.504,-0.128,-0.188,0.938
0.73822,1.00267,0.02444,0.30444,0.46489,0.47867,0.47867,0.46178,0.62353,0.5,0.52353,0.5,0.5,0.5,0.5,0.50588,0.507,0.5,0.4945,0.9725,0.4965,0.499,0.508,0.504,-0.265,-0.275,0.969,0.50588,0.47647,0.66471,0.55294,0.5,0.5,0.5,0.5,0.80311,1.00089,0.02889,0.30444,0.464,0.47867,0.47867,0.46178,0.50588,0.51176,0.5,0.5,0.49412,0.5,0.5,0.5,0.508,0.5,0.5,0.9995,0.505,0.499,0.508,0.504,-0.258,-0.281,0.965
0.80844,1.00089,0.02889,0.30711,0.464,0.47867,0.47867,0.46178,0.50588,0.5,0.5,0.5,0.50588,0.5,0.5,0.5,0.507,0.5,0.5,0.9995,0.5035,0.499,0.508,0.504,-0.227,-0.26,0.971,0.31176,0.12941,0.63529,0.67647,0.5,0.5,0.5,0.5,0.77111,1.00089,0.02889,0.30711,0.46356,0.47867,0.47867,0.46178,0.34118,0.50588,0.5,0.5,0.50588,0.5,0.5,0.5,0.4865,0.5,0.5,0.9995,0.5035,0.499,0.508,0.504,-0.233,-0.27,0.975
0.68889,1.00044,0.03733,0.30711,0.46533,0.47867,0.47867,0.46178,0.30588,0.50588,0.52941,0.5,0.5,0.5,0.5,0.5,0.4795,0.5,0.493,0.9995,0.494,0.499,0.508,0.504,-0.25,-0.277,0.969,0.77059,0.25882,0.81176,0.32941,0.5,0.5,0.5,0.5,0.62578,1.00089,0.07244,0.30711,0.464,0.47822,0.47867,0.46178,0.75882,0.5,0.5,0.5,0.5,0.5,0.5,0.5,0.515,0.5,0.4985,0.734,0.5035,0.5005,0.508,0.505,-0.197,-0.26,0.945
0.74444,1.00267,0.06178,0.25022,0.46356,0.47867,0.48,0.46267,0.71765,0.51176,0.43529,0.37647,0.5,0.5,0.5,0.50588,0.5355,0.5,0.5115,0.587,0.505,0.499,0.5015,0.505,-0.176,-0.253,0.975,0.32941,0.36471,0.76471,0.51176,0.5,0.5,0.5,0.5,0.85644,1.00444,0.01511,0.15867,0.46356,0.47867,0.48222,0.46489,0.41176,0.50588,0.5,0.5,0.5,0.5,0.5,0.50588,0.5095,0.5,0.5,0.5565,0.506,0.499,0.4915,0.505,-0.191,-0.254,0.999
0.79333,1.00444,0.01689,0.15822,0.46267,0.47911,0.48222,0.46489,0.40588,0.50588,0.5,0.5,0.5,0.5,0.5,0.5,0.493,0.5,0.4995,0.587,0.5055,0.497,0.4915,0.505,-0.158,-0.256,0.998,0.63529,0.11765,0.68235,0.57647,0.5,0.5,0.5,0.5,0.73022,1.00444,0.01778,0.16267,0.46267,0.47867,0.48222,0.46489,0.61765,0.5,0.5,0.51176,0.5,0.5,0.5,0.5,0.5095,0.5,0.5,0.718,0.5055,0.499,0.4915,0.5045,-0.167,-0.269,0.989
0.78178,1.00489,0.01778,0.19422,0.46311,0.47867,0.48178,0.46489,0.61176,0.50588,0.5,0.55294,0.50588,0.5,0.5,0.50588,0.5215,0.5,0.5,0.7575,0.5055,0.499,0.492,0.5045,-0.223,-0.287,0.998,0.60588,0.42353,0.62941,0.65882,0.5,0.5,0.5,0.5,0.87822,1.00533,0.01733,0.26667,0.46356,0.47867,0.48089,0.46489,0.63529,0.5,0.5,0.52941,0.50588,0.5,0.5,0.50588,0.5365,0.5,0.5,0.879,0.5045,0.4995,0.4975,0.504,-0.242,-0.256,0.951
0.94133,1.00311,0.01778,0.304,0.46356,0.47911,0.48089,0.46533,0.63529,0.5,0.5,0.57059,0.49412,0.5,0.5,0.50588,0.524,0.5,0.5,0.984,0.5055,0.4985,0.4975,0.504,-0.269,-0.259,0.981,0.45294,0.25294,0.60588,0.48235,0.5,0.5,0.5,0.5,1.00933,1.00311,0.01822,0.30444,0.464,0.47867,0.48089,0.46533,0.50588,0.50588,0.5,0.5,0.50588,0.5,0.5,0.51176,0.508,0.5,0.5,0.972,0.505,0.4985,0.4975,0.504,-0.254,-0.286,0.975
0.99733,1.00267,0.01822,0.30444,0.46356,0.47867,0.48089,0.46533,0.44706,0.5,0.5,0.5,0.5,0.5,0.5,0.50588,0.494,0.5,0.5,0.929,0.505,0.498,0.4975,0.505,-0.052,-0.242,0.942,0.41176,0.35294,0.88824,0.54118,0.5,0.5,0.5,0.5,0.93822,1.00311,0.01511,0.15511,0.456,0.47911,0.48489,0.46578,0.41765,0.5,0.5,0.39412,0.48824,0.5,0.5,0.49412,0.495,0.5,0.5,0.532,0.506,0.497,0.479,0.5025,-0.225,-0.238,1.001
0.89378,1.00267,0.01511,0.11067,0.45244,0.47911,0.48533,0.46444,0.42353,0.50588,0.5,0.45294,0.5,0.5,0.5,0.5,0.4935,0.5,0.5,0.517,0.5075,0.497,0.4765,0.505,-0.175,-0.211,1.001,0.25882,0.26471,0.85882,0.72941,0.5,0.5,0.5,0.5,0.80222,0.98667,0.01511,0.07867,0.44978,0.47911,0.48533,0.46356,0.31176,0.46471,0.5,0.46471,0.50588,0.5,0.5,0.5,0.4665,0.5,0.5,0.5095,0.5085,0.497,0.4765,0.505,-0.092,-0.202,1.015
0.67022,0.98311,0.01733,0.05822,0.45511,0.47867,0.48533,0.46356,0.21765,0.51176,0.5,0.46471,0.51765,0.5,0.5,0.5,0.479,0.5,0.4995,0.509,0.506,0.499,0.4765,0.505,-0.072,-0.215,1.011,0.65882,0.42941,0.85882,0.88824,0.5,0.5,0.5,0.5,0.54311,0.99022,0.02222,0.04356,0.46356,0.47867,0.48533,0.46356,0.64706,0.50588,0.5,0.5,0.5,0.5,0.5,0.5,0.5105,0.5,0.5,0.5,0.5055,0.499,0.4765,0.505,-0.067,-0.219,1.012
0.61378,0.99022,0.02089,0.04356,0.46356,0.47867,0.48533,0.46356,0.64118,0.50588,0.49412,0.5,0.5,0.5,0.5,0.5,0.518,0.5,0.5005,0.5,0.5055,0.499,0.477,0.505,-0.076,-0.218,1.011,0.41765,0.18235,0.67647,0.65294,0.5,0.5,0.5,0.5,0.68089,0.98978,0.01778,0.04356,0.46356,0.47822,0.48533,0.46356,0.50588,0.50588,0.5,0.5,0.5,0.5,0.5,0.5,0.509,0.5,0.5,0.5,0.5055,0.5005,0.4765,0.505,-0.084,-0.218,1.011
0.65511,0.99022,0.01867,0.04222,0.46356,0.47867,0.48489,0.46356,0.43529,0.50588,0.5,0.49412,0.5,0.5,0.5,0.5,0.494,0.5,0.4995,0.5005,0.5055,0.4995,0.4765,0.505,-0.072,-0.212,1.012,0.63529,0.42941,0.55294,0.62353,0.5,0.5,0.5,0.5,0.63689,0.99067,0.01956,0.04044,0.46356,0.47822,0.48533,0.46356,0.59412,0.50588,0.5,0.5,0.49412,0.5,0.5,0.5,0.5165,0.5,0.5,0.5,0.5035,0.5,0.4765,0.505,-0.088,-0.208,1.011
0.68133,0.98978,0.01689,0.04089,0.464,0.47822,0.48533,0.46267,0.58824,0.49412,0.49412,0.5,0.51176,0.5,0.5,0.48824,0.539,0.5,0.5005,0.5,0.5035,0.501,0.4765,0.505,-0.125,-0.192,1.016,0.52941,0.50588,0.56471,0.76471,0.5,0.5,0.5,0.5,0.73867,0.99022,0.01511,0.04044,0.46356,0.47822,0.48533,0.45956,0.50588,0.5,0.5,0.5,0.51176,0.5,0.5,0.48824,0.5775,0.5,0.5,0.5,0.5035,0.501,0.4765,0.505,-0.135,-0.182,1.012
0.74978,0.99067,0.01511,0.04044,0.464,0.47822,0.48533,0.45867,0.50588,0.5,0.5,0.5,0.50588,0.5,0.5,0.5,0.5835,0.5,0.5,0.5,0.503,0.501,0.4765,0.505,-0.15,-0.179,1.011,0.34118,0.33529,0.82941,0.89412,0.5,0.5,0.5,0.5,0.76178,0.99156,0.01467,0.04044,0.46356,0.47822,0.48533,0.45867,0.50588,0.50588,0.5,0.5,0.5,0.5,0.5,0.5,0.5125,0.5,0.5,0.5,0.504,0.501,0.4765,0.505,-0.129,-0.18,1.017
0.70667,0.99333,0.01644,0.03644,0.46356,0.47867,0.48533,0.45867,0.38824,0.51176,0.5,0.5,0.5,0.5,0.5,0.5,0.494,0.5,0.4995,0.501,0.5055,0.4995,0.4765,0.505,-0.123,-0.178,1.016,0.43529,0.19412,0.55882,0.62941,0.5,0.5,0.5,0.5,0.60489,0.99644,0.01911,0.03511,0.46356,0.47867,0.48533,0.45822,0.43529,0.50588,0.5,0.5,0.49412,0.5,0.5,0.5,0.492,0.5,0.4995,0.5,0.5035,0.4995,0.4765,0.505,-0.114,-0.185,1.014
0.57244,0.99644,0.01956,0.03467,0.464,0.47867,0.48533,0.45822,0.44118,0.50588,0.5,0.5,0.50588,0.5,0.5,0.50588,0.492,0.5,0.5,0.5,0.5035,0.4995,0.4765,0.505,-0.104,-0.177,1.017,0.77059,0.28824,0.71765,0.92353,0.5,0.5,0.5,0.5,0.59867,0.99689,0.02444,0.03378,0.46356,0.47822,0.48533,0.45867,0.74118,0.50588,0.48824,0.5,0.5,0.5,0.5,0.5,0.518,0.5,0.501,0.5,0.5035,0.501,0.4765,0.505,-0.123,-0.181,1.011
0.70533,0.99644,0.01733,0.03378,0.464,0.47822,0.48533,0.45822,0.68235,0.5,0.48235,0.5,0.5,0.5,0.5,0.5,0.5525,0.5,0.5035,0.5,0.5035,0.501,0.4765,0.505,-0.188,-0.182,1.018,0.52353,0.22941,0.92941,0.71765,0.5,0.5,0.5,0.5,0.82756,0.99733,0.01333,0.03378,0.464,0.47822,0.48533,0.45822,0.50588,0.50588,0.5,0.5,0.5,0.5,0.5,0.5,0.6055,0.5,0.5,0.5,0.5035,0.501,0.4765,0.5055,-0.207,-0.152,1.008
0.83244,0.99733,0.01289,0.03378,0.464,0.47822,0.48533,0.45822,0.50588,0.5,0.5,0.5,0.5,0.5,0.5,0.5,0.618,0.5,0.5,0.5,0.5035,0.501,0.4765,0.5055,-0.213,-0.134,1.002,0.57647,0.49412,0.84706,0.86471,0.5,0.5,0.5,0.5,0.86667,0.99778,0.012,0.03378,0.464,0.47822,0.48533,0.45822,0.7,0.51176,0.5,0.5,0.5,0.5,0.5,0.5,0.616,0.5,0.5,0.5,0.503,0.501,0.4765,0.5055,-0.266,-0.106,0.993
0.89378,0.99778,0.012,0.03378,0.464,0.47822,0.48533,0.45822,0.50588,0.50588,0.5,0.5,0.5,0.5,0.5,0.5,0.652,0.5,0.5,0.5,0.503,0.501,0.4765,0.505,-0.264,-0.093,0.971,0.29412,0.47059,0.68235,0.67647,0.5,0.5,0.5,0.5,0.92756,0.99867,0.01156,0.03378,0.464,0.47822,0.48533,0.45822,0.50588,0.50588,0.5,0.5,0.50588,0.5,0.5,0.5,0.5335,0.5,0.5,0.5,0.5035,0.501,0.4765,0.5055,-0.251,-0.118,0.997
0.50933,0.49511,0.48444,0.47956,0.46978,0.44489,0.45378,0.46756,0.5,0.50588,0.5,0.49412,0.5,0.5,0.5,0.50588,0.492,0.493,0.4915,0.479,0.503,0.501,0.498,0.5,-0.063,-0.02,1.027,0.55882,0.45294,0.62941,0.44706,0.5,0.5,0.5,0.5,0.52044,0.48844,0.51822,0.46533,0.47067,0.44533,0.45289,0.46844,0.55882,0.5,0.61176,0.48824,0.50588,0.5,0.5,0.50588,0.5065,0.486,0.536,0.4635,0.495,0.4985,0.5015,0.494,-0.06,-0.046,1.032
0.53244,0.48667,0.58,0.44578,0.46933,0.44444,0.452,0.46889,0.52941,0.46471,0.61176,0.46471,0.5,0.5,0.49412,0.50588,0.513,0.471,0.5565,0.4285,0.505,0.5025,0.506,0.494,0.06,-0.081,0.924,0.79412,0.38824,0.12941,0.63529,0.5,0.5,0.5,0.5,0.64444,0.38622,0.54311,0.43867,0.47111,0.44622,0.45422,0.46711,0.85882,0.36471,0.14118,0.61176,0.50588,0.5,0.49412,0.50588,0.5285,0.493,0.499,0.5265,0.495,0.495,0.4955,0.505,-0.003,-0.024,1.01
0.83333,0.31644,0.36578,0.49289,0.47022,0.44489,0.45333,0.46711,0.81765,0.38235,0.14706,0.59412,0.49412,0.5,0.5,0.51176,0.5065,0.5075,0.452,0.594,0.4965,0.5005,0.499,0.5035,0.013,-0.123,1.103,0.22941,0.39412,0.64706,0.35882,0.5,0.5,0.5,0.5,0.93956,0.18444,0.18133,0.54133,0.46978,0.44489,0.45333,0.46756,0.35882,0.5,0.6,0.38235,0.50588,0.50588,0.55294,0.5,0.473,0.519,0.5215,0.505,0.503,0.5,0.5025,0.5005,-0.093,-0.086,1.023
0.85867,0.16133,0.24089,0.47556,0.46933,0.45156,0.45422,0.46667,0.34706,0.41176,0.61765,0.36471,0.51176,0.5,0.49412,0.50588,0.3935,0.493,0.594,0.494,0.502,0.47,0.493,0.5035,-0.131,0.077,1.003,0.07647,1.05294,0.42353,0.61765,0.5,0.5,0.5,0.5,0.50667,0.22,0.31867,0.40178,0.47022,0.44489,0.452,0.47422,-0.07647,0.76471,0.5,0.5,0.5,0.49412,0.5,0.50588,0.477,0.602,0.5195,0.6305,0.495,0.498,0.5055,0.495,-0.321,-0.17,1.1
0.28311,0.38133,0.29111,0.39911,0.47111,0.44489,0.44889,0.47511,0.12353,0.80588,0.49412,0.5,0.52353,0.5,0.49412,0.50588,0.475,0.8165,0.462,0.9275,0.495,0.501,0.5205,0.4955,-0.438,-0.146,0.885,0.78235,0.53529,0.56471,0.44706,0.5,0.5,0.5,0.5,0.088,0.74089,0.26311,0.39911,0.47067,0.44489,0.44622,0.47333,0.78824,0.73529,0.55294,0.5,0.5,0.5,0.5,0.48824,0.5135,0.608,0.4935,0.917,0.4965,0.501,0.534,0.495,-0.438,-0.211,0.846
0.23422,0.87689,0.29556,0.40044,0.47067,0.44489,0.43778,0.46489,0.78235,0.72941,0.56471,0.5,0.50588,0.5,0.5,0.5,0.5125,0.492,0.4985,0.783,0.497,0.5005,0.574,0.505,-0.47,-0.269,0.957,0.64118,-0.08235,0.33529,0.58824,0.5,0.5,0.5,0.5,0.444,0.85467,0.27867,0.40133,0.47067,0.44489,0.43733,0.46178,0.67647,0.27647,0.35294,0.51176,0.49412,0.5,0.5,0.5,0.5125,0.229,0.4875,0.765,0.497,0.5005,0.5765,0.505,-0.242,-0.076,0.741
0.52622,0.432,0.19422,0.45289,0.46889,0.44533,0.44622,0.46222,0.64118,-0.42353,0.28235,0.52941,0.5,0.5,0.6,0.48824,0.5085,0.4855,0.485,0.734,0.505,0.499,0.5385,0.505,-0.486,-0.615,1.191,0.47647,0.47059,0.50588,0.31765,0.5,0.5,0.5,0.5,0.60222,0.036,0.09333,0.49111,0.464,0.44489,0.45378,0.46133,0.5,0.54706,0.5,0.31176,0.5,0.5,0.5,0.50588,0.5065,0.507,0.5125,0.5015,0.505,0.501,0.4975,0.5055,-0.132,-0.239,0.99
0.59289,0.04178,0.09289,0.40044,0.46444,0.44578,0.45378,0.46222,0.48235,0.5,0.5,0.30588,0.50588,0.50588,0.5,0.50588,0.5065,0.4895,0.528,0.4985,0.5055,0.4985,0.497,0.5055,-0.191,-0.19,0.991,0.78235,0.81176,0.6,0.47647,0.5,0.5,0.5,0.5,0.61956,0.1,0.10178,0.28356,0.45333,0.44578,0.45333,0.46311,0.69412,0.81765,0.55882,0.48824,0.5,0.5,0.5,0.50588,0.564,0.514,0.6645,0.4995,0.5085,0.497,0.498,0.5055,-0.347,-0.054,0.986
0.71778,0.25911,0.13556,0.27111,0.45333,0.44578,0.45289,0.46756,0.69412,0.75294,0.55294,0.47059,0.50588,0.5,0.49412,0.51176,0.631,0.5175,0.746,0.5005,0.5085,0.497,0.5,0.5,-0.414,-0.037,0.963,0.11176,0.79412,0.73529,0.42941,0.5,0.5,0.5,0.5,0.83867,0.51867,0.24044,0.23067,0.45289,0.44622,0.45333,0.46756,0.21176,0.8,0.66471,0.43529,0.5,0.5,0.5,0.50588,0.4945,0.535,0.8975,0.5095,0.5085,0.495,0.4985,0.5,-0.497,0.011,0.937
0.63244,0.65422,0.34444,0.19333,0.45289,0.44622,0.45333,0.46756,0.08824,0.74706,0.70588,0.43529,0.5,0.5,0.5,0.50588,0.508,0.554,0.9445,0.5215,0.5085,0.495,0.4985,0.5,-0.472,0.01,0.907,0.25882,0.15882,0.39412,0.61765,0.5,0.5,0.5,0.5,0.29511,0.796,0.492,0.18356,0.45333,0.44578,0.45289,0.468,0.24706,0.19412,0.5,0.57059,0.50588,0.5,0.5,0.5,0.5375,0.4795,0.7295,0.5555,0.509,0.4965,0.5005,0.4965,-0.388,0.014,0.925
0.18711,0.61378,0.46756,0.22844,0.45467,0.44578,0.45333,0.468,0.32353,0.13529,0.45294,0.57059,0.51765,0.5,0.5,0.50588,0.5175,0.4865,0.585,0.629,0.5085,0.4965,0.4975,0.4965,-0.355,0.024,0.934,0.63529,0.85294,0.31765,0.64118,0.5,0.5,0.5,0.5,0.12489,0.41333,0.35911,0.30578,0.47022,0.44489,0.45289,0.468,0.61765,0.68235,0.34118,0.50588,0.49412,0.5,0.5,0.50588,0.507,0.6375,0.5,0.814,0.497,0.501,0.5005,0.498,-0.384,-0.133,0.923
0.19289,0.54667,0.27733,0.30756,0.47022,0.44489,0.45244,0.468,0.64118,0.83529,0.35882,0.5,0.50588,0.5,0.5,0.5,0.507,0.694,0.459,0.998,0.496,0.501,0.503,0.498,-0.401,-0.225,0.942,1.01765,0.11765,0.5,0.54706,0.5,0.5,0.5,0.5,0.42444,0.70978,0.16978,0.30711,0.46889,0.44489,0.45244,0.468,1.02941,0.45294,0.5,0.5,0.5,0.5,0.5,0.5,0.5215,0.531,0.457,0.9995,0.5025,0.501,0.503,0.4975,-0.426,-0.145,0.979
0.66444,0.56267,0.15378,0.32667,0.46844,0.44489,0.45244,0.468,0.88824,0.21765,0.47059,0.67647,0.5,0.5,0.5,0.5,0.5585,0.494,0.529,0.9345,0.505,0.501,0.503,0.497,-0.501,-0.121,0.932,0.06471,0.85882,0.59412,0.61176,0.5,0.5,0.5,0.5,0.85644,0.35022,0.15822,0.39511,0.46844,0.44444,0.45244,0.468,0.14706,0.71765,0.64706,0.5,0.50588,0.5,0.5,0.5,0.4945,0.67,0.6615,0.9095,0.505,0.501,0.503,0.498,-0.486,-0.199,0.901
0.67511,0.46844,0.23022,0.396,0.46978,0.44489,0.45244,0.468,0.14118,0.73529,0.62353,0.5,0.50588,0.5,0.5,0.50588,0.4775,0.768,0.547,0.999,0.5025,0.501,0.503,0.4985,-0.456,-0.175,0.893,0.44118,0.24706,0.5,0.27059,0.5,0.5,0.5,0.5,0.37956,0.55956,0.29556,0.37822,0.46933,0.44489,0.45244,0.46756,0.43529,0.50588,0.5,0.22353,0.48235,0.5,0.5,0.5,0.4935,0.658,0.497,0.716,0.505,0.5005,0.503,0.5,-0.372,-0.174,0.965
0.34044,0.55289,0.29289,0.28044,0.46844,0.44578,0.45422,0.46533,0.44706,0.32353,0.49412,0.31765,0.5,0.5,0.5,0.5,0.5065,0.509,0.5085,0.6225,0.505,0.497,0.495,0.5055,-0.324,-0.137,0.961,0.67059,0.72941,0.56471,0.8,0.5,0.5,0.5,0.5,0.30267,0.46711,0.28889,0.24578,0.46489,0.44578,0.45378,0.46667,0.59412,0.52353,0.5,0.68235,0.5,0.5,0.5,0.5,0.567,0.542,0.63,0.615,0.505,0.497,0.497,0.505,-0.441,-0.136,0.973
0.37422,0.47422,0.31333,0.32844,0.46444,0.44578,0.45333,0.46667,0.54118,0.5,0.55882,0.67647,0.50588,0.5,0.5,0.50588,0.602,0.7235,0.6745,0.931,0.5045,0.497,0.4985,0.5045,-0.523,-0.118,0.873,0.36471,0.6,0.61765,0.61765,0.5,0.5,0.5,0.5,0.46,0.59822,0.36844,0.33689,0.464,0.44578,0.45333,0.46667,0.5,0.76471,0.58235,0.5,0.5,0.5,0.5,0.5,0.5285,0.7565,0.7815,0.9995,0.5045,0.497,0.4985,0.5045,-0.556,-0.103,0.848
0.40178,0.67244,0.43244,0.33689,0.464,0.44578,0.45333,0.46667,0.37059,0.61765,0.62941,0.5,0.5,0.5,0.5,0.5,0.525,0.7215,0.764,0.9995,0.5045,0.497,0.4985,0.504,-0.561,-0.105,0.848,0.72353,0.52941,0.55882,0.42353,0.5,0.5,0.5,0.5,0.31111,0.75956,0.50533,0.27422,0.46356,0.44622,0.45422,0.46756,0.50588,0.88235,0.5,0.20588,0.5,0.51176,0.49412,0.5,0.689,0.6225,0.8405,0.636,0.5035,0.495,0.4945,0.5,-0.586,-0.055,0.876
0.372,0.90667,0.50444,0.23556,0.46356,0.448,0.45333,0.46756,0.6,0.54706,0.5,0.46471,0.50588,0.5,0.5,0.5,0.799,0.5125,0.984,0.512,0.503,0.4875,0.4985,0.5,-0.55,-0.05,0.874,0.45882,0.22353,0.54118,0.47647,0.5,0.5,0.5,0.5,0.372,0.88133,0.50444,0.22178,0.46356,0.44756,0.45333,0.46756,0.5,0.30588,0.5,0.5,0.50588,0.5,0.5,0.5,0.8315,0.4755,0.9995,0.5005,0.5035,0.4875,0.4985,0.5,-0.532,-0.035,0.883
0.372,0.74,0.50444,0.22222,0.46356,0.44756,0.45333,0.46756,0.5,0.21765,0.5,0.5,0.5,0.5,0.5,0.5,0.777,0.478,0.9995,0.5,0.5035,0.487,0.4985,0.5,-0.529,-0.019,0.883,0.45294,0.34706,0.22941,0.45294,0.5,0.5,0.5,0.5,0.372,0.51511,0.47467,0.24222,0.46356,0.448,0.45333,0.46756,0.5,0.32941,0.22353,0.5,0.50588,0.5,0.5,0.5,0.7,0.4855,0.7115,0.4955,0.505,0.4865,0.4985,0.5,-0.427,0.018,0.898
0.37289,0.42133,0.352,0.24178,0.46178,0.44978,0.45333,0.46711,0.50588,0.34118,0.34706,0.5,0.5,0.5,0.5,0.50588,0.6545,0.491,0.64,0.5,0.505,0.478,0.4985,0.5035,-0.365,-0.004,1.014,0.45294,0.30588,0.51176,0.55294,0.5,0.5,0.5,0.5,0.44222,0.27378,0.21778,0.24133,0.45911,0.44933,0.45333,0.46756,0.50588,0.33529,0.5,0.5,0.50588,0.5,0.5,0.5,0.51,0.485,0.532,0.5,0.5065,0.4795,0.4985,0.501,-0.285,-0.038,0.991
0.43333,0.18267,0.22044,0.24133,0.45911,0.44933,0.45333,0.46711,0.43529,0.3,0.50588,0.5,0.50588,0.5,0.5,0.50588,0.5065,0.4815,0.551,0.5,0.5065,0.4795,0.4985,0.4995,-0.282,-0.02,0.993,0.74118,0.74706,0.55294,0.61176,0.5,0.5,0.5,0.5,0.43911,0.11333,0.22756,0.24178,0.45822,0.44933,0.45289,0.46756,0.64706,0.74118,0.5,0.50588,0.5,0.5,0.5,0.50588,0.551,0.5115,0.631,0.4995,0.5065,0.4795,0.5,0.5,-0.346,-0.03,0.969
0.51511,0.24133,0.22667,0.24933,0.45822,0.44933,0.45244,0.468,0.64706,0.75882,0.5,0.51176,0.5,0.5,0.5,0.5,0.621,0.5105,0.764,0.495,0.506,0.4795,0.5015,0.4965,-0.371,-0.0,0.978,0.7,0.44706,0.41176,0.77647,0.5,0.5,0.5,0.5,0.65689,0.38,0.23244,0.24978,0.45822,0.44933,0.45289,0.468,0.61765,0.50588,0.5,0.5,0.5,0.5,0.5,0.50588,0.733,0.493,0.7495,0.5,0.506,0.4795,0.501,0.494,-0.421,0.037,0.935
0.75156,0.35333,0.20533,0.24978,0.45822,0.44933,0.45289,0.46756,0.69412,0.46471,0.48235,0.5,0.5,0.5,0.5,0.5,0.749,0.493,0.6655,0.5,0.506,0.4795,0.501,0.5,-0.498,0.027,0.934,0.15882,0.91176,0.58235,0.70588,0.5,0.5,0.5,0.5,0.85556,0.42356,0.15778,0.23956,0.45867,0.44933,0.45378,0.46667,0.5,0.83529,0.50588,0.42353,0.50588,0.5,0.5,0.5,0.536,0.536,0.769,0.5155,0.506,0.4795,0.4965,0.506,-0.48,0.027,0.955
0.72889,0.60222,0.20533,0.16844,0.45867,0.44933,0.45378,0.46711,0.18824,0.85294,0.63529,0.33529,0.5,0.5,0.5,0.50588,0.5075,0.572,0.747,0.5435,0.506,0.4795,0.497,0.5035,-0.429,-0.016,0.919,0.52941,0.37647,0.64706,0.75294,0.5,0.5,0.5,0.5,0.53822,0.84889,0.288,0.06178,0.45867,0.44933,0.45289,0.46756,0.5,0.50588,0.61176,0.49412,0.5,0.5,0.5,0.50588,0.517,0.5115,0.815,0.504,0.506,0.4795,0.501,0.4965,-0.467,0.015,0.895
0.52667,0.81822,0.32844,0.06222,0.45822,0.44933,0.45289,0.46756,0.50588,0.39412,0.53529,0.5,0.5,0.5,0.5,0.5,0.5425,0.492,0.9675,0.5,0.5055,0.4795,0.501,0.5,-0.485,0.038,0.91,0.49412,0.06471,0.62941,0.53529,0.5,0.5,0.5,0.5,0.52622,0.632,0.32844,0.08578,0.45822,0.44933,0.45289,0.46711,0.5,0.08235,0.5,0.56471,0.5,0.5,0.5,0.51176,0.558,0.47,0.9995,0.4835,0.505,0.4795,0.501,0.5035,-0.472,0.046,0.923
0.52667,0.41067,0.32844,0.11733,0.45822,0.44933,0.45289,0.46711,0.50588,0.06471,0.5,0.55882,0.5,0.5,0.5,0.51176,0.554,0.47,0.9995,0.4835,0.505,0.4795,0.501,0.5035,-0.466,0.033,0.903,0.64118,0.89412,0.4,0.85294,0.5,0.5,0.5,0.5,0.52622,0.22133,0.32844,0.16356,0.45822,0.44933,0.45289,0.46711,0.5,0.88824,0.5,0.55294,0.5,0.5,0.5,0.51176,0.6385,0.5175,0.8435,0.4865,0.506,0.4795,0.501,0.5035,-0.48,0.035,0.939
0.55467,0.42578,0.308,0.18889,0.45822,0.44933,0.45333,0.46756,0.64118,0.87647,0.43529,0.5,0.50588,0.5,0.5,0.5,0.7045,0.5185,0.695,0.494,0.506,0.4795,0.499,0.5,-0.462,0.015,0.913,0.58235,0.22941,0.58824,0.85294,0.5,0.5,0.5,0.5,0.67822,0.60089,0.26356,0.16178,0.45822,0.44933,0.45333,0.46711,0.50588,0.3,0.5,0.5,0.5,0.5,0.5,0.50588,0.6855,0.487,0.764,0.5005,0.5055,0.4795,0.4985,0.5,-0.486,0.066,0.876
0.69867,0.47467,0.26311,0.17822,0.45822,0.44933,0.45289,0.46667,0.52353,0.27059,0.50588,0.57059,0.5,0.5,0.5,0.50588,0.7205,0.4795,0.9755,0.484,0.505,0.4795,0.501,0.5035,-0.472,0.038,0.898,0.52353,0.81765,0.48824,0.47647,0.5,0.5,0.5,0.5,0.73822,0.38,0.26356,0.22578,0.45822,0.44933,0.45333,0.46756,0.50588,0.78824,0.5,0.5,0.5,0.5,0.5,0.5,0.74,0.5155,0.982,0.4945,0.505,0.4795,0.499,0.4965,-0.506,0.042,0.893
0.73822,0.52089,0.26356,0.21378,0.45822,0.44933,0.45378,0.46756,0.50588,0.75294,0.5,0.44706,0.5,0.5,0.50588,0.5,0.737,0.533,0.953,0.511,0.505,0.4795,0.4975,0.5,-0.41,0.1,0.81,0.48235,0.35882,0.81765,0.82941,0.5,0.5,0.5,0.5,0.89644,0.684,0.09956,0.11644,0.46178,0.44889,0.45378,0.46533,0.54706,0.5,0.41765,0.45294,0.50588,0.5,0.5,0.5,0.524,0.507,0.5295,0.5165,0.5055,0.481,0.4965,0.5055,-0.341,-0.028,0.971
0.90356,0.63778,0.07111,0.11244,0.46222,0.44889,0.45333,0.46533,0.50588,0.39412,0.45882,0.5,0.50588,0.5,0.5,0.5,0.5135,0.49,0.5115,0.5,0.5055,0.481,0.4975,0.506,-0.326,-0.031,0.985,0.47059,0.49412,0.61765,0.61765,0.5,0.5,0.5,0.5,0.904,0.54267,0.05289,0.11378,0.46222,0.44889,0.45333,0.46578,0.5,0.5,0.5,0.5,0.50588,0.5,0.5,0.5,0.5,0.495,0.501,0.5,0.5055,0.481,0.4975,0.506,-0.316,-0.035,0.991
0.88933,0.54,0.05289,0.11422,0.46222,0.44889,0.45378,0.46578,0.48824,0.5,0.5,0.5,0.50588,0.5,0.5,0.5,0.4935,0.495,0.5,0.5,0.5055,0.481,0.4975,0.506,-0.304,-0.035,0.989,0.11176,0.79412,0.78235,0.61176,0.5,0.5,0.5,0.5,0.77422,0.60489,0.05467,0.10978,0.46978,0.44489,0.45422,0.46622,0.11176,0.77059,0.51176,0.46471,0.51176,0.5,0.5,0.49412,0.4735,0.5265,0.4985,0.5055,0.503,0.4995,0.4955,0.5055,-0.289,-0.04,1.004
0.57733,0.72711,0.07867,0.06933,0.47022,0.44489,0.45378,0.46667,0.14118,0.76471,0.57059,0.4,0.50588,0.5,0.5,0.50588,0.4715,0.5585,0.481,0.5255,0.497,0.5,0.4965,0.5055,-0.298,-0.052,0.998,0.76471,0.21765,0.74706,0.75882,0.5,0.5,0.5,0.5,0.39644,0.85733,0.14933,0.02667,0.46978,0.44489,0.45378,0.46711,0.75882,0.28235,0.55294,0.5,0.51176,0.5,0.5,0.5,0.5105,0.4935,0.4805,0.5,0.5025,0.5,0.498,0.5035,-0.294,-0.05,0.986
0.51644,0.744,0.14667,0.028,0.46933,0.44489,0.45289,0.46667,0.72353,0.22941,0.48824,0.51176,0.5,0.5,0.5,0.51176,0.523,0.481,0.5025,0.4985,0.505,0.5,0.5,0.5,-0.264,-0.048,0.998,0.47059,0.19412,0.61176,0.68235,0.5,0.5,0.5,0.5,0.65378,0.48044,0.1,0.08444,0.46978,0.44489,0.45289,0.46711,0.50588,0.20588,0.49412,0.57059,0.5,0.5,0.5,0.50588,0.5215,0.475,0.504,0.4815,0.503,0.5005,0.5,0.5035,-0.244,-0.049,0.999
0.65378,0.32311,0.09644,0.11733,0.46933,0.44489,0.45289,0.46711,0.50588,0.19412,0.49412,0.56471,0.5,0.5,0.5,0.50588,0.5105,0.4755,0.5005,0.483,0.503,0.5005,0.5,0.5035,-0.248,-0.042,1.004,0.25294,0.92353,0.68824,0.75294,0.5,0.5,0.5,0.5,0.584,0.23156,0.09867,0.168,0.46978,0.44489,0.45289,0.46756,0.27647,0.92941,0.5,0.55294,0.51176,0.5,0.5,0.5,0.4875,0.5175,0.499,0.4855,0.503,0.5005,0.5,0.5,-0.274,-0.045,0.987
0.46667,0.43644,0.11822,0.17067,0.46978,0.44489,0.45333,0.46711,0.28235,0.90588,0.57647,0.44706,0.5,0.5,0.5,0.49412,0.481,0.53,0.4825,0.509,0.5,0.5005,0.4975,0.5045,-0.25,-0.06,1.013,0.45294,0.34706,0.58824,0.61176,0.5,0.5,0.5,0.5,0.30178,0.65733,0.18933,0.088,0.46978,0.44489,0.45289,0.46711,0.45882,0.49412,0.57647,0.49412,0.5,0.5,0.5,0.50588,0.487,0.507,0.479,0.5065,0.503,0.5005,0.4995,0.5035,-0.238,-0.056,1.005
0.26933,0.60133,0.21067,0.08844,0.46978,0.44489,0.45289,0.46667,0.45294,0.35882,0.52353,0.50588,0.50588,0.5,0.5,0.49412,0.4915,0.4905,0.492,0.4995,0.503,0.5005,0.5,0.505,-0.237,-0.048,1.009,0.68824,0.40588,0.65294,0.69412,0.5,0.5,0.5,0.5,0.28133,0.48356,0.22222,0.11067,0.46933,0.44489,0.45244,0.46711,0.67647,0.41765,0.5,0.53529,0.49412,0.5,0.5,0.50588,0.5125,0.489,0.5,0.491,0.503,0.5005,0.502,0.5035,-0.24,-0.051,1.009
0.36711,0.43778,0.21378,0.13511,0.46978,0.44489,0.45244,0.46711,0.67059,0.41176,0.47059,0.54118,0.50588,0.5,0.5,0.50588,0.5205,0.488,0.506,0.487,0.505,0.5005,0.502,0.5035,-0.251,-0.05,1.005,0.75882,0.37059,0.62353,0.68235,0.5,0.5,0.5,0.5,0.54356,0.34178,0.14222,0.18178,0.46933,0.44489,0.45244,0.46711,0.75882,0.38235,0.4,0.55294,0.5,0.5,0.5,0.50588,0.542,0.484,0.527,0.4845,0.505,0.5005,0.502,0.5035,-0.258,-0.041,1.003
0.48089,0.50667,0.476,0.48311,0.46178,0.56489,0.46844,0.46444,0.50588,0.50588,0.5,0.5,0.5,0.5,0.5,0.50588,0.494,0.493,0.487,0.4965,0.5035,0.4985,0.5,0.5035,0.032,-0.007,1.057,0.44118,0.3,0.63529,0.43529,0.5,0.5,0.5,0.5,0.464,0.46933,0.51556,0.47956,0.46267,0.56444,0.46756,0.46578,0.38235,0.32941,0.61176,0.46471,0.49412,0.5,0.5,0.50588,0.493,0.4685,0.514,0.4125,0.4955,0.5015,0.5035,0.4945,0.09,-0.04,1.016
0.42044,0.37111,0.56978,0.456,0.46356,0.56533,0.46978,0.464,0.44706,0.28235,0.63529,0.41176,0.50588,0.51176,0.51765,0.50588,0.5065,0.466,0.583,0.367,0.494,0.4965,0.494,0.505,-0.159,-0.006,1.088,0.42353,0.53529,0.44706,0.64118,0.5,0.5,0.5,0.5,0.36356,0.21022,0.66533,0.43333,0.47422,0.57733,0.46933,0.46489,0.44118,0.5,0.5,0.6,0.50588,0.5,0.5,0.5,0.494,0.508,0.4255,0.5155,0.4925,0.4385,0.496,0.5,-0.078,0.04,1.029
0.34178,0.20889,0.65956,0.484,0.47244,0.57733,0.46933,0.46489,0.47647,0.5,0.5,0.6,0.47059,0.5,0.5,0.5,0.4875,0.5215,0.324,0.616,0.4945,0.4385,0.4955,0.5,-0.057,0.016,1.031,0.62941,1.04118,0.33529,0.39412,0.5,0.5,0.5,0.5,0.34489,0.28044,0.59378,0.53511,0.44667,0.57511,0.46933,0.46533,0.64118,0.95294,0.29412,0.41765,0.5,0.49412,0.5,0.5,0.49,0.721,0.2235,0.603,0.5085,0.448,0.4955,0.497,-0.26,-0.038,0.982
0.41733,0.60044,0.50044,0.48978,0.44533,0.576,0.46933,0.46533,0.64118,1.22353,0.30588,0.48824,0.50588,0.5,0.5,0.50588,0.4865,0.59,0.2725,0.564,0.5095,0.4455,0.4955,0.4965,0.189,0.148,1.132,0.28235,0.5,0.57647,0.45882,0.5,0.5,0.5,0.5,0.41333,1.01822,0.39956,0.42489,0.44222,0.58267,0.46844,0.46533,0.15294,0.50588,0.5,0.45882,0.47647,0.5,0.5,0.50588,0.487,0.514,0.4085,0.5,0.513,0.4115,0.499,0.4965,0.12,0.057,1.03
0.27333,1.01822,0.42311,0.40533,0.43911,0.58267,0.46844,0.46533,0.24118,0.5,0.55882,0.48235,0.5,0.5,0.5,0.5,0.4945,0.514,0.496,0.499,0.514,0.4135,0.499,0.4965,0.158,-0.026,1.052,0.62353,0.48235,0.53529,0.48824,0.5,0.5,0.5,0.5,0.14267,1.01867,0.46711,0.37689,0.43778,0.58267,0.46844,0.46489,0.5,0.50588,0.52353,0.49412,0.5,0.5,0.5,0.51176,0.5575,0.5095,0.5465,0.499,0.5155,0.413,0.499,0.496,0.159,-0.002,1.02
0.144,1.01867,0.47867,0.37111,0.43778,0.58267,0.46844,0.46489,0.51176,0.50588,0.50588,0.49412,0.50588,0.5,0.5,0.5,0.6455,0.506,0.576,0.499,0.5155,0.413,0.499,0.4965,0.121,0.009,1.038,0.97647,0.08824,0.44118,0.34118,0.5,0.5,0.5,0.5,0.32133,0.92933,0.49022,0.32756,0.45289,0.58267,0.468,0.464,1.05294,0.24706,0.49412,0.37059,0.59412,0.5,0.5,0.50588,0.718,0.441,0.528,0.42,0.505,0.413,0.501,0.505,-0.001,0.068,0.98
0.69067,0.86667,0.456,0.29422,0.47511,0.58178,0.46667,0.46489,1.11176,0.39412,0.43529,0.48824,0.50588,0.49412,0.48824,0.51176,0.5315,0.123,0.5465,0.198,0.4925,0.417,0.5065,0.4965,0.26,-0.174,1.055,-0.05294,0.17647,0.25882,0.81176,0.5,0.5,0.5,0.5,0.88844,0.856,0.36489,0.23778,0.46267,0.56533,0.45378,0.46711,0.21176,0.49412,0.31765,0.77647,0.5,0.5,0.5,0.48235,0.429,0.1205,0.4305,0.507,0.498,0.4955,0.5695,0.4945,0.614,-0.046,0.854
0.76089,0.70489,0.30844,0.40978,0.45289,0.56933,0.46356,0.46667,0.38235,0.28235,0.37647,0.77647,0.43529,0.50588,0.5,0.5,0.135,0.2845,0.117,0.5,0.505,0.4775,0.5235,0.4945,0.559,0.051,0.851,0.25294,0.81176,0.55882,0.21765,0.5,0.5,0.5,0.5,0.76133,0.43822,0.15689,0.49289,0.42578,0.58844,0.47111,0.46444,0.50588,0.78235,0.46471,0.24118,0.5,0.5,0.5,0.5,0.143,0.5165,0.2705,0.4805,0.524,0.3855,0.487,0.5035,0.462,0.106,0.922
0.76133,0.61289,0.15689,0.36578,0.42578,0.58844,0.47022,0.464,0.50588,0.85294,0.5,0.26471,0.5,0.5,0.5,0.5,0.146,0.5085,0.4145,0.4035,0.5245,0.3855,0.4915,0.505,0.417,0.033,0.948,0.11176,0.01765,0.5,0.41176,0.5,0.5,0.5,0.5,0.76044,0.712,0.18,0.16844,0.42578,0.58756,0.46756,0.46444,0.49412,0.22353,0.50588,0.47647,0.50588,0.5,0.5,0.40588,0.156,0.408,0.4735,0.402,0.5245,0.3895,0.504,0.506,0.08,-0.133,1.073
0.89689,0.43422,0.17689,0.11244,0.436,0.59467,0.46844,0.46667,1.04118,-0.00588,0.50588,0.41176,0.55882,0.5,0.5,0.58824,0.5,0.4695,0.488,0.4505,0.5125,0.357,0.5005,0.494,0.514,0.025,0.88,-0.07059,0.88824,0.76471,0.84706,0.5,0.5,0.5,0.5,0.99556,0.21644,0.26222,0.16444,0.47244,0.59378,0.46844,0.46667,0.49412,0.77647,0.70588,0.80588,0.58824,0.5,0.5,0.51176,0.5,0.52,0.508,0.5115,0.4915,0.361,0.5,0.495,0.081,-0.118,1.012
0.99556,0.32133,0.39778,0.30622,0.49333,0.57867,0.46844,0.46711,0.51176,0.72353,0.8,0.76471,0.50588,0.44118,0.5,0.50588,0.5,0.6715,0.547,0.736,0.48,0.428,0.501,0.4955,-0.209,-0.26,0.862,0.08824,0.61765,0.53529,0.45882,0.5,0.5,0.5,0.5,0.99467,0.416,0.55911,0.43778,0.492,0.57022,0.468,0.46711,0.5,0.50588,0.52941,0.5,0.5,0.5,0.5,0.5,0.5,0.859,0.6265,0.9345,0.4815,0.472,0.5015,0.4955,-0.311,-0.25,0.95
0.47822,0.46578,0.464,0.46489,0.46578,0.46667,0.47422,0.46667,0.5,0.50588,0.5,0.5,0.5,0.5,0.5,0.50588,0.4955,0.496,0.501,0.4995,0.5,0.5,0.5005,0.5,0.0,-0.005,1.038,0.34706,0.47059,0.41176,0.52353,0.5,0.5,0.5,0.5,0.44356,0.45511,0.44222,0.47289,0.46533,0.46711,0.47467,0.46578,0.36471,0.45882,0.42353,0.50588,0.5,0.5,0.5,0.50588,0.4855,0.496,0.464,0.5005,0.5035,0.4985,0.4995,0.5045,0.071,-0.01,1.022
0.35422,0.43644,0.39689,0.47244,0.46622,0.46622,0.47156,0.46667,0.35294,0.48824,0.4,0.5,0.51176,0.5,0.48235,0.50588,0.4885,0.5055,0.4495,0.5615,0.494,0.502,0.5125,0.496,0.014,-0.131,1.029,0.58824,0.77647,0.66471,0.30588,0.5,0.5,0.5,0.5,0.26667,0.43822,0.38178,0.42978,0.46622,0.46533,0.46756,0.46711,0.52941,0.84706,0.63529,0.31176,0.5,0.5,0.5,0.50588,0.51,0.566,0.5185,0.502,0.494,0.5055,0.5335,0.494,-0.171,-0.157,1.005
0.26889,0.63733,0.44578,0.332,0.46578,0.46756,0.47556,0.46622,0.5,0.82941,0.64706,0.32941,0.49412,0.51765,0.5,0.49412,0.5525,0.512,0.6145,0.5,0.5,0.497,0.4965,0.5035,-0.226,-0.036,1.005,0.61176,0.63529,0.39412,0.77647,0.5,0.5,0.5,0.5,0.28667,0.84489,0.51956,0.30267,0.46533,0.47556,0.47511,0.46667,0.52353,0.60588,0.38824,0.74706,0.5,0.5,0.5,0.49412,0.6745,0.515,0.558,0.5485,0.5055,0.4575,0.4975,0.4965,-0.372,-0.024,0.982
0.37511,0.90089,0.46756,0.424,0.46489,0.47511,0.47511,0.46667,0.71765,0.55294,0.41765,0.74706,0.5,0.5,0.5,0.5,0.5905,0.5295,0.55,0.645,0.5055,0.4595,0.4975,0.4965,-0.361,-0.075,0.846,0.39412,0.09412,0.37059,0.25294,0.5,0.5,0.5,0.5,0.47156,0.94667,0.348,0.548,0.46356,0.468,0.47378,0.46089,0.38824,0.48824,0.38235,0.31176,0.5,0.5,0.5,0.49412,0.5145,0.3975,0.611,0.437,0.506,0.492,0.5035,0.505,-0.114,-0.045,0.994
0.42222,0.88667,0.288,0.46933,0.46356,0.468,0.47333,0.45467,0.4,0.50588,0.37059,0.35294,0.50588,0.5,0.5,0.5,0.51,0.101,0.584,0.221,0.5055,0.493,0.5055,0.506,0.09,0.009,1.024,0.31176,0.16471,0.71176,0.6,0.5,0.5,0.5,0.5,0.29689,0.88844,0.25733,0.356,0.464,0.46667,0.47289,0.45422,0.25882,0.5,0.68235,0.5,0.5,0.5,0.5,0.5,0.509,0.1235,0.702,0.2145,0.5055,0.499,0.5075,0.507,0.146,0.047,0.975
0.18311,0.88756,0.364,0.37067,0.464,0.46667,0.47289,0.45422,0.34706,0.5,0.69412,0.57647,0.50588,0.5,0.5,0.5,0.5225,0.1255,0.708,0.391,0.5055,0.499,0.5075,0.507,0.179,0.032,1.049,0.91765,0.06471,0.41765,0.58824,0.5,0.5,0.5,0.5,0.1,0.96889,0.48089,0.44178,0.46533,0.46756,0.47467,0.46533,0.8,0.74706,0.5,0.59412,0.5,0.50588,0.5,0.52353,0.7095,0.5,0.6215,0.4835,0.503,0.496,0.4995,0.504,-0.271,-0.007,0.973
0.25333,0.99422,0.43689,0.48489,0.46489,0.46978,0.47556,0.46889,0.93529,0.50588,0.37647,0.58824,0.5,0.50588,0.5,0.50588,0.7945,0.5,0.627,0.4995,0.505,0.484,0.4955,0.494,-0.399,-0.023,0.931,0.82353,-0.09412,0.52353,0.28235,0.5,0.5,0.5,0.5,0.63689,0.99511,0.37956,0.48756,0.46533,0.46933,0.47467,0.46533,0.81765,0.51765,0.5,0.30588,0.50588,0.5,0.5,0.50588,0.7495,0.5,0.7075,0.3705,0.503,0.4865,0.499,0.5055,-0.332,0.038,0.79
0.91556,0.99778,0.384,0.40578,0.46578,0.46533,0.47467,0.46489,1.26471,0.51176,0.50588,0.42353,0.50588,0.45882,0.5,0.5,0.538,0.5,0.744,0.2435,0.5,0.5035,0.499,0.505,-0.208,0.05,1.052,-0.17059,0.48235,0.44118,0.55294,0.5,0.5,0.5,0.5,0.98222,1.00222,0.41511,0.276,0.46667,0.46889,0.47511,0.45956,0.25882,0.49412,0.50588,0.5,0.51176,0.50588,0.5,0.51765,0.4365,0.5,0.571,0.319,0.4945,0.491,0.4985,0.506,-0.145,0.164,0.993
0.71022,1.00133,0.40178,0.26844,0.46711,0.47422,0.47289,0.46133,0.16471,0.49412,0.48824,0.56471,0.50588,0.5,0.49412,0.49412,0.339,0.5,0.4875,0.4885,0.4945,0.464,0.507,0.506,0.087,0.245,0.849,0.64118,0.01765,0.46471,0.61176,0.5,0.5,0.5,0.5,0.244,1.00089,0.35556,0.32444,0.46533,0.46667,0.456,0.46133,0.60588,0.5,0.46471,0.64706,0.49412,0.5,0.5,0.49412,0.5105,0.5,0.484,0.5475,0.5,0.5,0.5885,0.5055,0.021,0.096,1.02
0.312,1.00089,0.336,0.39289,0.46489,0.46711,0.45867,0.45867,0.64118,0.5,0.46471,0.62941,0.51176,0.5,0.53529,0.49412,0.5115,0.5,0.492,0.5,0.504,0.498,0.576,0.506,-0.0,0.067,1.048,0.35294,0.22353,0.44706,0.22941,0.5,0.5,0.5,0.5,0.35111,1.0,0.28622,0.38978,0.46533,0.46533,0.46978,0.46178,0.32353,0.48235,0.40588,0.4,0.50588,0.5,0.5,0.5,0.507,0.5,0.5425,0.3985,0.5035,0.506,0.522,0.5055,0.11,-0.027,1.061
0.26622,1.00444,0.25822,0.29067,0.46578,0.46578,0.46933,0.45911,0.35294,0.51176,0.43529,0.3,0.50588,0.5,0.49412,0.51176,0.5085,0.5,0.551,0.208,0.4965,0.505,0.5235,0.505,0.294,-0.021,1.019,0.40588,0.29412,0.38235,0.57647,0.5,0.5,0.5,0.5,0.16844,1.00889,0.19956,0.15156,0.46622,0.46667,0.46667,0.46756,0.48235,0.50588,0.39412,0.5,0.50588,0.5,0.5,0.5,0.493,0.5,0.4935,0.223,0.494,0.5005,0.5375,0.4945,0.339,-0.176,0.967
0.13911,1.00889,0.14711,0.152,0.46622,0.46711,0.46667,0.468,0.39412,0.50588,0.40588,0.5,0.50588,0.5,0.5,0.5,0.4855,0.5,0.46,0.4065,0.494,0.4985,0.538,0.494,0.316,-0.194,0.971,0.75882,0.26471,0.49412,0.81765,0.5,0.5,0.5,0.5,0.13956,1.00844,0.07067,0.29422,0.46578,0.46667,0.47111,0.472,0.74706,0.5,0.42941,0.75294,0.5,0.5,0.5,0.50588,0.5105,0.5,0.475,0.49,0.4965,0.5,0.5165,0.4945,0.14,-0.26,0.968
0.27467,1.00711,0.07067,0.44667,0.46622,0.46667,0.47511,0.46622,0.77059,0.5,0.5,0.87647,0.5,0.5,0.5,0.49412,0.511,0.5,0.465,0.5315,0.4965,0.5,0.4965,0.5035,0.102,-0.3,0.939,0.57647,0.30588,0.88235,0.24706,0.5,0.5,0.5,0.5,0.42978,0.992,0.15244,0.58444,0.46711,0.46622,0.47556,0.46756,0.49412,0.49412,0.81765,0.27647,0.52353,0.49412,0.5,0.50588,0.531,0.5,0.668,0.3665,0.4945,0.5015,0.496,0.4945,-0.309,-0.258,0.979
0.428,0.99689,0.304,0.45067,0.46889,0.468,0.47511,0.47244,0.5,0.50588,0.81765,0.31176,0.5,0.5,0.5,0.5,0.5815,0.5,0.867,0.39,0.4955,0.495,0.4975,0.495,-0.183,-0.141,0.825,0.32941,0.04706,0.53529,0.44118,0.5,0.5,0.5,0.5,0.42756,1.00844,0.41156,0.328,0.46889,0.46578,0.47422,0.46889,0.50588,0.50588,0.5,0.44118,0.50588,0.5,0.5,0.48824,0.54,0.5,0.9745,0.1685,0.495,0.5045,0.5015,0.495,-0.236,-0.048,1.04
0.34044,1.00844,0.44711,0.31378,0.46933,0.46578,0.47378,0.46667,0.3,0.50588,0.51765,0.47647,0.5,0.5,0.5,0.50588,0.5515,0.5,0.8925,0.0955,0.495,0.5045,0.5035,0.497,-0.167,-0.106,1.011,0.57059,0.40588,0.42941,0.48235,0.5,0.5,0.5,0.5,0.24444,1.00933,0.46667,0.27689,0.46978,0.46489,0.47378,0.46667,0.50588,0.50588,0.5,0.5,0.50588,0.5,0.5,0.5,0.5905,0.5,0.788,0.0715,0.4945,0.5085,0.5035,0.5,-0.165,-0.065,1.021
0.24444,1.00933,0.46667,0.27644,0.46978,0.46489,0.47333,0.46667,0.50588,0.50588,0.5,0.5,0.50588,0.5,0.5,0.5,0.6505,0.5,0.617,0.0305,0.4945,0.5085,0.505,0.5,-0.104,-0.075,1.03,0.44118,0.15294,0.47647,0.39412,0.5,0.5,0.5,0.5,0.25956,1.00933,0.42356,0.22178,0.47111,0.46489,0.47333,0.46667,0.51176,0.5,0.45294,0.3,0.51176,0.5,0.5,0.50588,0.6435,0.5,0.584,0.07,0.4945,0.5085,0.5055,0.5,0.016,-0.056,1.074
0.25956,1.00978,0.41244,0.14711,0.47156,0.46489,0.47511,0.46622,0.50588,0.50588,0.5,0.3,0.50588,0.5,0.51765,0.52941,0.5955,0.5,0.579,0.1655,0.4945,0.5085,0.499,0.5025,-0.325,0.025,0.881,0.84706,0.26471,0.40588,0.95294,0.5,0.5,0.5,0.5,0.28889,0.99822,0.36311,0.12222,0.45111,0.47511,0.47422,0.46622,0.66471,0.47059,0.41176,0.83529,0.50588,0.5,0.5,0.50588,0.688,0.5,0.5955,0.7055,0.508,0.4605,0.5005,0.503,-0.526,-0.111,0.884
0.52222,0.99867,0.31556,0.36267,0.45156,0.47156,0.46756,0.46489,0.97059,0.50588,0.4,0.91176,0.50588,0.5,0.5,0.5,0.607,0.5,0.575,0.7535,0.508,0.4765,0.532,0.505,-0.138,-0.006,0.677,0.25294,0.04118,0.76471,0.28235,0.5,0.5,0.5,0.5,0.77156,0.99511,0.29644,0.62844,0.45422,0.47156,0.47467,0.46756,-0.1,0.54706,0.76471,0.30588,0.49412,0.5,0.49412,0.51176,0.4935,0.5,0.807,0.4925,0.506,0.477,0.498,0.4945,-0.473,-0.045,0.986
0.58533,0.99822,0.40044,0.52489,0.45467,0.47156,0.47467,0.46667,0.18824,0.50588,0.67647,0.30588,0.50588,0.5,0.5,0.49412,0.527,0.5,0.946,0.423,0.5055,0.477,0.499,0.5,-0.393,-0.009,0.935,0.27059,0.03529,0.37059,0.37647,0.5,0.5,0.5,0.5,0.34578,1.00489,0.45467,0.40667,0.456,0.46578,0.47467,0.46533,0.27059,0.51765,0.5,0.41765,0.51176,0.5,0.5,0.5,0.532,0.5,0.767,0.14,0.5065,0.5045,0.499,0.505,-0.157,-0.007,1.031
0.23689,1.00578,0.42222,0.33867,0.45733,0.46622,0.46978,0.44533,0.26471,0.50588,0.41765,0.36471,0.51176,0.5,0.45294,0.46471,0.5215,0.5,0.605,0.158,0.506,0.503,0.5205,0.5125,0.072,-0.005,1.041,0.78824,0.18235,0.65294,0.4,0.5,0.5,0.5,0.5,0.13867,1.008,0.36978,0.25156,0.46756,0.46711,0.46622,0.444,0.59412,0.51765,0.60588,0.5,0.50588,0.5,0.5,0.5,0.642,0.5,0.734,0.0665,0.495,0.4985,0.5385,0.512,0.16,-0.003,1.035
0.144,1.00933,0.416,0.24133,0.47422,0.46622,0.46667,0.444,0.5,0.51176,0.58824,0.5,0.51176,0.5,0.5,0.5,0.8505,0.5,0.8815,0.0005,0.495,0.503,0.5365,0.512,0.089,-0.037,1.033,0.95882,-0.01176,0.59412,0.38824,0.5,0.5,0.5,0.5,0.14356,1.012,0.51911,0.21911,0.476,0.45822,0.47244,0.448,0.5,0.5,0.66471,0.5,0.50588,0.48235,0.51176,0.50588,0.8335,0.5,0.961,0.0045,0.4945,0.5395,0.5105,0.5095,-0.017,0.018,1.017
0.14356,1.01289,0.556,0.20889,0.476,0.45689,0.47467,0.44978,0.50588,0.51176,0.61176,0.47647,0.5,0.49412,0.5,0.51765,0.8295,0.5,0.974,0.003,0.4945,0.547,0.499,0.5085,-0.199,-0.013,0.989,0.95882,0.27059,0.40588,0.5,0.5,0.5,0.5,0.5,0.14356,1.00933,0.64222,0.33333,0.47511,0.46444,0.47556,0.46756,0.5,0.5,0.5,0.55294,0.50588,0.51176,0.5,0.51176,0.8405,0.5,0.674,0.4825,0.494,0.5125,0.495,0.494,-0.297,0.08,0.909
0.07733,1.00844,0.61867,0.36933,0.47067,0.46933,0.476,0.47156,0.00588,0.51176,0.38824,0.66471,0.47647,0.50588,0.52353,0.50588,0.5,0.5,0.557,0.466,0.494,0.49,0.496,0.494,-0.103,-0.041,1.039,1.16471,0.4,0.54706,0.35294,0.5,0.5,0.5,0.5,-0.05867,1.00711,0.58267,0.42978,0.46489,0.46889,0.47467,0.47022,0.5,0.5,0.54706,0.51176,0.50588,0.5,0.5,0.5,0.5,0.5,0.5395,0.496,0.5055,0.49,0.4975,0.494,-0.168,-0.024,1.02
-0.05956,1.00667,0.60222,0.43822,0.46489,0.46889,0.47511,0.46978,0.5,0.5,0.53529,0.51176,0.50588,0.5,0.5,0.50588,0.5,0.5,0.5605,0.4965,0.5035,0.49,0.498,0.494,-0.188,-0.028,1.009,0.64706,0.47647,0.24118,0.44118,0.5,0.5,0.5,0.5,-0.06978,1.00622,0.55689,0.44978,0.46533,0.46711,0.47556,0.46667,0.50588,0.5,0.25294,0.5,0.50588,0.5,0.5,0.49412,0.5,0.5,0.497,0.4995,0.5035,0.4985,0.4955,0.5,-0.044,-0.029,0.998
-0.05689,1.00533,0.42844,0.448,0.46533,0.46711,0.47333,0.46533,0.53529,0.5,0.22941,0.49412,0.49412,0.5,0.5,0.5,0.5,0.5,0.4815,0.5005,0.5035,0.4985,0.5045,0.506,-0.116,-0.139,1.036,0.89412,0.07647,0.51176,0.25882,0.5,0.5,0.5,0.5,-0.04133,1.00578,0.27511,0.44756,0.46622,0.46622,0.46711,0.46444,0.50588,0.50588,0.50588,0.5,0.5,0.5,0.5,0.5,0.5,0.5,0.502,0.5,0.496,0.5015,0.535,0.5055,-0.062,-0.147,1.026
-0.03733,1.00578,0.27689,0.44756,0.46622,0.46622,0.46711,0.46444,0.50588,0.50588,0.50588,0.5,0.5,0.49412,0.5,0.5,0.5,0.5,0.5205,0.5,0.4955,0.5015,0.535,0.5055,-0.062,-0.154,1.024,0.78235,0.47647,0.75882,0.41176,0.5,0.5,0.5,0.5,-0.02889,1.00578,0.35689,0.44978,0.46622,0.46622,0.472,0.46756,0.51176,0.5,0.72941,0.51765,0.50588,0.5,0.51765,0.50588,0.5,0.5,0.5805,0.498,0.4955,0.502,0.5135,0.494,-0.237,-0.086,1.011
-0.02311,1.00533,0.48311,0.47422,0.46622,0.46622,0.47511,0.47067,0.51765,0.50588,0.76471,0.55294,0.5,0.5,0.5,0.5,0.5,0.5,0.6105,0.4855,0.4965,0.502,0.4975,0.494,-0.169,-0.042,1.019,1.13529,0.37647,0.32941,0.59412,0.5,0.5,0.5,0.5,-0.05644,1.00533,0.6,0.50444,0.46578,0.46667,0.47556,0.46667,0.5,0.50588,0.34118,0.5,0.5,0.5,0.5,0.5,0.5,0.5,0.5015,0.4995,0.5,0.5015,0.4955,0.5,-0.185,-0.032,1.024
-0.04844,1.00489,0.51911,0.50311,0.46533,0.46667,0.47556,0.46533,0.53529,0.5,0.33529,0.49412,0.5,0.5,0.5,0.48824,0.5,0.5,0.4835,0.5005,0.5035,0.5015,0.4955,0.5055,-0.172,-0.058,1.009,1.1,0.36471,0.61176,0.51176,0.5,0.5,0.5,0.5,-0.02489,1.00489,0.44044,0.50267,0.46489,0.46756,0.47422,0.46756,0.51765,0.5,0.60588,0.50588,0.5,0.5,0.5,0.50588,0.5,0.5,0.555,0.4995,0.506,0.497,0.502,0.494,-0.199,-0.062,1.02
-0.01289,1.00444,0.49689,0.50356,0.46489,0.46756,0.47467,0.46756,0.52941,0.5,0.61765,0.5,0.5,0.5,0.5,0.50588,0.5,0.5,0.557,0.5,0.5055,0.497,0.5,0.494,-0.208,-0.049,1.013,0.78824,0.49412,0.27647,0.47059,0.5,0.5,0.5,0.5,-0.01067,1.00444,0.50044,0.512,0.46533,0.46756,0.47511,0.46533,0.52941,0.5,0.28235,0.49412,0.50588,0.5,0.5,0.5,0.5,0.5,0.5,0.5005,0.5035,0.4975,0.498,0.506,-0.145,-0.061,1.028
0.46622,0.46711,0.46622,0.46578,0.46622,0.46622,0.46711,0.46622,0.50588,0.51176,0.5,0.5,0.5,0.5,0.5,0.5,0.496,0.495,0.4995,0.4995,0.5,0.4995,0.5,0.5,0.03,0.0,1.037,0.52941,0.47647,0.42941,0.61765,0.5,0.5,0.5,0.5,0.47733,0.45778,0.44711,0.49778,0.46578,0.46667,0.468,0.46533,0.55294,0.50588,0.45294,0.58235,0.50588,0.5,0.5,0.51176,0.5035,0.495,0.4775,0.5315,0.5055,0.498,0.496,0.5045,0.003,-0.021,1.021
0.49378,0.44444,0.42044,0.55067,0.46489,0.46711,0.468,0.46533,0.55882,0.48235,0.48235,0.61765,0.5,0.5,0.5,0.5,0.494,0.507,0.435,0.565,0.5055,0.4955,0.4955,0.5035,0.05,0.003,1.076,0.46471,0.54118,0.56471,0.52941,0.5,0.5,0.5,0.5,0.52044,0.432,0.38444,0.63689,0.46311,0.47556,0.46756,0.46667,0.49412,0.5,0.54706,0.52353,0.5,0.5,0.5,0.50588,0.483,0.5115,0.5085,0.531,0.506,0.456,0.4975,0.4965,0.024,0.074,1.023
0.50756,0.448,0.41467,0.64978,0.46311,0.47556,0.46756,0.46667,0.47647,0.52941,0.54118,0.52941,0.5,0.5,0.5,0.50588,0.4805,0.514,0.5215,0.543,0.5055,0.4555,0.4975,0.4965,-0.036,0.055,1.034,0.52353,0.58235,0.40588,0.11176,0.5,0.5,0.5,0.5,0.46044,0.512,0.42578,0.55156,0.46311,0.47556,0.46622,0.46578,0.51765,0.67647,0.37059,0.14706,0.5,0.5,0.49412,0.50588,0.506,0.5075,0.495,0.477,0.506,0.455,0.503,0.504,0.092,0.059,1.021
0.46178,0.57733,0.37289,0.37689,0.46311,0.47422,0.46533,0.46578,0.50588,0.65294,0.40588,0.17059,0.50588,0.49412,0.5,0.50588,0.5105,0.4905,0.5035,0.3735,0.5055,0.4615,0.5075,0.5,0.227,0.126,0.805,0.58235,0.35882,0.33529,0.8,0.5,0.5,0.5,0.5,0.47333,0.57156,0.25644,0.19644,0.44978,0.47244,0.46756,0.46711,0.5,0.31176,0.31765,0.69412,0.51765,0.44706,0.5,0.50588,0.539,0.4925,0.551,0.605,0.509,0.467,0.4975,0.495,-0.343,-0.038,0.99
0.53244,0.46533,0.18044,0.29511,0.46044,0.46622,0.46711,0.46844,0.67059,0.3,0.37647,0.72353,0.52353,0.5,0.5,0.50588,0.517,0.515,0.5015,0.861,0.5055,0.4995,0.4995,0.4955,-0.296,-0.083,0.995,0.75882,0.8,0.55882,0.58824,0.5,0.5,0.5,0.5,0.67378,0.35556,0.10178,0.35111,0.46578,0.46578,0.46622,0.46889,0.70588,0.51176,0.52353,0.5,0.5,0.5,0.5,0.50588,0.5195,0.758,0.519,0.9995,0.5035,0.501,0.5035,0.496,-0.415,-0.148,0.961
0.78533,0.47867,0.124,0.35067,0.46533,0.46578,0.46622,0.46933,0.74118,0.87647,0.55882,0.5,0.50588,0.5,0.49412,0.50588,0.5365,0.7335,0.5565,0.9995,0.5035,0.502,0.5045,0.496,-0.438,-0.099,0.925,0.27647,0.54118,0.73529,0.5,0.5,0.5,0.5,0.5,0.92,0.67022,0.22711,0.35067,0.46533,0.46667,0.46578,0.46889,0.32353,0.85294,0.7,0.5,0.5,0.5,0.5,0.5,0.4855,0.7145,0.603,0.9995,0.5055,0.4975,0.506,0.4955,-0.489,-0.049,0.928
0.84711,0.78844,0.34533,0.37822,0.46489,0.46667,0.46578,0.46889,0.36471,0.62353,0.77059,0.52353,0.50588,0.5,0.5,0.5,0.44,0.5775,0.611,0.8725,0.5055,0.4975,0.5055,0.495,-0.486,-0.035,0.907,0.32941,0.14118,0.52353,0.38824,0.5,0.5,0.5,0.5,0.68089,0.82311,0.49778,0.41289,0.46578,0.46667,0.46622,0.46756,0.3,0.32353,0.5,0.38235,0.50588,0.5,0.5,0.5,0.423,0.4495,0.586,0.5035,0.5055,0.497,0.503,0.4945,-0.429,0.067,0.894
0.51644,0.63422,0.5,0.35511,0.46622,0.46711,0.46711,0.46667,0.18824,0.03529,0.49412,0.4,0.50588,0.5,0.5,0.49412,0.495,0.4765,0.6335,0.503,0.4965,0.496,0.4995,0.4965,-0.437,0.058,0.964,0.47059,0.28824,0.56471,0.58824,0.5,0.5,0.5,0.5,0.37067,0.32844,0.50356,0.32844,0.46711,0.47244,0.46711,0.46578,0.5,0.29412,0.58235,0.6,0.50588,0.5,0.5,0.5,0.5205,0.485,0.7865,0.5,0.4945,0.4705,0.5,0.503,-0.339,0.114,0.963
0.33422,0.22756,0.53689,0.37467,0.46711,0.47244,0.46711,0.46578,0.49412,0.29412,0.65294,0.57647,0.50588,0.5,0.5,0.50588,0.5465,0.48,0.7895,0.493,0.495,0.4705,0.5,0.5035,-0.382,0.122,0.911,0.68824,0.5,0.24118,0.43529,0.5,0.5,0.5,0.5,0.31378,0.09067,0.52756,0.41067,0.46756,0.47422,0.46711,0.46578,0.50588,0.49412,0.25294,0.44706,0.5,0.50588,0.5,0.49412,0.677,0.4895,0.599,0.4515,0.4945,0.4635,0.5,0.5035,-0.309,0.108,0.927
0.41511,0.09022,0.39333,0.37689,0.46667,0.47422,0.46667,0.46667,0.76471,0.50588,0.23529,0.41176,0.5,0.5,0.49412,0.50588,0.6345,0.4895,0.6115,0.457,0.4965,0.463,0.501,0.4965,-0.294,0.085,0.942,0.27647,0.51765,0.71176,0.67059,0.5,0.5,0.5,0.5,0.56089,0.08933,0.28711,0.368,0.46622,0.47378,0.46756,0.46667,0.31765,0.5,0.67647,0.67647,0.5,0.5,0.5,0.50588,0.495,0.493,0.7215,0.587,0.4965,0.464,0.496,0.4965,-0.411,0.02,0.926
0.43867,0.09111,0.39067,0.45378,0.46622,0.47378,0.46756,0.46667,0.27647,0.51765,0.70588,0.67059,0.50588,0.5,0.5,0.5,0.5065,0.495,0.743,0.592,0.4965,0.464,0.497,0.4965,-0.44,0.056,0.926,0.42353,0.71176,0.51176,0.49412,0.5,0.5,0.5,0.5,0.25822,0.09911,0.51822,0.54133,0.46667,0.47333,0.46622,0.46711,0.45882,0.52941,0.57647,0.5,0.50588,0.5,0.5,0.51176,0.524,0.592,0.757,0.6425,0.4955,0.4655,0.5035,0.495,-0.456,0.012,0.937
0.224,0.12311,0.52533,0.54089,0.46667,0.47022,0.46622,0.46711,0.42941,0.54118,0.51176,0.5,0.50588,0.48824,0.5,0.50588,0.5185,0.7405,0.749,0.631,0.497,0.48,0.5035,0.495,-0.496,-0.017,0.913,0.49412,0.95294,0.34706,0.37647,0.5,0.5,0.5,0.5,0.17556,0.19867,0.52,0.49467,0.46667,0.46489,0.46622,0.46756,0.5,0.77059,0.36471,0.31765,0.50588,0.48235,0.5,0.50588,0.5245,0.84,0.5635,0.637,0.4945,0.5035,0.5035,0.4955,-0.333,-0.04,0.975
0.17644,0.27067,0.44978,0.43556,0.46667,0.46578,0.46622,0.468,0.50588,0.50588,0.37059,0.4,0.49412,0.5,0.5,0.49412,0.521,0.875,0.5,0.6245,0.494,0.502,0.5035,0.495,-0.386,-0.095,1.01,0.77059,0.52353,0.65294,0.35294,0.5,0.5,0.5,0.5,0.22844,0.39422,0.384,0.31378,0.46622,0.46711,0.46667,0.46756,0.50588,0.77647,0.54118,0.38824,0.50588,0.5,0.5,0.5,0.5825,0.6925,0.6495,0.621,0.4985,0.496,0.5025,0.4945,-0.365,0.019,0.967
0.26356,0.49467,0.42489,0.25511,0.46444,0.46711,0.46756,0.46711,0.50588,0.68235,0.57059,0.4,0.5,0.5,0.5,0.5,0.7805,0.566,0.829,0.5345,0.504,0.496,0.4975,0.4945,-0.533,0.031,0.857,0.41765,0.20588,0.45882,0.74706,0.5,0.5,0.5,0.5,0.37333,0.51022,0.42711,0.25067,0.46444,0.47289,0.46711,0.46667,0.5,0.19412,0.5,0.71176,0.50588,0.5,0.5,0.5,0.724,0.487,0.9355,0.538,0.5045,0.468,0.5,0.4965,-0.463,0.066,0.897
0.37378,0.34311,0.42711,0.36267,0.46444,0.47289,0.46711,0.46667,0.50588,0.17647,0.5,0.71765,0.5,0.5,0.5,0.5,0.6465,0.493,0.8355,0.6055,0.505,0.468,0.5,0.495,-0.513,0.003,0.903,0.31765,0.95882,0.29412,0.44706,0.5,0.5,0.5,0.5,0.37378,0.19689,0.39289,0.48178,0.46578,0.46711,0.46578,0.468,0.47647,0.61765,0.35882,0.5,0.50588,0.5,0.5,0.50588,0.5065,0.6865,0.5455,0.6535,0.5035,0.494,0.506,0.495,-0.378,-0.102,0.934
0.30711,0.24222,0.30178,0.45467,0.46622,0.46578,0.46533,0.46844,0.37059,0.54706,0.31176,0.5,0.50588,0.5,0.5,0.50588,0.4915,0.861,0.484,0.656,0.4965,0.502,0.507,0.4955,-0.384,-0.14,0.954,1.0,0.55882,0.61176,0.52941,0.5,0.5,0.5,0.5,0.34222,0.26133,0.21778,0.42711,0.46489,0.46622,0.46533,0.46889,1.01176,0.51176,0.57647,0.5,0.5,0.5,0.5,0.50588,0.5205,0.8555,0.4965,0.683,0.5055,0.499,0.5075,0.4955,-0.455,-0.063,0.94
0.55156,0.27556,0.23156,0.42711,0.46489,0.46667,0.46533,0.46889,0.85294,0.54706,0.5,0.5,0.5,0.5,0.5,0.50588,0.578,0.837,0.686,0.754,0.505,0.498,0.5075,0.4955,-0.489,-0.031,0.836,0.11765,0.77647,0.64706,0.66471,0.5,0.5,0.5,0.5,0.73778,0.36667,0.30489,0.45556,0.46578,0.46489,0.46533,0.46978,0.32941,0.50588,0.73529,0.62353,0.50588,0.5,0.5,0.5,0.5165,0.8245,0.891,0.957,0.5025,0.5055,0.507,0.495,-0.5,-0.052,0.831
0.55956,0.15156,0.39422,0.58267,0.46578,0.46711,0.46667,0.46933,0.14706,0.06471,0.70588,0.62353,0.50588,0.5,0.5,0.50588,0.507,0.5,0.823,0.7305,0.503,0.496,0.502,0.495,-0.501,-0.013,0.884,0.52941,1.18824,0.27647,0.29412,0.5,0.5,0.5,0.5,0.32489,-0.03244,0.45289,0.65778,0.46622,0.46622,0.46533,0.46489,0.51176,0.46471,0.31765,0.32353,0.50588,0.5,0.5,0.50588,0.54,0.5,0.6015,0.503,0.4965,0.499,0.5065,0.505,-0.361,-0.056,0.972
0.32533,-0.024,0.348,0.55467,0.46667,0.46533,0.46533,0.46489,0.50588,0.53529,0.27647,0.27647,0.5,0.5,0.5,0.50588,0.558,0.5,0.51,0.4975,0.494,0.5035,0.507,0.5055,-0.223,-0.139,1.0,0.67059,0.72353,0.43529,0.28824,0.5,0.5,0.5,0.5,0.424,0.00311,0.20267,0.36044,0.46756,0.46578,0.46756,0.46533,0.61176,0.52353,0.44706,0.28824,0.49412,0.5,0.5,0.5,0.535,0.5,0.5155,0.5,0.494,0.5025,0.497,0.5055,-0.248,-0.136,1.039
0.49689,0.00889,0.16311,0.256,0.464,0.46667,0.46667,0.46578,0.70588,0.50588,0.43529,0.29412,0.50588,0.5,0.5,0.50588,0.549,0.5,0.5485,0.495,0.5055,0.4975,0.5015,0.498,-0.178,-0.068,1.03,0.15294,0.96471,0.87059,0.85882,0.5,0.5,0.5,0.5,0.51956,0.012,0.21111,0.24889,0.46089,0.46667,0.468,0.46533,0.1,0.51176,0.81765,0.8,0.5,0.5,0.5,0.5,0.495,0.5,0.726,0.5075,0.505,0.4965,0.4955,0.5045,-0.375,-0.048,0.987
0.31822,0.01511,0.38889,0.40356,0.46089,0.46667,0.46622,0.46622,0.12941,0.51176,0.86471,0.79412,0.50588,0.5,0.48824,0.50588,0.516,0.5,0.778,0.636,0.505,0.497,0.502,0.5,-0.469,-0.038,0.902,0.86471,0.91176,0.28824,0.25294,0.5,0.5,0.5,0.5,0.10267,0.00533,0.57422,0.55956,0.464,0.46711,0.46844,0.46667,0.52941,0.53529,0.25882,0.25294,0.51176,0.5,0.5,0.5,0.7775,0.5,0.6035,0.5,0.505,0.4955,0.494,0.4945,-0.374,-0.033,0.942
0.24533,0.01911,0.45689,0.43644,0.464,0.46711,0.46844,0.46622,0.76471,0.52941,0.26471,0.26471,0.5,0.5,0.5,0.5,0.8055,0.5,0.651,0.5,0.505,0.4955,0.493,0.5,-0.451,0.02,0.976,0.58235,1.04706,0.32941,0.37647,0.5,0.5,0.5,0.5,0.53689,0.03333,0.27333,0.25422,0.464,0.46711,0.46667,0.46533,0.74706,0.51176,0.38235,0.4,0.50588,0.5,0.5,0.49412,0.6865,0.5,0.66,0.474,0.505,0.4955,0.5015,0.505,-0.343,0.043,0.956
0.62533,0.03644,0.19733,0.196,0.464,0.46711,0.46667,0.46578,0.67059,0.50588,0.35294,0.38235,0.50588,0.5,0.5,0.50588,0.608,0.5,0.604,0.4525,0.5055,0.4955,0.5015,0.5035,-0.3,0.052,0.986,0.12353,1.17059,0.63529,0.85294,0.5,0.5,0.5,0.5,0.66267,0.03778,0.14667,0.22978,0.46444,0.46711,0.46756,0.46622,0.15294,0.52941,0.65294,0.82941,0.49412,0.5,0.5,0.51176,0.49,0.5,0.5795,0.506,0.5055,0.4955,0.4975,0.496,-0.285,-0.048,0.991
0.47867,0.04178,0.22444,0.36667,0.46444,0.46622,0.46622,0.46756,0.11765,0.51176,0.65882,0.74118,0.50588,0.5,0.5,0.5,0.4865,0.5,0.5375,0.707,0.506,0.4985,0.5035,0.495,-0.416,-0.213,0.974,0.87059,1.06471,0.50588,0.52941,0.5,0.5,0.5,0.5,0.31333,-0.01022,0.30578,0.61111,0.46533,0.46578,0.46844,0.46533,0.75294,0.41765,0.5,0.5,0.5,0.5,0.5,0.50588,0.565,0.5,0.538,0.583,0.5055,0.5015,0.494,0.503,-0.285,-0.255,0.831
0.43289,-0.02222,0.29778,0.62356,0.46489,0.46578,0.46844,0.46667,0.75294,0.5,0.5,0.54118,0.5,0.5,0.5,0.5,0.6425,0.5,0.5905,0.598,0.5055,0.5015,0.493,0.4945,-0.446,-0.138,0.927,0.62353,0.9,0.6,0.24118,0.5,0.5,0.5,0.5,0.64267,-0.02667,0.28889,0.58356,0.46489,0.46578,0.46667,0.46622,0.50588,0.53529,0.5,0.28824,0.50588,0.5,0.5,0.49412,0.7585,0.5,0.8055,0.46,0.5045,0.5015,0.501,0.4965,-0.485,-0.117,0.832
0.688,-0.01111,0.28889,0.44578,0.46444,0.468,0.46711,0.46578,0.71176,0.52941,0.5,0.24706,0.50588,0.5,0.5,0.5,0.757,0.5,0.9945,0.4935,0.504,0.491,0.4985,0.503,-0.497,-0.035,0.923,0.51765,1.04118,0.61765,0.4,0.5,0.5,0.5,0.5,0.7,0.00089,0.28844,0.26622,0.46444,0.47156,0.46711,0.46578,0.5,0.51176,0.5,0.38824,0.5,0.5,0.5,0.5,0.8305,0.5,0.9995,0.455,0.504,0.4745,0.499,0.503,-0.511,0.014,0.895
0.7,0.00089,0.28844,0.21467,0.46444,0.47156,0.46711,0.46578,0.5,0.50588,0.5,0.4,0.5,0.5,0.5,0.50588,0.826,0.5,0.9995,0.456,0.504,0.474,0.499,0.503,-0.505,0.02,0.891,0.14706,0.77647,0.5,0.84118,0.5,0.5,0.5,0.5,0.7,0.00044,0.28844,0.264,0.46444,0.47156,0.46711,0.46667,0.5,0.50588,0.5,0.83529,0.51176,0.5,0.50588,0.51176,0.5815,0.5,0.9995,0.5005,0.5045,0.474,0.4985,0.495,-0.525,-0.049,0.908
0.46444,0.46489,0.46489,0.46533,0.46667,0.46622,0.46844,0.46667,0.50588,0.50588,0.5,0.5,0.50588,0.5,0.5,0.50588,0.504,0.505,0.5015,0.501,0.5,0.5,0.5,0.5,0.005,-0.014,1.038,0.38235,0.70588,0.27059,0.5,0.5,0.5,0.5,0.5,0.44267,0.51378,0.39822,0.46267,0.46622,0.46533,0.46578,0.46578,0.44118,0.63529,0.31176,0.47647,0.51176,0.48235,0.48235,0.5,0.484,0.521,0.454,0.512,0.5,0.5015,0.511,0.506,-0.139,-0.231,1.027
0.38133,0.64444,0.276,0.45956,0.46711,0.46578,0.45333,0.46267,0.33529,0.85882,0.3,0.5,0.51765,0.5,0.5,0.5,0.488,0.506,0.48,0.528,0.4965,0.501,0.571,0.506,0.032,-0.16,0.974,0.38824,0.15882,0.61765,0.22941,0.5,0.5,0.5,0.5,0.276,0.75022,0.18089,0.37778,0.46667,0.46622,0.45289,0.46178,0.41765,0.50588,0.6,0.26471,0.5,0.5,0.5,0.5,0.484,0.3315,0.4945,0.487,0.5,0.5,0.572,0.505,0.178,-0.124,1.037
0.22267,0.68489,0.24089,0.24533,0.46489,0.46667,0.47111,0.46089,0.40588,-0.05294,0.60588,0.17059,0.45882,0.5,0.5,0.43529,0.484,0.2715,0.5,0.456,0.506,0.498,0.49,0.506,-0.389,-0.062,1.256,0.99412,0.77059,0.41765,0.63529,0.5,0.5,0.5,0.5,0.23378,0.34311,0.26756,0.11956,0.45822,0.468,0.46844,0.46711,0.59412,0.72941,0.42353,0.63529,0.5,0.5,0.5,0.50588,0.59,0.518,0.547,0.506,0.506,0.4915,0.499,0.496,-0.179,0.104,0.99
0.44267,0.45467,0.21733,0.16844,0.46089,0.468,0.46844,0.46756,0.99412,0.7,0.40588,0.57059,0.51176,0.5,0.5,0.50588,0.6225,0.547,0.5855,0.5995,0.5055,0.4915,0.4995,0.494,-0.449,0.031,0.878,0.34118,0.44118,0.84118,0.82353,0.5,0.5,0.5,0.5,0.80756,0.58622,0.24444,0.312,0.46533,0.46667,0.46889,0.468,0.41176,0.5,0.76471,0.68824,0.50588,0.5,0.5,0.50588,0.5065,0.5625,0.7415,0.8505,0.505,0.498,0.4965,0.495,-0.58,-0.011,0.856
0.70756,0.58356,0.42267,0.44178,0.46489,0.46444,0.464,0.46711,0.3,0.5,0.81765,0.68824,0.5,0.5,0.48824,0.5,0.512,0.527,0.781,0.9385,0.505,0.508,0.5185,0.497,-0.656,-0.054,0.768,0.71176,0.27059,0.32941,0.29412,0.5,0.5,0.5,0.5,0.69289,0.52533,0.64267,0.64267,0.46533,0.46578,0.45289,0.43556,0.75294,0.44118,0.32941,0.42941,0.5,0.5,0.47647,0.50588,0.5105,0.483,0.485,0.525,0.506,0.502,0.572,0.5215,-0.479,-0.076,0.88
0.79422,0.37556,0.53644,0.52356,0.46844,0.47289,0.45689,0.456,0.71765,0.19412,0.32941,0.32353,0.5,0.5,0.5,0.55294,0.5185,0.495,0.536,0.5355,0.494,0.4685,0.554,0.5065,-0.34,0.015,0.932,0.46471,0.68235,0.26471,0.32353,0.5,0.5,0.5,0.5,0.96267,0.28933,0.35956,0.35378,0.46978,0.47511,0.468,0.46711,0.50588,0.69412,0.25882,0.32353,0.5,0.5,0.5,0.5,0.4775,0.516,0.5,0.4995,0.494,0.458,0.5015,0.496,-0.258,0.076,0.907
0.96,0.37867,0.23556,0.26133,0.46489,0.47467,0.46889,0.46622,0.44706,0.64706,0.31176,0.31176,0.50588,0.5,0.5,0.50588,0.4625,0.5205,0.5085,0.5,0.506,0.4595,0.497,0.504,-0.162,0.136,1.053,0.01176,0.86471,0.77647,0.8,0.5,0.5,0.5,0.5,0.78844,0.55244,0.176,0.21022,0.46756,0.46622,0.46844,0.46756,-0.34118,0.64706,0.8,0.69412,0.5,0.48824,0.5,0.50588,0.471,0.614,0.617,0.731,0.494,0.4965,0.499,0.4955,-0.414,-0.014,0.901
0.50089,0.63156,0.32133,0.25244,0.46756,0.46533,0.468,0.468,0.0,0.85294,0.78824,0.5,0.5,0.5,0.5,0.50588,0.483,0.7835,0.5915,0.993,0.4945,0.502,0.499,0.4955,-0.526,-0.028,0.878,0.82941,0.57059,0.34706,0.74118,0.5,0.5,0.5,0.5,0.24533,0.85956,0.44933,0.25244,0.46711,0.46622,0.468,0.468,0.88235,0.72353,0.35294,0.5,0.5,0.5,0.5,0.5,0.546,0.7205,0.5005,0.9995,0.4965,0.5,0.5,0.495,-0.514,-0.074,0.875
0.428,1.01556,0.36889,0.30756,0.46711,0.46578,0.464,0.46711,0.86471,0.8,0.36471,0.76471,0.50588,0.5,0.5,0.50588,0.5335,0.5455,0.5,0.9155,0.4965,0.5015,0.52,0.4975,-0.555,-0.093,0.835,0.4,0.27647,0.41765,0.40588,0.5,0.5,0.5,0.5,0.63956,1.02089,0.26133,0.34844,0.46667,0.46622,0.464,0.46711,0.47059,0.46471,0.42941,0.5,0.50588,0.5,0.5,0.50588,0.4925,0.507,0.482,0.853,0.5,0.5,0.521,0.496,-0.506,-0.134,0.892
0.59822,0.98089,0.22667,0.34133,0.46667,0.46622,0.46356,0.46667,0.43529,0.45882,0.44118,0.4,0.50588,0.5,0.5,0.5,0.4875,0.4385,0.4465,0.6555,0.4965,0.5,0.522,0.5,-0.435,-0.145,0.921,0.25294,0.31765,0.55882,0.44706,0.5,0.5,0.5,0.5,0.46489,0.73733,0.18933,0.26667,0.46711,0.46622,0.46133,0.46711,0.24706,-0.17059,0.55882,0.43529,0.5,0.5,0.5,0.5,0.4805,0.493,0.49,0.659,0.4955,0.5,0.5315,0.496,-0.333,-0.104,0.893
0.332,0.60711,0.22,0.252,0.46711,0.46622,0.46178,0.46711,0.28235,0.35294,0.55294,0.43529,0.50588,0.5,0.5,0.5,0.482,0.515,0.4875,0.6,0.4965,0.4995,0.531,0.496,-0.341,-0.129,0.971,0.42353,0.56471,0.45294,0.69412,0.5,0.5,0.5,0.5,0.16178,0.52311,0.23956,0.252,0.46667,0.46667,0.46267,0.46711,0.42941,0.5,0.48235,0.55882,0.50588,0.5,0.5,0.5,0.4865,0.5235,0.48,0.756,0.5,0.4995,0.5265,0.497,-0.405,-0.186,0.925
0.12089,0.52222,0.224,0.29378,0.46711,0.46667,0.46267,0.46711,0.42941,0.5,0.45882,0.53529,0.51176,0.5,0.5,0.5,0.488,0.5605,0.4385,0.9725,0.4965,0.498,0.5265,0.497,-0.374,-0.187,0.948,0.5,0.79412,0.80588,0.67059,0.5,0.5,0.5,0.5,0.06711,0.56267,0.28489,0.29378,0.46622,0.46578,0.46267,0.46711,0.5,0.75294,0.79412,0.5,0.51176,0.5,0.5,0.50588,0.493,0.7065,0.504,0.9995,0.503,0.5015,0.5265,0.4975,-0.537,-0.173,0.924
0.06711,0.69422,0.43022,0.29378,0.46578,0.46533,0.46267,0.46711,0.5,0.85294,0.79412,0.5,0.5,0.5,0.5,0.50588,0.493,0.7235,0.552,0.9995,0.5055,0.504,0.5265,0.4975,-0.581,-0.165,0.856,0.90588,0.07059,0.30588,0.65882,0.5,0.5,0.5,0.5,0.11156,0.97778,0.54756,0.368,0.46667,0.46578,0.46222,0.46578,0.94118,0.27647,0.31765,0.54706,0.50588,0.5,0.5,0.5,0.584,0.428,0.5035,0.946,0.495,0.503,0.528,0.505,-0.444,-0.145,0.872
0.328,0.76178,0.44889,0.39911,0.46667,0.46622,0.45733,0.46622,0.95882,-0.09412,0.31765,0.61765,0.5,0.50588,0.5,0.51176,0.5625,0.454,0.501,0.969,0.5,0.5015,0.5505,0.5025,-0.55,-0.251,0.899,0.67647,0.77647,0.36471,0.26471,0.5,0.5,0.5,0.5,0.56978,0.45333,0.27333,0.29867,0.46222,0.468,0.46889,0.46622,0.52941,0.69412,0.36471,0.24706,0.5,0.5,0.5,0.5,0.69,0.568,0.623,0.571,0.505,0.49,0.4965,0.504,-0.443,-0.07,0.904
0.66089,0.608,0.20489,0.20089,0.46044,0.46844,0.46844,0.46622,0.69412,0.8,0.38824,0.35294,0.5,0.5,0.5,0.50588,0.659,0.5455,0.619,0.543,0.5055,0.49,0.497,0.504,-0.438,-0.082,0.928,0.47647,0.61176,0.68824,0.67647,0.5,0.5,0.5,0.5,0.78844,0.81911,0.152,0.09511,0.46,0.46844,0.46844,0.46622,0.50588,0.67059,0.57059,0.45882,0.5,0.5,0.5,0.50588,0.6015,0.5305,0.7875,0.5145,0.505,0.491,0.4985,0.5035,-0.515,-0.052,0.853
0.788,0.88933,0.20622,0.08267,0.45911,0.46844,0.46844,0.46667,0.5,0.61765,0.51176,0.48235,0.5,0.5,0.5,0.50588,0.5825,0.5215,0.963,0.504,0.5045,0.49,0.4985,0.5,-0.511,-0.023,0.896,0.1,0.44118,0.44118,0.72941,0.5,0.5,0.5,0.5,0.69244,0.96089,0.22667,0.06711,0.45956,0.46844,0.46844,0.46711,0.18824,0.50588,0.61176,0.48824,0.50588,0.5,0.5,0.5,0.509,0.507,0.8165,0.5035,0.5055,0.489,0.499,0.496,-0.423,-0.032,0.936
0.528,0.95333,0.24267,0.05422,0.45911,0.46711,0.46889,0.46711,0.15294,0.42941,0.51765,0.47059,0.50588,0.49412,0.5,0.5,0.4885,0.4895,0.5955,0.507,0.506,0.4935,0.497,0.496,-0.35,-0.059,0.985,0.4,0.26471,0.68235,0.54706,0.5,0.5,0.5,0.5,0.25956,0.85644,0.28667,0.04267,0.46578,0.46622,0.46844,0.46711,0.36471,0.30588,0.64706,0.5,0.5,0.5,0.5,0.51176,0.4925,0.472,0.506,0.4995,0.5055,0.5,0.498,0.496,-0.335,-0.083,0.984
0.22133,0.74489,0.35378,0.052,0.46622,0.46622,0.46756,0.46711,0.38824,0.28235,0.62353,0.54118,0.50588,0.5,0.5,0.5,0.4855,0.4655,0.6255,0.4905,0.505,0.5,0.5015,0.494,-0.394,0.037,0.958,0.52353,0.22353,0.41176,0.68235,0.5,0.5,0.5,0.5,0.15689,0.52044,0.43956,0.10978,0.46622,0.46711,0.46844,0.464,0.49412,0.24118,0.49412,0.57647,0.5,0.5,0.5,0.5,0.4935,0.4585,0.596,0.4805,0.5035,0.4955,0.498,0.506,-0.352,0.096,0.963
0.16311,0.37511,0.40711,0.15911,0.46711,0.46711,0.46844,0.464,0.51176,0.22941,0.43529,0.6,0.5,0.5,0.5,0.5,0.506,0.4615,0.5345,0.474,0.4965,0.4955,0.498,0.506,-0.289,0.099,0.984,0.72941,0.82941,0.62941,0.45882,0.5,0.5,0.5,0.5,0.20489,0.27022,0.37778,0.20311,0.46578,0.46711,0.46844,0.46578,0.51176,0.64706,0.59412,0.5,0.5,0.5,0.5,0.50588,0.5585,0.512,0.6305,0.499,0.505,0.4955,0.498,0.506,-0.419,0.032,0.952
0.22756,0.41733,0.41289,0.20222,0.46578,0.46711,0.46844,0.46578,0.5,0.81176,0.5,0.49412,0.50588,0.5,0.5,0.50588,0.716,0.521,0.776,0.5005,0.5045,0.4955,0.4975,0.5055,-0.482,0.134,0.908,0.52941,0.28235,0.51176,0.44118,0.5,0.5,0.5,0.5,0.26578,0.57556,0.45289,0.17022,0.46622,0.46711,0.46844,0.46578,0.50588,0.34706,0.5,0.5,0.50588,0.5,0.5,0.50588,0.849,0.49,0.9705,0.5005,0.5035,0.4955,0.498,0.506,-0.473,0.046,0.921
0.26578,0.47556,0.45333,0.17511,0.46622,0.46711,0.46756,0.46622,0.50588,0.29412,0.5,0.52941,0.50588,0.5,0.5,0.50588,0.8405,0.4845,0.9975,0.4955,0.5015,0.4955,0.501,0.504,-0.456,0.044,0.921,0.84706,0.48824,0.31765,0.78824,0.5,0.5,0.5,0.5,0.26533,0.33867,0.45333,0.228,0.46622,0.46711,0.46756,0.46578,0.50588,0.47647,0.5,0.54118,0.50588,0.5,0.5,0.5,0.8415,0.489,0.715,0.4865,0.5025,0.496,0.5005,0.504,-0.504,0.099,0.933
0.34044,0.31733,0.37111,0.23644,0.46622,0.46711,0.46756,0.46711,0.94118,0.48235,0.31765,0.51765,0.49412,0.5,0.5,0.49412,0.7515,0.493,0.6585,0.496,0.503,0.496,0.5015,0.496,-0.464,0.051,0.936,0.21765,0.74118,0.73529,0.75294,0.5,0.5,0.5,0.5,0.56756,0.36267,0.288,0.24133,0.46667,0.46667,0.468,0.46711,0.49412,0.72941,0.64706,0.5,0.50588,0.5,0.5,0.5,0.5475,0.5205,0.9085,0.5,0.5,0.4965,0.501,0.496,-0.491,0.018,0.917
0.43378,0.47378,0.38267,0.22267,0.46667,0.46667,0.46844,0.46711,0.14118,0.70588,0.64706,0.44118,0.50588,0.5,0.5,0.50588,0.554,0.5325,0.953,0.514,0.5,0.496,0.498,0.496,-0.52,0.067,0.903,0.80588,0.75294,0.25294,0.75882,0.5,0.5,0.5,0.5,0.26044,0.68356,0.46178,0.13556,0.46667,0.46711,0.46844,0.46711,0.50588,0.75882,0.27647,0.38824,0.50588,0.5,0.5,0.50588,0.786,0.5505,0.6585,0.5295,0.5,0.4955,0.4975,0.496,-0.5,0.012,0.904
0.41289,0.81111,0.33511,0.07733,0.46667,0.46711,0.468,0.46756,0.97059,0.79412,0.24118,0.38824,0.50588,0.5,0.5,0.5,0.713,0.5515,0.6585,0.531,0.5,0.4955,0.4995,0.494,-0.44,0.028,0.93,0.13529,0.52941,0.57059,0.63529,0.5,0.5,0.5,0.5,0.62667,1.0,0.21689,0.03111,0.46711,0.46622,0.46844,0.46756,0.28235,0.54706,0.60588,0.49412,0.5,0.5,0.5,0.50588,0.4945,0.521,0.6415,0.5015,0.496,0.499,0.498,0.496,-0.39,0.017,0.963
0.464,1.01111,0.27067,0.02756,0.46711,0.46667,0.46844,0.46756,0.17059,0.52353,0.59412,0.5,0.5,0.5,0.5,0.51176,0.4895,0.525,0.555,0.5005,0.496,0.4985,0.497,0.494,-0.364,0.004,0.96,0.40588,0.11765,0.47059,0.88824,0.5,0.5,0.5,0.5,0.22178,0.97022,0.31822,0.02489,0.46667,0.46622,0.46844,0.46711,0.41176,0.18235,0.47647,0.5,0.5,0.5,0.5,0.5,0.4915,0.471,0.4785,0.5,0.5,0.499,0.498,0.496,-0.306,0.016,0.992
0.49467,0.48267,0.47111,0.47867,0.46844,0.49867,0.488,0.46756,0.50588,0.5,0.5,0.5,0.5,0.5,0.5,0.5,0.4935,0.4935,0.5,0.4965,0.503,0.5015,0.501,0.5,0.035,0.058,1.013,0.76471,0.25882,0.48235,0.57647,0.5,0.5,0.5,0.5,0.56489,0.43111,0.46356,0.50711,0.46978,0.49867,0.48667,0.46711,0.74706,0.26471,0.48235,0.56471,0.51176,0.5,0.5,0.51176,0.5115,0.474,0.505,0.491,0.4945,0.5025,0.5065,0.5035,0.062,-0.034,1.105
0.69244,0.288,0.45422,0.54711,0.46933,0.49867,0.48889,0.468,0.72353,0.22941,0.47647,0.57647,0.5,0.5,0.50588,0.5,0.5185,0.4885,0.508,0.4755,0.497,0.502,0.497,0.4965,-0.119,-0.032,1.011,0.15294,0.43529,0.39412,0.35294,0.5,0.5,0.5,0.5,0.816,0.11156,0.40756,0.54489,0.47022,0.50622,0.48933,0.46711,0.27059,0.43529,0.42353,0.33529,0.50588,0.50588,0.49412,0.5,0.4295,0.494,0.501,0.466,0.495,0.4675,0.4945,0.5035,-0.04,0.079,1.055
0.70622,0.08178,0.36044,0.46844,0.46756,0.51289,0.48844,0.46756,0.24118,0.45294,0.43529,0.35882,0.5,0.5,0.5,0.50588,0.3295,0.493,0.4775,0.478,0.5045,0.4345,0.4975,0.501,0.229,0.186,0.934,0.83529,0.81765,0.72353,0.42941,0.5,0.5,0.5,0.5,0.444,0.12889,0.33378,0.35778,0.44533,0.51244,0.488,0.468,0.50588,0.81765,0.60588,0.4,0.5,0.5,0.5,0.50588,0.555,0.512,0.6565,0.4745,0.5125,0.4365,0.5,0.4965,-0.267,0.052,0.986
0.53778,0.29067,0.416,0.32711,0.46044,0.51244,0.488,0.46711,0.88824,0.84118,0.67059,0.42941,0.64118,0.5,0.5,0.50588,0.6115,0.512,0.812,0.4485,0.504,0.4365,0.5,0.5035,-0.284,-0.032,0.898,0.33529,0.47059,0.26471,0.54706,0.5,0.5,0.5,0.5,0.83378,0.49333,0.56267,0.28933,0.49111,0.51289,0.48889,0.46667,0.50588,0.49412,0.38824,0.52941,0.50588,0.5,0.5,0.49412,0.457,0.493,0.3755,0.503,0.487,0.435,0.496,0.5055,-0.179,0.064,0.989
0.83422,0.46978,0.43733,0.30044,0.49067,0.51556,0.48889,0.46667,0.5,0.48235,0.24118,0.51765,0.5,0.52941,0.5,0.5,0.3275,0.5055,0.398,0.5635,0.4875,0.4235,0.496,0.5055,-0.045,0.103,1.006,0.12941,0.70588,0.36471,0.33529,0.5,0.5,0.5,0.5,0.73956,0.44444,0.26844,0.27733,0.456,0.516,0.48933,0.46667,0.50588,0.64118,0.38235,0.35294,0.45882,0.5,0.5,0.5,0.14,0.579,0.3225,0.532,0.5065,0.42,0.4935,0.5055,0.166,0.097,1.02
0.73911,0.55822,0.18889,0.19956,0.44267,0.512,0.48711,0.46889,0.50588,0.77647,0.29412,0.38235,0.44706,0.41176,0.5,0.50588,0.147,0.547,0.3715,0.5075,0.515,0.439,0.503,0.494,0.052,-0.034,1.021,0.28235,0.49412,0.52353,0.65294,0.5,0.5,0.5,0.5,0.29956,0.71422,0.09467,0.11022,0.46933,0.49956,0.48889,0.46533,0.27647,0.50588,0.5,0.58235,0.5,0.5,0.5,0.50588,0.4795,0.5225,0.479,0.715,0.497,0.498,0.4955,0.505,-0.142,-0.174,0.994
0.18622,0.71333,0.10356,0.16044,0.46933,0.49956,0.48844,0.46578,0.25882,0.5,0.51176,0.64118,0.49412,0.5,0.5,0.50588,0.4815,0.5215,0.493,0.8495,0.497,0.498,0.4965,0.5045,-0.208,-0.193,1.003,0.60588,0.45882,0.8,0.54706,0.5,0.5,0.5,0.5,0.06622,0.70311,0.21422,0.208,0.46844,0.49867,0.48844,0.46622,0.59412,0.49412,0.77647,0.5,0.52353,0.5,0.5,0.50588,0.506,0.513,0.5095,0.9815,0.5025,0.5015,0.4975,0.5045,-0.325,-0.192,0.981
0.12,0.68933,0.34844,0.23956,0.46844,0.49867,0.48844,0.46622,0.60588,0.43529,0.77059,0.55882,0.50588,0.5,0.5,0.50588,0.506,0.511,0.594,0.9375,0.5025,0.502,0.4975,0.505,-0.426,-0.026,0.952,0.51765,0.15294,0.44706,0.36471,0.5,0.5,0.5,0.5,0.16311,0.57511,0.49778,0.296,0.46978,0.5,0.48889,0.46711,0.50588,0.22941,0.5,0.5,0.50588,0.5,0.5,0.51176,0.519,0.4885,0.6485,0.594,0.495,0.4945,0.497,0.5035,-0.435,-0.003,0.95
0.16311,0.40578,0.48533,0.24711,0.46933,0.50178,0.488,0.46667,0.50588,0.16471,0.5,0.37647,0.5,0.51176,0.5,0.50588,0.527,0.485,0.58,0.4925,0.497,0.488,0.4995,0.5035,-0.326,0.043,0.983,0.65294,0.77059,0.6,0.74706,0.5,0.5,0.5,0.5,0.17733,0.25956,0.45644,0.25022,0.46844,0.50356,0.48844,0.468,0.50588,0.77647,0.5,0.68824,0.49412,0.5,0.5,0.5,0.602,0.5105,0.724,0.502,0.502,0.479,0.4985,0.4965,-0.453,0.013,0.963
0.19022,0.34978,0.48533,0.33822,0.46844,0.50356,0.48844,0.46844,0.50588,0.58824,0.63529,0.69412,0.5,0.5,0.5,0.50588,0.7105,0.5765,0.8295,0.6705,0.5,0.479,0.4975,0.4955,-0.502,-0.055,0.882,0.87647,0.46471,0.27059,0.37059,0.5,0.5,0.5,0.5,0.19156,0.38222,0.51689,0.41867,0.47111,0.50311,0.48844,0.46889,0.5,0.5,0.27647,0.5,0.50588,0.5,0.5,0.50588,0.843,0.747,0.5995,0.766,0.495,0.481,0.4975,0.495,-0.45,-0.119,0.997
0.37778,0.39289,0.38978,0.38444,0.47111,0.50311,0.48844,0.46844,0.95294,0.62353,0.24706,0.38235,0.50588,0.5,0.5,0.50588,0.738,0.6775,0.647,0.612,0.4955,0.481,0.497,0.4945,-0.461,-0.092,0.876,0.57059,0.76471,0.46471,0.36471,0.5,0.5,0.5,0.5,0.66311,0.52267,0.24711,0.27067,0.47067,0.50311,0.48889,0.468,0.5,0.77059,0.41765,0.37059,0.49412,0.5,0.5,0.5,0.687,0.585,0.622,0.57,0.495,0.481,0.4955,0.4965,-0.498,-0.065,0.892
0.70044,0.66667,0.22889,0.20489,0.46978,0.50356,0.48889,0.468,0.50588,0.79412,0.48235,0.38235,0.5,0.5,0.5,0.5,0.6825,0.5715,0.6235,0.554,0.495,0.481,0.4955,0.4965,-0.407,-0.112,0.983,0.3,-0.02353,0.51176,0.48235,0.5,0.5,0.5,0.5,0.78533,0.76356,0.20978,0.12933,0.46044,0.50489,0.48756,0.46667,0.31176,0.02353,0.5,0.49412,0.5,0.5,0.5,0.5,0.517,0.4715,0.633,0.499,0.505,0.4725,0.5015,0.504,-0.429,-0.05,0.968
0.69378,0.50311,0.21067,0.128,0.45911,0.50489,0.48756,0.46711,0.35882,0.00588,0.50588,0.5,0.5,0.5,0.5,0.50588,0.508,0.4655,0.659,0.466,0.5055,0.473,0.5005,0.5035,-0.374,-0.021,0.971,0.6,0.67647,0.62353,0.52353,0.5,0.5,0.5,0.5,0.59156,0.19644,0.22978,0.12089,0.45911,0.50444,0.48756,0.46711,0.5,0.66471,0.58235,0.5,0.5,0.5,0.5,0.51176,0.5365,0.508,0.794,0.486,0.505,0.475,0.5015,0.5035,-0.408,-0.035,0.947
0.59067,0.288,0.26444,0.13244,0.45867,0.50444,0.48756,0.46711,0.49412,0.68235,0.5,0.52941,0.5,0.5,0.5,0.5,0.602,0.508,0.9275,0.4905,0.5045,0.475,0.501,0.5035,-0.445,0.019,0.933,0.28824,0.58235,0.6,0.5,0.5,0.5,0.5,0.5,0.59067,0.42889,0.28,0.14533,0.45911,0.50444,0.48756,0.46711,0.5,0.58824,0.5,0.5,0.50588,0.5,0.5,0.49412,0.5525,0.5055,0.9995,0.494,0.5045,0.475,0.5015,0.5055,-0.471,0.008,0.947
0.52356,0.47556,0.30889,0.14578,0.45911,0.50444,0.488,0.46756,0.21176,0.60588,0.5,0.5,0.50588,0.5,0.50588,0.51765,0.5225,0.506,0.964,0.492,0.505,0.475,0.5,0.4995,-0.435,0.041,0.941,0.43529,0.57059,0.7,0.77647,0.5,0.5,0.5,0.5,0.36978,0.52889,0.37022,0.22,0.45911,0.50444,0.488,0.46889,0.5,0.5,0.57059,0.68235,0.50588,0.5,0.5,0.50588,0.528,0.513,0.993,0.5765,0.5045,0.475,0.499,0.495,-0.484,-0.018,0.926
0.332,0.52756,0.42622,0.30667,0.46133,0.50444,0.48756,0.46978,0.50588,0.5,0.65294,0.66471,0.50588,0.5,0.5,0.5,0.532,0.547,0.967,0.834,0.504,0.475,0.5005,0.4955,-0.608,-0.108,0.859,0.88235,0.56471,0.31176,0.61765,0.5,0.5,0.5,0.5,0.34489,0.52711,0.54578,0.48089,0.46267,0.49733,0.48222,0.46933,0.90588,0.50588,0.34706,0.53529,0.50588,0.5,0.5,0.5,0.642,0.6415,0.6165,0.9695,0.5045,0.51,0.526,0.4955,-0.561,-0.119,0.852
0.55111,0.52711,0.44844,0.48178,0.46267,0.49733,0.48222,0.46933,0.95294,0.50588,0.34118,0.5,0.50588,0.5,0.5,0.5,0.6205,0.7,0.623,0.9995,0.505,0.509,0.526,0.4955,-0.528,-0.106,0.856,0.35882,0.51176,0.34706,0.26471,0.5,0.5,0.5,0.5,0.83556,0.53556,0.30933,0.46667,0.46489,0.49911,0.48178,0.46933,0.50588,0.5,0.37647,0.3,0.51176,0.5,0.5,0.50588,0.502,0.7685,0.501,0.701,0.505,0.5005,0.5285,0.4945,-0.495,-0.153,0.921
0.80889,0.58622,0.22756,0.35778,0.46578,0.5,0.48267,0.46889,0.48235,0.54706,0.34706,0.31176,0.50588,0.5,0.5,0.5,0.4695,0.6755,0.5,0.6485,0.505,0.496,0.5245,0.4945,-0.38,-0.136,0.942,0.52353,0.32941,0.77647,0.52353,0.5,0.5,0.5,0.5,0.68978,0.62311,0.192,0.23156,0.46311,0.50044,0.48933,0.46622,0.45882,0.50588,0.68235,0.5,0.49412,0.5,0.5,0.5,0.508,0.5265,0.7025,0.6185,0.5045,0.4945,0.4925,0.5055,-0.521,-0.056,0.898
0.66889,0.58178,0.27822,0.24533,0.46267,0.5,0.48889,0.46622,0.41765,0.34118,0.57059,0.56471,0.50588,0.5,0.5,0.50588,0.539,0.4945,0.9405,0.612,0.504,0.4965,0.494,0.505,-0.487,-0.026,0.912,0.69412,0.34118,0.41176,0.51765,0.5,0.5,0.5,0.5,0.66178,0.43822,0.27867,0.28133,0.46267,0.5,0.488,0.46711,0.5,0.34706,0.5,0.54118,0.50588,0.5,0.5,0.50588,0.6765,0.493,0.862,0.535,0.504,0.496,0.498,0.5035,-0.57,-0.026,0.897
0.68711,0.36,0.26578,0.29778,0.46311,0.5,0.488,0.46756,0.91765,0.35294,0.28235,0.50588,0.5,0.5,0.5,0.50588,0.767,0.4915,0.701,0.4995,0.5045,0.496,0.4985,0.5,-0.543,-0.032,0.938,0.29412,0.9,0.5,0.57059,0.5,0.5,0.5,0.5,0.82,0.34844,0.21733,0.31689,0.46311,0.5,0.488,0.46889,0.50588,0.81176,0.5,0.5,0.50588,0.5,0.5,0.50588,0.601,0.5435,0.688,0.567,0.5045,0.4965,0.499,0.4945,-0.506,-0.032,0.895
0.79733,0.46756,0.21867,0.31511,0.46356,0.5,0.488,0.46889,0.35882,0.62941,0.50588,0.49412,0.50588,0.5,0.5,0.50588,0.5135,0.676,0.6825,0.747,0.505,0.4965,0.499,0.4955,-0.52,-0.089,0.877,0.27647,0.52941,0.69412,0.64706,0.5,0.5,0.5,0.5,0.63911,0.56044,0.27644,0.31689,0.46489,0.49956,0.48844,0.46889,0.27647,0.50588,0.65294,0.51176,0.51176,0.5,0.50588,0.5,0.493,0.847,0.7155,0.996,0.5045,0.498,0.498,0.496,-0.573,-0.071,0.897
0.50578,0.56044,0.356,0.33644,0.46489,0.49956,0.48844,0.46933,0.21765,0.50588,0.7,0.53529,0.50588,0.5,0.5,0.5,0.506,0.8395,0.804,0.9815,0.5045,0.498,0.4965,0.496,-0.538,-0.091,0.799,0.73529,0.18235,0.33529,0.42941,0.5,0.5,0.5,0.5,0.35289,0.58578,0.45333,0.35111,0.46533,0.49956,0.48844,0.46889,0.50588,0.50588,0.48824,0.5,0.50588,0.5,0.5,0.5,0.645,0.5655,0.6355,0.8895,0.505,0.498,0.4965,0.495,-0.494,-0.098,0.85
0.47111,0.49378,0.36578,0.35244,0.46533,0.49956,0.48889,0.46844,0.74706,0.24706,0.32941,0.5,0.50588,0.5,0.5,0.5,0.627,0.509,0.643,0.7125,0.505,0.498,0.4955,0.4945,-0.499,-0.053,0.895,0.58824,0.37059,0.61765,0.65882,0.5,0.5,0.5,0.5,0.63111,0.28578,0.27022,0.38533,0.46489,0.5,0.488,0.46844,0.5,0.42941,0.5,0.60588,0.5,0.5,0.5,0.5,0.652,0.494,0.821,0.6085,0.504,0.4965,0.499,0.4945,-0.52,-0.041,0.89
0.652,0.232,0.29511,0.45511,0.46489,0.5,0.48711,0.46844,0.50588,0.37647,0.64706,0.65882,0.5,0.5,0.5,0.50588,0.689,0.492,0.9695,0.6625,0.5035,0.4965,0.5015,0.4945,-0.553,-0.088,0.885,0.37647,1.08824,0.61176,0.18824,0.5,0.5,0.5,0.5,0.70533,0.20622,0.32178,0.46222,0.46578,0.5,0.48711,0.46889,0.5,1.08824,0.5,0.19412,0.51176,0.5,0.5,0.51176,0.5935,0.6535,0.9985,0.5235,0.504,0.4965,0.502,0.4945,-0.729,0.037,0.585
0.69689,0.51689,0.32178,0.30222,0.46667,0.5,0.488,0.46844,0.41176,1.15294,0.5,0.21176,0.50588,0.5,0.5,0.5,0.53,0.622,0.9995,0.561,0.504,0.4965,0.499,0.4945,-0.529,-0.074,0.878,0.2,0.07647,0.55882,0.51765,0.5,0.5,0.5,0.5,0.54711,0.88044,0.33111,0.13333,0.46667,0.5,0.488,0.468,0.21765,0.18235,0.61765,0.5,0.50588,0.5,0.5,0.5,0.509,0.4775,0.9845,0.5335,0.504,0.4965,0.498,0.4965,-0.451,-0.027,0.935
0.37733,0.66933,0.37289,0.14978,0.46711,0.5,0.488,0.46711,0.22353,0.07647,0.61765,0.55294,0.50588,0.5,0.5,0.48235,0.519,0.4775,0.917,0.505,0.5045,0.4965,0.498,0.5055,-0.4,-0.014,0.971,0.62353,0.67059,0.56471,0.47059,0.5,0.5,0.5,0.5,0.22,0.43822,0.43644,0.16133,0.46622,0.5,0.488,0.46667,0.50588,0.65294,0.50588,0.5,0.50588,0.5,0.5,0.5,0.5675,0.507,0.8795,0.4475,0.505,0.4965,0.498,0.5055,-0.391,0.01,0.962
0.27111,0.51244,0.34178,0.13511,0.46667,0.5,0.48844,0.46667,0.77059,0.65294,0.33529,0.44706,0.50588,0.5,0.5,0.5,0.565,0.515,0.554,0.4955,0.505,0.4965,0.4975,0.506,-0.321,0.006,0.987,0.4,0.56471,0.44706,0.74118,0.5,0.5,0.5,0.5,0.37378,0.61022,0.27111,0.16,0.46622,0.49956,0.488,-0.44444,0.50588,0.5,0.5,0.62353,0.51176,0.5,0.5,0.5,0.506,0.5375,0.5015,0.678,0.505,0.4985,0.5,0.5,-0.222,-0.074,1.067
0.46756,0.47333,0.46622,0.47556,0.46489,0.48356,0.46933,0.46622,0.50588,0.5,0.5,0.5,0.5,0.5,0.5,0.5,0.4955,0.495,0.4975,0.498,0.5,0.5,0.5,0.5,0.031,0.004,1.03,0.35294,0.27647,0.53529,0.36471,0.5,0.5,0.5,0.5,0.424,0.42711,0.47733,0.44311,0.46489,0.484,0.46889,0.46667,0.31176,0.30588,0.51176,0.38235,0.50588,0.5,0.5,0.5,0.492,0.4765,0.502,0.437,0.4965,0.4975,0.5015,0.4965,0.143,0.081,1.041
0.33156,0.31067,0.47911,0.36756,0.46356,0.49156,0.46933,0.46578,0.33529,0.24706,0.5,0.33529,0.5,0.5,0.5,0.49412,0.507,0.4795,0.5755,0.4665,0.5055,0.4625,0.498,0.5035,-0.005,0.004,1.057,0.44118,0.51765,0.34118,0.62941,0.5,0.5,0.5,0.5,0.20356,0.16622,0.46489,0.32533,0.44978,0.49422,0.46933,0.46622,0.5,0.5,0.37059,0.61765,0.48235,0.5,0.50588,0.50588,0.518,0.492,0.4925,0.5,0.5095,0.448,0.5,0.5,0.149,0.066,1.034
0.18711,0.15911,0.37911,0.37911,0.44844,0.49156,0.46933,0.46622,0.40588,0.49412,0.34118,0.55882,0.50588,0.48235,0.49412,0.50588,0.5115,0.507,0.4995,0.549,0.5095,0.4605,0.498,0.5,-0.283,-0.156,1.182,0.70588,0.50588,0.42353,0.52941,0.5,0.5,0.5,0.5,0.23289,0.14533,0.26133,0.43644,0.46444,0.48356,0.468,0.46622,0.67647,0.51176,0.42941,0.50588,0.50588,0.5,0.5,0.50588,0.51,0.521,0.4995,0.69,0.506,0.5,0.506,0.5,-0.174,-0.217,0.994
0.32,0.14533,0.22356,0.44533,0.464,0.48311,0.468,0.46622,0.68824,0.5,0.42941,0.52941,0.5,0.5,0.5,0.50588,0.5205,0.5235,0.4995,0.7215,0.506,0.5015,0.506,0.5,-0.188,-0.215,1.0,0.72941,0.88235,0.8,0.32353,0.5,0.5,0.5,0.5,0.47156,0.17511,0.24133,0.43378,0.464,0.48311,0.47022,0.46622,0.5,0.76471,0.7,0.32941,0.5,0.5,0.5,0.50588,0.5935,0.694,0.6745,0.578,0.505,0.5015,0.4955,0.5,-0.499,-0.135,0.833
0.47422,0.384,0.34311,0.34533,0.46356,0.48578,0.472,0.46533,0.50588,0.98235,0.67647,0.36471,0.5,0.52353,0.5,0.5,0.805,0.6155,0.913,0.5715,0.504,0.4895,0.488,0.5045,-0.429,-0.03,0.859,0.24118,0.31765,0.54706,0.77059,0.5,0.5,0.5,0.5,0.64444,0.67022,0.37244,0.31378,0.46356,0.48622,0.47111,0.46622,0.48235,0.3,0.5,0.68824,0.5,0.5,0.5,0.50588,0.5365,0.494,0.9995,0.65,0.5045,0.487,0.4915,0.4985,-0.517,-0.069,0.886
0.54844,0.55733,0.42133,0.41467,0.464,0.48622,0.47067,0.46622,0.26471,0.28235,0.54118,0.69412,0.50588,0.5,0.5,0.50588,0.5115,0.512,0.848,0.826,0.505,0.487,0.493,0.5,-0.517,-0.152,0.84,0.64706,0.38824,0.21765,0.22353,0.5,0.5,0.5,0.5,0.42356,0.37956,0.41867,0.50578,0.46444,0.484,0.47067,0.46578,0.67647,0.36471,0.23529,0.25882,0.50588,0.5,0.5,0.5,0.5385,0.543,0.5065,0.642,0.506,0.4975,0.493,0.5035,-0.384,-0.114,0.927
0.51111,0.35422,0.27156,0.37956,0.45867,0.48444,0.47111,0.46489,0.59412,0.38235,0.20588,0.25294,0.46471,0.5,0.5,0.49412,0.5345,0.5125,0.5,0.5535,0.506,0.495,0.4915,0.506,-0.374,-0.126,0.942,0.15294,0.64706,0.79412,0.38235,0.5,0.5,0.5,0.5,0.52578,0.34622,0.18844,0.19778,0.45067,0.48444,0.46889,0.46578,0.12353,0.68235,0.72941,0.39412,0.5,0.5,0.5,0.50588,0.491,0.5105,0.624,0.4685,0.5085,0.496,0.502,0.5035,-0.271,-0.101,0.969
0.32,0.43067,0.31333,0.14356,0.45022,0.48444,0.46889,0.46533,0.08235,0.64118,0.77059,0.39412,0.50588,0.5,0.5,0.48235,0.5075,0.508,0.7395,0.438,0.508,0.496,0.5015,0.5055,-0.376,0.089,0.969,1.04118,0.75882,0.44118,0.73529,0.5,0.5,0.5,0.5,0.18444,0.59022,0.46978,0.13644,0.46578,0.48533,0.46978,0.46578,0.70588,0.7,0.5,0.69412,0.50588,0.5,0.5,0.50588,0.7145,0.519,0.7355,0.5125,0.495,0.4915,0.497,0.497,-0.467,0.017,0.882
0.23378,0.64711,0.46222,0.20444,0.46622,0.48533,0.46978,0.46667,0.57059,0.52353,0.39412,0.61765,0.50588,0.5,0.5,0.50588,0.8465,0.617,0.6265,0.7585,0.495,0.4915,0.498,0.4975,-0.489,0.025,0.97,0.81176,0.33529,0.52941,0.57647,0.5,0.5,0.5,0.5,0.43067,0.72133,0.42356,0.29467,0.46756,0.48489,0.46933,0.46667,0.68235,0.50588,0.5,0.58824,0.50588,0.5,0.5,0.50588,0.7965,0.615,0.692,0.9155,0.495,0.4935,0.4985,0.495,-0.534,0.008,0.944
0.61511,0.74622,0.42356,0.35867,0.46756,0.48133,0.46489,0.46667,0.91176,0.61765,0.5,0.64706,0.50588,0.5,0.5,0.5,0.733,0.493,0.7635,0.7965,0.495,0.5105,0.52,0.497,-0.503,-0.073,0.849,0.45882,0.07647,0.53529,0.60588,0.5,0.5,0.5,0.5,0.93733,0.52,0.44933,0.452,0.46667,0.48133,0.46311,0.46667,0.50588,0.07059,0.5,0.65882,0.5,0.5,0.5,0.50588,0.5175,0.4915,0.7795,0.74,0.495,0.5105,0.529,0.495,-0.512,-0.028,0.873
0.93689,0.304,0.45022,0.528,0.46667,0.48444,0.46356,0.46667,0.5,0.08824,0.5,0.61765,0.50588,0.5,0.5,0.5,0.5065,0.4905,0.861,0.632,0.495,0.4965,0.527,0.4965,-0.527,0.011,0.913,0.27059,0.48824,0.63529,0.34118,0.5,0.5,0.5,0.5,0.86978,0.04889,0.51422,0.57111,0.47244,0.48444,0.46978,0.46622,0.34706,0.5,0.72941,0.35294,0.52353,0.5,0.5,0.50588,0.478,0.493,0.874,0.4685,0.494,0.496,0.498,0.5,-0.51,0.087,0.912
0.76356,0.04889,0.60533,0.49244,0.47467,0.48489,0.46933,0.46622,0.25294,0.5,0.68824,0.34706,0.50588,0.5,0.5,0.50588,0.4745,0.491,0.767,0.462,0.4935,0.494,0.499,0.5,-0.403,0.037,0.898,0.41765,0.69412,0.29412,0.26471,0.5,0.5,0.5,0.5,0.56978,0.08844,0.67911,0.32089,0.48667,0.49067,0.46933,0.46578,0.5,0.7,0.33529,0.27059,0.50588,0.5,0.5,0.5,0.493,0.509,0.4675,0.4575,0.486,0.466,0.499,0.5035,-0.306,0.196,0.955
0.57111,0.18622,0.58711,0.20133,0.48756,0.49333,0.46933,0.46533,0.50588,0.7,0.32353,0.27647,0.5,0.5,0.5,0.50588,0.459,0.509,0.4075,0.452,0.485,0.453,0.5,0.5055,-0.144,0.24,1.006,0.72353,0.52353,0.27647,0.89412,0.5,0.5,0.5,0.5,0.57511,0.31956,0.36711,0.188,0.47778,0.49511,0.46933,0.46756,0.6,0.52941,0.20588,0.88235,0.49412,0.5,0.5,0.5,0.493,0.495,0.486,0.501,0.492,0.445,0.499,0.4945,-0.272,0.213,0.953
0.65733,0.31867,0.24311,0.34667,0.47289,0.49244,0.46889,0.46756,0.7,0.46471,0.25294,0.72353,0.5,0.49412,0.49412,0.50588,0.5115,0.5105,0.5645,0.6745,0.494,0.456,0.501,0.495,-0.361,0.103,0.99,0.14706,0.67647,0.5,0.56471,0.5,0.5,0.5,0.5,0.70711,0.25733,0.12489,0.43867,0.46533,0.48356,0.468,0.46889,0.14706,0.5,0.51176,0.5,0.51176,0.5,0.5,0.50588,0.479,0.713,0.5015,0.9995,0.4965,0.5,0.506,0.496,-0.368,-0.13,0.952
0.52933,0.25733,0.12711,0.43867,0.46533,0.48356,0.468,0.46889,0.19412,0.5,0.5,0.5,0.5,0.5,0.5,0.50588,0.4745,0.864,0.49,0.9995,0.4945,0.4995,0.506,0.496,-0.377,-0.119,0.97,0.78824,0.92941,0.86471,0.45882,0.5,0.5,0.5,0.5,0.37289,0.25689,0.24444,0.43822,0.464,0.484,0.468,0.46889,0.72941,0.5,0.80588,0.5,0.50588,0.5,0.5,0.50588,0.5145,0.854,0.516,0.9355,0.5055,0.498,0.506,0.4955,-0.396,-0.041,0.963
0.40933,0.272,0.36444,0.43956,0.46356,0.484,0.468,0.46889,0.5,0.61765,0.73529,0.5,0.51176,0.5,0.5,0.49412,0.678,0.8215,0.8175,0.8315,0.504,0.498,0.505,0.495,-0.489,-0.019,0.91,0.37647,0.58824,0.63529,0.58824,0.5,0.5,0.5,0.5,0.43022,0.46356,0.48311,0.43911,0.46444,0.48533,0.46978,0.46844,0.50588,0.6,0.65294,0.5,0.50588,0.50588,0.5,0.5,0.705,0.7375,0.9365,0.852,0.498,0.492,0.4975,0.495,-0.535,-0.032,0.837
0.43467,0.57511,0.56844,0.48089,0.46489,0.48267,0.46711,0.46711,0.50588,0.71176,0.63529,0.55882,0.50588,0.5,0.5,0.5,0.595,0.5935,0.854,0.869,0.5,0.504,0.5085,0.495,-0.677,-0.048,0.855,0.25882,0.74118,0.45294,0.20588,0.5,0.5,0.5,0.5,0.36222,0.77511,0.67911,0.50889,0.46667,0.48578,0.47022,0.46667,0.30588,1.00588,0.52353,0.23529,0.50588,0.5,0.49412,0.50588,0.5095,0.523,0.6335,0.516,0.494,0.49,0.4945,0.4965,-0.592,-0.035,0.967
0.22,0.91778,0.66756,0.35689,0.46622,0.48578,0.46978,0.46667,0.25294,0.74706,0.45882,0.22353,0.5,0.5,0.5,0.5,0.5245,0.5185,0.574,0.5,0.494,0.4895,0.4975,0.4965,-0.362,-0.006,0.941,0.57059,-0.01176,0.50588,0.78235,0.5,0.5,0.5,0.5,0.068,0.95733,0.63822,0.25289,0.46533,0.48844,0.468,0.46578,0.50588,0.2,0.5,0.71176,0.5,0.5,0.5,0.5,0.582,0.442,0.5895,0.64,0.4965,0.4765,0.505,0.5025,-0.379,-0.038,0.974
0.09511,0.77511,0.63911,0.35733,0.46578,0.48222,0.46044,0.46711,0.68824,-0.06471,0.5,0.70588,0.50588,0.5,0.5,0.50588,0.582,0.396,0.5985,0.826,0.4945,0.5065,0.541,0.4945,-0.49,-0.117,0.965,0.81765,0.92353,0.49412,0.42353,0.5,0.5,0.5,0.5,0.15867,0.36444,0.63867,0.52356,0.46533,0.48444,0.46044,0.46667,0.66471,0.87647,0.5,0.5,0.50588,0.5,0.5,0.49412,0.7265,0.6445,0.6075,0.715,0.495,0.496,0.5415,0.497,-0.631,-0.055,0.795
0.32711,0.59556,0.63689,0.512,0.46578,0.48533,0.46444,0.46667,1.0,1.19412,0.49412,0.44706,0.51176,0.51176,0.54118,0.50588,0.688,0.576,0.599,0.5835,0.4945,0.4925,0.523,0.4965,-0.414,0.025,0.878,0.75294,0.5,0.26471,0.44706,0.5,0.5,0.5,0.5,0.74133,0.96267,0.56489,0.46622,0.48178,0.49333,0.46844,0.46533,0.8,0.50588,0.25294,0.42941,0.5,0.5,0.5,0.5,0.517,0.493,0.502,0.498,0.4895,0.4535,0.503,0.5055,-0.534,-0.073,0.926
0.86933,0.96756,0.444,0.43378,0.47911,0.49289,0.46444,0.46444,0.71765,0.52941,0.27059,0.45882,0.48235,0.5,0.47059,0.5,0.521,0.492,0.515,0.529,0.4915,0.4555,0.5205,0.506,-0.313,-0.101,0.969,0.16471,0.32353,0.57059,0.64118,0.5,0.5,0.5,0.5,0.95333,0.98044,0.32844,0.41422,0.46444,0.488,0.46133,0.46356,0.22941,0.4,0.56471,0.57647,0.50588,0.5,0.5,0.50588,0.4765,0.419,0.5585,0.6955,0.5035,0.48,0.5375,0.505,-0.363,-0.093,0.95
0.82844,0.85244,0.37422,0.48489,0.464,0.484,0.46133,0.46356,0.22941,0.18824,0.57647,0.61176,0.49412,0.5,0.5,0.50588,0.429,0.474,0.5145,0.701,0.5055,0.497,0.5375,0.505,-0.417,-0.086,0.938,0.56471,0.65294,0.38824,0.51765,0.5,0.5,0.5,0.5,0.63822,0.73067,0.38533,0.576,0.46444,0.484,0.46133,0.46178,0.5,0.57647,0.39412,0.5,0.49412,0.5,0.5,0.5,0.4635,0.521,0.4805,0.691,0.5035,0.4975,0.5375,0.505,-0.436,-0.146,0.921
0.63778,0.78622,0.33156,0.576,0.46444,0.48356,0.46133,0.45467,0.5,0.73529,0.38824,0.5,0.50588,0.5,0.50588,0.50588,0.4905,0.5305,0.4645,0.7345,0.5035,0.5,0.5385,0.507,-0.231,-0.122,1.084,0.27647,-0.03529,0.78824,0.43529,0.5,0.5,0.5,0.5,0.58133,0.90622,0.30711,0.63733,0.46,0.48444,0.46844,0.46089,0.14706,0.38235,0.72353,0.5,0.5,0.5,0.5,0.5,0.4945,0.249,0.7215,0.3945,0.505,0.4945,0.5035,0.5045,-0.276,-0.121,1.016
0.43467,0.76489,0.43778,0.63778,0.46,0.48133,0.468,0.46044,0.22941,0.3,0.78235,0.5,0.5,0.5,0.5,0.5,0.5145,0.1835,0.8025,0.233,0.505,0.51,0.5055,0.5045,-0.105,-0.067,0.939,0.58235,0.38824,0.5,0.51765,0.5,0.5,0.5,0.5,0.28711,0.34933,0.62178,0.61022,0.46044,0.48133,0.46756,0.46044,0.49412,0.34118,0.5,0.5,0.50588,0.5,0.5,0.5,0.575,0.4085,0.74,0.2075,0.505,0.51,0.508,0.505,-0.07,-0.039,1.031
0.28711,0.28267,0.62178,0.61022,0.46044,0.48133,0.46756,0.46044,0.5,0.34706,0.5,0.5,0.50588,0.5,0.5,0.5,0.6385,0.4235,0.741,0.25,0.505,0.51,0.508,0.505,-0.104,-0.01,1.039,0.77059,0.66471,0.44118,0.36471,0.5,0.5,0.5,0.5,0.40222,0.16667,0.62178,0.53333,0.47022,0.48756,0.46933,0.46489,0.75294,0.67647,0.5,0.37059,0.53529,0.5,0.5,0.50588,0.662,0.5115,0.649,0.4545,0.494,0.481,0.4995,0.5055,-0.376,0.037,0.968
0.63289,0.25822,0.61333,0.46533,0.47778,0.488,0.46933,0.46578,0.97647,0.60588,0.5,0.37059,0.50588,0.5,0.47059,0.51176,0.531,0.511,0.5465,0.4495,0.492,0.4785,0.4975,0.4965,-0.413,0.044,0.944,0.34706,0.36471,0.55294,0.55882,0.5,0.5,0.5,0.5,0.76933,0.33022,0.56844,0.39689,0.47733,0.488,0.46978,0.46667,0.5,0.38235,0.5,0.54706,0.50588,0.5,0.5,0.50588,0.507,0.4905,0.675,0.5,0.4925,0.4785,0.4975,0.4965,-0.418,0.082,0.94
0.72844,0.26444,0.59111,0.42756,0.47822,0.488,0.46978,0.46622,0.40588,0.38824,0.60588,0.54706,0.50588,0.5,0.5,0.50588,0.4855,0.489,0.699,0.4995,0.492,0.4785,0.4975,0.5,-0.403,0.066,0.931,0.17059,0.50588,0.21765,0.30588,0.5,0.5,0.5,0.5,0.59778,0.18044,0.58178,0.40267,0.48667,0.49822,0.46978,0.46533,0.38235,0.5,0.28235,0.3,0.50588,0.5,0.5,0.49412,0.393,0.493,0.4435,0.462,0.487,0.4315,0.4975,0.5055,0.026,0.21,0.935
0.43644,0.18,0.44711,0.30089,0.46133,0.49067,0.46978,0.46578,-0.11765,0.5,0.12353,0.31176,0.5,0.42941,0.5,0.50588,0.44,0.493,0.396,0.471,0.506,0.463,0.4975,0.5015,-1.036,1.054,3.877,0.57059,1.08235,0.62353,0.80588,0.5,0.5,0.5,0.5,0.17467,0.31333,0.28489,0.24178,0.46578,0.48311,0.46978,0.46711,0.54706,0.65882,0.64118,0.63529,0.51176,0.5,0.5,0.51176,0.506,0.592,0.5705,0.6855,0.4945,0.502,0.499,0.4955,-0.403,-0.026,0.938
0.21067,0.46578,0.35333,0.292,0.46578,0.48267,0.46933,0.468,0.57647,0.77647,0.58824,0.5,0.5,0.5,0.5,0.50588,0.506,0.8075,0.5425,0.9875,0.494,0.5035,0.5,0.496,-0.433,-0.095,0.958,0.54118,0.54706,0.65294,0.60588,0.5,0.5,0.5,0.5,0.22978,0.84933,0.46178,0.292,0.46533,0.48356,0.46889,0.46756,0.5,0.71176,0.6,0.5,0.50588,0.5,0.5,0.50588,0.524,0.62,0.6185,0.9995,0.4965,0.5,0.5035,0.4955,-0.53,-0.194,0.972
0.22844,0.96667,0.51556,0.35422,0.46533,0.48356,0.46889,0.46756,0.49412,0.62941,0.64118,0.78235,0.5,0.5,0.5,0.50588,0.552,0.521,0.733,0.8445,0.495,0.498,0.502,0.495,-0.5,-0.166,0.85,0.47647,0.47647,0.30588,0.29412,0.5,0.5,0.5,0.5,0.22756,1.00844,0.568,0.39778,0.46578,0.484,0.46889,0.46756,0.5,0.50588,0.33529,0.32941,0.50588,0.5,0.5,0.5,0.5715,0.509,0.61,0.606,0.494,0.498,0.502,0.494,-0.508,-0.211,0.951
0.22844,1.01422,0.47778,0.3,0.46578,0.484,0.468,0.46533,0.5,0.5,0.33529,0.34118,0.50588,0.5,0.49412,0.5,0.5485,0.493,0.568,0.5685,0.494,0.498,0.5045,0.5055,-0.341,-0.172,0.962,1.01765,0.24706,0.44706,0.71765,0.5,0.5,0.5,0.5,0.344,0.95867,0.34089,0.20311,0.46667,0.48311,0.46844,0.46578,0.88824,0.28824,0.44706,0.7,0.51176,0.5,0.5,0.50588,0.6195,0.463,0.583,0.7945,0.494,0.5015,0.5035,0.5025,-0.462,-0.225,0.948
0.57022,0.87511,0.30978,0.30311,0.46667,0.48311,0.46267,0.46578,1.0,0.25882,0.46471,0.72941,0.50588,0.5,0.47647,0.5,0.663,0.416,0.6035,0.846,0.4945,0.502,0.5305,0.505,0.139,-0.049,0.763,0.07059,0.06471,0.64706,0.62941,0.5,0.5,0.5,0.5,0.90978,0.47111,0.31067,0.48444,0.46444,0.48444,0.46,0.46622,0.30588,0.02353,0.62353,0.7,0.50588,0.5,0.50588,0.50588,0.4575,0.4935,0.6845,0.8045,0.499,0.496,0.5455,0.5,-0.415,-0.083,0.967
0.77644,0.25867,0.39467,0.584,0.46578,0.48667,0.46933,0.46667,0.14118,0.08235,0.67647,0.68824,0.50588,0.5,0.5,0.50588,0.3635,0.4925,0.6445,0.6425,0.4945,0.4855,0.501,0.4965,-0.365,-0.004,0.917,0.29412,0.71765,0.32941,0.09412,0.5,0.5,0.5,0.5,0.31111,0.02222,0.44578,0.55156,0.46356,0.48889,0.46889,0.46667,0.27647,0.70588,0.33529,0.10588,0.5,0.5,0.5,0.49412,0.507,0.549,0.5345,0.5,0.506,0.475,0.5015,0.495,-0.123,-0.009,1.168
0.20933,0.152,0.356,0.34222,0.46178,0.48844,0.46978,0.46578,0.25294,1.00588,0.28824,0.11765,0.5,0.5,0.5,0.5,0.507,0.517,0.5545,0.5,0.5055,0.477,0.496,0.505,-0.081,0.043,1.042,0.91176,0.38235,0.35294,0.55882,0.5,0.5,0.5,0.5,0.22844,0.29511,0.21689,0.12978,0.46533,0.48356,0.46889,0.46667,0.86471,0.4,0.34706,0.55882,0.5,0.5,0.5,0.50588,0.519,0.4865,0.4995,0.494,0.4965,0.4995,0.501,0.4965,0.008,0.031,1.027
0.42089,0.23467,0.13067,0.15733,0.46489,0.48356,0.46933,0.46667,0.87059,0.38235,0.33529,0.55294,0.5,0.5,0.5,0.50588,0.5485,0.4835,0.5,0.51,0.5,0.5005,0.5,0.4965,0.0,0.014,1.022,0.37647,0.97059,0.67647,0.75294,0.5,0.5,0.5,0.5,0.66578,0.27067,0.07822,0.25556,0.46533,0.48311,0.46889,0.46756,0.49412,0.85882,0.63529,0.64706,0.50588,0.5,0.5,0.50588,0.509,0.5325,0.617,0.62,0.4945,0.5015,0.502,0.495,-0.31,-0.148,0.91
0.61333,0.39733,0.18178,0.31111,0.46622,0.48311,0.46889,0.46756,0.42941,0.81176,0.67059,0.5,0.50588,0.5,0.5,0.50588,0.494,0.743,0.6045,0.971,0.494,0.5025,0.502,0.496,-0.457,-0.124,0.917,0.77647,0.19412,0.55882,0.62353,0.5,0.5,0.5,0.5,0.55778,0.55867,0.28133,0.31067,0.46578,0.48311,0.46889,0.46667,0.67647,0.50588,0.51176,0.5,0.5,0.5,0.5,0.48824,0.5775,0.601,0.7495,0.9995,0.495,0.5015,0.501,0.497,-0.509,0.009,1.0
0.68844,0.49911,0.284,0.37644,0.46578,0.48444,0.47022,0.46667,0.72353,0.3,0.5,0.66471,0.5,0.5,0.5,0.5,0.59,0.508,0.879,0.8545,0.495,0.495,0.496,0.497,-0.574,-0.112,0.85,0.12941,0.50588,0.44706,0.51176,0.5,0.5,0.5,0.5,0.77156,0.30489,0.296,0.45778,0.46578,0.48444,0.47022,0.46667,0.41176,0.5,0.5,0.5,0.50588,0.5,0.5,0.5,0.5105,0.527,0.908,0.8305,0.495,0.4955,0.496,0.495,-0.497,-0.073,0.854
0.61822,0.28,0.30756,0.45778,0.46578,0.48356,0.46978,0.46711,0.11176,0.48235,0.5,0.5,0.50588,0.5,0.5,0.50588,0.494,0.566,0.7235,0.861,0.4945,0.4975,0.4975,0.495,-0.444,-0.119,0.924,0.25882,0.51176,0.71765,0.38235,0.5,0.5,0.5,0.5,0.31911,0.27556,0.36978,0.45689,0.46533,0.48267,0.46978,0.46667,0.23529,0.5,0.67647,0.49412,0.5,0.5,0.5,0.5,0.4945,0.577,0.6235,0.7135,0.4965,0.502,0.4975,0.4965,-0.518,-0.092,0.899
0.20222,0.27689,0.46489,0.42489,0.46578,0.48489,0.46933,0.46711,0.34118,0.50588,0.66471,0.43529,0.51176,0.5,0.49412,0.5,0.491,0.5845,0.6985,0.58,0.4945,0.4935,0.4985,0.4965,-0.485,0.05,0.863,0.75882,0.45294,0.38235,0.57647,0.5,0.5,0.5,0.5,0.06889,0.32178,0.57911,0.37156,0.46622,0.48533,0.46978,0.46667,0.53529,0.50588,0.41176,0.50588,0.50588,0.5,0.5,0.5,0.598,0.517,0.584,0.621,0.4945,0.4915,0.4975,0.4965,-0.429,0.003,0.933
0.136,0.31111,0.51467,0.39556,0.46622,0.48533,0.47022,0.46622,0.65294,0.42941,0.37059,0.51176,0.50588,0.5,0.5,0.50588,0.6885,0.5115,0.6035,0.692,0.495,0.4915,0.4955,0.5,-0.492,0.07,0.884,1.01176,0.65294,0.44706,0.4,0.5,0.5,0.5,0.5,0.33911,0.27733,0.41778,0.42356,0.46578,0.48533,0.47022,0.46578,0.54118,0.5,0.41176,0.49412,0.50588,0.5,0.5,0.50588,0.849,0.584,0.6485,0.6185,0.495,0.4915,0.4955,0.4985,-0.536,-0.013,0.907
0.38222,0.324,0.38533,0.38267,0.46533,0.48533,0.47022,0.46622,0.88235,0.68824,0.38235,0.4,0.50588,0.5,0.5,0.50588,0.785,0.6085,0.6725,0.569,0.495,0.4915,0.4955,0.4995,-0.514,-0.025,0.871,0.59412,0.54118,0.59412,0.45882,0.5,0.5,0.5,0.5,0.47333,0.45378,0.35556,0.31289,0.46533,0.48533,0.47022,0.46578,0.50588,0.58235,0.5,0.47647,0.50588,0.5,0.5,0.5,0.8295,0.581,0.8125,0.5515,0.4975,0.4915,0.496,0.5035,-0.503,-0.015,0.912
0.47333,0.48178,0.356,0.29333,0.46578,0.48533,0.47022,0.46578,0.50588,0.58235,0.5,0.47059,0.50588,0.5,0.5,0.5,0.8165,0.5645,0.994,0.5425,0.498,0.4915,0.496,0.5035,-0.481,-0.008,0.904,0.24706,0.35294,0.55294,0.65294,0.5,0.5,0.5,0.5,0.47333,0.51289,0.356,0.29156,0.46533,0.48533,0.46978,0.46578,0.50588,0.48235,0.5,0.62353,0.50588,0.5,0.5,0.50588,0.6325,0.508,0.9995,0.677,0.4975,0.4915,0.497,0.497,-0.481,-0.03,0.89
0.43067,0.42756,0.38267,0.34933,0.46578,0.48533,0.46978,0.46622,0.2,0.3,0.59412,0.59412,0.50588,0.5,0.5,0.50588,0.538,0.516,0.924,0.776,0.495,0.4915,0.4975,0.5,-0.477,-0.009,0.91,0.35294,0.89412,0.28824,0.60588,0.5,0.5,0.5,0.5,0.25822,0.32267,0.42044,0.42178,0.46622,0.48356,0.46933,0.46711,0.42941,0.49412,0.31765,0.5,0.49412,0.5,0.5,0.50588,0.5155,0.808,0.531,0.991,0.494,0.4995,0.499,0.496,-0.469,-0.109,0.908
0.23378,0.32178,0.32711,0.42178,0.46489,0.48311,0.46933,0.46711,0.44118,0.5,0.31176,0.5,0.51176,0.5,0.5,0.50588,0.4845,0.846,0.4825,0.9995,0.4945,0.5015,0.499,0.4955,-0.426,-0.131,0.927,0.93529,0.97647,0.65882,0.27059,0.5,0.5,0.5,0.5,0.25867,0.32178,0.256,0.408,0.46444,0.48311,0.46889,0.46711,0.94706,0.5,0.64706,0.33529,0.5,0.5,0.5,0.5,0.5165,0.849,0.4995,0.702,0.505,0.5005,0.5005,0.495,-0.449,-0.141,0.901
0.42933,0.46356,0.28889,0.29911,0.464,0.484,0.46933,0.46711,0.71176,1.01176,0.5,0.3,0.5,0.50588,0.5,0.50588,0.5815,0.7335,0.7005,0.6585,0.505,0.498,0.4995,0.4945,-0.55,-0.083,0.869,0.54706,0.67059,0.47647,0.47059,0.5,0.5,0.5,0.5,0.63067,0.94578,0.32844,0.17822,0.464,0.48578,0.46978,0.46667,0.49412,0.84706,0.5,0.45882,0.50588,0.5,0.5,0.50588,0.6655,0.5325,0.927,0.5365,0.5045,0.489,0.4975,0.4965,-0.53,-0.066,0.877
0.63067,1.02267,0.32844,0.16578,0.464,0.48578,0.46933,0.46667,0.5,0.50588,0.5,0.48235,0.50588,0.5,0.5,0.50588,0.708,0.5655,0.8705,0.5245,0.5045,0.489,0.4985,0.4965,-0.517,-0.057,0.889,0.14118,0.28235,0.58824,0.67647,0.5,0.5,0.5,0.5,0.63111,1.02667,0.32844,0.18,0.464,0.48578,0.46933,0.46711,0.50588,0.50588,0.5,0.59412,0.50588,0.5,0.5,0.5,0.534,0.5575,0.9415,0.653,0.5045,0.489,0.4985,0.4955,-0.507,-0.075,0.889
0.49867,1.00667,0.4,0.24267,0.464,0.48578,0.46844,0.46667,0.16471,0.38235,0.61176,0.58235,0.50588,0.5,0.5,0.50588,0.4945,0.4905,0.8185,0.783,0.5045,0.4895,0.502,0.497,-0.52,-0.115,0.879,0.57059,0.51765,0.42941,0.72353,0.5,0.5,0.5,0.5,0.28578,0.92133,0.476,0.38267,0.46444,0.48311,0.46756,0.46533,0.50588,0.51176,0.50588,0.77059,0.50588,0.48824,0.48824,0.5,0.5365,0.472,0.594,0.931,0.5025,0.501,0.507,0.5045,-0.436,-0.126,0.875
0.33778,0.896,0.45644,0.46667,0.46444,0.48267,0.46178,0.46533,0.61765,0.42941,0.44118,0.5,0.51176,0.5,0.5,0.5,0.5165,0.493,0.5005,0.9815,0.5035,0.502,0.534,0.5045,-0.479,-0.176,0.901,0.46471,0.48235,0.33529,0.45294,0.5,0.5,0.5,0.5,0.39689,0.89333,0.36756,0.46667,0.46533,0.48356,0.46178,0.46533,0.47059,0.49412,0.35882,0.5,0.5,0.5,0.5,0.5,0.4935,0.493,0.4765,0.926,0.4965,0.4995,0.534,0.505,-0.457,-0.21,0.899
0.39511,0.88889,0.29022,0.46667,0.46489,0.48356,0.46178,0.46533,0.50588,0.49412,0.31765,0.5,0.5,0.5,0.5,0.5,0.4885,0.493,0.4415,0.8115,0.5,0.4995,0.534,0.505,-0.455,-0.216,0.905,0.87059,0.29412,0.81176,0.49412,0.5,0.5,0.5,0.5,0.46889,0.86622,0.288,0.46667,0.46533,0.48267,0.46133,0.46489,0.9,0.4,0.74706,0.5,0.54118,0.49412,0.5,0.5,0.5135,0.4335,0.501,0.6685,0.4965,0.5025,0.5365,0.505,-0.483,-0.239,0.902
0.56844,0.84489,0.38622,0.47022,0.46533,0.48311,0.46133,0.46356,0.50588,0.43529,0.64706,0.52941,0.5,0.5,0.5,0.49412,0.648,0.306,0.767,0.6385,0.4975,0.5015,0.536,0.505,-0.538,-0.103,0.86,0.33529,0.54706,0.31176,0.25294,0.5,0.5,0.5,0.5,0.81733,0.66756,0.54756,0.42311,0.46444,0.48311,0.46133,0.46133,0.48824,0.49412,0.32353,0.21765,0.50588,0.5,0.5,0.51765,0.5065,0.4345,0.5725,0.4505,0.4965,0.501,0.536,0.5055,-0.465,-0.052,0.953
0.80044,0.63644,0.45156,0.28978,0.46933,0.48889,0.46978,0.46578,0.50588,0.50588,0.34706,0.28824,0.52353,0.52353,0.50588,0.51176,0.4475,0.489,0.5745,0.484,0.4945,0.4755,0.498,0.5035,-0.224,0.046,1.012,0.42353,0.2,0.68235,0.7,0.5,0.5,0.5,0.5,0.74489,0.56978,0.376,0.21067,0.472,0.49378,0.46933,0.46533,0.21176,0.22941,0.61176,0.7,0.50588,0.5,0.5,0.5,0.3975,0.4785,0.6925,0.5,0.4945,0.451,0.498,0.505,-0.329,0.097,0.994
0.59733,0.41867,0.452,0.31333,0.472,0.49378,0.46933,0.46578,0.29412,0.22353,0.68824,0.69412,0.50588,0.5,0.5,0.50588,0.4935,0.4765,0.775,0.5,0.4945,0.451,0.498,0.5035,-0.36,0.089,0.959,0.65294,0.98235,0.54118,0.64706,0.5,0.5,0.5,0.5,0.528,0.33556,0.57867,0.46711,0.47956,0.49378,0.46844,0.46667,0.6,0.92941,0.5,0.54118,0.50588,0.5,0.5,0.5,0.5625,0.53,0.7495,0.545,0.491,0.451,0.502,0.4965,-0.473,0.043,0.94
0.65067,0.55067,0.62267,0.50667,0.47289,0.48311,0.46267,0.46533,0.75882,1.01176,0.64118,0.55882,0.45294,0.5,0.50588,0.51176,0.517,0.5535,0.642,0.7115,0.4945,0.5,0.5305,0.503,-0.405,0.044,0.902,0.52941,0.08235,0.14706,0.18824,0.5,0.5,0.5,0.5,0.79733,0.832,0.57822,0.54844,0.47467,0.48356,0.46622,0.46311,0.62941,0.34118,0.18235,0.26471,0.47647,0.48824,0.47647,0.5,0.483,0.4105,0.4085,0.434,0.494,0.4975,0.511,0.5055,-0.165,-0.061,0.897
0.80978,0.67111,0.37733,0.37644,0.46533,0.48267,0.464,0.46622,0.46471,0.35882,0.11765,0.13529,0.50588,0.5,0.63529,0.48824,0.4895,0.3365,0.497,0.4905,0.494,0.503,0.5335,0.5035,-0.199,0.028,1.073,0.07059,0.9,0.58235,0.40588,0.5,0.5,0.5,0.5,0.664,0.40267,0.15244,0.15511,0.45911,0.48933,0.46933,0.46578,-0.06471,0.88824,0.50588,0.38824,0.5,0.5,0.5,0.5,0.4905,0.529,0.7115,0.4995,0.5055,0.472,0.4975,0.5035,-0.168,0.052,1.02
0.43244,0.58889,0.22667,0.09956,0.46044,0.48356,0.46978,0.46578,0.07647,0.82941,0.62353,0.38824,0.52941,0.48824,0.5,0.5,0.487,0.5725,0.579,0.535,0.5055,0.4955,0.496,0.5035,-0.157,0.039,0.956,0.64118,0.05882,0.60588,0.81765,0.5,0.5,0.5,0.5,0.20089,0.75644,0.31689,0.11067,0.46444,0.48311,0.46978,0.46533,0.61765,0.07647,0.58824,0.78235,0.50588,0.5,0.5,0.5,0.5065,0.493,0.5605,0.704,0.5035,0.5015,0.496,0.505,-0.3,-0.167,0.901
0.24533,0.51867,0.35822,0.26889,0.46622,0.48311,0.46933,0.46622,0.50588,0.08235,0.56471,0.75882,0.50588,0.5,0.5,0.50588,0.533,0.4925,0.639,0.7805,0.494,0.5015,0.498,0.5,-0.416,-0.072,0.922,0.99412,0.80588,0.59412,0.45294,0.5,0.5,0.5,0.5,0.368,0.21822,0.39689,0.44578,0.46578,0.48311,0.46933,0.46667,0.72941,0.50588,0.49412,0.5,0.5,0.5,0.5,0.50588,0.7515,0.6775,0.9215,0.823,0.496,0.5015,0.498,0.497,-0.576,-0.017,0.985
0.42489,0.29022,0.41244,0.44489,0.46622,0.48311,0.46933,0.46711,0.5,0.76471,0.57059,0.5,0.51176,0.5,0.5,0.50588,0.8255,0.799,0.978,0.713,0.4955,0.5015,0.498,0.495,-0.522,-0.027,0.748,0.61176,0.41765,0.24118,0.66471,0.5,0.5,0.5,0.5,0.42489,0.44133,0.44444,0.42844,0.46622,0.48267,0.46933,0.46711,0.5,0.50588,0.32941,0.5,0.50588,0.5,0.5,0.50588,0.8265,0.7095,0.639,0.9145,0.4945,0.502,0.498,0.4955,-0.562,-0.067,0.893
0.58756,0.44089,0.32267,0.43067,0.46622,0.48267,0.46844,0.46756,0.80588,0.5,0.29412,0.5,0.5,0.5,0.5,0.50588,0.5945,0.636,0.5845,0.9995,0.4945,0.503,0.5015,0.4955,-0.501,-0.113,0.875,0.38824,0.33529,0.56471,0.46471,0.5,0.5,0.5,0.5,0.72844,0.39156,0.20044,0.43067,0.464,0.48356,0.468,0.46756,0.41765,0.24118,0.52353,0.5,0.5,0.50588,0.5,0.5,0.494,0.568,0.5405,0.9445,0.5055,0.4995,0.504,0.495,-0.441,-0.115,0.922
0.67156,0.32489,0.22222,0.43111,0.464,0.484,0.46844,0.46711,0.38235,0.5,0.54118,0.5,0.5,0.5,0.5,0.5,0.494,0.5375,0.594,0.8575,0.5055,0.4975,0.5025,0.4945,-0.542,-0.203,1.031,0.32353,0.76471,0.42353,0.66471,0.5,0.5,0.5,0.5,0.54222,0.26044,0.24044,0.43822,0.46444,0.48356,0.46844,0.46711,0.37647,0.5,0.5,0.5,0.51176,0.5,0.5,0.5,0.494,0.6515,0.571,0.966,0.5035,0.4985,0.5025,0.496,-0.429,-0.097,0.926
0.46267,0.26489,0.22044,0.43822,0.46489,0.48311,0.46844,0.46711,0.35294,0.50588,0.44118,0.5,0.5,0.5,0.5,0.5,0.4905,0.8365,0.4765,0.9995,0.5,0.5,0.5025,0.496,-0.407,-0.148,0.945,0.52941,0.78824,0.43529,0.62353,0.5,0.5,0.5,0.5,0.37333,0.26489,0.16578,0.43822,0.46533,0.48311,0.46844,0.46711,0.5,0.5,0.43529,0.5,0.50588,0.5,0.5,0.5,0.492,0.827,0.419,0.9645,0.4965,0.5,0.5025,0.4945,-0.354,-0.173,0.935
0.37689,0.45556,0.13156,0.23778,0.46533,0.48356,0.46933,0.46622,0.53529,1.01176,0.47059,0.2,0.50588,0.5,0.5,0.5,0.496,0.607,0.426,0.5945,0.4965,0.499,0.4985,0.5,-0.232,-0.135,1.001,0.52941,0.59412,0.53529,0.81176,0.5,0.5,0.5,0.5,0.404,0.72044,0.09422,0.07867,0.46489,0.48356,0.46933,0.46578,0.51765,0.60588,0.5,0.41176,0.5,0.5,0.5,0.5,0.5,0.55,0.4755,0.528,0.4965,0.499,0.498,0.5035,-0.181,-0.113,1.011
0.41867,0.77911,0.10889,0.04622,0.46444,0.48311,0.46933,0.46578,0.54706,0.61765,0.52353,0.45882,0.50588,0.5,0.5,0.5,0.504,0.539,0.497,0.5125,0.5035,0.5,0.498,0.5035,-0.186,-0.112,1.016,0.65882,0.09412,0.82941,0.83529,0.5,0.5,0.5,0.5,0.448,0.76756,0.20356,0.03689,0.464,0.48311,0.46889,0.46667,0.49412,0.18824,0.70588,0.53529,0.5,0.5,0.5,0.49412,0.541,0.482,0.66,0.496,0.505,0.5005,0.5005,0.4965,-0.386,-0.065,0.934
0.44667,0.58133,0.31822,0.07333,0.464,0.484,0.46844,0.46533,0.5,0.11765,0.71765,0.57059,0.5,0.5,0.5,0.5,0.656,0.471,0.9085,0.481,0.504,0.4965,0.501,0.5055,-0.43,0.021,0.944,0.38824,0.42353,0.71765,0.71176,0.5,0.5,0.5,0.5,0.44711,0.29644,0.32756,0.14,0.464,0.484,0.46844,0.46578,0.50588,0.42353,0.5,0.56471,0.50588,0.5,0.5,0.50588,0.711,0.485,0.9995,0.481,0.504,0.4965,0.5015,0.5035,-0.433,0.011,0.937
0.44711,0.25644,0.32756,0.17289,0.464,0.484,0.46844,0.46578,0.50588,0.42941,0.5,0.56471,0.50588,0.5,0.5,0.5,0.616,0.485,0.9995,0.4825,0.5045,0.4965,0.501,0.5035,-0.436,0.016,0.929,0.54118,0.39412,0.35294,0.41176,0.5,0.5,0.5,0.5,0.44178,0.17511,0.32756,0.23378,0.464,0.484,0.46889,0.46578,0.5,0.38824,0.5,0.55882,0.50588,0.5,0.5,0.50588,0.57,0.485,0.7705,0.4825,0.505,0.4965,0.501,0.5035,-0.383,0.004,0.957
0.44267,0.12044,0.28889,0.25422,0.464,0.484,0.46844,0.46667,0.51176,0.38824,0.39412,0.5,0.5,0.5,0.5,0.50588,0.599,0.4855,0.595,0.496,0.5055,0.4965,0.502,0.496,-0.346,-0.007,0.961,0.47059,0.65294,0.43529,0.42353,0.5,0.5,0.5,0.5,0.51067,0.08089,0.19689,0.25378,0.464,0.484,0.46844,0.46667,0.51176,0.65882,0.43529,0.5,0.5,0.5,0.5,0.5,0.524,0.508,0.502,0.5,0.506,0.4965,0.502,0.4965,-0.263,0.006,0.999
0.51867,0.15956,0.16711,0.25244,0.464,0.48356,0.46844,0.46667,0.50588,0.65294,0.45882,0.49412,0.50588,0.5,0.5,0.5,0.5105,0.508,0.4965,0.5,0.506,0.498,0.502,0.496,-0.252,0.003,1.0,0.36471,0.99412,0.78235,0.77059,0.5,0.5,0.5,0.5,0.47733,0.36622,0.21378,0.22267,0.46356,0.48356,0.46889,0.46711,0.34118,0.91176,0.72353,0.38824,0.50588,0.5,0.5,0.50588,0.4935,0.554,0.5425,0.525,0.5055,0.498,0.5005,0.496,-0.363,-0.022,0.947
0.38222,0.59867,0.31867,0.15022,0.46444,0.48356,0.46933,0.46667,0.25882,0.97647,0.70588,0.34706,0.50588,0.5,0.5,0.5,0.5115,0.5745,0.724,0.54,0.503,0.498,0.4985,0.4965,-0.458,-0.052,0.914,0.86471,0.58235,0.47059,0.78824,0.5,0.5,0.5,0.5,0.26133,0.952,0.44311,0.04844,0.46444,0.484,0.46933,0.46667,0.5,0.67647,0.5,0.47647,0.5,0.5,0.5,0.5,0.8075,0.53,0.887,0.509,0.5025,0.496,0.498,0.4965,-0.46,-0.007,0.928
0.26133,1.01689,0.44311,0.04667,0.46444,0.484,0.46933,0.46667,0.5,0.51765,0.5,0.5,0.5,0.5,0.5,0.5,0.834,0.519,0.8165,0.5,0.5,0.496,0.4985,0.4945,-0.458,-0.017,0.917,0.42941,0.02941,0.32941,0.51765,0.5,0.5,0.5,0.5,0.26178,0.96933,0.40978,0.04489,0.46489,0.484,0.46933,0.46667,0.50588,0.17059,0.35882,0.50588,0.50588,0.5,0.5,0.5,0.7725,0.4655,0.619,0.5,0.5,0.496,0.4995,0.4965,-0.383,-0.014,0.962
0.31689,0.72578,0.33333,0.05022,0.46444,0.484,0.46844,0.46578,0.69412,0.02353,0.37647,0.52941,0.49412,0.5,0.5,0.50588,0.5965,0.4725,0.568,0.4935,0.5055,0.496,0.502,0.5025,-0.275,0.041,0.998,0.58235,0.21176,0.44118,0.9,0.5,0.5,0.5,0.5,0.37956,0.34533,0.224,0.11111,0.46356,0.484,0.46844,0.46578,0.57647,0.21765,0.42941,0.55882,0.50588,0.5,0.5,0.50588,0.527,0.4755,0.506,0.483,0.506,0.497,0.502,0.5035,-0.196,0.04,1.027
0.42711,0.19511,0.19378,0.14444,0.46356,0.48356,0.46844,0.46578,0.57059,0.21765,0.43529,0.55882,0.50588,0.5,0.5,0.50588,0.5235,0.477,0.506,0.4835,0.506,0.498,0.502,0.5035,-0.183,0.042,1.018,0.85882,0.92353,0.80588,0.6,0.5,0.5,0.5,0.5,0.53733,0.11422,0.20844,0.19067,0.46578,0.48356,0.46844,0.46533,0.63529,0.91176,0.65882,0.54706,0.50588,0.5,0.5,0.49412,0.612,0.5175,0.762,0.4865,0.4955,0.498,0.502,0.5035,-0.447,-0.023,0.923
0.55467,0.33156,0.28,0.21733,0.46578,0.48356,0.46844,0.46667,0.5,0.92941,0.5,0.5,0.50588,0.5,0.50588,0.49412,0.819,0.518,0.984,0.4915,0.496,0.498,0.501,0.4965,-0.442,0.044,0.932,0.60588,0.70588,0.42353,0.71765,0.5,0.5,0.5,0.5,0.60222,0.62311,0.28,0.16311,0.46533,0.48356,0.46933,0.46667,0.50588,0.70588,0.5,0.42353,0.5,0.5,0.5,0.5,0.7955,0.542,0.8825,0.5215,0.4975,0.498,0.498,0.4965,-0.472,0.025,0.909
0.60222,0.724,0.28,0.11867,0.46533,0.48356,0.46933,0.46667,0.50588,0.71765,0.5,0.41765,0.5,0.5,0.5,0.50588,0.82,0.548,0.6965,0.523,0.497,0.498,0.498,0.495,-0.446,0.042,0.919,0.10588,0.43529,0.74118,0.75294,0.5,0.5,0.5,0.5,0.66444,0.85111,0.25467,0.06444,0.46533,0.48356,0.46933,0.46711,0.42941,0.50588,0.67647,0.49412,0.5,0.5,0.5,0.50588,0.5235,0.515,0.95,0.503,0.4975,0.498,0.499,0.4945,-0.505,0.033,0.903
0.46667,0.84533,0.35067,0.06356,0.46533,0.48356,0.46933,0.46622,0.10588,0.41765,0.74118,0.5,0.5,0.5,0.5,0.49412,0.527,0.495,0.947,0.5,0.4975,0.498,0.4985,0.4995,-0.488,0.02,0.88,0.62353,0.11176,0.54706,0.68235,0.5,0.5,0.5,0.5,0.21556,0.708,0.48933,0.07022,0.46578,0.48356,0.46889,0.46533,0.5,0.12941,0.5,0.54706,0.50588,0.5,0.5,0.50588,0.645,0.478,0.9805,0.4915,0.4955,0.498,0.501,0.5055,-0.45,0.05,0.913
0.21556,0.51911,0.48933,0.10533,0.46578,0.48356,0.46844,0.46533,0.5,0.12353,0.5,0.56471,0.5,0.5,0.5,0.5,0.732,0.4715,0.9995,0.482,0.4955,0.498,0.5015,0.505,-0.458,0.062,0.925,0.70588,0.96471,0.58824,0.76471,0.5,0.5,0.5,0.5,0.21556,0.38311,0.48933,0.16267,0.46533,0.48356,0.46889,0.46667,0.5,0.97059,0.5,0.56471,0.50588,0.5,0.5,0.50588,0.805,0.518,0.9995,0.4835,0.4955,0.498,0.5005,0.4965,-0.444,0.075,0.929
0.21556,0.59822,0.47378,0.15378,0.46578,0.484,0.46933,0.46667,0.5,0.87647,0.12941,0.40588,0.50588,0.5,0.5,0.51176,0.802,0.545,0.7535,0.516,0.4945,0.4965,0.4975,0.4955,-0.396,0.009,0.929,0.66471,0.61765,0.58824,0.82353,0.5,0.5,0.5,0.5,0.532,0.89156,0.21511,0.03289,0.46533,0.48356,0.46933,0.46667,0.71765,0.64118,0.38824,0.47059,0.5,0.5,0.5,0.5,0.548,0.558,0.5345,0.516,0.4965,0.498,0.498,0.4945,-0.371,-0.008,0.95
0.62267,0.93822,0.168,0.02622,0.46489,0.48356,0.46933,0.46667,0.67059,0.67059,0.41176,0.5,0.50588,0.5,0.5,0.5,0.5445,0.573,0.5235,0.501,0.4965,0.498,0.498,0.494,-0.348,-0.018,0.971,0.44706,-0.07059,0.61765,0.74706,0.5,0.5,0.5,0.5,0.72533,0.94667,0.11333,0.02489,0.46533,0.48267,0.46933,0.46667,0.50588,-0.00588,0.5,0.5,0.49412,0.5,0.5,0.5,0.517,0.461,0.5015,0.5,0.496,0.502,0.498,0.4965,-0.303,-0.004,0.992
0.46578,0.46578,0.46578,0.46578,0.46622,0.46578,0.46578,0.46667,0.5,0.5,0.5,0.5,0.50588,0.5,0.5,0.50588,0.5,0.5,0.5,0.5,0.5,0.5,0.5,0.498,0.03,-0.043,1.03,0.87647,0.69412,0.44706,0.64118,0.5,0.5,0.5,0.5,0.56889,0.51644,0.44889,0.51022,0.46622,0.46578,0.46578,0.46622,0.86471,0.67647,0.44706,0.64118,0.50588,0.5,0.5,0.50588,0.5215,0.5135,0.4945,0.5115,0.5,0.5,0.5,0.496,0.022,-0.039,1.036
0.75689,0.61156,0.41956,0.57911,0.46622,0.46578,0.46578,0.46667,0.86471,0.68824,0.44118,0.63529,0.50588,0.5,0.5,0.5,0.525,0.516,0.4995,0.522,0.5,0.5,0.5,0.4965,0.01,-0.035,1.028,0.12941,0.68824,0.54118,0.32941,0.5,0.5,0.5,0.5,0.89644,0.78667,0.40444,0.60889,0.46622,0.46578,0.46578,0.46667,0.13529,0.68824,0.54706,0.33529,0.50588,0.5,0.5,0.50588,0.4835,0.518,0.5,0.4995,0.5,0.5,0.5,0.4965,0.009,-0.034,1.038
0.71067,0.88267,0.42622,0.52311,0.46622,0.46578,0.46578,0.46667,0.12353,0.69412,0.54706,0.33529,0.50588,0.5,0.5,0.5,0.482,0.518,0.5,0.5,0.5,0.5,0.5,0.4965,0.017,-0.045,1.028,0.60588,0.07647,0.54706,0.6,0.5,0.5,0.5,0.5,0.50311,0.89556,0.46578,0.45378,0.46622,0.46578,0.46578,0.46667,0.59412,0.08824,0.54706,0.59412,0.50588,0.5,0.5,0.50588,0.508,0.482,0.5,0.5145,0.5,0.5,0.5,0.4965,0.019,-0.039,1.024
0.55422,0.68044,0.48933,0.504,0.46622,0.46578,0.46578,0.46667,0.6,0.08824,0.53529,0.6,0.50588,0.5,0.5,0.5,0.5095,0.4805,0.5,0.514,0.5,0.5,0.5,0.4965,0.011,-0.038,1.044,0.40588,0.61765,0.25882,0.37647,0.5,0.5,0.5,0.5,0.59911,0.43644,0.43689,0.52622,0.46622,0.46578,0.46578,0.46667,0.42353,0.61176,0.27059,0.37059,0.50588,0.5,0.5,0.5,0.493,0.509,0.494,0.495,0.5,0.5,0.5,0.4965,0.037,-0.04,1.031
0.55467,0.49556,0.31689,0.464,0.46622,0.46578,0.46578,0.46667,0.42353,0.62353,0.26471,0.37647,0.51176,0.5,0.5,0.5,0.4915,0.5095,0.4815,0.4925,0.494,0.5,0.5,0.4965,0.05,-0.042,1.028,0.55882,0.72941,0.54118,0.40588,0.5,0.5,0.5,0.5,0.51289,0.63511,0.18667,0.36044,0.46622,0.46578,0.46578,0.46667,0.55294,0.72353,0.55294,0.41176,0.50588,0.5,0.5,0.5,0.506,0.515,0.4935,0.4855,0.496,0.5,0.5,0.4965,0.063,-0.034,1.043
0.544,0.75111,0.208,0.31244,0.46622,0.46578,0.46578,0.46667,0.55882,0.72941,0.53529,0.40588,0.49412,0.5,0.5,0.50588,0.506,0.516,0.4895,0.4855,0.5,0.5,0.5,0.4965,0.065,-0.042,1.034,0.52941,0.29412,0.78824,0.64706,0.5,0.5,0.5,0.5,0.58711,0.84711,0.32711,0.30267,0.46578,0.46578,0.46578,0.46667,0.52941,0.30588,0.77647,0.64706,0.5,0.5,0.5,0.5,0.5065,0.4895,0.5,0.501,0.5035,0.5,0.5,0.4965,0.047,-0.045,1.023
0.60044,0.74311,0.472,0.37733,0.46533,0.46578,0.46578,0.46667,0.51765,0.29412,0.78235,0.64706,0.49412,0.5,0.5,0.5,0.5065,0.4895,0.5025,0.504,0.5055,0.5,0.5,0.496,0.019,-0.047,1.032,0.32353,0.28824,0.21176,0.54706,0.5,0.5,0.5,0.5,0.56622,0.55378,0.54578,0.48,0.46578,0.46578,0.46578,0.46667,0.31765,0.3,0.22353,0.53529,0.5,0.5,0.5,0.50588,0.491,0.487,0.498,0.5055,0.5035,0.4995,0.5,0.4965,0.039,-0.031,1.03
0.48,0.44578,0.40267,0.50311,0.46533,0.46578,0.46578,0.46667,0.32941,0.3,0.23529,0.54118,0.48824,0.5,0.5,0.50588,0.4885,0.486,0.4885,0.508,0.5035,0.4995,0.5,0.4965,0.041,-0.045,1.033,0.27059,0.69412,0.37059,0.45294,0.5,0.5,0.5,0.5,0.31022,0.35689,0.19422,0.51733,0.46622,0.46578,0.46578,0.46667,0.28235,0.68824,0.37059,0.45882,0.5,0.5,0.5,0.50588,0.4795,0.511,0.462,0.497,0.5,0.4995,0.5,0.496,0.05,-0.031,1.036
0.19422,0.45467,0.12889,0.49467,0.46622,0.46578,0.46578,0.46667,0.26471,0.69412,0.37647,0.45882,0.50588,0.5,0.5,0.50588,0.4795,0.512,0.4575,0.493,0.495,0.499,0.5,0.4965,0.056,-0.033,1.043,1.1,0.59412,0.52353,0.27059,0.5,0.5,0.5,0.5,0.20622,0.60533,0.05289,0.39067,0.46667,0.46578,0.46578,0.46667,1.1,0.6,0.50588,0.27647,0.50588,0.5,0.5,0.50588,0.527,0.51,0.4915,0.492,0.496,0.499,0.5,0.4965,0.066,-0.028,1.027
0.51511,0.65511,0.06444,0.27556,0.46622,0.46578,0.46578,0.46667,1.1,0.6,0.50588,0.28235,0.50588,0.5,0.5,0.50588,0.526,0.509,0.4935,0.4805,0.496,0.499,0.5,0.4965,0.07,-0.036,1.034,0.45294,0.65294,0.74118,0.8,0.5,0.5,0.5,0.5,0.87778,0.76,0.16,0.23689,0.46622,0.46578,0.46578,0.46667,0.44706,0.64706,0.73529,0.8,0.50588,0.5,0.5,0.50588,0.4935,0.511,0.5,0.501,0.5,0.499,0.4995,0.4965,0.065,-0.036,1.039
0.85378,0.83244,0.28178,0.38844,0.46578,0.46578,0.46578,0.46667,0.47059,0.64706,0.73529,0.79412,0.49412,0.5,0.5,0.5,0.4935,0.514,0.5,0.5015,0.5035,0.499,0.4995,0.4965,0.042,-0.038,1.02,0.41765,0.37059,0.27647,0.21765,0.5,0.5,0.5,0.5,0.8,0.90089,0.35067,0.47156,0.46578,0.46578,0.46578,0.46667,0.42353,0.37647,0.28235,0.22353,0.50588,0.5,0.5,0.5,0.4935,0.4925,0.4895,0.498,0.5035,0.499,0.4995,0.4965,0.033,-0.042,1.026
0.76311,0.83511,0.23956,0.33022,0.46578,0.46578,0.46578,0.46667,0.42353,0.37647,0.28235,0.21765,0.49412,0.5,0.5,0.5,0.493,0.492,0.479,0.4905,0.5035,0.499,0.4995,0.4965,0.067,-0.033,1.035,0.08235,0.54118,0.61176,0.55882,0.5,0.5,0.5,0.5,0.6,0.76578,0.14533,0.18267,0.46667,0.46578,0.46578,0.46667,0.09412,0.53529,0.62353,0.55882,0.51176,0.5,0.5,0.50588,0.474,0.507,0.4995,0.4995,0.496,0.499,0.4995,0.4965,0.085,-0.024,1.044
0.38889,0.78267,0.20267,0.21333,0.46622,0.46578,0.46578,0.46667,0.09412,0.54118,0.60588,0.55882,0.5,0.5,0.5,0.50588,0.471,0.5075,0.5,0.5,0.5,0.499,0.4995,0.496,0.07,-0.027,1.052,0.47059,0.41176,0.73529,0.52353,0.5,0.5,0.5,0.5,0.11778,0.788,0.344,0.25378,0.46622,0.46578,0.46578,0.46667,0.48235,0.42941,0.72941,0.51176,0.5,0.5,0.5,0.5,0.488,0.493,0.5,0.4965,0.5,0.499,0.4995,0.4965,0.07,-0.041,1.039
0.10267,0.74444,0.46311,0.26622,0.46578,0.46578,0.46578,0.46667,0.46471,0.41176,0.73529,0.52941,0.5,0.5,0.5,0.5,0.4885,0.4925,0.5,0.4975,0.5035,0.499,0.4995,0.4965,0.056,-0.037,1.033,0.66471,0.24118,0.52353,0.36471,0.5,0.5,0.5,0.5,0.11778,0.61867,0.60978,0.23956,0.46578,0.46578,0.46578,0.46667,0.65882,0.25882,0.52353,0.37059,0.50588,0.5,0.5,0.5,0.509,0.484,0.5,0.47,0.5035,0.499,0.4995,0.4965,0.043,-0.028,1.039
0.2,0.49022,0.61778,0.17244,0.46578,0.46533,0.46578,0.46667,0.67059,0.25882,0.52353,0.37059,0.50588,0.5,0.5,0.5,0.509,0.48,0.5175,0.4605,0.5035,0.5015,0.4995,0.4965,0.054,-0.038,1.032,0.63529,0.68824,0.17059,0.78824,0.5,0.5,0.5,0.5,0.34222,0.36844,0.524,0.18356,0.46622,0.46578,0.46578,0.46667,0.62941,0.69412,0.17647,0.78235,0.5,0.5,0.5,0.50588,0.509,0.509,0.499,0.5005,0.4995,0.501,0.4995,0.4965,0.072,-0.024,1.027
-0.44444,-0.44444,-0.44444,-0.44444,-0.44444,0.83111,0.81911,-0.44444,0.5,0.5,0.5,0.5,0.5,0.5,0.50588,0.5,0.5,0.5,0.5,0.5,0.5,0.5,0.499,0.5,-0.043,0.032,1.034,0.31765,0.22353,0.58235,0.52353,0.5,0.5,0.5,0.5,1.0,1.00711,0.04356,0.036,0.54311,0.83111,0.81867,0.50133,0.50588,0.50588,0.5,0.5,0.5,0.5,0.5,0.5,0.5,0.5,0.5,0.5,0.5,0.5,0.5,0.5,-0.028,0.01,1.035
1.0,1.00711,0.044,0.036,0.54311,0.83111,0.81867,0.50133,0.50588,0.5,0.5,0.5,0.5,0.5,0.5,0.5,0.5,0.5,0.5,0.5,0.5,0.5,0.5,0.5,-0.023,0.01,1.032,0.20588,0.41765,0.7,0.76471,0.5,0.5,0.5,0.5,1.0,1.00711,0.044,0.036,0.54311,0.83111,0.81867,0.50133,0.50588,0.5,0.5,0.5,0.50588,0.5,0.5,0.5,0.5,0.5,0.5,0.5,0.5,0.5,0.5,0.5,-0.016,0.013,1.034
1.0,1.00711,0.044,0.036,0.54311,0.83111,0.81867,0.50133,0.50588,0.5,0.5,0.5,0.5,0.5,0.5,0.5,0.5,0.5,0.5,0.5,0.5,0.5,0.5,0.5,-0.023,0.013,1.033,0.43529,0.0,0.73529,0.66471,0.5,0.5,0.5,0.5,1.0,1.00711,0.044,0.036,0.54311,0.83111,0.81867,0.50133,0.50588,0.5,0.5,0.5,0.50588,0.5,0.5,0.50588,0.5,0.5,0.5,0.5,0.5,0.5,0.5,0.5,-0.022,0.012,1.037
0.46311,0.44489,0.41644,0.41067,0.47822,0.48533,0.49111,0.46711,0.50588,0.5,0.5,0.5,0.50588,0.5,0.5,0.5,0.5065,0.507,0.5285,0.5265,0.4965,0.487,0.487,0.503,-0.025,0.038,1.029,0.77647,0.28824,0.26471,0.45294,0.5,0.5,0.5,0.5,0.53422,0.38667,0.33822,0.39956,0.47778,0.48533,0.49067,0.46622,0.81765,0.31176,0.25294,0.45882,0.49412,0.5,0.5,0.5,0.519,0.4885,0.5,0.5,0.5025,0.487,0.488,0.5055,0.021,0.041,1.011
0.69289,0.27689,0.21778,0.37822,0.47644,0.48533,0.49111,0.46622,0.78235,0.27647,0.27059,0.45882,0.5,0.5,0.5,0.5,0.509,0.4895,0.5,0.49,0.506,0.487,0.4885,0.5055,-0.047,0.022,0.984,0.12941,0.68235,0.84706,0.65294,0.5,0.5,0.5,0.5,0.75644,0.19333,0.16489,0.37867,0.46844,0.48533,0.48978,0.46667,0.03529,0.68235,0.82353,0.65882,0.50588,0.5,0.5,0.50588,0.4855,0.5105,0.669,0.5995,0.506,0.487,0.493,0.503,-0.357,-0.016,0.987
0.54978,0.20133,0.32978,0.43956,0.46889,0.48533,0.48978,0.46667,0.14118,0.51765,0.8,0.61176,0.50588,0.5,0.5,0.50588,0.492,0.6205,0.7205,0.6805,0.5055,0.487,0.4925,0.5025,-0.509,0.021,0.889,0.78235,0.64118,0.42353,0.51765,0.5,0.5,0.5,0.5,0.31644,0.29778,0.52489,0.50978,0.47111,0.48044,0.48889,0.46756,0.80588,0.72353,0.5,0.5,0.50588,0.5,0.5,0.50588,0.622,0.7085,0.6555,0.803,0.5055,0.5095,0.497,0.4975,-0.554,-0.075,0.869
0.456,0.35467,0.49467,0.50978,0.47111,0.48044,0.48889,0.468,0.84118,0.50588,0.44706,0.5,0.50588,0.5,0.5,0.50588,0.6335,0.7785,0.6135,0.846,0.5055,0.51,0.497,0.4955,-0.618,-0.086,0.77,0.16471,0.81176,0.52941,0.48824,0.5,0.5,0.5,0.5,0.644,0.60089,0.47111,0.52711,0.47156,0.48044,0.48844,0.46756,0.27059,0.78824,0.57647,0.5,0.50588,0.5,0.5,0.50588,0.473,0.635,0.5585,0.795,0.506,0.51,0.4995,0.4965,-0.353,-0.115,0.848
0.47289,0.81822,0.48978,0.55422,0.47511,0.48222,0.48933,0.468,0.08824,0.77059,0.52353,0.49412,0.50588,0.5,0.5,0.50588,0.482,0.5555,0.5395,0.6345,0.506,0.502,0.496,0.4965,0.004,0.064,0.924,0.42941,0.12941,0.20588,0.27647,0.5,0.5,0.5,0.5,0.20133,0.992,0.40889,0.504,0.47733,0.48267,0.47867,0.45422,0.49412,0.45882,0.24118,0.3,0.50588,0.47059,0.48235,0.48235,0.5155,0.415,0.506,0.488,0.5035,0.494,0.5435,0.5075,-0.077,-0.115,0.992
0.19378,0.92089,0.268,0.42933,0.47689,0.48222,0.47333,0.45111,0.47059,0.42353,0.22353,0.36471,0.50588,0.5,0.48235,0.49412,0.4935,0.1935,0.4965,0.306,0.5035,0.5,0.5705,0.508,0.164,-0.073,1.012,0.58824,-0.07059,0.56471,0.63529,0.5,0.5,0.5,0.5,0.18267,0.91067,0.11333,0.33511,0.47733,0.48267,0.47244,0.45289,0.58235,0.5,0.52941,0.5,0.50588,0.50588,0.5,0.5,0.506,0.114,0.508,0.33,0.5035,0.5,0.5755,0.5075,0.233,-0.165,1.0
0.22622,0.90978,0.14444,0.38311,0.47689,0.48267,0.47289,0.45333,0.58824,0.49412,0.55882,0.63529,0.5,0.5,0.5,0.5,0.506,0.1185,0.5175,0.438,0.5035,0.5,0.573,0.5075,0.265,-0.153,0.999,0.65882,0.02353,0.77647,0.6,0.5,0.5,0.5,0.5,0.268,0.85111,0.25022,0.49289,0.47689,0.48222,0.48267,0.46933,0.51176,0.78824,0.75882,0.57647,0.51176,0.5,0.54118,0.5,0.5635,0.5,0.633,0.451,0.5,0.5015,0.5285,0.4945,-0.163,-0.211,0.989
0.30044,0.96089,0.36578,0.53867,0.47733,0.48222,0.49022,0.47067,0.5,0.61176,0.71176,0.58824,0.49412,0.5,0.5,0.51176,0.662,0.5,0.751,0.49,0.4995,0.5015,0.491,0.4945,-0.417,-0.126,0.934,0.64118,-0.10588,0.42941,0.54118,0.5,0.5,0.5,0.5,0.29956,0.99244,0.49644,0.608,0.47778,0.48356,0.48978,0.47111,0.50588,0.50588,0.5,0.52941,0.50588,0.5,0.5,0.50588,0.8885,0.5,0.801,0.4995,0.4975,0.4955,0.493,0.4945,-0.459,-0.087,0.918
0.29956,0.99244,0.49644,0.62489,0.47778,0.48356,0.48978,0.46978,0.50588,0.50588,0.5,0.53529,0.50588,0.5,0.5,0.5,0.8855,0.5,0.6315,0.512,0.497,0.4955,0.493,0.4945,-0.435,-0.053,0.947,0.9,0.10588,0.25882,0.41765,0.5,0.5,0.5,0.5,0.49067,0.99289,0.36267,0.62622,0.47733,0.48356,0.48756,0.46756,1.0,0.49412,0.27647,0.41765,0.5,0.5,0.49412,0.5,0.7445,0.5,0.68,0.491,0.503,0.495,0.502,0.4995,-0.5,-0.093,0.968
0.72267,0.99244,0.248,0.59689,0.47733,0.48267,0.48756,0.46622,0.94118,0.50588,0.26471,0.44706,0.5,0.5,0.5,0.5,0.693,0.5,0.6445,0.431,0.5035,0.5,0.5035,0.5055,-0.227,0.003,1.101,0.04706,0.33529,0.82353,0.31765,0.5,0.5,0.5,0.5,0.98444,0.99467,0.20489,0.48756,0.47644,0.484,0.48844,0.47022,0.23529,0.50588,0.75294,0.31176,0.50588,0.50588,0.5,0.50588,0.479,0.5,0.6815,0.431,0.505,0.4945,0.4995,0.4945,-0.324,0.028,0.881
0.76489,0.99644,0.35022,0.40844,0.47689,0.484,0.48889,0.46933,-0.09412,0.51176,0.8,0.37059,0.50588,0.5,0.5,0.5,0.483,0.5,0.773,0.3675,0.503,0.493,0.4975,0.495,-0.34,0.024,0.951,0.3,0.12941,0.55294,0.64706,0.5,0.5,0.5,0.5,0.35556,1.00267,0.55733,0.33644,0.47822,0.48089,0.48889,0.46667,0.3,0.5,0.57059,0.54118,0.50588,0.5,0.5,0.51765,0.532,0.5,0.786,0.4225,0.4945,0.5075,0.4975,0.5005,-0.345,0.074,0.927
0.26178,1.00133,0.60311,0.39911,0.47822,0.484,0.48889,0.46844,0.32353,0.49412,0.61765,0.62353,0.50588,0.5,0.49412,0.5,0.52,0.5,0.699,0.498,0.4945,0.4935,0.4965,0.4945,-0.367,0.064,0.952,0.7,-0.10588,0.16471,0.57059,0.5,0.5,0.5,0.5,0.13911,1.0,0.55156,0.51022,0.47644,0.48711,0.48711,0.46578,0.51176,0.5,0.18235,0.57059,0.5,0.5,0.49412,0.50588,0.658,0.5,0.505,0.5,0.5055,0.4785,0.5035,0.505,-0.27,-0.043,0.989
0.26622,0.99956,0.38222,0.54044,0.47644,0.48667,0.48444,0.46444,0.87059,0.5,0.18235,0.55882,0.50588,0.5,0.47059,0.5,0.58,0.5,0.5,0.509,0.504,0.4805,0.5165,0.5055,-0.182,-0.079,1.027,0.42941,-0.03529,0.49412,0.38235,0.5,0.5,0.5,0.5,0.44267,0.99822,0.18889,0.54711,0.47778,0.48222,0.48133,0.46444,0.46471,0.52353,0.5,0.38824,0.49412,0.5,0.5,0.49412,0.5,0.5,0.518,0.4905,0.496,0.501,0.5335,0.5055,-0.085,-0.199,1.007
0.40622,0.99956,0.18844,0.49556,0.47778,0.48178,0.48089,0.46356,0.42353,0.51176,0.49412,0.40588,0.49412,0.5,0.5,0.5,0.4955,0.5,0.504,0.4525,0.495,0.502,0.5355,0.505,-0.024,-0.192,1.034,0.29412,0.48235,0.63529,0.45882,0.5,0.5,0.5,0.5,0.30311,1.00044,0.224,0.42089,0.47778,0.48222,0.48178,0.46444,0.28824,0.50588,0.62941,0.47647,0.5,0.5,0.5,0.51765,0.492,0.5,0.534,0.412,0.4965,0.501,0.532,0.505,-0.01,-0.177,1.023
0.21733,1.00044,0.28089,0.40178,0.47822,0.48222,0.488,0.46889,0.30588,0.50588,0.61765,0.48824,0.50588,0.5,0.51176,0.51176,0.4805,0.5,0.5895,0.4045,0.494,0.501,0.5035,0.495,-0.092,-0.154,1.019,0.78824,0.48824,0.61765,0.32353,0.5,0.5,0.5,0.5,0.15644,1.00711,0.37733,0.34578,0.47778,0.48267,0.48889,0.47467,0.74118,0.50588,0.5,0.42941,0.50588,0.5,0.5,0.5,0.5175,0.5,0.6985,0.273,0.497,0.499,0.4975,0.495,-0.048,-0.079,0.998
0.17556,1.00933,0.40578,0.29556,0.47867,0.48267,0.48844,0.47333,0.5,0.50588,0.51765,0.31176,0.52353,0.5,0.5,0.5,0.726,0.5,0.85,0.0785,0.4955,0.499,0.499,0.4955,-0.027,-0.098,0.997,0.51765,0.24118,0.35294,0.46471,0.5,0.5,0.5,0.5,0.28667,0.99689,0.47289,0.09378,0.47689,0.488,0.49022,0.46667,0.55882,0.44706,0.42353,0.43529,0.5,0.5,0.5,0.51176,0.6615,0.5,0.634,0.489,0.5035,0.474,0.491,0.5015,-0.522,0.007,0.935
0.292,0.996,0.40311,0.06889,0.47733,0.488,0.48889,0.46667,0.50588,0.52353,0.4,0.47647,0.5,0.5,0.5,0.5,0.669,0.5,0.6075,0.5275,0.5035,0.4745,0.497,0.5035,-0.374,-0.02,0.945,0.52353,0.41176,0.45294,0.76471,0.5,0.5,0.5,0.5,0.36711,0.99733,0.31333,0.09867,0.47689,0.48711,0.48756,0.46711,0.59412,0.49412,0.46471,0.65882,0.5,0.5,0.49412,0.50588,0.5595,0.5,0.5425,0.703,0.5035,0.4765,0.5025,0.5025,-0.457,-0.141,0.947
0.41156,0.99867,0.29511,0.19867,0.47689,0.48267,0.48267,0.46667,0.58824,0.50588,0.45294,0.74118,0.50588,0.5,0.48824,0.5,0.531,0.5,0.5135,0.871,0.505,0.498,0.5255,0.5025,-0.493,-0.217,0.87,0.41765,0.12941,0.56471,0.64706,0.5,0.5,0.5,0.5,0.44578,0.99733,0.29467,0.38667,0.47733,0.48178,0.48,0.46622,0.43529,0.49412,0.55294,0.51765,0.50588,0.5,0.5,0.5,0.493,0.5,0.5,0.9565,0.5015,0.5015,0.5395,0.5045,-0.491,-0.157,0.891
0.404,0.99733,0.328,0.44756,0.47689,0.48222,0.48,0.46222,0.38824,0.51176,0.55882,0.68235,0.49412,0.5,0.5,0.44706,0.493,0.5,0.5,0.929,0.5035,0.5005,0.5395,0.505,-0.349,-0.169,0.825,0.92353,0.12941,0.36471,0.23529,0.5,0.5,0.5,0.5,0.38222,1.00133,0.30222,0.54133,0.47156,0.484,0.48756,0.464,0.74706,0.50588,0.38235,0.25882,0.50588,0.5,0.5,0.47059,0.613,0.5,0.5765,0.47,0.5055,0.492,0.504,0.505,-0.337,-0.128,0.981
0.58356,1.00356,0.22311,0.45111,0.47111,0.484,0.48711,0.46311,0.87059,0.51176,0.34706,0.32353,0.49412,0.5,0.5,0.50588,0.659,0.5,0.624,0.266,0.505,0.492,0.506,0.5045,-0.24,-0.197,1.039,0.07059,0.19412,0.52353,0.31176,0.5,0.5,0.5,0.5,0.784,1.00978,0.14667,0.24978,0.47289,0.48178,0.48178,0.46089,0.29412,0.50588,0.5,0.3,0.51176,0.5,0.5,0.50588,0.507,0.5,0.6455,0.1735,0.5055,0.5025,0.531,0.5045,0.111,-0.209,0.982
0.58711,1.00978,0.15067,0.12356,0.47822,0.48178,0.49111,0.46622,0.10588,0.5,0.51176,0.15882,0.50588,0.5,0.51176,0.50588,0.4935,0.5,0.6815,0.313,0.494,0.5025,0.49,0.5055,-0.118,-0.217,0.961,0.36471,0.2,0.54706,0.83529,0.5,0.5,0.5,0.5,0.312,0.99511,0.21156,0.05511,0.47689,0.48178,0.492,0.46356,0.41765,0.5,0.54706,0.69412,0.52941,0.5,0.5,0.51176,0.4855,0.5,0.5365,0.6405,0.5,0.5015,0.482,0.505,-0.254,-0.241,0.954
0.248,1.0,0.24089,0.19511,0.47822,0.48222,0.49022,0.46444,0.37059,0.51176,0.55882,0.80588,0.50588,0.5,0.49412,0.50588,0.484,0.5,0.51,0.79,0.496,0.5005,0.4895,0.505,-0.234,-0.227,0.915,0.76471,-0.07059,0.58824,0.61765,0.5,0.5,0.5,0.5,0.22533,1.00044,0.30356,0.42489,0.47689,0.48222,0.48889,0.46578,0.76471,0.51176,0.57647,0.77059,0.51176,0.50588,0.50588,0.55294,0.5125,0.5,0.4995,0.8385,0.5035,0.5005,0.498,0.4965,-0.072,-0.125,0.931
0.30711,1.00178,0.31511,0.56756,0.46133,0.484,0.48978,0.488,0.50588,0.51765,0.49412,0.66471,0.49412,0.5,0.5,0.48235,0.5675,0.5,0.6375,0.4515,0.509,0.492,0.493,0.4875,-0.456,-0.241,0.951,0.61176,-0.07059,0.52941,0.34706,0.5,0.5,0.5,0.5,0.38444,1.00089,0.33867,0.58311,0.46178,0.484,0.49022,0.48756,0.49412,0.50588,0.5,0.40588,0.50588,0.5,0.49412,0.5,0.782,0.5,0.8235,0.4525,0.508,0.4935,0.4895,0.4885,-0.394,-0.239,0.92
0.44667,1.00133,0.33867,0.51422,0.46578,0.48356,0.49022,0.48711,0.58235,0.51176,0.50588,0.37059,0.50588,0.5,0.5,0.5,0.7625,0.5,0.8965,0.4105,0.5055,0.494,0.491,0.489,-0.387,-0.255,0.947,0.72353,-0.15294,0.42353,0.52353,0.5,0.5,0.5,0.5,0.44667,1.00844,0.34356,0.46933,0.46667,0.48356,0.48978,0.48578,0.5,0.50588,0.5,0.5,0.50588,0.5,0.5,0.5,0.8515,0.5,0.8365,0.232,0.5055,0.494,0.493,0.4895,-0.379,-0.226,0.928
0.44667,1.00844,0.34311,0.46933,0.46667,0.48356,0.48978,0.48489,0.5,0.50588,0.47647,0.5,0.50588,0.5,0.5,0.50588,0.8535,0.5,0.6555,0.2885,0.506,0.494,0.493,0.49,-0.349,-0.177,0.985,0.5,0.45882,0.66471,0.36471,0.5,0.5,0.5,0.5,0.52044,1.00933,0.296,0.46,0.46622,0.48356,0.48933,0.484,0.50588,0.50588,0.5,0.45882,0.5,0.5,0.5,0.5,0.8005,0.5,0.915,0.187,0.5055,0.494,0.495,0.491,-0.379,-0.171,0.918
0.52,1.01289,0.32,0.41333,0.46667,0.48356,0.48844,0.47067,0.51176,0.50588,0.54706,0.24706,0.50588,0.5,0.5,0.50588,0.7895,0.5,0.994,0.0735,0.5055,0.494,0.499,0.4955,-0.317,-0.222,0.969,0.42353,0.02353,0.27059,0.65294,0.5,0.5,0.5,0.5,0.17333,1.01289,0.42533,0.33378,0.46844,0.48356,0.48889,0.47111,0.40588,0.48824,0.28235,0.5,0.50588,0.5,0.5,0.51176,0.5,0.5,0.533,0.3485,0.5065,0.494,0.498,0.4945,-0.113,-0.193,0.859
-0.44444,-0.44444,-0.44444,-0.44444,-0.44444,-0.44444,-0.44444,-0.44444,0.5,0.5,0.5,0.5,0.5,0.5,0.5,0.5,0.5,0.5,0.5,0.5,0.5,0.5,0.5,0.5,-0.075,-0.2,1.017,0.85882,1.11765,0.95882,1.04706,0.5,0.5,0.5,0.5,-0.44444,-0.44444,-0.44444,-0.44444,-0.44444,-0.44444,-0.44444,-0.44444,0.5,0.5,0.5,0.5,0.5,0.5,0.5,0.5,0.5,0.5,0.5,0.5,0.5,0.5,0.5,0.5,-0.062,-0.191,1.02
0.55022,0.5,0.50756,0.47156,0.46711,0.44756,0.44356,0.47333,0.50588,0.50588,0.5,0.5,0.50588,0.5,0.5,0.50588,0.4895,0.4915,0.4955,0.492,0.4935,0.5,0.5025,0.4965,0.156,-0.016,1.035,0.32353,0.24706,0.38235,0.38824,0.5,0.5,0.5,0.5,0.49956,0.43867,0.48,0.44311,0.46756,0.448,0.44533,0.47244,0.31765,0.27059,0.38235,0.35882,0.50588,0.50588,0.5,0.5,0.477,0.4725,0.441,0.446,0.4935,0.499,0.496,0.5035,0.208,0.107,0.993
0.41333,0.29733,0.42356,0.38044,0.46489,0.45422,0.44533,0.47244,0.30588,0.22353,0.38235,0.38235,0.5,0.5,0.5,0.51176,0.4775,0.482,0.4225,0.4755,0.506,0.4685,0.4965,0.5035,0.158,0.141,0.871,0.88824,0.78824,0.44118,0.37059,0.5,0.5,0.5,0.5,0.324,0.19778,0.29689,0.26,0.44978,0.45333,0.44444,0.47244,0.82353,0.91176,0.41176,0.35294,0.50588,0.5,0.5,0.49412,0.614,0.5145,0.596,0.4995,0.5105,0.471,0.5,0.5035,-0.282,0.106,1.023
0.52533,0.34933,0.26444,0.19467,0.44978,0.45333,0.44444,0.47333,0.93529,0.79412,0.5,0.37647,0.50588,0.5,0.5,0.52353,0.606,0.522,0.602,0.494,0.5105,0.471,0.5,0.494,-0.44,0.092,0.875,0.68824,0.38235,0.78235,0.68235,0.5,0.5,0.5,0.5,0.85778,0.52844,0.26711,0.172,0.45067,0.45333,0.444,0.47378,0.69412,0.4,0.77647,0.68235,0.51176,0.5,0.5,0.5,0.57,0.492,0.86,0.5055,0.5085,0.472,0.502,0.4945,-0.411,0.275,1.071
1.00444,0.46267,0.42356,0.27244,0.45111,0.44756,0.44444,0.47378,0.82353,0.39412,0.73529,0.68235,0.51176,0.46471,0.50588,0.48824,0.5255,0.492,0.85,0.5025,0.5085,0.493,0.501,0.4965,-0.208,0.174,0.757,0.33529,0.46471,0.24706,0.42353,0.5,0.5,0.5,0.5,1.01867,0.33911,0.596,0.34756,0.46622,0.44711,0.44444,0.47289,0.50588,0.48824,0.29412,0.49412,0.52941,0.5,0.5,0.5,0.5605,0.521,0.4755,0.576,0.502,0.501,0.5005,0.5035,-0.314,0.089,0.902
1.01067,0.328,0.468,0.30844,0.46622,0.44756,0.44489,0.47244,0.47059,0.5,0.25294,0.43529,0.50588,0.5,0.5,0.50588,0.491,0.5125,0.427,0.5585,0.504,0.4995,0.4975,0.5035,-0.197,0.173,0.991,0.48824,0.78235,0.40588,0.61176,0.5,0.5,0.5,0.5,0.99911,0.31689,0.35067,0.26356,0.46622,0.44711,0.44489,0.472,0.5,0.50588,0.46471,0.50588,0.50588,0.49412,0.5,0.5,0.399,0.667,0.125,0.7315,0.5035,0.501,0.4975,0.5045,-0.28,0.183,0.993
0.99911,0.41156,0.28622,0.292,0.46489,0.44178,0.44444,0.47244,0.50588,0.68235,0.23529,0.55294,0.5,0.46471,0.5,0.5,0.392,0.7285,0.1905,0.867,0.506,0.5235,0.5,0.5045,-0.387,0.171,0.956,-0.00588,0.31176,0.61176,0.68824,0.5,0.5,0.5,0.5,0.77644,0.55467,0.20089,0.35156,0.46667,0.44756,0.43289,0.47289,-0.14118,0.50588,0.60588,0.5,0.51176,0.5,0.5,0.50588,0.4605,0.617,0.518,0.997,0.5,0.4995,0.555,0.502,-0.484,-0.056,0.928
0.49778,0.50933,0.26089,0.35156,0.46667,0.44756,0.43289,0.47289,-0.02941,0.38235,0.62353,0.5,0.5,0.5,0.5,0.50588,0.4745,0.556,0.5035,0.9995,0.4935,0.499,0.555,0.5025,-0.391,-0.081,0.992,0.87647,0.29412,0.68824,0.28824,0.5,0.5,0.5,0.5,0.25778,0.35111,0.36844,0.38133,0.46533,0.448,0.43378,0.47333,0.63529,0.34118,0.55294,0.48824,0.5,0.5,0.50588,0.50588,0.5455,0.5255,0.6005,0.6175,0.506,0.498,0.5515,0.494,-0.489,0.021,0.959
0.31244,0.29822,0.41244,0.29822,0.46444,0.448,0.44444,0.47244,0.49412,0.38235,0.57059,0.31176,0.5,0.5,0.5,0.5,0.8095,0.488,0.851,0.489,0.5045,0.4975,0.5,0.5035,-0.532,0.099,0.78,0.67059,0.72941,0.24706,0.65294,0.5,0.5,0.5,0.5,0.34978,0.23244,0.43511,0.22533,0.46444,0.448,0.44489,0.47378,0.50588,0.73529,0.27059,0.65294,0.50588,0.5,0.5,0.51176,0.8685,0.5105,0.686,0.4995,0.506,0.4975,0.498,0.4945,-0.474,0.158,0.892
0.512,0.33822,0.31867,0.28844,0.46489,0.448,0.44444,0.47289,0.82941,0.67059,0.30588,0.57059,0.50588,0.5,0.5,0.50588,0.6455,0.523,0.626,0.5495,0.506,0.4975,0.4985,0.5015,-0.443,0.107,0.919,0.51765,0.92941,0.72941,0.34118,0.5,0.5,0.5,0.5,0.71111,0.48089,0.23867,0.30356,0.46756,0.44622,0.44356,0.47333,0.5,0.82941,0.65882,0.32353,0.50588,0.5,0.5,0.50588,0.5305,0.7365,0.6575,0.659,0.494,0.506,0.504,0.497,-0.638,0.021,0.792
0.71022,0.72089,0.32489,0.22489,0.46711,0.44711,0.444,0.47289,0.5,1.02353,0.70588,0.33529,0.5,0.50588,0.5,0.49412,0.5415,0.658,0.803,0.6495,0.4965,0.503,0.502,0.5035,-0.523,0.275,0.905,0.1,0.28235,0.41765,0.60588,0.5,0.5,0.5,0.5,0.61956,1.02311,0.43778,0.17511,0.46711,0.44711,0.444,0.47333,0.02353,0.46471,0.5,0.5,0.50588,0.5,0.5,0.50588,0.494,0.507,0.7835,0.6025,0.496,0.5015,0.502,0.4965,-0.501,0.044,0.875
0.42489,0.96356,0.44,0.19644,0.46711,0.44622,0.44356,0.47289,0.16471,0.40588,0.5,0.53529,0.50588,0.5,0.5,0.5,0.493,0.473,0.575,0.761,0.4955,0.5035,0.504,0.5025,-0.46,-0.029,0.923,0.45294,-0.01176,0.58824,0.72941,0.5,0.5,0.5,0.5,0.19689,0.62933,0.424,0.29822,0.46711,0.44667,0.44222,0.47378,0.48824,0.04118,0.58824,0.74118,0.50588,0.49412,0.5,0.50588,0.488,0.4925,0.556,0.9305,0.4955,0.502,0.5105,0.495,-0.523,-0.07,0.927
0.16844,0.34533,0.464,0.42933,0.46711,0.44756,0.44222,0.47378,0.48824,-0.07647,0.55294,0.77647,0.5,0.50588,0.5,0.5,0.491,0.499,0.5775,0.866,0.4955,0.5005,0.5105,0.497,-0.472,-0.115,0.867,0.94118,0.78235,0.6,0.44118,0.5,0.5,0.5,0.5,0.16889,0.07822,0.52178,0.60133,0.46711,0.44622,0.44267,0.47333,0.7,0.67059,0.5,0.49412,0.50588,0.5,0.50588,0.5,0.654,0.5955,0.709,0.598,0.4965,0.5055,0.51,0.4965,-0.531,-0.02,0.935
0.24444,0.14578,0.54,0.56889,0.46667,0.44622,0.44267,0.47289,0.65294,0.72353,0.5,0.40588,0.5,0.5,0.5,0.5,0.8225,0.695,0.8655,0.604,0.497,0.5055,0.508,0.4965,-0.593,0.014,0.779,0.37647,0.48824,0.37647,0.42941,0.5,0.5,0.5,0.5,0.38711,0.35111,0.58889,0.51511,0.46578,0.44622,0.44222,0.47289,0.50588,0.64118,0.5,0.41765,0.50588,0.5,0.5,0.5,0.7385,0.634,0.7255,0.587,0.504,0.5055,0.5105,0.503,-0.555,0.026,0.851
0.38756,0.35556,0.54622,0.48178,0.46667,0.44622,0.44267,0.47289,0.50588,0.50588,0.38824,0.44706,0.50588,0.5,0.5,0.5,0.6245,0.624,0.623,0.5745,0.496,0.5055,0.508,0.5035,-0.512,0.048,0.883,0.76471,0.67059,0.6,0.47647,0.5,0.5,0.5,0.5,0.38756,0.39333,0.48222,0.42889,0.46667,0.44622,0.44267,0.47289,0.51176,0.70588,0.5,0.5,0.5,0.5,0.5,0.5,0.662,0.6345,0.7375,0.5925,0.5,0.5055,0.508,0.503,-0.604,0.032,0.829
0.512,0.47867,0.508,0.41333,0.46622,0.44622,0.44267,0.47289,0.71765,0.72353,0.64706,0.47059,0.50588,0.5,0.5,0.5,0.6975,0.6425,0.865,0.6095,0.504,0.5055,0.508,0.503,-0.689,0.061,0.756,0.47059,0.58235,0.53529,0.47059,0.5,0.5,0.5,0.5,0.77422,0.70178,0.62,0.39689,0.46267,0.44578,0.44356,0.47244,0.67059,0.52353,0.5,0.45294,0.51176,0.5,0.5,0.50588,0.519,0.5255,0.6645,0.574,0.506,0.507,0.504,0.5035,-0.589,0.02,0.868
0.77867,0.72756,0.62711,0.38578,0.46267,0.44578,0.44356,0.47244,0.48824,0.57059,0.5,0.5,0.50588,0.5,0.50588,0.50588,0.5075,0.5425,0.714,0.5555,0.506,0.507,0.5035,0.5035,-0.584,0.039,0.831,0.32941,0.63529,0.28824,0.63529,0.5,0.5,0.5,0.5,0.73022,0.82622,0.61511,0.38222,0.464,0.44711,0.444,0.47244,0.38824,0.59412,0.32941,0.52353,0.50588,0.5,0.5,0.5,0.485,0.538,0.509,0.704,0.5065,0.5015,0.502,0.503,-0.555,0.032,0.838
0.72844,0.90622,0.52533,0.44578,0.46444,0.44756,0.444,0.47244,0.5,0.81765,0.31765,0.57059,0.51765,0.5,0.5,0.5,0.374,0.5145,0.4525,0.7315,0.506,0.4995,0.502,0.503,-0.485,0.017,0.938,0.67059,0.41765,0.51765,0.55294,0.5,0.5,0.5,0.5,0.61778,0.98844,0.384,0.59289,0.46578,0.44578,0.44044,0.46667,0.44706,0.48824,0.49412,0.57059,0.50588,0.42353,0.5,0.5,0.489,0.493,0.555,0.505,0.506,0.5025,0.518,0.5055,-0.395,0.086,0.901
0.62133,0.97511,0.38267,0.62089,0.46578,0.44578,0.44311,0.47067,0.63529,0.32353,0.5,0.53529,0.50588,0.5,0.5,0.50588,0.54,0.484,0.6035,0.494,0.506,0.5075,0.506,0.5055,-0.452,0.135,0.917,0.58824,0.28235,0.4,0.47059,0.5,0.5,0.5,0.5,0.76978,0.88267,0.36356,0.65333,0.46578,0.44578,0.44311,0.468,0.64118,0.34706,0.40588,0.5,0.50588,0.5,0.5,0.48235,0.5215,0.4465,0.583,0.438,0.5065,0.508,0.5065,0.5055,-0.322,0.155,0.965
0.83022,0.79644,0.31822,0.65378,0.46578,0.44533,0.44267,0.46222,0.58235,0.35882,0.41176,0.5,0.50588,0.5,0.5,0.5,0.5135,0.4135,0.557,0.365,0.5065,0.509,0.508,0.5065,-0.222,0.171,0.98,0.38235,0.05882,0.67059,0.15882,0.5,0.5,0.5,0.5,0.88089,0.70267,0.27733,0.59022,0.46578,0.44044,0.44311,0.46667,0.37059,0.51176,0.64706,0.3,0.50588,0.48824,0.5,0.50588,0.487,0.1315,0.741,0.074,0.504,0.531,0.506,0.5035,0.056,0.176,0.987
0.80311,0.70267,0.37111,0.50933,0.46578,0.43956,0.44311,0.47022,0.4,0.50588,0.67059,0.47059,0.5,0.5,0.5,0.52353,0.4935,0.1405,0.7085,0.0225,0.506,0.5365,0.506,0.5035,0.069,0.179,1.019,0.18235,0.32941,0.47647,0.25882,0.5,0.5,0.5,0.5,0.64444,0.70267,0.48578,0.46444,0.46356,0.43867,0.44311,0.47422,0.24118,0.50588,0.61176,0.5,0.5,0.5,0.5,0.5,0.4835,0.1495,0.6115,0.013,0.506,0.541,0.506,0.496,0.277,0.161,0.953
0.50222,0.70267,0.49511,0.39333,0.464,0.43689,0.43778,0.47378,0.03529,0.50588,0.5,0.26471,0.50588,0.5,0.5,0.5,0.476,0.152,0.5065,0.0585,0.506,0.547,0.53,0.496,0.479,0.195,0.786,0.45882,0.42941,0.53529,0.37647,0.5,0.5,0.5,0.5,0.24222,0.99556,0.48844,0.21733,0.46756,0.43956,0.43822,0.47156,0.42941,0.54118,0.5,0.42353,0.5,0.5,0.50588,0.5,0.5115,0.5,0.526,0.3245,0.4935,0.5365,0.5285,0.505,0.275,0.234,0.975
0.21911,0.99867,0.49511,0.17467,0.46844,0.43867,0.43822,0.47156,0.45882,0.51176,0.5,0.43529,0.50588,0.5,0.5,0.5,0.512,0.5,0.5815,0.2245,0.4935,0.5405,0.5285,0.5045,0.299,0.203,0.986,0.78824,0.5,0.49412,0.82353,0.5,0.5,0.5,0.5,0.23111,1.00222,0.50889,0.168,0.46844,0.43956,0.44178,0.47289,0.68824,0.5,0.5,0.80588,0.50588,0.5,0.53529,0.51176,0.5915,0.5,0.607,0.473,0.494,0.5375,0.5145,0.5035,0.032,0.301,0.995
0.36933,1.00044,0.51111,0.32178,0.46622,0.448,0.44489,0.47333,0.88235,0.5,0.5,0.81176,0.50588,0.5,0.5,0.50588,0.586,0.5,0.5825,0.5,0.504,0.497,0.497,0.4945,-0.179,0.297,0.928,0.34118,-0.04706,0.21176,0.37059,0.5,0.5,0.5,0.5,0.63689,0.99733,0.44311,0.46978,0.46711,0.44889,0.444,0.47244,0.50588,0.51176,0.26471,0.38235,0.49412,0.5,0.5,0.49412,0.432,0.5,0.4325,0.481,0.496,0.4925,0.501,0.5055,0.052,0.361,0.929
0.61689,0.99956,0.29022,0.408,0.468,0.44533,0.42,0.46178,0.22353,0.51176,0.17059,0.38824,0.52353,0.5,0.47059,0.5,0.391,0.5,0.4565,0.4625,0.4935,0.5085,0.6115,0.507,0.113,0.155,1.017,0.27647,-0.07059,0.55294,0.59412,0.5,0.5,0.5,0.5,0.34667,0.99911,0.132,0.35111,0.46756,0.44756,0.42044,0.46178,0.27059,0.5,0.55294,0.56471,0.49412,0.5,0.5,0.5,0.4825,0.5,0.49,0.515,0.4995,0.4995,0.612,0.507,0.13,0.012,1.015
0.23867,0.99911,0.15911,0.39333,0.46578,0.44756,0.42044,0.46178,0.28235,0.49412,0.56471,0.6,0.51176,0.5,0.5,0.5,0.4785,0.5,0.487,0.5465,0.5015,0.4995,0.612,0.507,0.142,-0.001,1.02,0.46471,-0.06471,0.58824,0.33529,0.5,0.5,0.5,0.5,0.08622,0.99778,0.22089,0.41911,0.46667,0.44756,0.42044,0.46133,0.47059,0.51176,0.57059,0.38235,0.50588,0.5,0.5,0.49412,0.4885,0.5,0.4955,0.427,0.4955,0.4995,0.6115,0.507,0.135,-0.043,1.036
0.06933,0.99911,0.26533,0.33911,0.46667,0.44756,0.42089,0.46089,0.47059,0.50588,0.57647,0.33529,0.50588,0.5,0.5,0.5,0.4885,0.5,0.5,0.404,0.496,0.499,0.61,0.507,0.244,0.001,1.0,0.69412,0.07647,0.37059,0.66471,0.5,0.5,0.5,0.5,0.08311,1.00089,0.272,0.28667,0.46711,0.44756,0.42089,0.46178,0.65882,0.50588,0.38235,0.59412,0.51765,0.5,0.5,0.50588,0.5125,0.5,0.4925,0.449,0.4955,0.4985,0.61,0.507,0.182,-0.01,1.031
0.18089,0.99956,0.208,0.35733,0.46622,0.44756,0.42089,0.46178,0.70588,0.5,0.37647,0.65294,0.49412,0.5,0.5,0.5,0.512,0.5,0.4835,0.5165,0.496,0.4985,0.61,0.507,0.115,-0.045,1.029,0.79412,0.31176,0.82941,0.45294,0.5,0.5,0.5,0.5,0.36889,0.99867,0.21911,0.452,0.46533,0.44711,0.42489,0.46089,0.61176,0.50588,0.74706,0.5,0.5,0.5,0.54118,0.51176,0.5445,0.5,0.5865,0.458,0.506,0.501,0.5945,0.5075,-0.217,-0.027,0.995
0.42356,0.99956,0.34533,0.44533,0.46533,0.44711,0.43956,0.46622,0.51765,0.50588,0.74118,0.47059,0.5,0.5,0.52353,0.55882,0.71,0.5,0.782,0.3735,0.5045,0.501,0.5235,0.505,-0.36,0.04,0.915,0.9,0.42353,0.41176,0.28235,0.5,0.5,0.5,0.5,0.42311,1.00178,0.42489,0.39111,0.46489,0.44489,0.44044,0.46978,0.5,0.50588,0.5,0.3,0.5,0.47647,0.5,0.5,0.8505,0.5,0.862,0.1545,0.505,0.51,0.519,0.5045,-0.281,0.042,0.969
0.42311,1.004,0.42489,0.324,0.46533,0.44178,0.44044,0.46978,0.5,0.50588,0.50588,0.24118,0.50588,0.5,0.5,0.50588,0.846,0.5,0.6475,0.0415,0.5055,0.5255,0.519,0.5045,0.005,0.013,1.108,0.48824,0.48824,0.51765,0.71765,0.5,0.5,0.5,0.5,0.58578,0.996,0.37644,0.16,0.46489,0.44978,0.44267,0.47244,0.49412,0.58235,0.43529,0.52941,0.5,0.48824,0.5,0.50588,0.601,0.5,0.65,0.5765,0.506,0.489,0.508,0.5035,-0.425,0.064,0.868
0.58756,0.996,0.376,0.26267,0.46533,0.44844,0.44356,0.47244,0.50588,0.50588,0.5,0.68824,0.5,0.5,0.5,0.5,0.588,0.5,0.698,0.6225,0.506,0.494,0.5025,0.5035,-0.458,-0.046,0.911,0.31176,0.45882,0.59412,0.49412,0.5,0.5,0.5,0.5,0.59067,0.98667,0.41289,0.36533,0.46578,0.44844,0.44356,0.472,0.34706,0.47647,0.60588,0.5,0.5,0.5,0.5,0.50588,0.507,0.5,0.7245,0.7405,0.506,0.494,0.504,0.505,-0.498,-0.057,0.923
0.48667,0.98044,0.456,0.36533,0.46578,0.44844,0.44356,0.472,0.25882,0.5,0.51176,0.5,0.50588,0.5,0.5,0.5,0.511,0.5,0.744,0.7265,0.506,0.494,0.504,0.505,-0.488,-0.057,0.896,0.80588,-0.08235,0.57059,0.47059,0.5,0.5,0.5,0.5,0.38089,0.98089,0.52089,0.36667,0.46533,0.44844,0.44356,0.472,0.64118,0.51765,0.5,0.5,0.5,0.5,0.5,0.5,0.657,0.5,0.8145,0.66,0.505,0.494,0.504,0.5055,-0.564,-0.016,0.857
0.47422,0.97822,0.52,0.36756,0.46533,0.44844,0.444,0.47244,0.75294,0.5,0.5,0.5,0.50588,0.5,0.5,0.5,0.7505,0.5,0.983,0.585,0.5045,0.494,0.502,0.5055,-0.582,0.0,0.831,0.26471,0.09412,0.28824,0.62941,0.5,0.5,0.5,0.5,0.65511,0.98711,0.51778,0.40267,0.46578,0.44844,0.44444,0.47244,0.50588,0.47647,0.42353,0.57059,0.50588,0.5,0.5,0.5,0.587,0.5,0.6825,0.5375,0.506,0.494,0.4995,0.5035,-0.541,-0.038,0.905
0.62933,0.96578,0.42889,0.42489,0.46578,0.44844,0.44356,0.472,0.32353,0.42353,0.33529,0.51176,0.50588,0.5,0.5,0.5,0.4945,0.5,0.5855,0.7445,0.504,0.494,0.504,0.505,-0.452,-0.126,0.921,0.32941,0.04118,0.48824,0.39412,0.5,0.5,0.5,0.5,0.46,0.97867,0.31511,0.50089,0.46311,0.448,0.43911,0.46178,0.3,0.71765,0.47647,0.57059,0.48824,0.5,0.5,0.49412,0.488,0.5,0.506,0.5855,0.5065,0.4965,0.525,0.507,-0.246,-0.268,0.98
0.36133,0.99867,0.31022,0.46444,0.46356,0.44756,0.436,0.45733,0.34118,0.50588,0.48824,0.38235,0.50588,0.5,0.5,0.5,0.492,0.5,0.5,0.497,0.5065,0.4985,0.5395,0.51,-0.167,-0.331,1.074,0.44706,0.02941,0.34706,0.55294,0.5,0.5,0.5,0.5,0.25289,0.99467,0.26311,0.41733,0.46667,0.44711,0.44444,0.46578,0.50588,0.47647,0.34706,0.54706,0.5,0.5,0.5,0.50588,0.488,0.5,0.451,0.5105,0.4955,0.5,0.499,0.506,0.079,-0.038,1.039
0.232,0.98444,0.184,0.44356,0.46667,0.44711,0.44489,0.46711,0.44118,0.5,0.35294,0.53529,0.5,0.5,0.5,0.50588,0.4865,0.5,0.4565,0.5135,0.4955,0.5,0.498,0.5055,0.082,-0.025,1.062,1.05294,0.46471,0.87059,0.37059,0.5,0.5,0.5,0.5,0.344,0.97022,0.212,0.43556,0.46356,0.44756,0.44489,0.47289,1.06471,0.5,0.82353,0.37647,0.50588,0.5,0.5,0.48824,0.5215,0.5,0.501,0.494,0.506,0.4985,0.498,0.5035,-0.227,-0.031,1.006
0.56844,0.98933,0.36667,0.37956,0.46356,0.44667,0.44489,0.472,0.94706,0.59412,0.85294,0.40588,0.5,0.5,0.5,0.5,0.5825,0.5,0.6465,0.449,0.506,0.5015,0.498,0.5005,-0.173,-0.025,0.938,0.52941,0.26471,0.32353,0.39412,0.5,0.5,0.5,0.5,0.96533,0.98311,0.55467,0.25956,0.46622,0.44711,0.44489,0.47289,0.50588,0.48235,0.31765,0.4,0.5,0.5,0.5,0.5,0.5125,0.5,0.4985,0.4815,0.5045,0.5005,0.498,0.5035,0.014,-0.044,1.041
0.976,0.97422,0.46578,0.20711,0.46622,0.44711,0.44489,0.47289,0.50588,0.48235,0.32353,0.40588,0.5,0.5,0.5,0.5,0.5155,0.5,0.5,0.4745,0.504,0.5005,0.498,0.5035,0.021,-0.036,1.014,0.11765,0.27059,0.49412,0.66471,0.5,0.5,0.5,0.5,0.95467,0.96444,0.36267,0.192,0.46933,0.44844,0.44489,0.47244,0.44118,0.48824,0.5,0.65882,0.51176,0.5,0.5,0.5,0.399,0.5,0.489,0.506,0.494,0.4945,0.4975,0.5055,0.095,0.105,1.018
0.82844,0.95289,0.36711,0.27022,0.468,0.45689,0.44489,0.472,0.18824,0.47647,0.50588,0.65294,0.48235,0.5,0.5,0.5,0.323,0.5,0.457,0.5345,0.494,0.4545,0.498,0.504,0.132,0.138,1.04,0.67647,0.49412,0.5,0.42353,0.5,0.5,0.5,0.5,0.62756,0.93333,0.36711,0.35156,0.46578,0.45644,0.44489,0.47244,0.5,0.48824,0.5,0.42941,0.50588,0.5,0.5,0.5,0.4125,0.5,0.4395,0.493,0.5045,0.4555,0.498,0.5035,0.176,0.107,1.017
0.64578,0.93422,0.36578,0.31422,0.46489,0.456,0.44489,0.47289,0.66471,0.51176,0.5,0.42941,0.5,0.5,0.5,0.50588,0.4885,0.5,0.4415,0.4845,0.506,0.457,0.498,0.5035,0.117,0.079,1.025,0.69412,0.20588,0.59412,0.58824,0.5,0.5,0.5,0.5,0.78356,0.96978,0.38089,0.29867,0.464,0.456,0.44489,0.47244,0.68235,0.51765,0.58235,0.59412,0.50588,0.5,0.5,0.49412,0.5075,0.5,0.5225,0.499,0.5065,0.458,0.498,0.5035,-0.012,0.019,1.028
0.88089,0.98356,0.42667,0.34444,0.46622,0.45244,0.444,0.47244,0.69412,0.53529,0.58824,0.58235,0.50588,0.48824,0.5,0.5,0.5075,0.5,0.534,0.5,0.504,0.4725,0.5015,0.5055,-0.019,-0.013,1.052,0.28824,0.22353,0.31765,0.57647,0.5,0.5,0.5,0.5,0.95689,0.99689,0.43511,0.41733,0.46578,0.44711,0.44533,0.47378,0.49412,0.5,0.34118,0.57059,0.51176,0.5,0.5,0.50588,0.466,0.5,0.469,0.5065,0.5,0.5,0.4965,0.494,0.061,0.028,0.993
0.92533,0.996,0.35333,0.45422,0.468,0.44844,0.44489,0.47289,0.5,0.49412,0.31176,0.55882,0.51176,0.5,0.5,0.5,0.3555,0.5,0.4135,0.5155,0.494,0.4935,0.498,0.5035,0.143,0.104,1.034,0.31765,0.14706,0.58235,0.49412,0.5,0.5,0.5,0.5,0.87689,0.97333,0.26844,0.496,0.468,0.44844,0.44533,0.47289,0.47647,0.47647,0.50588,0.5,0.5,0.5,0.5,0.51176,0.139,0.5,0.4365,0.5215,0.494,0.493,0.498,0.5025,0.201,0.112,0.999
0.84533,0.96089,0.312,0.496,0.468,0.44844,0.44533,0.47244,0.41176,0.46471,0.57059,0.5,0.50588,0.5,0.5,0.5,0.165,0.5,0.428,0.5075,0.494,0.493,0.498,0.5,0.138,0.148,0.977,0.60588,0.53529,0.46471,0.51765,0.5,0.5,0.5,0.5,0.72222,0.93289,0.35822,0.49467,0.46711,0.448,0.44489,0.47289,0.5,0.48235,0.5,0.50588,0.5,0.5,0.5,0.50588,0.3045,0.5,0.384,0.526,0.4965,0.497,0.499,0.5035,0.141,0.116,1.047
0.72222,0.91911,0.35511,0.50133,0.46711,0.44711,0.44489,0.47289,0.5,0.47647,0.48824,0.52941,0.5,0.5,0.5,0.51176,0.3955,0.5,0.315,0.5365,0.496,0.4985,0.498,0.5035,0.109,0.077,0.853,0.49412,0.51765,0.66471,0.25294,0.5,0.5,0.5,0.5,0.67467,0.89289,0.34533,0.43644,0.46533,0.45022,0.44533,0.47333,0.48824,0.47647,0.64706,0.25294,0.50588,0.54118,0.5,0.5,0.4985,0.5,0.5215,0.4985,0.5065,0.4855,0.498,0.4965,-0.063,0.036,1.022
0.68089,0.91911,0.41511,0.32311,0.46711,0.45378,0.44489,0.47333,0.50588,0.62941,0.62353,0.24706,0.50588,0.5,0.5,0.49412,0.492,0.5,0.591,0.4445,0.4935,0.4675,0.4985,0.5,-0.241,0.061,0.951,0.21176,0.38235,0.52353,0.50588,0.5,0.5,0.5,0.5,0.66711,0.96933,0.52756,0.17067,0.48133,0.45689,0.44489,0.47289,0.37059,0.49412,0.57647,0.5,0.5,0.5,0.5,0.50588,0.3895,0.5,0.5595,0.4775,0.4905,0.453,0.499,0.5035,-0.146,0.11,0.999
0.49689,0.96756,0.55289,0.17067,0.48133,0.46,0.44489,0.47289,0.01765,0.5,0.51176,0.5,0.50588,0.5,0.5,0.50588,0.4485,0.5,0.4985,0.491,0.49,0.438,0.499,0.502,-0.146,0.098,0.995,0.68824,-0.03529,0.27059,0.66471,0.5,0.5,0.5,0.5,0.21956,0.94978,0.48044,0.21333,0.46444,0.45911,0.44444,0.472,0.50588,0.48235,0.28235,0.64118,0.5,0.5,0.5,0.50588,0.622,0.5,0.5005,0.5695,0.506,0.4415,0.5005,0.5055,-0.176,-0.03,1.052
0.35644,0.96578,0.36578,0.28311,0.46622,0.44844,0.43956,0.47289,0.81765,0.60588,0.29412,0.61765,0.50588,0.49412,0.5,0.5,0.541,0.5,0.5,0.6355,0.5045,0.492,0.5235,0.503,-0.299,-0.12,0.995,0.68824,0.38235,0.56471,0.51765,0.5,0.5,0.5,0.5,0.57689,0.99644,0.256,0.36756,0.46622,0.44667,0.43511,0.47156,0.68824,0.51176,0.55294,0.5,0.50588,0.5,0.5,0.5,0.5105,0.5,0.5095,0.731,0.504,0.5015,0.5455,0.505,-0.375,-0.143,0.965
0.65333,0.99644,0.27733,0.38889,0.46578,0.44667,0.43511,0.47111,0.65882,0.50588,0.54118,0.57059,0.49412,0.5,0.5,0.5,0.5245,0.5,0.5645,0.677,0.5045,0.501,0.5455,0.5055,-0.377,-0.123,0.956,0.11765,0.17647,0.69412,0.53529,0.5,0.5,0.5,0.5,0.68178,0.99689,0.36222,0.416,0.46578,0.448,0.43778,0.47156,0.16471,0.5,0.68235,0.55882,0.5,0.5,0.50588,0.50588,0.4845,0.5,0.651,0.653,0.506,0.495,0.5335,0.5055,-0.431,-0.08,0.927
0.46578,0.99644,0.46267,0.43156,0.46578,0.448,0.43778,0.47156,0.06471,0.50588,0.70588,0.54118,0.5,0.5,0.5,0.50588,0.493,0.5,0.6445,0.6625,0.506,0.495,0.5325,0.5055,-0.446,-0.106,0.914,0.77059,0.18824,0.46471,0.31765,0.5,0.5,0.5,0.5,0.232,0.99778,0.57822,0.42711,0.46578,0.448,0.43778,0.47111,0.50588,0.50588,0.5,0.34118,0.5,0.5,0.5,0.5,0.6455,0.5,0.586,0.492,0.506,0.495,0.5325,0.5055,-0.458,-0.054,0.933
0.336,0.99822,0.55911,0.34044,0.46578,0.44756,0.44178,0.47378,0.61765,0.50588,0.5,0.34706,0.5,0.5,0.54706,0.5,0.715,0.5,0.592,0.463,0.506,0.4965,0.516,0.495,-0.467,0.016,0.949,0.4,0.08235,0.50588,0.40588,0.5,0.5,0.5,0.5,0.46,0.99644,0.528,0.19911,0.46622,0.452,0.44489,0.47333,0.50588,0.49412,0.5,0.41176,0.50588,0.5,0.5,0.5,0.6565,0.5,0.649,0.4665,0.5035,0.4755,0.499,0.4965,-0.46,0.055,0.916
0.45956,0.996,0.528,0.15244,0.46667,0.452,0.44489,0.47333,0.50588,0.50588,0.5,0.41176,0.50588,0.5,0.5,0.5,0.577,0.5,0.663,0.4595,0.5,0.4755,0.499,0.4965,-0.435,0.053,0.913,0.73529,0.24706,0.46471,0.73529,0.5,0.5,0.5,0.5,0.43244,0.996,0.528,0.16844,0.46667,0.452,0.44489,0.47289,0.5,0.50588,0.5,0.72941,0.50588,0.5,0.5,0.5,0.696,0.5,0.6245,0.5,0.4965,0.4755,0.4985,0.5005,-0.51,0.06,0.865
0.52933,0.99067,0.51067,0.28622,0.46667,0.452,0.44444,0.47244,0.72353,0.5,0.44118,0.72941,0.50588,0.5,0.5,0.5,0.686,0.5,0.621,0.5025,0.497,0.4755,0.5,0.5035,-0.563,0.035,0.886,0.15882,-0.14118,0.35294,0.37647,0.5,0.5,0.5,0.5,0.73867,0.99778,0.452,0.38578,0.46711,0.452,0.44489,0.47289,0.36471,0.50588,0.37647,0.37059,0.50588,0.5,0.5,0.5,0.47,0.5,0.567,0.497,0.4935,0.4755,0.498,0.5035,-0.44,0.035,0.897
0.55289,0.97956,0.38267,0.30533,0.46667,0.45156,0.44178,0.472,0.05294,0.54118,0.35882,0.35882,0.5,0.5,0.47647,0.5,0.488,0.5,0.519,0.5765,0.5,0.4775,0.511,0.5055,-0.306,-0.082,0.979,0.60588,-0.11765,0.51176,0.50588,0.5,0.5,0.5,0.5,0.35111,0.99778,0.30533,0.23778,0.46578,0.44667,0.43733,0.472,0.54118,0.50588,0.5,0.5,0.5,0.5,0.5,0.5,0.5165,0.5,0.509,0.561,0.506,0.501,0.5345,0.5055,-0.283,-0.124,0.981
0.38978,0.99822,0.30444,0.23778,0.46578,0.44667,0.43733,0.472,0.57647,0.50588,0.5,0.5,0.5,0.5,0.5,0.5,0.528,0.5,0.5405,0.5745,0.506,0.5005,0.5345,0.5055,-0.312,-0.116,0.975,0.58235,0.38235,0.67647,0.61765,0.5,0.5,0.5,0.5,0.44533,0.99867,0.34267,0.26933,0.46578,0.44667,0.43778,0.47244,0.5,0.50588,0.62353,0.60588,0.50588,0.5,0.5,0.49412,0.5735,0.5,0.671,0.628,0.5055,0.5005,0.5325,0.503,-0.462,-0.054,0.921
0.44533,0.99822,0.41689,0.32489,0.46578,0.44622,0.43778,0.47244,0.5,0.49412,0.60588,0.60588,0.5,0.5,0.5,0.5,0.6365,0.5,0.7475,0.6525,0.5055,0.5015,0.5325,0.503,-0.527,-0.066,0.872,0.72941,0.1,0.2,0.51176,0.5,0.5,0.5,0.5,0.55911,0.99867,0.44578,0.41333,0.46578,0.44622,0.43733,0.47156,0.94706,0.51176,0.25294,0.5,0.50588,0.5,0.5,0.5,0.6225,0.5,0.6345,0.5835,0.5065,0.502,0.5345,0.5055,-0.476,-0.088,0.911
0.752,0.99822,0.31378,0.41289,0.46622,0.44667,0.43511,0.46844,0.84706,0.5,0.24706,0.5,0.50588,0.5,0.5,0.48824,0.5355,0.5,0.503,0.614,0.5045,0.5,0.545,0.5055,-0.386,-0.143,0.945,0.57059,0.44706,0.57059,0.63529,0.5,0.5,0.5,0.5,0.95111,0.99822,0.17022,0.43289,0.46622,0.44711,0.43289,0.456,0.56471,0.5,0.56471,0.62353,0.50588,0.5,0.5,0.48235,0.508,0.5,0.499,0.7695,0.504,0.4985,0.5555,0.5105,-0.429,-0.147,0.878
0.99156,0.99867,0.20578,0.53956,0.46622,0.448,0.44533,0.46844,0.58235,0.50588,0.56471,0.80588,0.51765,0.54706,0.55294,0.50588,0.5065,0.5,0.5,0.5885,0.5055,0.4945,0.504,0.5055,-0.465,-0.12,1.062,0.04706,0.38824,0.78235,0.22941,0.5,0.5,0.5,0.5,0.96667,0.99822,0.30444,0.55689,0.46756,0.44978,0.44489,0.47511,0.29412,0.50588,0.76471,0.25294,0.50588,0.5,0.5,0.5,0.396,0.5,0.661,0.453,0.494,0.4865,0.4985,0.4945,-0.392,0.122,0.963
0.77956,0.99911,0.44444,0.42222,0.46844,0.44978,0.444,0.47022,-0.11765,0.50588,0.80588,0.21765,0.50588,0.5,0.48824,0.48235,0.3945,0.5,0.6815,0.4415,0.494,0.486,0.5015,0.5055,-0.466,0.077,0.961,0.31765,0.03529,0.25882,0.45882,0.5,0.5,0.5,0.5,0.29467,1.00356,0.55689,0.27022,0.46667,0.44444,0.43556,0.46178,0.37647,0.50588,0.27647,0.44118,0.5,0.5,0.49412,0.48235,0.5155,0.5,0.5255,0.3335,0.4955,0.5105,0.5415,0.507,-0.054,0.09,1.021
0.23067,1.00356,0.44533,0.24622,0.46711,0.44667,0.43289,0.46133,0.38235,0.5,0.27059,0.43529,0.50588,0.5,0.50588,0.5,0.4935,0.5,0.5,0.344,0.4955,0.5015,0.556,0.507,0.106,0.044,1.06,0.54118,0.47059,0.45882,0.58235,0.5,0.5,0.5,0.5,0.13422,1.00622,0.28667,0.24356,0.46578,0.44667,0.43511,0.46622,0.51765,0.50588,0.45294,0.5,0.50588,0.5,0.5,0.5,0.507,0.5,0.5135,0.3715,0.5065,0.501,0.545,0.506,0.223,-0.08,1.003
0.15067,1.00622,0.26667,0.27511,0.46533,0.44667,0.43689,0.468,0.55882,0.50588,0.45882,0.58824,0.5,0.5,0.50588,0.51176,0.508,0.5,0.505,0.4255,0.5065,0.4995,0.537,0.5055,0.22,-0.054,1.016,0.46471,-0.01176,0.42353,0.61765,0.5,0.5,0.5,0.5,0.18044,1.00578,0.21911,0.35289,0.46711,0.44711,0.43822,0.47378,0.50588,0.5,0.44706,0.60588,0.50588,0.50588,0.5,0.5,0.493,0.5,0.496,0.4975,0.4955,0.499,0.53,0.4945,0.063,-0.144,1.008
0.17333,1.00533,0.18489,0.40222,0.46711,0.44711,0.43822,0.47156,0.46471,0.5,0.43529,0.57647,0.50588,0.5,0.5,0.50588,0.488,0.5,0.476,0.5275,0.4935,0.499,0.53,0.5055,0.039,-0.198,1.002,0.47059,0.34118,0.72353,0.63529,0.5,0.5,0.5,0.5,0.14089,1.00222,0.20711,0.51422,0.46578,0.44667,0.43778,0.47244,0.48824,0.5,0.71765,0.63529,0.50588,0.5,0.5,0.51176,0.489,0.5,0.51,0.5405,0.504,0.501,0.5325,0.5035,-0.142,-0.211,1.017
0.12667,1.00178,0.30756,0.58044,0.46489,0.44711,0.44533,0.47289,0.47059,0.5,0.70588,0.61765,0.5,0.5,0.5,0.49412,0.489,0.5,0.5705,0.55,0.506,0.497,0.497,0.5035,-0.268,-0.16,0.966,0.84118,0.11765,0.63529,0.47647,0.5,0.5,0.5,0.5,0.15378,0.98578,0.46222,0.66311,0.464,0.448,0.44533,0.47378,0.53529,0.48235,0.59412,0.48824,0.5,0.5,0.5,0.50588,0.577,0.5,0.6815,0.5015,0.5055,0.495,0.4965,0.494,-0.432,-0.214,0.891
0.18356,0.988,0.49822,0.65067,0.46356,0.448,0.44533,0.47467,0.54706,0.54706,0.55294,0.48235,0.5,0.5,0.5,0.50588,0.8075,0.5,0.8355,0.5005,0.505,0.495,0.496,0.4945,-0.499,-0.133,0.874,0.52353,-0.07059,0.55294,0.10588,0.5,0.5,0.5,0.5,0.19378,1.00044,0.56533,0.52356,0.46356,0.44756,0.44489,0.47333,0.50588,0.51176,0.5,0.1,0.50588,0.5,0.5,0.51176,0.8365,0.5,0.9835,0.418,0.5045,0.4965,0.498,0.495,-0.456,-0.114,0.936
0.19333,1.00578,0.56533,0.39556,0.46356,0.44,0.44489,0.47289,0.5,0.51176,0.5,0.13529,0.50588,0.47059,0.5,0.5,0.8225,0.5,0.9995,0.0975,0.5045,0.529,0.498,0.5025,-0.232,0.063,1.024,0.86471,0.27059,0.14706,0.64118,0.5,0.5,0.5,0.5,0.264,0.99467,0.54,0.12622,0.46622,0.456,0.44489,0.47378,0.50588,0.47059,0.17059,0.59412,0.50588,0.5,0.50588,0.50588,0.839,0.5,0.648,0.514,0.5035,0.4565,0.499,0.4945,-0.621,-0.043,0.931
0.38267,0.94044,0.35822,0.15022,0.46622,0.45511,0.44311,0.47378,0.99412,0.37647,0.18824,0.65882,0.50588,0.5,0.49412,0.50588,0.707,0.5,0.655,0.7405,0.504,0.4595,0.5065,0.495,-0.473,-0.068,0.924,0.45294,0.42353,0.56471,0.81176,0.5,0.5,0.5,0.5,0.736,0.94622,0.188,0.23244,0.46578,0.44667,0.43822,0.47378,0.50588,0.52941,0.51176,0.70588,0.5,0.5,0.5,0.5,0.5215,0.5,0.5725,0.973,0.5065,0.5,0.53,0.495,-0.574,-0.178,0.894
0.73644,0.98089,0.22756,0.356,0.46667,0.44711,0.43289,0.47156,0.50588,0.62941,0.57059,0.84118,0.51765,0.5,0.5,0.49412,0.507,0.5,0.5425,0.8715,0.4935,0.4985,0.5545,0.5045,-0.531,-0.2,0.884,0.20588,0.17059,0.72941,0.60588,0.5,0.5,0.5,0.5,0.65378,0.99511,0.33244,0.64044,0.46489,0.44756,0.44044,0.45556,0.14118,0.51765,0.62353,0.71176,0.5,0.5,0.51176,0.51176,0.478,0.5,0.5845,0.556,0.506,0.4965,0.5185,0.5105,-0.53,-0.142,0.854
0.46578,0.99689,0.42889,0.68978,0.46489,0.448,0.44356,0.46844,0.15882,0.5,0.69412,0.77059,0.5,0.5,0.49412,0.51176,0.4945,0.5,0.687,0.579,0.506,0.495,0.504,0.5055,-0.477,-0.04,0.83,0.38824,-0.03529,0.22941,0.04706,0.5,0.5,0.5,0.5,0.20044,0.97867,0.49244,0.636,0.46622,0.44489,0.44,0.46533,0.45294,0.48235,0.25294,0.12941,0.50588,0.5,0.5,0.51176,0.546,0.5,0.602,0.4135,0.504,0.509,0.5205,0.5055,-0.241,-0.181,0.991
0.20178,0.99733,0.36711,0.41644,0.46578,0.44489,0.44222,0.46444,0.48235,0.52353,0.24118,0.21176,0.5,0.5,0.5,0.5,0.4935,0.5,0.503,0.367,0.5065,0.509,0.511,0.5055,0.169,-0.093,1.026,0.44118,0.18235,0.57647,0.51176,0.5,0.5,0.5,0.5,0.13956,1.00844,0.23378,0.19911,0.46578,0.44667,0.43556,0.46667,0.44118,0.50588,0.58824,0.5,0.5,0.5,0.5,0.51176,0.487,0.5,0.537,0.1875,0.5065,0.5,0.542,0.505,0.226,-0.143,1.0
0.11022,1.00844,0.26222,0.19911,0.46533,0.44667,0.436,0.472,0.44706,0.5,0.55882,0.5,0.5,0.5,0.5,0.51176,0.4865,0.5,0.587,0.2155,0.506,0.5,0.541,0.505,0.228,-0.134,0.996,0.57647,0.24118,0.6,0.8,0.5,0.5,0.5,0.5,0.08489,1.00844,0.336,0.26267,0.46444,0.448,0.444,0.47467,0.59412,0.50588,0.58824,0.78824,0.48824,0.5,0.53529,0.50588,0.504,0.5,0.6075,0.469,0.506,0.4945,0.506,0.494,-0.047,-0.118,1.064
0.116,1.00711,0.38933,0.40444,0.46044,0.44756,0.44622,0.47556,0.58824,0.48824,0.67059,0.75882,0.50588,0.5,0.5,0.5,0.5065,0.5,0.6005,0.4995,0.5065,0.496,0.4925,0.4945,-0.134,-0.138,0.947,0.47647,0.17059,0.47059,0.56471,0.5,0.5,0.5,0.5,0.13422,1.004,0.44133,0.58578,0.46044,0.44756,0.44622,0.47378,0.51176,0.5,0.5,0.54706,0.5,0.5,0.5,0.5,0.513,0.5,0.587,0.5605,0.5065,0.496,0.4925,0.4945,-0.242,-0.115,1.003
0.13422,1.00222,0.44,0.62089,0.46044,0.44756,0.44622,0.47378,0.50588,0.49412,0.48824,0.59412,0.50588,0.5,0.5,0.5,0.507,0.5,0.5215,0.554,0.506,0.496,0.4925,0.4945,-0.206,-0.104,0.993,0.7,-0.04118,0.42353,0.1,0.5,0.5,0.5,0.5,0.16044,0.99511,0.39378,0.54756,0.46622,0.44578,0.44356,0.47289,0.59412,0.5,0.40588,0.10588,0.50588,0.5,0.5,0.52941,0.536,0.5,0.536,0.4505,0.504,0.504,0.5045,0.4945,-0.313,-0.248,0.99
0.23244,1.00578,0.34444,0.37689,0.46578,0.44578,0.44356,0.47111,0.65294,0.50588,0.38824,0.23529,0.5,0.5,0.5,0.5,0.568,0.5,0.5835,0.299,0.5035,0.504,0.505,0.5045,0.129,-0.091,1.063,0.71176,0.04118,0.34118,0.54706,0.5,0.5,0.5,0.5,0.33822,1.00844,0.24044,0.24222,0.47244,0.44578,0.44311,0.47156,0.82353,0.5,0.34118,0.5,0.50588,0.5,0.5,0.50588,0.6545,0.5,0.613,0.1305,0.494,0.504,0.5065,0.505,0.084,-0.117,0.976
0.47467,1.00844,0.16133,0.24222,0.47244,0.44622,0.44311,0.472,0.72941,0.50588,0.32941,0.5,0.50588,0.5,0.5,0.51176,0.6345,0.5,0.6035,0.244,0.4935,0.504,0.5065,0.5055,0.156,-0.134,1.046,0.65294,0.1,0.61176,0.57059,0.5,0.5,0.5,0.5,0.65511,1.00889,0.07378,0.26533,0.472,0.44578,0.44311,0.47378,0.62353,0.50588,0.50588,0.56471,0.5,0.5,0.5,0.50588,0.634,0.5,0.7435,0.38,0.4945,0.5045,0.5065,0.4945,0.056,-0.126,1.047
0.68844,1.00933,0.11022,0.30267,0.47156,0.44578,0.44356,0.47644,0.5,0.50588,0.51176,0.58824,0.5,0.5,0.5,0.52353,0.7195,0.5,0.8455,0.376,0.495,0.5045,0.5045,0.4945,-0.095,-0.075,1.045,0.32941,0.44118,0.49412,0.33529,0.5,0.5,0.5,0.5,0.74844,1.01067,0.16444,0.34267,0.47156,0.44578,0.44356,0.48267,0.50588,0.50588,0.5,0.48824,0.5,0.5,0.5,0.50588,0.6325,0.5,0.8955,0.128,0.4945,0.5045,0.504,0.4945,-0.106,-0.108,1.018
0.74622,1.01111,0.16444,0.26089,0.47156,0.44533,0.44356,0.48222,0.49412,0.50588,0.5,0.22941,0.50588,0.5,0.5,0.5,0.5285,0.5,0.8825,0.1055,0.494,0.5065,0.5045,0.494,0.019,-0.082,1.003,0.29412,0.33529,0.82941,0.71765,0.5,0.5,0.5,0.5,0.58267,1.01111,0.29333,0.16178,0.47156,0.44533,0.44489,0.47956,0.3,0.5,0.9,0.54706,0.49412,0.5,0.49412,0.5,0.5265,0.5,0.775,0.4565,0.494,0.5065,0.4985,0.4945,-0.434,-0.104,0.953
0.47378,1.008,0.452,0.25956,0.46756,0.44578,0.44533,0.47956,0.21765,0.5,0.81765,0.72353,0.48235,0.5,0.5,0.5,0.5315,0.5,0.819,0.526,0.4945,0.505,0.4965,0.4945,-0.49,-0.09,0.932,0.70588,0.45294,0.39412,0.4,0.5,0.5,0.5,0.5,0.32,1.00578,0.62222,0.37467,0.46711,0.44844,0.44489,0.48044,0.50588,0.50588,0.5,0.42353,0.50588,0.5,0.5,0.5,0.712,0.5,0.7645,0.4375,0.4965,0.492,0.4975,0.4945,-0.424,-0.077,0.899
0.32133,1.00667,0.59956,0.31867,0.46711,0.44844,0.44489,0.47867,0.51176,0.50588,0.48235,0.38235,0.5,0.5,0.5,0.5,0.8435,0.5,0.6185,0.458,0.4945,0.492,0.4985,0.4945,-0.422,-0.078,0.974,0.34706,0.11765,0.35882,0.54706,0.5,0.5,0.5,0.5,0.38,1.00667,0.49156,0.264,0.46667,0.44844,0.444,0.47511,0.50588,0.5,0.37647,0.53529,0.49412,0.5,0.5,0.5,0.6475,0.5,0.6025,0.5095,0.5025,0.492,0.502,0.494,-0.408,-0.116,0.958
0.38044,1.00667,0.42578,0.28089,0.46578,0.44844,0.44356,0.472,0.50588,0.50588,0.36471,0.55294,0.5,0.5,0.5,0.5,0.539,0.5,0.573,0.543,0.5065,0.492,0.5045,0.5055,-0.232,-0.182,0.982,0.61176,0.19412,0.58824,0.52353,0.5,0.5,0.5,0.5,0.34311,1.00844,0.34978,0.33244,0.44889,0.44889,0.444,0.47422,0.50588,0.50588,0.5,0.5,0.49412,0.5,0.5,0.50588,0.5435,0.5,0.6725,0.4685,0.5105,0.4905,0.503,0.494,-0.266,-0.204,0.981
0.34311,1.008,0.376,0.34711,0.44889,0.44889,0.44489,0.47556,0.50588,0.49412,0.61176,0.53529,0.5,0.5,0.5,0.50588,0.62,0.5,0.768,0.459,0.51,0.49,0.499,0.494,-0.282,-0.146,1.008,0.87059,0.25882,0.5,0.64706,0.5,0.5,0.5,0.5,0.49556,1.008,0.41111,0.408,0.44889,0.44933,0.44489,0.484,0.88235,0.49412,0.5,0.62941,0.5,0.5,0.5,0.5,0.6795,0.5,0.8485,0.4945,0.51,0.488,0.4975,0.493,-0.551,-0.029,0.872
0.66267,1.00578,0.40978,0.47956,0.44889,0.44933,0.44489,0.484,0.82941,0.5,0.5,0.64118,0.5,0.5,0.5,0.5,0.703,0.5,0.853,0.5,0.51,0.488,0.4975,0.493,-0.485,0.013,0.771,0.27059,0.20588,0.50588,0.31176,0.5,0.5,0.5,0.5,0.97333,1.00489,0.41644,0.51022,0.45733,0.45644,0.44489,0.476,0.25294,0.50588,0.5,0.34706,0.50588,0.5,0.5,0.5,0.492,0.5,0.832,0.453,0.506,0.454,0.4985,0.4945,-0.464,-0.034,0.925
0.91511,1.00578,0.41689,0.43156,0.46489,0.45644,0.44489,0.47556,0.37059,0.51176,0.5,0.36471,0.50588,0.5,0.5,0.5,0.4325,0.5,0.8445,0.373,0.5055,0.454,0.4985,0.4945,-0.378,-0.001,0.961,0.55294,0.28824,0.30588,0.67647,0.5,0.5,0.5,0.5,0.73778,1.00667,0.41156,0.35422,0.46578,0.45156,0.44489,0.47289,0.5,0.5,0.33529,0.68824,0.51176,0.50588,0.5,0.50588,0.506,0.5,0.578,0.497,0.5055,0.478,0.4985,0.5035,-0.304,0.07,1.009
0.77867,1.00578,0.31289,0.44533,0.46667,0.452,0.44533,0.472,0.55294,0.5,0.29412,0.68235,0.5,0.5,0.50588,0.46471,0.491,0.5,0.5745,0.5,0.496,0.475,0.4975,0.506,-0.409,-0.024,0.963,0.1,0.37647,0.41765,0.32941,0.5,0.5,0.5,0.5,0.67956,1.00444,0.18178,0.496,0.46578,0.45067,0.43867,0.46933,0.11176,0.5,0.42353,0.32941,0.50588,0.48235,0.5,0.5,0.482,0.5,0.5215,0.4665,0.5065,0.4815,0.528,0.5055,-0.06,-0.168,1.045
0.46844,1.00311,0.14178,0.41111,0.46711,0.44711,0.43689,0.46978,0.08824,0.50588,0.45294,0.32941,0.50588,0.5,0.5,0.51176,0.485,0.5,0.502,0.4595,0.4955,0.4985,0.536,0.5055,0.075,-0.21,1.025,0.45882,0.28824,0.74118,0.41765,0.5,0.5,0.5,0.5,0.22356,1.00489,0.17244,0.32044,0.46622,0.44622,0.43689,0.47022,0.49412,0.50588,0.71176,0.5,0.5,0.5,0.50588,0.51176,0.4865,0.5,0.5195,0.28,0.504,0.5015,0.5375,0.505,0.164,-0.14,1.029
0.204,1.00622,0.264,0.29778,0.46578,0.44622,0.44044,0.47644,0.46471,0.50588,0.71765,0.38824,0.5,0.5,0.50588,0.50588,0.4865,0.5,0.666,0.1805,0.506,0.502,0.5205,0.495,0.09,-0.082,1.051,0.99412,0.40588,0.60588,0.66471,0.5,0.5,0.5,0.5,0.14311,1.01022,0.39778,0.26489,0.46667,0.44622,0.44044,0.47644,0.52353,0.50588,0.55294,0.69412,0.50588,0.5,0.5,0.50588,0.82,0.5,0.8755,0.37,0.497,0.502,0.5195,0.4945,-0.058,-0.104,1.01
0.15067,1.01022,0.45422,0.34133,0.46578,0.44667,0.44044,0.47733,0.5,0.51176,0.56471,0.67059,0.5,0.50588,0.5,0.51176,0.8375,0.5,0.8655,0.4065,0.505,0.5005,0.5195,0.4945,-0.269,-0.161,0.983,0.77059,0.45294,0.47647,0.62353,0.5,0.5,0.5,0.5,0.15111,1.00844,0.51111,0.46578,0.46089,0.45289,-0.44444,-0.44444,0.50588,0.49412,0.5,0.58824,0.48824,0.5,0.5,0.5,0.8275,0.5,0.8585,0.4955,0.505,0.5,0.5,0.5,-0.013,-0.17,0.934
-0.44444,-0.44444,-0.44444,-0.44444,-0.44444,-0.44444,-0.44444,-0.44444,0.5,0.5,0.5,0.5,0.5,0.5,0.5,0.5,0.5,0.5,0.5,0.5,0.5,0.5,0.5,0.5,-0.016,-0.256,1.012,0.93529,1.25294,1.07059,0.92353,0.5,0.5,0.5,0.5,-0.44444,-0.44444,-0.44444,-0.44444,-0.44444,-0.44444,-0.44444,-0.44444,0.5,0.5,0.5,0.5,0.5,0.5,0.5,0.5,0.5,0.5,0.5,0.5,0.5,0.5,0.5,0.5,-0.008,-0.251,1.015
-0.44444,-0.44444,-0.44444,-0.44444,-0.44444,-0.44444,-0.44444,-0.44444,0.5,0.5,0.5,0.5,0.5,0.5,0.5,0.5,0.5,0.5,0.5,0.5,0.5,0.5,0.5,0.5,-0.013,-0.25,1.009,1.2,1.48824,0.9,1.27059,0.5,0.5,0.5,0.5,-0.44444,-0.44444,-0.44444,-0.44444,-0.44444,-0.44444,-0.44444,-0.44444,0.5,0.5,0.5,0.5,0.5,0.5,0.5,0.5,0.5,0.5,0.5,0.5,0.5,0.5,0.5,0.5,-0.011,-0.252,1.01
0.47244,0.43956,0.46044,0.43778,0.47111,0.49956,0.476,0.46756,0.49412,0.5,0.5,0.5,0.50588,0.5,0.5,0.5,0.5045,0.507,0.5075,0.5035,0.494,0.495,0.4955,0.5,-0.028,0.032,1.027,0.66471,0.58235,0.28235,0.51765,0.5,0.5,0.5,0.5,0.52444,0.44311,0.39067,0.43689,0.46978,0.49911,0.47556,0.46667,0.7,0.54706,0.3,0.5,0.5,0.5,0.49412,0.50588,0.507,0.522,0.4945,0.534,0.5055,0.498,0.4965,0.5055,-0.037,-0.01,1.042
0.62444,0.46267,0.28356,0.43644,0.47067,0.49822,0.46711,0.46844,0.66471,0.52941,0.25294,0.5,0.50588,0.5,0.47647,0.51176,0.496,0.5485,0.4715,0.579,0.4965,0.502,0.535,0.4945,-0.114,-0.188,1.055,0.30588,0.32353,0.72941,0.33529,0.5,0.5,0.5,0.5,0.66089,0.48044,0.22311,0.39911,0.47067,0.49956,0.47244,0.46756,0.31176,0.48824,0.71176,0.38235,0.50588,0.5,0.54118,0.5,0.487,0.5075,0.5135,0.5405,0.4965,0.497,0.5145,0.5,-0.143,-0.088,1.02
0.54711,0.41956,0.30844,0.32489,0.46622,0.5,0.47556,0.46667,0.27059,0.35882,0.67647,0.34706,0.48235,0.5,0.5,0.50588,0.494,0.4905,0.6605,0.495,0.5055,0.4945,0.497,0.5055,-0.295,0.036,0.981,0.82941,0.54706,0.67647,0.44118,0.5,0.5,0.5,0.5,0.40711,0.32667,0.46444,0.21822,0.46311,0.50044,0.47511,0.46711,0.5,0.5,0.55882,0.44706,0.51765,0.5,0.5,0.5,0.711,0.493,0.846,0.4445,0.504,0.493,0.5,0.5055,-0.481,0.105,0.965
0.41911,0.348,0.52844,0.18933,0.47111,0.50044,0.47511,0.46667,0.50588,0.51765,0.67647,0.44118,0.5,0.5,0.5,0.50588,0.8505,0.5065,0.9505,0.4375,0.496,0.4935,0.5,0.5035,-0.411,0.126,0.911,0.64706,0.82941,0.41765,0.61176,0.5,0.5,0.5,0.5,0.41911,0.46933,0.55289,0.18444,0.47156,0.50044,0.47511,0.46711,0.50588,0.83529,0.5,0.61765,0.50588,0.5,0.5,0.51176,0.842,0.5135,0.872,0.4985,0.495,0.4935,0.5,0.5015,-0.488,0.103,0.917
0.41911,0.63289,0.55289,0.23422,0.472,0.50044,0.47556,0.468,0.50588,0.78235,0.5,0.59412,0.5,0.5,0.5,0.5,0.843,0.5185,0.672,0.51,0.4945,0.4935,0.4985,0.4965,-0.533,0.091,0.877,0.71765,0.27059,0.54118,0.42353,0.5,0.5,0.5,0.5,0.62667,0.8,0.51378,0.27822,0.47467,0.5,0.47467,0.46756,0.78824,0.31765,0.5,0.42941,0.51765,0.5,0.5,0.5,0.633,0.479,0.6875,0.4915,0.4945,0.4945,0.5015,0.5,-0.125,0.162,1.108
0.832,0.68267,0.52044,0.24133,0.48,0.50489,0.47467,0.46711,1.12353,0.25882,0.53529,0.44706,0.5,0.5,0.5,0.50588,0.521,0.4815,0.759,0.4815,0.494,0.4715,0.5015,0.5035,-0.493,0.113,0.886,0.43529,0.48235,0.55294,0.65882,0.5,0.5,0.5,0.5,0.97689,0.5,0.61867,0.21289,0.47511,0.50089,0.47644,0.46756,0.50588,0.4,0.54706,0.60588,0.5,0.5,0.5,0.51176,0.494,0.511,0.499,0.654,0.494,0.49,0.4925,0.4995,-0.411,0.125,0.929
0.96622,0.47378,0.64311,0.26933,0.47067,0.49822,0.476,0.46844,0.43529,0.4,0.55882,0.55882,0.5,0.5,0.5,0.50588,0.483,0.523,0.503,0.7685,0.4965,0.5025,0.4955,0.495,-0.436,0.089,0.906,0.1,0.78824,0.27059,0.53529,0.5,0.5,0.5,0.5,0.86533,0.45867,0.628,0.336,0.464,0.49867,0.47511,0.47156,0.28824,0.50588,0.38824,0.5,0.48824,0.5,0.5,0.50588,0.3735,0.7135,0.3595,0.9585,0.505,0.5,0.499,0.496,-0.403,0.08,0.938
0.86089,0.45956,0.56267,0.336,0.45289,0.49867,0.47511,0.47156,0.50588,0.50588,0.27059,0.5,0.47059,0.5,0.5,0.5,0.183,0.8715,0.112,0.9995,0.509,0.5,0.499,0.496,-0.382,0.056,0.926,0.55882,0.52941,0.25882,0.48235,0.5,0.5,0.5,0.5,0.86178,0.45956,0.49022,0.33644,0.44667,0.49867,0.47556,0.47156,0.50588,0.50588,0.5,0.5,0.5,0.5,0.5,0.5,0.233,0.8565,0.0,0.972,0.512,0.501,0.497,0.4955,-0.332,0.102,0.959
0.86133,0.45956,0.49022,0.33644,0.44667,0.49867,0.47556,0.47156,0.5,0.50588,0.5,0.5,0.5,0.5,0.5,0.5,0.29,0.8535,0.0,0.9295,0.512,0.501,0.497,0.4955,-0.336,0.111,0.957,0.39412,0.62353,0.5,0.34118,0.5,0.5,0.5,0.5,0.86178,0.35422,0.46622,0.33733,0.44711,0.49956,0.47556,0.47156,0.50588,-0.03529,0.49412,0.5,0.51176,0.5,0.5,0.50588,0.2535,0.5,0.1125,0.6275,0.512,0.4975,0.497,0.4945,-0.103,0.181,0.994
0.86089,0.23467,0.46578,0.27378,0.44844,0.49911,0.47556,0.47067,0.5,0.5,0.49412,0.35294,0.5,0.5,0.5,0.5,0.18,0.5,0.116,0.5145,0.512,0.4985,0.497,0.4945,-0.009,0.196,1.006,0.17059,1.0,0.37059,0.46471,0.5,0.5,0.5,0.5,0.86089,0.25289,0.41422,0.17289,0.45467,0.49956,0.47556,0.46711,0.50588,0.52353,0.33529,0.45882,0.50588,0.5,0.5,0.50588,0.1855,0.5,0.155,0.51,0.5075,0.4965,0.4975,0.5035,0.16,0.256,1.033
0.86133,0.26267,0.39422,0.15511,0.45467,0.49956,0.47511,0.46711,0.5,0.51765,0.5,0.47059,0.50588,0.5,0.5,0.50588,0.194,0.5,0.007,0.509,0.5075,0.4965,0.498,0.5035,0.243,0.147,0.812,0.51765,0.36471,0.57059,0.78824,0.5,0.5,0.5,0.5,1.0,0.28,0.28844,0.18889,0.45378,0.49689,0.47467,0.47733,0.5,0.52353,0.52941,0.69412,0.49412,0.5,0.5,0.50588,0.5,0.5,0.4075,0.704,0.51,0.509,0.5015,0.494,-0.091,0.228,0.954
1.00044,0.25911,0.324,0.32178,0.45111,0.49689,0.47422,0.47733,0.50588,0.36471,0.55294,0.75294,0.5,0.5,0.49412,0.50588,0.5,0.5,0.412,0.777,0.5115,0.509,0.5015,0.494,-0.305,0.147,0.986,0.09412,1.00588,0.6,0.39412,0.5,0.5,0.5,0.5,0.99956,0.12222,0.38756,0.48978,0.45022,0.49689,0.46756,0.47556,0.5,0.48824,0.55882,0.5,0.5,0.50588,0.5,0.50588,0.5,0.5,0.4695,0.626,0.513,0.5085,0.534,0.494,-0.297,-0.048,0.85
0.99956,0.11956,0.43689,0.45422,0.45467,0.49778,0.46844,0.47511,0.50588,0.5,0.58824,0.44118,0.53529,0.50588,0.5,0.5,0.5,0.5,0.487,0.5385,0.508,0.505,0.5315,0.494,-0.251,0.037,1.005,0.27647,0.84706,0.57059,0.68824,0.5,0.5,0.5,0.5,0.99867,0.13956,0.51333,0.43778,0.46978,0.49867,0.46978,0.47511,0.50588,0.52353,0.55882,0.64706,0.50588,0.5,0.5,0.49412,0.5,0.5,0.5065,0.617,0.506,0.5005,0.5245,0.494,-0.329,-0.013,0.98
0.99778,0.11733,0.55156,0.51733,0.46978,0.49822,0.46978,0.47511,0.5,0.39412,0.57059,0.68824,0.50588,0.5,0.5,0.5,0.5,0.5,0.5005,0.6925,0.506,0.503,0.5245,0.4945,-0.38,-0.076,0.936,-0.14706,0.92941,0.30588,0.35882,0.5,0.5,0.5,0.5,0.99733,-0.03778,0.53778,0.61467,0.46978,0.49822,0.47467,0.47467,0.50588,0.42353,0.32353,0.35294,0.51176,0.5,0.5,0.5,0.5,0.5,0.4535,0.5085,0.5055,0.503,0.5005,0.494,-0.22,-0.028,0.998
0.99822,-0.03556,0.44533,0.548,0.46933,0.49822,0.47467,0.47467,0.5,0.52353,0.30588,0.36471,0.5,0.5,0.5,0.5,0.5,0.5,0.422,0.5,0.506,0.503,0.5015,0.494,-0.119,-0.018,1.03,0.12941,0.67647,0.47647,0.32353,0.5,0.5,0.5,0.5,1.0,-0.01022,0.34222,0.404,0.47111,0.49867,0.47556,0.47333,0.50588,0.52941,0.48824,0.33529,0.50588,0.5,0.5,0.49412,0.5,0.5,0.326,0.5,0.494,0.5015,0.4975,0.4945,0.06,0.031,1.022
1.00044,0.00267,0.32756,0.31733,0.47111,0.49956,0.476,0.46533,0.50588,0.52353,0.5,0.33529,0.50588,0.5,0.5,0.50588,0.5,0.5,0.338,0.4985,0.494,0.497,0.497,0.5055,0.084,0.123,1.024,0.04706,0.54706,0.48235,0.44118,0.5,0.5,0.5,0.5,1.00089,0.01733,0.31244,0.19333,0.47067,0.5,0.47556,0.46622,0.50588,0.50588,0.5,0.45882,0.49412,0.5,0.5,0.5,0.5,0.5,0.315,0.4955,0.495,0.495,0.497,0.5055,0.127,0.172,1.004
1.00089,0.02267,0.30533,0.16489,0.47067,0.50044,0.47556,0.46622,0.50588,0.51765,0.48235,0.44706,0.5,0.5,0.5,0.5,0.5,0.5,0.3055,0.487,0.4965,0.4935,0.4975,0.5055,0.138,0.224,0.984,0.18824,0.54118,0.62941,0.83529,0.5,0.5,0.5,0.5,1.00089,0.03111,0.31111,0.22133,0.47111,0.5,0.47467,0.46889,0.50588,0.51176,0.60588,0.75882,0.50588,0.5,0.49412,0.50588,0.5,0.5,0.4355,0.5845,0.494,0.4945,0.5,0.4945,-0.099,0.144,1.062
1.00089,0.03733,0.37911,0.36933,0.45911,0.49822,0.47422,0.47067,0.5,0.52353,0.64118,0.79412,0.44706,0.5,0.5,0.50588,0.5,0.5,0.429,0.6975,0.5085,0.503,0.5035,0.4945,-0.335,-0.051,0.971,0.39412,0.65294,0.37647,0.22353,0.5,0.5,0.5,0.5,0.99956,-0.008,0.416,0.51556,0.45689,0.49822,0.47378,0.46889,0.51176,0.54706,0.37647,0.23529,0.52353,0.5,0.5,0.5,0.5,0.5,0.42,0.5015,0.507,0.503,0.505,0.494,-0.066,0.017,1.025
1.00044,0.00711,0.36267,0.37244,0.47156,0.49867,0.47467,0.468,0.5,0.51765,0.38824,0.22941,0.5,0.5,0.5,0.49412,0.5,0.5,0.374,0.5,0.4945,0.501,0.5015,0.4965,0.163,0.124,1.0,-0.11176,1.17059,0.41765,0.75882,0.5,0.5,0.5,0.5,1.00133,0.02267,0.29156,0.272,0.46889,0.49822,0.47467,0.46889,0.5,0.51765,0.47647,0.69412,0.49412,0.5,0.5,0.50588,0.5,0.5,0.2325,0.626,0.505,0.5025,0.501,0.4945,0.074,0.09,1.022
1.00178,0.03067,0.26756,0.392,0.45511,0.49644,0.47467,0.46889,0.5,0.52353,0.43529,0.80588,0.5,0.5,0.5,0.5,0.5,0.5,0.1485,0.689,0.5085,0.5115,0.501,0.4945,0.051,0.205,0.985,0.49412,0.88235,0.74706,0.33529,0.5,0.5,0.5,0.5,1.00222,-0.05289,0.24356,0.52622,0.45511,0.49733,0.47333,0.46844,0.50588,0.5,0.71176,0.35882,0.51176,0.5,0.5,0.5,0.5,0.5,0.4215,0.505,0.5085,0.508,0.507,0.4945,0.176,0.02,0.776
1.00044,-0.04756,0.35644,0.44889,0.46311,0.49689,0.47378,0.468,0.5,0.51765,0.70588,0.37647,0.53529,0.5,0.5,0.5,0.5,0.5,0.4995,0.4855,0.5055,0.51,0.5055,0.4965,0.054,0.002,1.009,-0.01765,0.64118,0.48824,0.53529,0.5,0.5,0.5,0.5,0.99867,-0.02444,0.49422,0.35778,0.47111,0.49956,0.47556,0.46711,0.50588,0.51765,0.5,0.52941,0.50588,0.5,0.5,0.5,0.5,0.5,0.507,0.51,0.494,0.4975,0.497,0.5035,-0.065,0.034,1.04
0.99867,-0.01511,0.48978,0.372,0.47067,0.49956,0.47556,0.46711,0.50588,0.52353,0.48824,0.51765,0.5,0.5,0.5,0.51176,0.5,0.5,0.499,0.5285,0.4965,0.4975,0.497,0.5035,-0.066,0.035,1.033,0.35294,0.88824,0.47059,0.39412,0.5,0.5,0.5,0.5,0.99867,0.00578,0.48,0.36356,0.47111,0.49956,0.47556,0.46667,0.50588,0.52941,0.47647,0.40588,0.50588,0.5,0.5,0.51176,0.5,0.5,0.467,0.4975,0.494,0.498,0.497,0.5035,-0.039,0.047,1.031
0.99867,0.016,0.46489,0.31156,0.47111,0.5,0.47556,0.46667,0.50588,0.52353,0.46471,0.4,0.50588,0.5,0.5,0.50588,0.5,0.5,0.4645,0.4885,0.494,0.4955,0.497,0.5035,-0.023,0.201,1.035,0.32353,0.75882,0.40588,0.4,0.5,0.5,0.5,0.5,0.99867,0.03111,0.42044,0.21378,0.472,0.5,0.47511,0.46711,0.50588,0.51176,0.40588,0.4,0.50588,0.5,0.5,0.51176,0.5,0.5,0.4455,0.494,0.494,0.4955,0.4985,0.5035,-0.008,0.199,1.019
0.99956,0.03644,0.376,0.16267,0.47156,0.50044,0.47511,0.46667,0.51176,0.51176,0.41176,0.40588,0.5,0.5,0.5,0.50588,0.5,0.5,0.4295,0.4935,0.494,0.493,0.498,0.5035,0.055,0.253,0.98,0.45294,0.60588,0.57647,0.74706,0.5,0.5,0.5,0.5,1.00089,0.04222,0.33689,0.17556,0.472,0.50267,0.47511,0.46844,0.50588,0.51176,0.54706,0.68824,0.50588,0.5,0.5,0.51176,0.5,0.5,0.468,0.5405,0.494,0.4825,0.4985,0.4945,-0.053,0.198,1.01
1.00089,0.04533,0.37511,0.27911,0.472,0.49867,0.47422,0.47733,0.50588,0.51176,0.58235,0.72353,0.49412,0.5,0.5,0.51176,0.5,0.5,0.474,0.649,0.4945,0.501,0.503,0.4935,-0.205,0.107,0.993,-0.09412,0.59412,0.36471,0.6,0.5,0.5,0.5,0.5,1.00089,0.05956,0.41067,0.44089,0.45111,0.49822,0.47156,0.47733,0.50588,0.52353,0.34706,0.58235,0.5,0.5,0.5,0.50588,0.5,0.5,0.3045,0.7375,0.5115,0.5035,0.5155,0.4935,-0.191,0.104,0.954
1.00089,0.06444,0.34844,0.50089,0.45111,0.49822,0.47156,0.47733,0.49412,0.48235,0.47059,0.61176,0.5,0.5,0.5,0.50588,0.5,0.5,0.274,0.697,0.5105,0.5035,0.5155,0.4935,-0.128,0.067,1.068,0.18824,0.57647,0.35882,0.3,0.5,0.5,0.5,0.5,1.00222,-0.04711,0.22444,0.52533,0.45111,0.49822,0.47556,0.47644,0.50588,0.48824,0.35294,0.31765,0.50588,0.5,0.5,0.5,0.5,0.5,0.2585,0.5055,0.511,0.5035,0.497,0.4935,0.128,0.258,1.019
1.00267,-0.044,0.15289,0.43156,0.45156,0.5,0.47556,0.47378,0.50588,0.55294,0.30588,0.31765,0.5,0.50588,0.5,0.48235,0.5,0.5,0.254,0.5,0.5105,0.496,0.4965,0.4945,0.214,0.269,0.967,-0.12941,1.11765,0.59412,0.66471,0.5,0.5,0.5,0.5,1.00311,-0.02089,0.06489,0.36267,0.45156,0.50356,0.47422,0.46844,0.50588,0.52353,0.5,0.62353,0.50588,0.5,0.49412,0.50588,0.5,0.5,0.422,0.5295,0.511,0.479,0.501,0.494,0.194,0.237,0.985
1.00267,-0.016,0.112,0.43689,0.45156,0.50267,0.47422,0.46889,0.5,0.48824,0.58235,0.64118,0.50588,0.5,0.5,0.50588,0.5,0.5,0.432,0.5775,0.511,0.4825,0.5025,0.4945,0.122,0.211,0.995,0.18824,0.62941,0.79412,0.52353,0.5,0.5,0.5,0.5,1.00178,-0.05511,0.25822,0.54533,0.46222,0.49822,0.46756,0.468,0.5,0.49412,0.77059,0.55294,0.51176,0.5,0.5,0.5,0.5,0.5,0.499,0.5605,0.506,0.5025,0.5345,0.4945,0.002,0.148,2.0
1.00089,-0.05689,0.404,0.56044,0.46444,0.49867,0.47067,0.468,0.49412,0.48824,0.75294,0.57059,0.51176,0.5,0.5,0.5,0.5,0.5,0.5,0.547,0.5055,0.502,0.5195,0.4965,-0.112,0.006,1.06,0.05294,1.04118,0.33529,0.39412,0.5,0.5,0.5,0.5,0.99867,-0.05556,0.52133,0.55022,0.46978,0.49867,0.47067,0.468,0.5,0.50588,0.35294,0.4,0.50588,0.5,0.5,0.5,0.5,0.5,0.4955,0.4905,0.506,0.5015,0.5195,0.4945,-0.044,-0.009,1.03
0.99867,-0.05422,0.44622,0.49644,0.46978,0.49867,0.47156,0.468,0.5,0.50588,0.34706,0.39412,0.49412,0.5,0.5,0.5,0.5,0.5,0.4565,0.4925,0.506,0.502,0.5155,0.4965,0.031,0.007,1.038,0.42941,0.81176,0.48824,0.55882,0.5,0.5,0.5,0.5,0.99956,-0.04,0.35556,0.44978,0.46978,0.49822,0.47111,0.468,0.50588,0.50588,0.5,0.55882,0.49412,0.5,0.5,0.51176,0.5,0.5,0.402,0.513,0.5055,0.5035,0.5165,0.494,0.081,0.017,1.033
0.99956,-0.03867,0.35156,0.47244,0.46933,0.49822,0.47156,0.46844,0.50588,0.5,0.5,0.54118,0.5,0.5,0.5,0.50588,0.5,0.5,0.392,0.5465,0.5055,0.5035,0.5155,0.4945,0.059,0.006,1.035,-0.01176,0.84706,0.45294,0.37059,0.5,0.5,0.5,0.5,1.0,-0.04178,0.33511,0.47378,0.46489,0.49822,0.47156,0.468,0.50588,0.5,0.48235,0.39412,0.50588,0.5,0.5,0.5,0.5,0.5,0.3615,0.499,0.5055,0.5035,0.5155,0.496,0.14,0.03,1.016
1.00089,-0.03467,0.32,0.40889,0.47111,0.49867,0.47156,0.468,0.50588,0.53529,0.48824,0.35882,0.50588,0.5,0.5,0.49412,0.5,0.5,0.32,0.4945,0.4945,0.502,0.5155,0.4955,0.14,0.003,1.03,-0.14706,0.68235,0.52941,0.55294,0.5,0.5,0.5,0.5,1.00178,-0.01111,0.29511,0.33556,0.47111,0.49822,0.47511,0.468,0.50588,0.52353,0.5,0.54118,0.50588,0.48824,0.50588,0.50588,0.5,0.5,0.3505,0.5615,0.494,0.5025,0.499,0.4965,0.151,0.024,1.013
1.00133,-0.44444,-0.44444,-0.44444,-0.44444,-0.44444,-0.44444,-0.44444,0.5,0.5,0.5,0.5,0.5,0.5,0.5,0.5,0.5,0.5,0.5,0.5,0.5,0.5,0.5,0.5,-0.04,0.122,0.957,1.30588,1.1,1.01765,1.18235,0.5,0.5,0.5,0.5,-0.44444,-0.44444,-0.44444,-0.44444,-0.44444,-0.44444,-0.44444,-0.44444,0.5,0.5,0.5,0.5,0.5,0.5,0.5,0.5,0.5,0.5,0.5,0.5,0.5,0.5,0.5,0.5,-0.032,0.21,1.004
0.46444,0.47733,0.46178,0.47289,0.46267,0.46578,0.47244,0.46533,0.5,0.50588,0.5,0.5,0.5,0.5,0.5,0.50588,0.5,0.494,0.5,0.5,0.5025,0.5,0.5,0.5,0.008,0.02,1.025,0.48235,0.47059,0.47647,0.29412,0.5,0.5,0.5,0.5,0.45689,0.47778,0.45289,0.41467,0.46356,0.46533,0.472,0.46578,0.49412,0.50588,0.48235,0.3,0.51176,0.5,0.5,0.49412,0.5015,0.491,0.502,0.4485,0.494,0.501,0.5015,0.4965,0.04,0.07,0.956
0.44667,0.472,0.44,0.30178,0.46311,0.47556,0.47333,0.46489,0.47059,0.41765,0.48235,0.26471,0.48235,0.51176,0.49412,0.51176,0.5065,0.4885,0.508,0.481,0.5035,0.4545,0.4945,0.5035,-0.118,0.097,1.0,0.65882,0.48235,0.62353,0.41765,0.5,0.5,0.5,0.5,0.41867,0.44311,0.41956,0.16089,0.45911,0.47556,0.472,0.46489,0.5,0.49412,0.56471,0.44118,0.5,0.5,0.5,0.49412,0.5855,0.4895,0.733,0.44,0.505,0.453,0.5015,0.5055,-0.201,0.169,1.002
0.42044,0.43689,0.47733,0.11867,0.45956,0.476,0.472,0.46489,0.5,0.5,0.63529,0.44118,0.51176,0.5,0.5,0.50588,0.723,0.4885,0.7595,0.441,0.505,0.4525,0.5015,0.5035,-0.396,0.16,0.93,0.41176,0.34118,0.40588,0.65294,0.5,0.5,0.5,0.5,0.64622,0.37511,0.55378,0.11244,0.48044,0.476,0.472,0.46489,0.58235,0.35882,0.51765,0.64706,0.51176,0.5,0.5,0.50588,0.489,0.4835,0.599,0.499,0.4895,0.451,0.5015,0.5035,-0.182,0.235,1.042
0.64667,0.29556,0.53289,0.19022,0.48089,0.476,0.472,0.46489,0.50588,0.34706,0.37059,0.64118,0.50588,0.5,0.5,0.50588,0.448,0.483,0.464,0.5,0.489,0.451,0.5015,0.5045,-0.207,0.216,0.992,0.74118,0.79412,0.35882,0.37647,0.5,0.5,0.5,0.5,0.65422,0.26356,0.42489,0.24489,0.48044,0.476,0.472,0.46444,0.65294,0.78235,0.34706,0.38235,0.5,0.5,0.5,0.50588,0.486,0.5115,0.4895,0.4565,0.489,0.451,0.5015,0.5035,-0.149,0.177,1.031
0.77111,0.41422,0.344,0.17911,0.48044,0.476,0.472,0.46489,0.74706,0.78824,0.34706,0.35882,0.5,0.5,0.5,0.50588,0.4895,0.5135,0.5,0.4685,0.4895,0.451,0.5015,0.5035,-0.174,0.149,0.978,0.27059,0.31765,0.48824,0.69412,0.5,0.5,0.5,0.5,0.90844,0.55156,0.25556,0.16222,0.47822,0.47556,0.47244,0.46578,0.49412,0.34118,0.47059,0.67059,0.50588,0.5,0.50588,0.5,0.3615,0.491,0.535,0.51,0.491,0.4525,0.5,0.4965,-0.182,0.172,0.996
0.84889,0.45156,0.25333,0.25156,0.46844,0.47556,0.47289,0.46578,0.24118,0.30588,0.47647,0.67647,0.47059,0.49412,0.5,0.5,0.3065,0.4935,0.5195,0.557,0.4945,0.453,0.498,0.4965,-0.322,0.062,0.965,0.44706,0.30588,0.72941,0.42353,0.5,0.5,0.5,0.5,0.52178,0.26978,0.27556,0.33422,0.46311,0.47022,0.47333,0.46533,0.38235,0.44706,0.67059,0.50588,0.5,0.5,0.5,0.5,0.5105,0.493,0.7425,0.593,0.4965,0.4775,0.496,0.4955,-0.421,0.061,0.914
0.47333,0.19911,0.364,0.316,0.46311,0.47067,0.47289,0.46489,0.42353,0.31765,0.65882,0.43529,0.5,0.5,0.5,0.5,0.527,0.4815,0.877,0.492,0.4975,0.476,0.4975,0.503,-0.495,0.101,0.968,0.89412,0.63529,0.34706,0.60588,0.5,0.5,0.5,0.5,0.43067,0.09867,0.41111,0.30444,0.46311,0.47067,0.472,0.46667,0.7,0.62941,0.5,0.6,0.50588,0.5,0.48824,0.50588,0.738,0.507,0.7615,0.5,0.497,0.476,0.502,0.494,-0.512,0.16,0.873
0.65067,0.16711,0.34089,0.35733,0.46311,0.47067,0.47244,0.46578,0.99412,0.64706,0.32941,0.60588,0.50588,0.5,0.5,0.50588,0.7015,0.507,0.7165,0.506,0.497,0.476,0.5,0.496,-0.54,0.081,0.882,0.41176,0.65294,0.44118,0.62353,0.5,0.5,0.5,0.5,1.01022,0.23422,0.26444,0.42756,0.464,0.47067,0.47244,0.46622,0.50588,0.52941,0.43529,0.53529,0.50588,0.5,0.5,0.50588,0.497,0.5785,0.5595,0.6655,0.494,0.476,0.4995,0.495,-0.493,0.037,0.891
0.99511,0.26044,0.23556,0.45911,0.46311,0.47022,0.47244,0.46667,0.5,0.5,0.43529,0.62353,0.49412,0.49412,0.5,0.50588,0.481,0.679,0.552,0.8175,0.4955,0.4765,0.5,0.4955,-0.499,0.005,0.877,0.22941,0.8,0.67059,0.32353,0.5,0.5,0.5,0.5,0.90978,0.28178,0.24089,0.49156,0.46311,0.46756,0.47244,0.46711,0.27059,0.71765,0.61765,0.49412,0.5,0.5,0.5,0.5,0.4285,0.831,0.6325,0.7215,0.4965,0.4905,0.5,0.495,-0.564,-0.027,0.897
0.72133,0.43111,0.32222,0.40889,0.46356,0.46622,0.47244,0.46667,0.14118,0.81176,0.66471,0.30588,0.5,0.5,0.5,0.5,0.4815,0.779,0.66,0.6825,0.4965,0.4965,0.5,0.495,-0.587,-0.065,0.893,0.51765,0.24118,0.46471,0.54706,0.5,0.5,0.5,0.5,0.516,0.65156,0.40622,0.31778,0.46311,0.46622,0.47244,0.46667,0.5,0.50588,0.5,0.5,0.50588,0.5,0.5,0.5,0.515,0.5375,0.6855,0.692,0.4945,0.4965,0.5,0.4945,-0.554,-0.021,0.863
0.51556,0.56844,0.40044,0.33378,0.46311,0.46622,0.47244,0.46667,0.5,0.25882,0.46471,0.60588,0.50588,0.5,0.5,0.5,0.5235,0.507,0.6255,0.7335,0.4945,0.496,0.5,0.4945,-0.508,-0.018,0.861,0.67059,0.75294,0.44706,0.68824,0.5,0.5,0.5,0.5,0.51644,0.42,0.36978,0.39467,0.46311,0.46667,0.472,0.46711,0.53529,0.5,0.47647,0.51176,0.5,0.5,0.5,0.50588,0.597,0.638,0.5895,0.87,0.4945,0.4955,0.501,0.496,-0.52,-0.028,0.853
0.604,0.42356,0.34311,0.42489,0.46356,0.46533,0.47156,0.46711,0.52353,0.65882,0.43529,0.5,0.50588,0.5,0.5,0.50588,0.597,0.8175,0.583,0.9965,0.4945,0.502,0.503,0.496,-0.544,-0.078,0.873,0.14118,0.77059,0.41176,0.47059,0.5,0.5,0.5,0.5,0.68756,0.45022,0.296,0.42444,0.46311,0.46533,0.47156,0.46756,0.27647,0.50588,0.44118,0.5,0.49412,0.5,0.5,0.50588,0.487,0.856,0.517,0.9555,0.4965,0.5015,0.503,0.4955,-0.498,-0.133,0.88
0.52267,0.45022,0.26089,0.424,0.46267,0.46578,0.47156,0.46756,0.14118,0.50588,0.44706,0.5,0.49412,0.5,0.5,0.50588,0.4795,0.8535,0.475,0.886,0.5,0.4995,0.5035,0.4955,-0.49,-0.163,0.875,0.84118,0.76471,0.62353,0.49412,0.5,0.5,0.5,0.5,0.38756,0.44978,0.24889,0.424,0.46178,0.46578,0.47156,0.46667,0.85294,0.50588,0.57647,0.5,0.48824,0.51176,0.5,0.49412,0.513,0.8475,0.4985,0.793,0.5055,0.499,0.503,0.495,-0.574,-0.381,0.952
0.50267,0.25556,0.26489,0.43378,0.45867,0.46667,0.472,0.46622,0.81176,0.46471,0.5,0.51176,0.5,0.5,0.5,0.5,0.587,0.5,0.699,0.732,0.505,0.4955,0.5,0.4945,-0.525,-0.102,0.942,0.31176,0.38235,0.38235,0.60588,0.5,0.5,0.5,0.5,0.60978,0.22933,0.28667,0.46933,0.45867,0.46622,0.47244,0.46578,0.50588,0.43529,0.5,0.52941,0.50588,0.5,0.5,0.50588,0.5885,0.5,0.7625,0.713,0.5055,0.497,0.4995,0.495,-0.538,-0.086,0.905
0.59067,0.19467,0.268,0.5,0.45911,0.46622,0.47156,0.46533,0.35294,0.44706,0.44118,0.59412,0.50588,0.5,0.5,0.50588,0.51,0.5,0.565,0.8215,0.5055,0.497,0.504,0.5,-0.396,-0.218,0.895,0.65294,0.70588,0.40588,0.42353,0.5,0.5,0.5,0.5,0.53244,0.08089,0.17911,0.56667,0.46356,0.46489,0.472,0.46444,0.62941,0.42941,0.41176,0.5,0.5,0.5,0.5,0.5,0.519,0.5,0.5,0.6825,0.4945,0.503,0.5025,0.5055,-0.335,-0.283,0.943
0.60933,0.06356,0.132,0.55733,0.46311,0.46533,0.472,0.46444,0.65294,0.49412,0.41176,0.43529,0.5,0.5,0.5,0.5,0.5205,0.5,0.5,0.539,0.496,0.5015,0.5025,0.5055,-0.286,-0.273,0.964,0.48824,0.78824,0.65882,0.45882,0.5,0.5,0.5,0.5,0.70356,0.08356,0.10889,0.504,0.46356,0.46533,0.47333,0.46489,0.5,0.52941,0.57647,0.46471,0.5,0.5,0.50588,0.50588,0.511,0.5,0.5965,0.5135,0.494,0.502,0.4955,0.5035,-0.362,-0.247,0.949
0.69511,0.09644,0.16311,0.48356,0.46311,0.46533,0.47422,0.46489,0.45294,0.52353,0.65294,0.45294,0.5,0.5,0.5,0.5,0.5135,0.5,0.7285,0.5115,0.4965,0.502,0.492,0.5035,-0.443,-0.135,0.914,0.07059,0.77647,0.59412,0.32941,0.5,0.5,0.5,0.5,0.54044,0.11467,0.27867,0.40089,0.45956,0.46711,0.47289,0.46489,0.09412,0.52353,0.51765,0.34118,0.5,0.5,0.49412,0.49412,0.4945,0.5,0.771,0.5,0.5055,0.4935,0.4965,0.5035,-0.426,-0.123,0.939
0.33333,0.12222,0.348,0.32044,0.45822,0.46711,0.47244,0.46444,0.07647,0.52353,0.62941,0.35294,0.50588,0.5,0.5,0.5,0.494,0.5,0.6705,0.4875,0.5055,0.4935,0.5,0.5035,-0.391,-0.012,0.945,0.48824,0.98235,0.28235,0.72353,0.5,0.5,0.5,0.5,0.10756,0.13556,0.35689,0.28978,0.46089,0.46711,0.47289,0.46489,0.5,0.52353,0.32353,0.71176,0.51176,0.5,0.5,0.5,0.4885,0.5,0.511,0.509,0.5055,0.4935,0.499,0.5035,-0.333,-0.077,0.934
0.09822,0.14311,0.26089,0.36978,0.46356,0.46578,0.47156,0.46489,0.49412,0.52353,0.31765,0.63529,0.50588,0.5,0.5,0.5,0.4895,0.5,0.4795,0.67,0.4955,0.5,0.504,0.503,-0.346,-0.232,0.983,0.62353,0.92353,0.83529,0.34706,0.5,0.5,0.5,0.5,0.11378,0.13778,0.23733,0.47733,0.46178,0.46533,0.47378,0.46444,0.61765,0.5,0.80588,0.4,0.50588,0.5,0.5,0.49412,0.5065,0.5,0.513,0.5455,0.5055,0.5015,0.4945,0.5055,-0.383,-0.262,0.907
0.17689,0.15022,0.37556,0.40489,0.46133,0.46667,0.47333,0.46444,0.63529,0.51765,0.75882,0.38235,0.5,0.5,0.49412,0.5,0.5065,0.5,0.6615,0.5,0.5055,0.495,0.4965,0.5055,-0.459,-0.018,0.895,0.76471,0.55294,0.21176,0.6,0.5,0.5,0.5,0.5,0.20711,0.16622,0.48044,0.34978,0.46178,0.47067,0.47289,0.46533,0.54118,0.51765,0.24118,0.59412,0.50588,0.5,0.5,0.5,0.6845,0.5,0.653,0.5095,0.5055,0.476,0.4975,0.5,-0.437,-0.081,0.921
0.33644,0.17644,0.34356,0.37911,0.46178,0.47067,0.47156,0.46489,0.85294,0.52353,0.22941,0.56471,0.50588,0.5,0.5,0.51176,0.648,0.5,0.6035,0.613,0.5055,0.476,0.5035,0.498,-0.406,-0.091,0.953,0.65294,0.65882,0.76471,0.55882,0.5,0.5,0.5,0.5,0.60489,0.19778,0.23556,0.44089,0.46089,0.47022,0.47289,0.46489,0.5,0.51765,0.64118,0.54706,0.5,0.5,0.51176,0.5,0.593,0.5,0.7245,0.695,0.505,0.479,0.4995,0.5035,-0.509,-0.095,0.896
0.604,0.196,0.31467,0.48133,0.46,0.47022,0.47289,0.46533,0.5,0.48824,0.61176,0.52941,0.5,0.5,0.5,0.50588,0.723,0.5,0.9495,0.645,0.504,0.4785,0.4975,0.5,-0.547,-0.087,0.876,0.18235,0.61765,0.69412,0.37647,0.5,0.5,0.5,0.5,0.604,0.16978,0.31778,0.49733,0.46044,0.47022,0.47289,0.46533,0.50588,0.50588,0.5,0.42353,0.50588,0.5,0.50588,0.50588,0.6005,0.5,0.9995,0.537,0.5045,0.4785,0.4985,0.5,-0.547,-0.117,0.878
0.50756,0.18133,0.364,0.43733,0.46044,0.47022,0.47333,0.46489,0.13529,0.52941,0.61765,0.39412,0.50588,0.5,0.5,0.5,0.538,0.5,0.9655,0.5,0.5045,0.4785,0.4965,0.5035,-0.493,-0.059,0.859,0.94706,0.77059,0.4,0.4,0.5,0.5,0.5,0.5,0.30889,0.20133,0.44889,0.33778,0.46133,0.47022,0.47244,0.46444,0.5,0.52353,0.5,0.41765,0.50588,0.5,0.49412,0.50588,0.8425,0.5,0.8425,0.4895,0.505,0.4785,0.499,0.5035,-0.502,-0.051,0.882
0.30889,0.21156,0.428,0.296,0.46133,0.47022,0.472,0.46578,0.50588,0.52353,0.42353,0.43529,0.50588,0.5,0.5,0.52941,0.8415,0.5,0.6955,0.4455,0.505,0.4785,0.502,0.4945,-0.492,-0.027,0.898,0.96471,0.40588,0.36471,0.44118,0.5,0.5,0.5,0.5,0.46533,0.23111,0.32311,0.21778,0.46178,0.47067,0.472,0.46444,0.92941,0.51765,0.34706,0.45294,0.50588,0.5,0.5,0.50588,0.7765,0.5,0.6965,0.4395,0.505,0.4765,0.502,0.5035,-0.466,-0.03,0.929
0.60578,0.23911,0.26,0.188,0.46267,0.47067,0.472,0.46311,0.64118,0.52353,0.39412,0.45294,0.50588,0.5,0.5,0.51176,0.7945,0.5,0.673,0.436,0.5,0.4765,0.502,0.5055,-0.477,-0.025,0.911,0.27059,0.84706,0.44706,0.45294,0.5,0.5,0.5,0.5,0.772,0.25067,0.17467,0.13644,0.46267,0.47067,0.472,0.46444,0.50588,0.51765,0.43529,0.44706,0.5,0.5,0.5,0.5,0.6205,0.5,0.6095,0.442,0.5,0.4765,0.502,0.5035,-0.413,-0.024,0.94
0.75689,0.25644,0.15733,0.11244,0.46133,0.47067,0.472,0.46489,0.30588,0.51176,0.5,0.45294,0.5,0.5,0.5,0.5,0.511,0.5,0.5655,0.4405,0.506,0.4765,0.502,0.5035,-0.319,0.001,0.984,0.16471,0.41176,0.71176,0.75882,0.5,0.5,0.5,0.5,0.54889,0.26533,0.19556,0.16311,0.45911,0.47022,0.472,0.46533,0.17059,0.51765,0.68824,0.75294,0.50588,0.5,0.5,0.50588,0.489,0.5,0.568,0.5,0.5055,0.4785,0.502,0.4965,-0.287,0.017,0.938
0.36533,0.27333,0.29822,0.28756,0.45911,0.47022,0.47333,0.46533,0.17059,0.50588,0.69412,0.7,0.5,0.5,0.5,0.50588,0.493,0.5,0.592,0.5175,0.5055,0.4785,0.4975,0.5,-0.428,-0.064,0.958,0.39412,0.94118,0.31176,0.53529,0.5,0.5,0.5,0.5,0.15822,0.24089,0.37422,0.40711,0.46222,0.46533,0.47156,0.46533,0.38824,0.48824,0.33529,0.5,0.50588,0.5,0.5,0.5,0.484,0.5,0.5035,0.7365,0.5035,0.4995,0.504,0.5,-0.383,-0.129,0.939
0.10222,0.23289,0.28756,0.41689,0.46267,0.46578,0.47156,0.46533,0.38824,0.48235,0.33529,0.51176,0.50588,0.5,0.5,0.5,0.4855,0.5,0.485,0.7775,0.4965,0.4995,0.504,0.5,-0.361,-0.164,0.944,0.81176,0.67647,0.56471,0.31176,0.5,0.5,0.5,0.5,0.10889,0.21333,0.19822,0.41733,0.46311,0.46578,0.47111,0.46489,0.81765,0.51176,0.54706,0.35294,0.5,0.5,0.5,0.5,0.5135,0.5,0.4905,0.576,0.496,0.4995,0.506,0.5,-0.304,-0.152,0.984
0.27111,0.22178,0.23022,0.33556,0.46222,0.46578,0.472,0.46489,0.81176,0.51765,0.53529,0.34118,0.5,0.5,0.5,0.50588,0.512,0.5,0.498,0.4985,0.5035,0.499,0.5015,0.5035,-0.272,-0.123,0.992,0.88235,0.55294,0.61765,0.55294,0.5,0.5,0.5,0.5,0.47867,0.24444,0.23956,0.24622,0.46222,0.46578,0.472,0.46533,0.70588,0.51765,0.5,0.55294,0.50588,0.5,0.5,0.49412,0.641,0.5,0.811,0.485,0.5025,0.4995,0.5015,0.5035,-0.477,-0.021,0.917
0.60222,0.25378,0.26356,0.27289,0.46178,0.46578,0.472,0.46489,0.81765,0.51765,0.55294,0.54706,0.5,0.5,0.5,0.50588,0.76,0.5,0.975,0.49,0.504,0.4995,0.5015,0.5035,-0.491,0.005,0.897,0.61176,0.92941,0.77059,0.36471,0.5,0.5,0.5,0.5,0.66089,0.27422,0.26356,0.26933,0.46178,0.46578,0.472,0.46489,0.5,0.52941,0.5,0.35294,0.5,0.5,0.5,0.5,0.8225,0.5,0.9995,0.4355,0.504,0.4995,0.5005,0.5035,-0.49,0.002,0.892
0.452,0.464,0.44222,0.46622,0.46444,0.46533,0.46844,0.46622,0.50588,0.5,0.50588,0.5,0.5,0.5,0.5,0.5,0.5045,0.5045,0.502,0.5015,0.5,0.5,0.5,0.5035,0.001,-0.014,1.037,0.25294,0.72941,0.34118,0.6,0.5,0.5,0.5,0.5,0.38489,0.504,0.39689,0.47867,0.46489,0.46489,0.45867,0.46267,0.27647,0.68824,0.35294,0.57647,0.5,0.5,0.44706,0.48824,0.4845,0.532,0.464,0.6015,0.4955,0.502,0.5435,0.5055,-0.21,-0.265,0.994
0.26711,0.65867,0.31511,0.53644,0.46667,0.46533,0.452,0.45244,0.28235,0.82941,0.33529,0.68235,0.5,0.5,0.5,0.5,0.478,0.506,0.4645,0.5685,0.494,0.5005,0.5765,0.5085,-0.111,-0.195,0.944,1.09412,0.26471,0.6,0.45882,0.5,0.5,0.5,0.5,0.272,0.77467,0.22711,0.62222,0.45378,0.46667,0.46622,0.47733,1.11176,0.49412,0.52353,0.5,0.5,0.51176,0.5,0.50588,0.5245,0.4315,0.5965,0.3725,0.5065,0.4965,0.5085,0.4935,-0.123,-0.248,0.974
0.44044,0.75467,0.22489,0.62311,0.45333,0.46622,0.46667,0.48889,0.90588,0.50588,0.5,0.5,0.50588,0.5,0.5,0.50588,0.733,0.222,0.847,0.2695,0.505,0.496,0.508,0.488,-0.164,-0.168,0.976,0.6,0.47647,0.46471,0.35294,0.5,0.5,0.5,0.5,0.56578,0.75511,0.22444,0.61156,0.45333,0.46622,0.46667,0.48933,0.5,0.50588,0.5,0.5,0.50588,0.5,0.5,0.5,0.8435,0.1385,0.945,0.0165,0.505,0.4965,0.508,0.4885,-0.183,-0.18,0.985
0.56533,0.75511,0.22444,0.61156,0.45333,0.46622,0.46667,0.48933,0.50588,0.5,0.5,0.5,0.50588,0.5,0.5,0.5,0.8405,0.1435,0.859,0.0,0.506,0.4965,0.508,0.4885,-0.187,-0.183,0.993,0.63529,0.58235,0.57647,0.47647,0.5,0.5,0.5,0.5,0.56533,0.75511,0.22444,0.61156,0.45333,0.46622,0.46667,0.48933,0.50588,0.5,0.5,0.5,0.50588,0.5,0.5,0.5,0.831,0.2215,0.878,0.0,0.5055,0.4965,0.508,0.4885,-0.189,-0.183,1.01
0.56533,0.75511,0.22444,0.61156,0.45333,0.46622,0.46667,0.48889,0.5,0.5,0.5,0.5,0.50588,0.5,0.5,0.5,0.8215,0.31,0.998,0.0,0.505,0.4965,0.508,0.488,-0.173,-0.156,0.983,0.67647,0.49412,0.76471,0.31176,0.5,0.5,0.5,0.5,0.25244,0.75556,0.376,0.56311,0.45378,0.46622,0.46667,0.48889,0.29412,0.50588,0.76471,0.42941,0.50588,0.5,0.5,0.50588,0.5,0.373,0.824,0.0225,0.506,0.4965,0.508,0.4875,0.037,-0.139,0.958
0.08222,0.75556,0.52844,0.476,0.45422,0.46622,0.46622,0.488,0.07647,0.50588,0.83529,0.29412,0.50588,0.5,0.5,0.5,0.5,0.3665,0.7405,0.0585,0.506,0.4965,0.5095,0.4885,0.121,-0.217,1.009,1.04706,0.06471,0.41765,0.4,0.5,0.5,0.5,0.5,-0.08133,0.75289,0.67911,0.55422,0.45067,0.47244,0.46667,0.48622,0.5,0.43529,0.5,0.91765,0.50588,0.5,0.5,0.5,0.5,0.2175,0.639,0.3835,0.5085,0.4675,0.508,0.4885,-0.044,-0.258,1.005
-0.08133,0.47467,0.64756,0.69378,0.44933,0.47244,0.47022,0.48578,0.50588,0.17059,0.39412,0.5,0.5,0.5,0.5,0.50588,0.5,0.298,0.585,0.48,0.509,0.467,0.4925,0.488,0.02,-0.208,1.009,1.00588,0.71176,0.51765,0.42353,0.5,0.5,0.5,0.5,-0.08,0.56089,0.61556,0.69689,0.456,0.47333,0.47067,0.48667,0.50588,0.62353,0.5,0.5,0.50588,0.5,0.5,0.5,0.5,0.5,0.5365,0.5,0.506,0.463,0.489,0.488,-0.016,-0.159,1.025
-0.08,0.59956,0.62133,0.69689,0.45822,0.47333,0.47067,0.48622,0.5,0.56471,0.51765,0.5,0.50588,0.5,0.5,0.5,0.5,0.5,0.554,0.5,0.506,0.461,0.4895,0.4885,-0.033,-0.148,1.03,1.2,0.38824,0.34118,0.07647,0.5,0.5,0.5,0.5,-0.08,0.632,0.592,0.69644,0.46311,0.476,0.46889,0.484,0.50588,0.50588,0.35882,0.5,0.50588,0.5,0.5,0.5,0.5,0.5,0.4895,0.5,0.506,0.4505,0.497,0.4895,0.05,-0.12,1.024
-0.07911,0.63333,0.51689,0.696,0.46311,0.47644,0.46889,0.47956,0.50588,0.5,0.34706,0.5,0.50588,0.5,0.5,0.49412,0.5,0.5,0.462,0.5,0.5055,0.449,0.4975,0.4915,0.071,-0.093,1.038,1.20588,0.29412,0.25294,0.29412,0.5,0.5,0.5,0.5,-0.06489,0.68978,0.32622,0.69778,0.46489,0.46844,0.46889,0.468,0.52353,0.67059,0.22941,0.5,0.50588,0.48235,0.5,0.48235,0.5,0.5,0.4995,0.4995,0.4945,0.484,0.497,0.494,0.048,0.024,1.046
-0.05689,0.71244,0.204,0.69822,0.46533,0.46489,0.46889,0.46578,0.51176,0.51765,0.27647,0.5,0.5,0.5,0.5,0.50588,0.5,0.5,0.5,0.5,0.494,0.5015,0.4975,0.5055,0.19,-0.001,1.007,0.86471,0.67059,0.71176,0.14118,0.5,0.5,0.5,0.5,-0.05467,0.70711,0.12533,0.69822,0.46489,0.46489,0.46889,0.46711,0.5,0.51176,0.67059,0.5,0.51176,0.5,0.5,0.50588,0.5,0.5,0.526,0.5,0.4965,0.5015,0.4975,0.494,0.123,-0.023,1.023
-0.05467,0.71867,0.20356,0.69822,0.46533,0.46533,0.46933,0.47378,0.50588,0.54118,0.67647,0.5,0.50588,0.5,0.5,0.50588,0.5,0.5,0.665,0.5,0.4945,0.502,0.4955,0.494,0.024,-0.011,1.044,0.96471,0.42941,0.61765,0.30588,0.5,0.5,0.5,0.5,-0.04889,0.74889,0.36578,0.69822,0.46533,0.46489,0.46933,0.47378,0.51176,0.52941,0.59412,0.5,0.50588,0.5,0.5,0.5,0.5,0.5,0.6755,0.5,0.4945,0.5025,0.4955,0.494,-0.078,0.045,1.041
-0.04089,0.76044,0.432,0.69822,0.46533,0.46489,0.46933,0.47378,0.51765,0.52353,0.61765,0.5,0.50588,0.5,0.5,0.5,0.5,0.5,0.65,0.5,0.494,0.5025,0.4955,0.494,-0.134,0.042,0.993,0.64706,0.01765,0.26471,0.28824,0.5,0.5,0.5,0.5,-0.01911,0.76933,0.45067,0.69911,0.46489,0.46622,0.46889,0.46267,0.53529,0.5,0.27059,0.5,0.5,0.5,0.5,0.50588,0.5,0.5,0.5005,0.5,0.4965,0.497,0.4975,0.5055,-0.033,0.033,1.019
-0.00711,0.76622,0.32756,0.69911,0.46444,0.46622,0.46889,0.46178,0.52941,0.48235,0.25882,0.5,0.5,0.5,0.5,0.5,0.5,0.5,0.5,0.5,0.5,0.497,0.4975,0.506,0.039,0.001,1.057,0.94706,0.24118,0.52353,0.08824,0.5,0.5,0.5,0.5,0.00267,0.748,0.19467,0.69911,0.46444,0.46533,0.468,0.46178,0.50588,0.49412,0.5,0.5,0.50588,0.5,0.5,0.5,0.5,0.5,0.5395,0.5,0.5,0.5015,0.5015,0.506,0.102,-0.019,1.024
0.00533,0.74622,0.19867,0.69911,0.464,0.46533,0.468,0.46178,0.51176,0.5,0.51765,0.5,0.49412,0.5,0.5,0.5,0.5,0.5,0.579,0.5,0.5035,0.501,0.5015,0.506,0.096,-0.019,1.033,0.6,0.62353,0.64706,0.23529,0.5,0.5,0.5,0.5,0.01022,0.75111,0.24933,0.69911,0.46444,0.46533,0.46889,0.46933,0.50588,0.51176,0.61765,0.5,0.50588,0.5,0.5,0.51176,0.5,0.5,0.636,0.5,0.4965,0.501,0.497,0.494,0.006,-0.014,1.055
0.01556,0.75556,0.32044,0.69911,0.46533,0.46533,0.46933,0.47156,0.51176,0.51765,0.68235,0.5,0.50588,0.5,0.5,0.50588,0.5,0.5,0.655,0.5,0.494,0.5015,0.496,0.494,-0.107,0.019,1.021,0.65882,0.39412,0.34706,0.11176,0.5,0.5,0.5,0.5,0.03111,0.77111,0.38,0.69911,0.46489,0.46533,0.46889,0.464,0.52941,0.48824,0.35294,0.5,0.50588,0.5,0.5,0.5,0.5,0.5,0.538,0.5,0.4955,0.501,0.4975,0.506,-0.021,0.006,1.029
0.04311,0.76711,0.30267,0.69956,0.46311,0.46578,0.46844,0.46311,0.51765,0.5,0.34706,0.5,0.5,0.5,0.5,0.5,0.5,0.5,0.501,0.5,0.5055,0.4975,0.4995,0.506,0.013,-0.016,1.045,0.51765,0.37059,0.53529,0.30588,0.5,0.5,0.5,0.5,0.05911,0.756,0.22,0.69911,0.46311,0.46578,0.468,0.46267,0.51765,0.5,0.5,0.5,0.5,0.5,0.5,0.5,0.5,0.5,0.558,0.5,0.506,0.4985,0.502,0.5055,0.066,-0.015,1.045
0.06622,0.756,0.23156,0.69911,0.46311,0.46578,0.468,0.46311,0.51176,0.50588,0.54706,0.5,0.5,0.5,0.5,0.50588,0.5,0.5,0.592,0.5,0.5055,0.4985,0.5015,0.5055,0.046,-0.02,1.036,1.01765,0.15882,0.71176,0.16471,0.5,0.5,0.5,0.5,0.07867,0.76089,0.31111,0.69911,0.464,0.46578,0.46933,0.47022,0.51765,0.52353,0.67647,0.5,0.50588,0.5,0.5,0.5,0.5,0.5,0.645,0.5,0.5035,0.4985,0.4955,0.494,-0.113,0.012,1.052
0.09022,0.77111,0.42133,0.69911,0.464,0.46578,0.46933,0.47022,0.53529,0.53529,0.72353,0.5,0.50588,0.5,0.5,0.5,0.5,0.5,0.6375,0.5,0.5035,0.4985,0.4955,0.494,-0.253,0.042,0.981,0.87647,0.36471,0.52353,0.35882,0.5,0.5,0.5,0.5,0.00756,0.79289,0.556,0.69911,0.46489,0.46489,0.46933,0.47067,0.42941,0.5,0.52941,0.5,0.49412,0.5,0.5,0.5,0.5,0.5,0.632,0.5,0.4945,0.503,0.4955,0.494,-0.173,0.053,1.014
-0.02533,0.79244,0.57333,0.69911,0.46533,0.46533,0.46933,0.47022,0.45882,0.5,0.55294,0.5,0.50588,0.5,0.5,0.5,0.5,0.5,0.607,0.5,0.494,0.501,0.4955,0.494,-0.161,0.046,1.028,1.17059,0.26471,0.54706,0.05294,0.5,0.5,0.5,0.5,-0.05822,0.79244,0.60489,0.69956,0.46533,0.46533,0.46933,0.47022,0.44118,0.5,0.54118,0.5,0.5,0.5,0.5,0.5,0.5,0.5,0.597,0.5,0.494,0.501,0.4955,0.494,-0.178,0.052,1.025
-0.07511,0.79333,0.62533,0.69911,0.46533,0.46533,0.46933,0.47022,0.48235,0.51176,0.50588,0.5,0.5,0.5,0.5,0.5,0.5,0.5,0.61,0.5,0.494,0.501,0.4955,0.494,-0.169,0.059,1.017,1.10588,0.1,0.49412,0.39412,0.5,0.5,0.5,0.5,-0.08178,0.79378,0.65289,0.69956,0.46533,0.46533,0.46933,0.47022,0.5,0.50588,0.5,0.5,0.50588,0.5,0.5,0.5,0.5,0.5,0.604,0.5,0.494,0.501,0.4955,0.494,-0.169,0.042,1.023
-0.08178,0.79378,0.65289,0.69956,0.46533,0.46533,0.46933,0.47022,0.5,0.50588,0.5,0.5,0.50588,0.5,0.5,0.5,0.5,0.5,0.59,0.5,0.494,0.501,0.4955,0.494,-0.168,0.051,1.018,1.2,0.08235,0.23529,0.39412,0.5,0.5,0.5,0.5,-0.08133,0.79156,0.57956,0.69956,0.46533,0.46667,0.46933,0.46889,0.51765,0.5,0.27059,0.5,0.50588,0.5,0.5,0.5,0.5,0.5,0.499,0.5,0.494,0.495,0.4955,0.494,-0.02,0.112,0.978
-0.06667,0.78756,0.45244,0.7,0.46356,0.47111,0.46889,0.46533,0.53529,0.48824,0.24118,0.5,0.48235,0.5,0.5,0.47647,0.5,0.5,0.467,0.5,0.506,0.474,0.4975,0.5055,-0.036,0.075,1.083,1.05882,0.0,0.70588,0.17647,0.5,0.5,0.5,0.5,-0.04889,0.78444,0.33378,0.69956,0.46444,0.46844,0.46933,0.468,0.51765,0.51765,0.66471,0.5,0.51176,0.5,0.5,0.51176,0.5,0.5,0.609,0.5,0.5,0.4855,0.4955,0.4945,-0.045,0.091,1.026
-0.04089,0.78533,0.44,0.69956,0.46489,0.46489,0.46933,0.46844,0.51765,0.5,0.74118,0.5,0.50588,0.5,0.5,0.50588,0.5,0.5,0.606,0.5,0.4965,0.502,0.4955,0.494,-0.067,0.085,1.017,0.65294,0.45882,0.38824,0.43529,0.5,0.5,0.5,0.5,-0.04933,0.78444,0.54089,0.7,0.46489,0.46533,0.46933,0.46756,0.48824,0.49412,0.38824,0.5,0.50588,0.5,0.5,0.5,0.5,0.5,0.505,0.5,0.4965,0.5005,0.4955,0.4945,-0.061,0.106,1.024
-0.04578,0.78267,0.48933,0.7,0.46489,0.46622,0.46889,0.46533,0.52941,0.5,0.39412,0.5,0.5,0.5,0.49412,0.5,0.5,0.5,0.5,0.5,0.4945,0.4965,0.4965,0.5055,-0.042,0.117,1.029,0.72353,0.40588,0.38824,0.41176,0.5,0.5,0.5,0.5,-0.02222,0.77467,0.38533,0.7,0.464,0.46622,0.46889,0.46356,0.52353,0.48824,0.38235,0.5,0.49412,0.5,0.5,0.48824,0.5,0.5,0.5,0.5,0.5035,0.4965,0.4975,0.5055,0.003,0.072,1.007
-0.01156,0.77244,0.32667,0.7,0.464,0.46622,0.46889,0.45556,0.52353,0.48235,0.4,0.5,0.51765,0.5,0.5,0.49412,0.5,0.5,0.5,0.5,0.5,0.4965,0.4975,0.507,0.08,0.078,1.042,0.96471,0.16471,0.49412,0.27059,0.5,0.5,0.5,0.5,0.00489,0.76267,0.25911,0.7,0.46489,0.46578,0.46889,0.45289,0.51765,0.50588,0.5,0.5,0.50588,0.5,0.5,0.5,0.5,0.5,0.5095,0.5,0.494,0.4985,0.4975,0.5085,0.081,0.063,1.029
0.01244,0.76222,0.25689,0.7,0.46489,0.46578,0.46889,0.45289,0.51765,0.5,0.5,0.5,0.49412,0.5,0.5,0.5,0.5,0.5,0.5045,0.5,0.495,0.4985,0.4975,0.508,0.082,0.065,1.028,0.88824,0.30588,0.43529,0.23529,0.5,0.5,0.5,0.5,0.02489,0.75956,0.22933,0.69956,0.46533,0.46578,0.46889,0.45244,0.51765,0.5,0.42941,0.5,0.50588,0.5,0.5,0.5,0.5,0.5,0.503,0.5,0.496,0.4985,0.4985,0.509,0.182,0.024,1.002
0.032,0.75511,0.19689,0.69956,0.46489,0.46578,0.468,0.45244,0.52353,0.49412,0.43529,0.5,0.50588,0.5,0.5,0.5,0.5,0.5,0.5,0.5,0.4965,0.4985,0.502,0.5085,0.162,0.032,1.014,0.68235,0.40588,0.48235,0.34706,0.5,0.5,0.5,0.5,0.044,0.74622,0.15467,0.69956,0.46489,0.46533,0.468,0.45244,0.51765,0.49412,0.47647,0.5,0.5,0.5,0.5,0.5,0.5,0.5,0.4995,0.5,0.495,0.501,0.502,0.5085,0.176,0.014,1.023
0.05022,0.74489,0.14622,0.69956,0.46489,0.46533,0.468,0.45244,0.51765,0.5,0.48824,0.5,0.5,0.5,0.5,0.50588,0.5,0.5,0.499,0.5,0.4965,0.5005,0.502,0.5085,0.172,0.011,1.024,1.05294,0.43529,0.55294,0.39412,0.5,0.5,0.5,0.5,0.06178,0.74356,0.148,0.69956,0.46489,0.46489,0.468,0.45244,0.51765,0.5,0.52941,0.5,0.5,0.5,0.5,0.50588,0.5,0.5,0.526,0.5,0.4965,0.502,0.5015,0.5085,0.161,0.017,1.021
0.068,0.744,0.16711,0.69956,0.46489,0.46489,0.468,0.45244,0.51765,0.50588,0.53529,0.5,0.50588,0.5,0.5,0.50588,0.5,0.5,0.564,0.5,0.494,0.502,0.5015,0.5085,0.159,0.009,1.043,1.14118,0.52941,0.82353,0.06471,0.5,0.5,0.5,0.5,0.07956,0.752,0.28978,0.69956,0.46533,0.46489,0.46889,0.46844,0.51765,0.55294,0.8,0.5,0.50588,0.5,0.5,0.50588,0.5,0.5,0.642,0.5,0.494,0.502,0.497,0.494,-0.002,0.095,0.903
0.09022,0.76356,0.45556,0.69956,0.46533,0.46489,0.46889,0.46889,0.48235,0.52941,0.74706,0.5,0.50588,0.5,0.5,0.50588,0.5,0.5,0.6385,0.5,0.4945,0.502,0.497,0.494,-0.19,0.023,1.062,0.9,0.25882,0.24706,0.31176,0.5,0.5,0.5,0.5,-0.07511,0.78356,0.58844,0.69956,0.46533,0.46711,0.46889,0.46667,0.47059,0.48824,0.26471,0.5,0.5,0.5,0.5,0.5,0.5,0.5,0.502,0.5,0.4945,0.4935,0.4965,0.4965,-0.045,0.125,1.02
-0.06489,0.78044,0.46933,0.7,0.46578,0.47111,0.46844,0.46533,0.53529,0.5,0.27059,0.5,0.49412,0.5,0.5,0.50588,0.5,0.5,0.471,0.5,0.495,0.473,0.499,0.5055,-0.006,0.074,0.996,0.80588,0.60588,0.61176,0.4,0.5,0.5,0.5,0.5,-0.04444,0.77911,0.33111,0.7,0.464,0.47022,0.46889,0.46089,0.51765,0.51765,0.58235,0.5,0.5,0.5,0.5,0.54118,0.5,0.5,0.5905,0.5,0.5035,0.4765,0.497,0.5055,-0.02,0.085,1.027
-0.03644,0.78311,0.38444,0.7,0.464,0.47022,0.46889,0.468,0.52353,0.50588,0.60588,0.5,0.50588,0.5,0.5,0.5,0.5,0.5,0.6105,0.5,0.5035,0.4765,0.497,0.494,-0.027,0.112,1.038,1.02941,0.28824,0.30588,0.20588,0.5,0.5,0.5,0.5,-0.01556,0.77822,0.40489,0.7,0.46489,0.46756,0.46844,0.46044,0.52941,0.48824,0.31176,0.5,0.5,0.5,0.5,0.47647,0.5,0.5,0.501,0.5,0.4965,0.4895,0.4985,0.506,-0.031,0.134,1.056
-0.004,0.77378,0.30578,0.7,0.46489,0.46622,0.46844,0.45333,0.52353,0.5,0.3,0.5,0.50588,0.48824,0.5,0.49412,0.5,0.5,0.5,0.5,0.4945,0.495,0.4985,0.508,0.163,0.119,1.096,0.72941,0.64118,0.54118,0.12941,0.5,0.5,0.5,0.5,0.00933,0.75689,0.20133,0.69956,0.464,0.46533,0.46844,0.452,0.50588,0.5,0.52353,0.5,0.5,0.5,0.5,0.5,0.5,0.5,0.536,0.5,0.5035,0.5,0.4985,0.509,0.122,0.038,1.028
0.01511,0.75689,0.21644,0.7,0.46444,0.46533,0.46844,0.452,0.51176,0.5,0.53529,0.5,0.50588,0.5,0.5,0.5,0.5,0.5,0.5655,0.5,0.5025,0.5,0.4985,0.5085,0.104,0.043,1.02,1.15882,0.12941,0.56471,0.34118,0.5,0.5,0.5,0.5,0.02578,0.76,0.25156,0.69956,0.46489,0.46533,0.46889,0.45244,0.51765,0.51176,0.55882,0.5,0.50588,0.5,0.5,0.50588,0.5,0.5,0.6175,0.5,0.4965,0.5,0.497,0.5085,0.064,0.044,1.04
0.03289,0.764,0.27822,0.69956,0.46533,0.46533,0.46889,0.45556,0.51765,0.51176,0.55294,0.5,0.50588,0.5,0.5,0.50588,0.5,0.5,0.6445,0.5,0.494,0.5,0.497,0.507,0.03,0.051,1.037,0.95294,0.03529,0.39412,0.18824,0.5,0.5,0.5,0.5,0.05067,0.76578,0.30178,0.7,0.46533,0.46533,0.46889,0.45867,0.51765,0.5,0.4,0.5,0.5,0.5,0.5,0.48824,0.5,0.5,0.5455,0.5,0.494,0.501,0.497,0.506,0.053,0.051,1.019
0.06089,0.76267,0.25244,0.7,0.46489,0.46533,0.46844,0.45333,0.51765,0.5,0.4,0.5,0.50588,0.5,0.5,0.5,0.5,0.5,0.5055,0.5,0.4965,0.5,0.4985,0.508,0.125,0.045,1.054,0.92941,0.21176,0.55882,0.14706,0.5,0.5,0.5,0.5,0.07689,0.75378,0.20578,0.69956,0.46489,0.46489,0.46756,0.45333,0.52353,0.5,0.54118,0.5,0.5,0.5,0.5,0.5,0.5,0.5,0.5435,0.5,0.4965,0.5005,0.5015,0.508,0.104,0.029,1.034
0.08667,0.75467,0.22622,0.7,0.46533,0.46533,0.468,0.45333,0.52353,0.51176,0.53529,0.5,0.5,0.5,0.5,0.50588,0.5,0.5,0.5885,0.5,0.494,0.501,0.5005,0.508,0.098,0.038,1.035,0.77059,0.38824,0.48824,0.20588,0.5,0.5,0.5,0.5,0.10622,0.75689,0.25289,0.69956,0.46533,0.46489,0.46844,0.45333,0.52353,0.50588,0.5,0.5,0.50588,0.5,0.5,0.5,0.5,0.5,0.609,0.5,0.494,0.501,0.499,0.508,0.085,0.037,1.031
0.46978,0.46889,0.476,0.46933,0.47378,0.46756,0.48978,0.46667,0.50588,0.50588,0.5,0.5,0.49412,0.5,0.5,0.50588,0.4935,0.493,0.485,0.4905,0.5035,0.4995,0.5025,0.5,0.103,0.032,1.021,0.44706,0.33529,0.66471,0.5,0.5,0.5,0.5,0.5,0.45911,0.444,0.52667,0.47111,0.47467,0.46756,0.48933,0.46711,0.42353,0.37059,0.65294,0.51176,0.50588,0.5,0.5,0.5,0.4925,0.4725,0.506,0.484,0.494,0.5,0.505,0.4965,0.103,0.002,0.994
0.41911,0.36089,0.60489,0.47422,0.47467,0.46756,0.48889,0.46756,0.45294,0.30588,0.66471,0.5,0.5,0.5,0.5,0.50588,0.504,0.4755,0.5335,0.4685,0.4965,0.5,0.5065,0.494,0.208,-0.056,0.971,0.41765,0.87647,0.50588,0.57647,0.5,0.5,0.5,0.5,0.36489,0.25289,0.71111,0.47689,0.47467,0.46711,0.48089,0.472,0.44118,0.73529,0.5,0.51176,0.5,0.5,0.5,0.51176,0.494,0.6385,0.496,0.576,0.496,0.5015,0.5435,0.495,0.043,-0.12,1.036
0.34,0.40844,0.71422,0.48044,0.47289,0.46667,0.48044,0.46444,0.47647,0.94118,0.5,0.5,0.50588,0.5,0.5,0.5,0.485,0.6595,0.4975,0.7415,0.506,0.5035,0.547,0.505,-0.183,-0.072,0.85,0.8,0.36471,0.47059,0.58824,0.5,0.5,0.5,0.5,0.35822,0.75022,0.71378,0.61067,0.47644,0.46933,0.49022,0.472,0.68824,0.45882,0.48824,0.57647,0.50588,0.5,0.48824,0.48824,0.5175,0.4765,0.469,0.4895,0.494,0.492,0.4995,0.494,0.131,0.135,0.983
0.52578,0.7,0.70844,0.65644,0.47822,0.46889,0.48978,0.47111,0.84118,0.37647,0.49412,0.6,0.50588,0.5,0.5,0.5,0.5075,0.465,0.4225,0.485,0.494,0.493,0.5015,0.494,0.187,0.117,0.989,0.24118,0.25294,0.33529,0.17647,0.5,0.5,0.5,0.5,0.71289,0.59289,0.66489,0.64711,0.47956,0.468,0.48844,0.46578,0.50588,0.5,0.38824,0.31176,0.50588,0.5,0.5,0.50588,0.3605,0.3555,0.288,0.2565,0.495,0.498,0.508,0.5035,0.423,0.07,1.021
0.62,0.59422,0.60889,0.53911,0.48,0.468,0.48844,0.46578,0.32941,0.50588,0.37059,0.32353,0.50588,0.5,0.5,0.5,0.3215,0.126,0.1555,0.0565,0.495,0.498,0.509,0.504,0.537,0.122,0.791,0.48235,0.34706,0.60588,0.41765,0.5,0.5,0.5,0.5,0.38844,0.59422,0.50711,0.41689,0.47956,0.46667,0.48044,0.45867,0.36471,0.50588,0.5,0.5,0.5,0.5,0.5,0.5,0.4545,0.1345,0.341,0.002,0.4945,0.5055,0.546,0.504,0.564,0.074,0.851
0.35689,0.59467,0.54,0.41689,0.47911,0.46622,0.48044,0.45867,0.44706,0.50588,0.6,0.5,0.5,0.5,0.5,0.5,0.474,0.1395,0.4455,0.0,0.494,0.506,0.546,0.504,0.554,0.045,0.87,0.55882,0.51176,0.40588,0.51176,0.5,0.5,0.5,0.5,0.32667,0.68044,0.58756,0.37244,0.47422,0.47289,0.48578,0.46578,0.55882,1.25882,0.5,0.38824,0.50588,0.5,0.5,0.5,0.506,0.5,0.369,0.2305,0.496,0.4755,0.521,0.5055,0.448,0.144,0.928
0.34489,0.85378,0.57644,0.33867,0.47467,0.47333,0.48889,0.46578,0.61176,0.64118,0.42353,0.5,0.50588,0.5,0.51176,0.49412,0.508,0.5,0.192,0.4185,0.497,0.472,0.5065,0.5055,0.43,0.16,0.898,0.45882,0.24706,0.5,0.43529,0.5,0.5,0.5,0.5,0.39289,0.92,0.53644,0.31644,0.47422,0.47467,0.49022,0.46578,0.5,0.56471,0.5,0.43529,0.5,0.5,0.5,0.5,0.488,0.5,0.1165,0.4545,0.497,0.4645,0.5,0.5035,0.464,0.199,0.903
0.38667,0.95244,0.53644,0.28356,0.47422,0.47511,0.49022,0.46622,0.45882,0.54706,0.5,0.43529,0.5,0.5,0.5,0.49412,0.479,0.5,0.1165,0.453,0.497,0.464,0.5,0.504,0.443,0.176,0.909,0.58235,0.11176,0.42353,0.67647,0.5,0.5,0.5,0.5,0.36311,0.99022,0.52533,0.29378,0.47378,0.47511,0.49022,0.46622,0.59412,0.5,0.28824,0.67647,0.5,0.50588,0.5,0.50588,0.506,0.5,0.0475,0.5045,0.5025,0.4655,0.5,0.5035,0.516,0.238,0.849
0.40756,0.98267,0.48667,0.37911,0.47333,0.47467,0.49067,0.46622,0.6,0.47647,0.5,0.66471,0.5,0.5,0.5,0.50588,0.4945,0.5,0.0555,0.5275,0.5045,0.4645,0.4975,0.5035,0.423,0.229,0.906,0.41765,0.32353,0.62353,0.47059,0.5,0.5,0.5,0.5,0.46133,0.95911,0.48622,0.47867,0.47333,0.47511,0.49067,0.46622,0.5,0.47647,0.5,0.47647,0.5,0.5,0.5,0.50588,0.4655,0.5,0.193,0.5025,0.5055,0.465,0.4975,0.5035,0.387,0.267,0.906
0.44356,0.94489,0.51467,0.46356,0.47333,0.47511,0.49067,0.46622,0.37059,0.47647,0.60588,0.48235,0.5,0.5,0.5,0.50588,0.4485,0.5,0.361,0.502,0.5055,0.465,0.4975,0.5035,0.401,0.221,0.917,0.57647,0.35882,0.64118,0.35882,0.5,0.5,0.5,0.5,0.35822,0.93511,0.62667,0.40844,0.47333,0.47467,0.48978,0.46622,0.55294,0.5,0.63529,0.37647,0.5,0.5,0.5,0.5,0.506,0.5,0.3995,0.4605,0.506,0.4655,0.5015,0.5035,0.332,0.136,0.981
0.38444,0.95956,0.68889,0.34267,0.47422,0.46711,0.48889,0.46844,0.58235,0.58235,0.61765,0.38824,0.5,0.45882,0.5,0.5,0.5095,0.5,0.4435,0.429,0.4955,0.498,0.5045,0.494,0.351,0.042,0.976,0.45294,0.05294,0.21176,0.56471,0.5,0.5,0.5,0.5,0.44311,0.996,0.69644,0.27067,0.47511,0.46844,0.48978,0.46489,0.50588,0.50588,0.39412,0.52353,0.50588,0.5,0.5,0.51176,0.487,0.5,0.356,0.475,0.4945,0.4965,0.5025,0.5055,0.459,0.092,0.895
0.444,0.99511,0.59778,0.30089,0.47556,0.46844,0.49067,0.46622,0.50588,0.5,0.29412,0.56471,0.50588,0.5,0.5,0.5,0.4655,0.5,0.1235,0.4995,0.495,0.496,0.498,0.5035,0.45,0.19,0.929,0.72941,0.17647,0.5,0.43529,0.5,0.5,0.5,0.5,0.47111,0.99422,0.54089,0.32133,0.47511,0.46933,0.49067,0.46667,0.74706,0.5,0.48235,0.46471,0.5,0.5,0.5,0.50588,0.4925,0.5,0.0465,0.4725,0.495,0.4925,0.498,0.5,0.413,0.185,0.92
0.596,0.99511,0.524,0.29644,0.47511,0.46933,0.49022,0.46622,0.71176,0.5,0.45294,0.45294,0.5,0.5,0.5,0.50588,0.489,0.5,0.125,0.4315,0.495,0.492,0.5,0.5,0.455,0.138,0.911,0.40588,0.34706,0.48824,0.67059,0.5,0.5,0.5,0.5,0.73733,0.996,0.50133,0.30089,0.47511,0.46889,0.48978,0.46667,0.50588,0.5,0.5,0.64706,0.5,0.5,0.5,0.50588,0.423,0.5,0.217,0.5,0.495,0.494,0.502,0.4945,0.374,0.121,0.943
0.73733,0.99556,0.50178,0.37822,0.47511,0.46889,0.48978,0.46711,0.5,0.49412,0.50588,0.64706,0.49412,0.5,0.5,0.50588,0.354,0.5,0.1875,0.5475,0.495,0.4945,0.502,0.4965,0.333,0.158,0.93,0.45294,0.16471,0.47059,0.71765,0.5,0.5,0.5,0.5,0.72178,0.98089,0.56444,0.56044,0.47422,0.46889,0.48978,0.46667,0.35294,0.48235,0.96471,0.74706,0.50588,0.5,0.5,0.49412,0.335,0.5,0.354,0.5075,0.4965,0.4945,0.502,0.5,0.571,0.092,1.225
0.60044,0.97378,0.70222,0.67244,0.47556,0.46578,0.49067,0.46667,0.5,0.5,0.5,0.66471,0.51176,0.5,0.5,0.49412,0.4255,0.5,0.4745,0.505,0.494,0.5085,0.4985,0.5,0.313,0.034,0.955,0.51765,0.30588,0.45882,0.29412,0.5,0.5,0.5,0.5,0.60044,0.96933,0.70267,0.72622,0.47778,0.46578,0.49022,0.46667,0.5,0.5,0.5,0.40588,0.50588,0.5,0.5,0.50588,0.4025,0.5,0.5,0.5285,0.494,0.5085,0.5005,0.5,0.306,0.073,0.973
0.60044,0.96667,0.70267,0.64889,0.47778,0.46578,0.48889,0.46578,0.5,0.5,0.5,0.38824,0.5,0.5,0.5,0.5,0.4165,0.5,0.5,0.4015,0.4945,0.5085,0.505,0.505,0.375,0.012,0.951,0.24118,-0.01176,0.20588,0.52941,0.5,0.5,0.5,0.5,0.51956,0.95511,0.70311,0.53689,0.47778,0.46533,0.48978,0.46756,0.26471,0.48235,0.5,0.5,0.50588,0.5,0.5,0.5,0.4185,0.5,0.4995,0.398,0.494,0.5105,0.502,0.496,0.445,0.064,0.928
0.47644,0.46578,0.46578,0.46578,0.46667,0.46578,0.46533,0.46667,0.50588,0.50588,0.5,0.5,0.50588,0.5,0.5,0.5,0.4935,0.5,0.5,0.5,0.5,0.4995,0.4995,0.5,0.026,0.005,1.036,0.69412,0.56471,0.5,0.5,0.5,0.5,0.5,0.5,0.516,0.48,0.46489,0.46578,0.46667,0.46533,0.46444,0.46622,0.69412,0.57059,0.5,0.5,0.50588,0.5,0.5,0.5,0.511,0.5065,0.5035,0.5,0.4955,0.502,0.5035,0.498,-0.054,-0.038,1.039
0.61644,0.51956,0.46489,0.46667,0.46667,0.46489,0.46356,0.46622,0.71176,0.57059,0.5,0.5,0.50588,0.5,0.5,0.5,0.5105,0.495,0.5035,0.4965,0.496,0.503,0.5065,0.5035,-0.021,-0.071,1.052,0.45882,0.30588,0.5,0.5,0.5,0.5,0.5,0.5,0.72178,0.56044,0.46489,0.46667,0.46622,0.46444,0.46,0.46622,0.50588,0.44118,0.5,0.5,0.50588,0.5,0.5,0.50588,0.5065,0.4375,0.5035,0.4955,0.5055,0.505,0.5235,0.5035,0.002,-0.073,1.021
0.70622,0.46178,0.46444,0.46711,0.46622,0.46444,0.45956,0.46756,0.45882,0.22353,0.5,0.5,0.51176,0.5,0.5,0.50588,0.4935,0.4555,0.505,0.4935,0.4975,0.5055,0.5265,0.494,-0.025,-0.055,1.028,0.54706,0.55294,0.5,0.5,0.5,0.5,0.5,0.5,0.69911,0.29156,0.46444,0.46711,0.46756,0.46622,0.46533,0.46711,0.54118,0.5,0.5,0.5,0.50588,0.5,0.5,0.5,0.504,0.509,0.5055,0.4935,0.494,0.497,0.4985,0.496,-0.069,-0.029,1.03
0.72178,0.29911,0.464,0.46667,0.46756,0.46622,0.46533,0.46711,0.54706,0.55294,0.5,0.5,0.5,0.5,0.5,0.50588,0.506,0.52,0.506,0.495,0.494,0.497,0.4985,0.494,-0.107,-0.029,1.03,0.31176,0.74706,0.5,0.5,0.5,0.5,0.5,0.5,0.71778,0.37644,0.46356,0.46444,0.46711,0.46489,0.46444,0.46756,0.42353,0.72941,0.5,0.49412,0.5,0.5,0.5,0.5,0.48,0.5435,0.509,0.5045,0.496,0.502,0.503,0.4945,-0.143,-0.053,1.048
0.66889,0.50489,0.46622,0.45867,0.46533,0.46578,0.46578,0.46622,0.38824,0.78235,0.5,0.5,0.51176,0.5,0.5,0.5,0.431,0.5375,0.497,0.5325,0.5035,0.498,0.4975,0.5035,-0.168,-0.011,1.035,0.42941,0.45294,0.5,0.5,0.5,0.5,0.5,0.5,0.55333,0.68889,0.47156,0.45822,0.46533,0.46667,0.46578,0.46756,0.37059,0.50588,0.5,0.5,0.50588,0.5,0.5,0.50588,0.4215,0.493,0.4715,0.536,0.5055,0.494,0.497,0.494,0.001,0.058,1.05
0.50933,0.67822,0.47156,0.45822,0.46533,0.46711,0.46578,0.46711,0.34118,0.46471,0.5,0.5,0.5,0.5,0.5,0.5,0.436,0.488,0.4715,0.5355,0.506,0.493,0.497,0.4965,0.005,0.072,1.04,0.72941,0.37059,0.5,0.5,0.5,0.5,0.5,0.5,0.45733,0.63911,0.47111,0.46489,0.46533,0.46578,0.46444,0.46622,0.67059,0.45294,0.49412,0.54118,0.51176,0.5,0.49412,0.49412,0.5065,0.4645,0.473,0.506,0.506,0.499,0.502,0.5035,-0.056,-0.005,1.05
0.57244,0.59467,0.47067,0.46711,0.46578,0.46444,0.46178,0.46489,0.74118,0.41765,0.5,0.5,0.5,0.5,0.47647,0.5,0.507,0.4395,0.4755,0.4945,0.5035,0.505,0.5145,0.5055,-0.01,-0.054,1.036,0.46471,0.32941,0.5,0.5,0.5,0.5,0.5,0.5,0.69244,0.47956,0.46444,0.46844,0.46622,0.464,0.45511,0.46667,0.50588,0.23529,0.5,0.5,0.51176,0.5,0.5,0.52353,0.506,0.4465,0.504,0.4875,0.5025,0.5075,0.5475,0.4945,0.023,-0.026,1.004
0.68044,0.33467,0.46444,0.46844,0.46756,0.46622,0.46133,0.46711,0.47059,0.27647,0.5,0.5,0.50588,0.5,0.51176,0.48824,0.4935,0.4915,0.5055,0.4875,0.494,0.498,0.5185,0.4965,-0.06,0.017,1.043,0.31176,0.53529,0.5,0.5,0.5,0.5,0.5,0.5,0.66444,0.22444,0.46622,0.468,0.46756,0.46756,0.46578,0.46578,0.42941,0.50588,0.50588,0.49412,0.5,0.50588,0.5,0.51176,0.4405,0.508,0.498,0.4895,0.494,0.492,0.496,0.5035,-0.037,0.077,1.038
0.60311,0.228,0.46667,0.46578,0.46844,0.472,0.46622,0.46578,0.28235,0.51176,0.5,0.5,0.50588,0.51176,0.5,0.5,0.4065,0.515,0.495,0.499,0.494,0.471,0.4955,0.505,0.038,0.125,1.018,0.57059,0.51176,0.5,0.5,0.5,0.5,0.5,0.5,0.44044,0.24578,0.46711,0.46489,0.46489,0.47244,0.46622,0.46578,0.5,0.5,0.5,0.5,0.5,0.5,0.5,0.5,0.491,0.519,0.493,0.505,0.506,0.4675,0.4945,0.5055,0.031,0.137,1.012
0.46089,0.25511,0.46711,0.46489,0.46489,0.47244,0.46622,0.46622,0.56471,0.52941,0.5,0.5,0.5,0.5,0.5,0.5,0.506,0.516,0.493,0.504,0.5055,0.4675,0.4955,0.5055,-0.009,0.13,1.025,0.35294,0.63529,0.5,0.5,0.5,0.5,0.5,0.5,0.49511,0.28622,0.46667,0.46444,0.46578,0.47244,0.46622,0.46578,0.41765,0.58824,0.5,0.5,0.50588,0.5,0.5,0.50588,0.4705,0.5295,0.4945,0.506,0.5055,0.4675,0.495,0.5035,0.001,0.104,1.02
0.41778,0.332,0.46756,0.45867,0.46578,0.47156,0.46667,0.46578,0.31176,0.6,0.5,0.5,0.51176,0.49412,0.5,0.5,0.477,0.557,0.492,0.5325,0.506,0.4705,0.4945,0.5055,-0.037,0.04,1.041,0.55882,0.40588,0.5,0.5,0.5,0.5,0.5,0.5,0.30089,0.404,0.46711,0.45556,0.46622,0.46578,0.46533,0.46578,0.5,0.50588,0.5,0.5,0.50588,0.5,0.5,0.5,0.511,0.5265,0.493,0.5485,0.5035,0.4995,0.499,0.5055,-0.049,0.01,1.029
0.30889,0.38622,0.46667,0.45556,0.46578,0.46578,0.46578,0.46622,0.54118,0.41765,0.5,0.5,0.49412,0.5,0.5,0.5,0.528,0.508,0.4945,0.548,0.5055,0.499,0.497,0.5035,-0.031,0.029,1.04,0.51176,0.67647,0.5,0.5,0.5,0.5,0.5,0.5,0.32356,0.34533,0.46533,0.45556,0.46533,0.46622,0.46578,0.46578,0.5,0.58824,0.5,0.5,0.5,0.5,0.5,0.5,0.551,0.5415,0.5015,0.5475,0.5055,0.497,0.497,0.5055,-0.085,0.011,1.041
0.33956,0.41333,0.46622,0.45556,0.46578,0.46622,0.46578,0.46578,0.50588,0.62941,0.5,0.5,0.50588,0.5,0.5,0.5,0.539,0.573,0.4975,0.5485,0.506,0.4975,0.497,0.5055,-0.128,-0.007,1.029,0.67647,0.4,0.5,0.5,0.5,0.5,0.5,0.5,0.41289,0.52,0.46533,0.45333,0.46622,0.46622,0.46578,0.46622,0.68824,0.50588,0.48824,0.5,0.5,0.5,0.5,0.50588,0.521,0.522,0.501,0.5585,0.5035,0.4975,0.497,0.5035,-0.176,0.0,1.013
0.51511,0.50489,0.46444,0.45378,0.46667,0.46667,0.46533,0.46667,0.7,0.40588,0.5,0.5,0.50588,0.5,0.5,0.50588,0.5135,0.4935,0.505,0.5565,0.496,0.4955,0.499,0.4965,-0.207,-0.003,1.0,0.52353,0.59412,0.5,0.5,0.5,0.5,0.5,0.5,0.64089,0.45289,0.46,0.45644,0.46756,0.46622,0.46444,0.46756,0.55294,0.51765,0.5,0.5,0.50588,0.5,0.5,0.5,0.506,0.5175,0.526,0.544,0.494,0.4975,0.503,0.4945,-0.212,-0.006,1.003
0.65556,0.49067,0.46,0.45644,0.46711,0.46489,0.46444,0.46711,0.54706,0.59412,0.5,0.5,0.5,0.5,0.5,0.5,0.5015,0.523,0.526,0.544,0.496,0.5015,0.503,0.4965,-0.245,-0.03,1.0,0.57647,0.42353,0.5,0.5,0.5,0.5,0.5,0.5,0.68667,0.55067,0.46044,0.456,0.46667,0.46489,0.464,0.46711,0.57059,0.49412,0.5,0.5,0.5,0.5,0.5,0.50588,0.506,0.507,0.524,0.5455,0.4965,0.5035,0.5045,0.4965,-0.252,-0.035,1.005
0.71289,0.52533,0.46,0.456,0.46667,0.46489,0.464,0.46711,0.54706,0.42941,0.5,0.5,0.5,0.5,0.5,0.50588,0.5115,0.4925,0.526,0.5455,0.4965,0.5035,0.5045,0.4965,-0.261,-0.049,0.995,0.5,0.42941,0.5,0.5,0.5,0.5,0.5,0.5,0.77244,0.45156,0.46,0.45644,0.46711,0.46489,0.46444,0.46756,0.5,0.44706,0.5,0.5,0.50588,0.5,0.5,0.50588,0.4935,0.493,0.526,0.5445,0.494,0.5035,0.503,0.494,-0.247,-0.029,1.007
0.77244,0.41511,0.46,0.45644,0.46756,0.46622,0.46489,0.46711,0.5,0.44706,0.5,0.5,0.50588,0.50588,0.5,0.51176,0.4935,0.4935,0.526,0.544,0.494,0.4985,0.501,0.494,-0.236,-0.013,1.014,0.35882,0.57647,0.5,0.5,0.5,0.5,0.5,0.5,0.76178,0.37378,0.46,0.45689,0.46756,0.46667,0.46578,0.46711,0.47059,0.5,0.5,0.5,0.50588,0.5,0.5,0.49412,0.4745,0.518,0.526,0.5415,0.494,0.4955,0.498,0.4965,-0.234,0.015,1.03
0.73467,0.39422,0.46089,0.45644,0.46756,0.46667,0.46578,0.46711,0.45294,0.54706,0.5,0.5,0.50588,0.5,0.5,0.50588,0.423,0.533,0.5225,0.5415,0.4945,0.4955,0.497,0.4965,-0.235,0.023,1.005,0.50588,0.52941,0.5,0.5,0.5,0.5,0.5,0.5,0.676,0.43822,0.46622,0.45644,0.46667,0.46667,0.46578,0.46711,0.50588,0.50588,0.5,0.5,0.5,0.5,0.5,0.5,0.397,0.5435,0.497,0.5435,0.4965,0.4955,0.497,0.4965,-0.242,0.017,1.0
0.676,0.45022,0.46622,0.45644,0.46667,0.46667,0.46578,0.46711,0.50588,0.50588,0.5,0.5,0.5,0.5,0.5,0.5,0.402,0.5475,0.497,0.5435,0.4965,0.4955,0.497,0.4965,-0.25,0.017,0.997,0.39412,0.6,0.5,0.5,0.5,0.5,0.5,0.5,0.67378,0.48933,0.46667,0.45467,0.46622,0.46667,0.46578,0.46711,0.42941,0.61176,0.5,0.5,0.5,0.5,0.5,0.5,0.376,0.553,0.495,0.551,0.5035,0.4955,0.4965,0.4965,-0.229,0.003,1.008
0.61022,0.54356,0.46889,0.45467,0.46533,0.46667,0.46578,0.46711,0.41176,0.59412,0.51176,0.5,0.50588,0.5,0.5,0.50588,0.386,0.5485,0.4855,0.5515,0.5055,0.4955,0.496,0.496,-0.242,0.025,1.016,0.31765,0.39412,0.5,0.5,0.5,0.5,0.5,0.5,0.46889,0.60533,0.47156,0.45378,0.46578,0.46667,0.46578,0.46667,0.18824,0.50588,0.5,0.5,0.50588,0.5,0.5,0.5,0.4405,0.511,0.4715,0.5575,0.506,0.4955,0.4965,0.4965,-0.146,-0.041,1.004
0.32044,0.57244,0.47111,0.45333,0.46667,0.46533,0.46,0.46578,0.25882,0.42941,0.5,0.5,0.50588,0.5,0.5,0.5,0.4865,0.4935,0.4735,0.558,0.496,0.5025,0.5245,0.5035,-0.155,-0.062,1.007,0.77647,0.41176,0.5,0.5,0.5,0.5,0.5,0.5,0.24444,0.484,0.46489,0.45289,0.46622,0.46533,0.45911,0.46667,0.71176,0.43529,0.45294,0.5,0.50588,0.5,0.5,0.50588,0.521,0.507,0.4985,0.5595,0.5035,0.501,0.5295,0.4965,-0.16,-0.071,1.018
0.35867,0.43956,0.46222,0.45378,0.46667,0.46667,0.46578,0.46711,0.69412,0.41176,0.48235,0.5,0.50588,0.5,0.50588,0.49412,0.5505,0.5045,0.513,0.5565,0.4965,0.4965,0.4995,0.4965,-0.207,-0.02,0.993,0.57647,0.44118,0.5,0.5,0.5,0.5,0.5,0.5,0.548,0.37511,0.45556,0.46533,0.46756,0.47022,0.46622,0.46667,0.65294,0.44706,0.5,0.5,0.50588,0.5,0.50588,0.5,0.531,0.493,0.547,0.502,0.494,0.477,0.4965,0.4965,-0.258,0.042,0.999
0.60267,0.35244,0.45556,0.46578,0.46756,0.47067,0.46578,0.46667,0.57647,0.44706,0.5,0.5,0.50588,0.5,0.5,0.5,0.52,0.493,0.547,0.4995,0.494,0.4765,0.4975,0.4965,-0.283,0.062,1.013,0.21765,0.58235,0.5,0.5,0.5,0.5,0.5,0.5,0.63111,0.31911,0.456,0.46533,0.46844,0.47067,0.46622,0.46622,0.31765,0.53529,0.5,0.5,0.51176,0.5,0.5,0.5,0.471,0.5115,0.5455,0.5005,0.494,0.4765,0.4955,0.5035,-0.238,0.054,1.0
0.47289,0.33022,0.45644,0.45822,0.46489,0.47022,0.46622,0.46622,0.15882,0.5,0.5,0.49412,0.5,0.5,0.5,0.50588,0.487,0.542,0.5425,0.5325,0.506,0.478,0.494,0.5055,-0.173,0.013,1.025,0.73529,0.74706,0.5,0.5,0.5,0.5,0.5,0.5,0.30622,0.39511,0.45689,0.452,0.46622,0.46533,0.46311,0.46756,0.64706,0.73529,0.5,0.5,0.51176,0.5,0.5,0.50588,0.542,0.6065,0.541,0.564,0.5035,0.5015,0.51,0.4945,-0.371,-0.095,0.936
0.42044,0.52089,0.45644,0.44933,0.46578,0.46533,0.46311,0.46711,0.70588,0.75294,0.5,0.5,0.5,0.5,0.5,0.50588,0.5485,0.5955,0.5425,0.577,0.5035,0.502,0.51,0.4965,-0.407,-0.083,0.93,0.54706,0.45882,0.5,0.5,0.5,0.5,0.5,0.5,0.62222,0.72578,0.456,0.44978,0.46667,0.46667,0.46578,0.46711,0.58235,0.53529,0.5,0.5,0.50588,0.5,0.5,0.50588,0.506,0.514,0.5445,0.575,0.4965,0.496,0.4975,0.4945,-0.435,-0.072,0.929
0.64,0.72756,0.456,0.45022,0.46667,0.46667,0.46578,0.46711,0.52353,0.50588,0.5,0.5,0.50588,0.5,0.5,0.5,0.508,0.4955,0.545,0.574,0.496,0.496,0.4975,0.4965,-0.445,-0.072,0.931,0.3,0.47647,0.5,0.5,0.5,0.5,0.5,0.5,0.63422,0.708,0.456,0.44978,0.46667,0.46667,0.46578,0.46711,0.35294,0.43529,0.5,0.5,0.50588,0.5,0.5,0.5,0.4885,0.493,0.545,0.573,0.4965,0.496,0.4975,0.4965,-0.392,-0.07,0.939
0.53867,0.68222,0.45689,0.44978,0.46578,0.46578,0.46444,0.46533,0.33529,0.47647,0.5,0.5,0.5,0.49412,0.5,0.5,0.4845,0.507,0.5425,0.575,0.5035,0.4985,0.503,0.5055,-0.374,-0.116,0.954,0.4,0.19412,0.5,0.5,0.5,0.5,0.5,0.5,0.38222,0.61689,0.46133,0.44978,0.46667,0.46489,0.45911,0.46578,0.38824,0.18235,0.5,0.5,0.48824,0.5,0.5,0.51176,0.493,0.4835,0.52,0.5755,0.4965,0.504,0.529,0.504,-0.345,-0.118,0.982
0.31867,0.43556,0.45911,0.45022,0.46711,0.46533,0.46267,0.46622,0.38824,0.18824,0.5,0.5,0.51176,0.5,0.53529,0.50588,0.5065,0.493,0.5295,0.5735,0.494,0.502,0.515,0.5035,-0.244,-0.083,0.976,0.52353,0.46471,0.5,0.5,0.5,0.5,0.5,0.5,0.23911,0.23333,0.45556,0.452,0.46533,0.46667,0.46622,0.46578,0.5,0.45294,0.5,0.5,0.50588,0.5,0.5,0.50588,0.525,0.508,0.547,0.5645,0.5055,0.496,0.4955,0.506,-0.272,-0.054,0.988
0.23911,0.21689,0.45556,0.452,0.46533,0.46667,0.46622,0.46578,0.5,0.46471,0.5,0.5,0.5,0.5,0.5,0.5,0.538,0.507,0.547,0.5645,0.506,0.496,0.4955,0.505,-0.28,-0.053,0.998,0.71176,0.52353,0.5,0.5,0.5,0.5,0.5,0.5,0.23911,0.19467,0.45511,0.45244,0.46533,0.46667,0.46622,0.46578,0.5,0.5,0.5,0.5,0.5,0.5,0.5,0.50588,0.667,0.5115,0.5475,0.5625,0.5055,0.4955,0.4955,0.5045,-0.344,-0.016,0.973
0.344,0.19511,0.44578,0.45733,0.46533,0.47333,0.46578,0.46622,0.72353,0.50588,0.48824,0.51176,0.50588,0.51176,0.5,0.50588,0.631,0.52,0.5915,0.5405,0.5055,0.4655,0.497,0.5035,-0.37,0.024,0.978,0.44706,0.79412,0.5,0.5,0.5,0.5,0.5,0.5,0.45556,0.25867,0.44533,0.45822,0.46578,0.47333,0.46578,0.46711,0.50588,0.69412,0.5,0.5,0.50588,0.5,0.5,0.5,0.632,0.56,0.5955,0.535,0.5055,0.464,0.4975,0.4965,-0.452,-0.04,0.944
0.456,0.35467,0.44622,0.44933,0.46578,0.47289,0.46533,0.46711,0.50588,0.69412,0.5,0.5,0.50588,0.5,0.5,0.50588,0.5855,0.6465,0.592,0.576,0.5055,0.466,0.5,0.4955,-0.539,-0.095,0.883,0.68235,0.40588,0.5,0.5,0.5,0.5,0.5,0.5,0.50089,0.53822,0.44667,0.44311,0.46622,0.468,0.46444,0.46711,0.58235,0.5,0.5,0.5,0.50588,0.5,0.5,0.5,0.5655,0.5675,0.5905,0.607,0.5035,0.489,0.5035,0.4965,-0.498,-0.078,0.875
0.55822,0.53867,0.44578,0.44311,0.46622,0.468,0.46444,0.46667,0.54706,0.50588,0.5,0.5,0.5,0.5,0.5,0.5,0.6185,0.5145,0.593,0.607,0.503,0.489,0.5035,0.4965,-0.542,-0.062,0.855,0.31176,0.58235,0.5,0.5,0.5,0.5,0.5,0.5,0.64844,0.51111,0.44489,0.444,0.46622,0.468,0.46533,0.46711,0.5,0.5,0.5,0.5,0.50588,0.5,0.5,0.5,0.5425,0.52,0.5975,0.603,0.5035,0.489,0.5,0.4945,-0.524,-0.064,0.879
0.60178,0.51111,0.44533,0.444,0.46667,0.46844,0.46578,0.46756,0.35882,0.50588,0.5,0.5,0.50588,0.5,0.5,0.50588,0.5065,0.569,0.5955,0.603,0.4965,0.489,0.4975,0.4945,-0.508,-0.07,0.911,0.51176,0.64706,0.5,0.5,0.5,0.5,0.5,0.5,0.49556,0.55333,0.44667,0.44311,0.46667,0.468,0.46578,0.46711,0.5,0.6,0.5,0.5,0.5,0.5,0.5,0.5,0.51,0.6335,0.5895,0.607,0.4965,0.489,0.4975,0.495,-0.521,-0.057,0.892
0.496,0.61467,0.44756,0.44044,0.46622,0.46756,0.46578,0.46711,0.50588,0.71765,0.50588,0.5,0.5,0.5,0.5,0.50588,0.5135,0.638,0.5865,0.6185,0.5035,0.491,0.4975,0.4965,-0.521,-0.146,0.893,0.35294,0.16471,0.5,0.5,0.5,0.5,0.5,0.5,0.48622,0.72267,0.45289,0.43644,0.46622,0.46489,0.46311,0.46622,0.4,0.42941,0.50588,0.5,0.49412,0.5,0.5,0.51176,0.4935,0.4935,0.561,0.6385,0.506,0.5035,0.51,0.499,-0.495,-0.128,0.893
0.40044,0.55822,0.452,0.43689,0.46622,0.46489,0.46311,0.46667,0.29412,0.14706,0.5,0.5,0.50588,0.5,0.5,0.50588,0.507,0.494,0.5635,0.637,0.5035,0.5035,0.51,0.4965,-0.428,-0.091,0.926,0.43529,0.61765,0.5,0.5,0.5,0.5,0.5,0.5,0.28089,0.36,0.45156,0.43822,0.46622,0.46622,0.46444,0.46711,0.44706,0.5,0.5,0.5,0.5,0.5,0.5,0.5,0.5145,0.536,0.5665,0.6305,0.5035,0.498,0.502,0.4965,-0.432,-0.127,0.944
0.24933,0.36,0.45156,0.43778,0.46622,0.46622,0.46489,0.46711,0.43529,0.50588,0.5,0.5,0.51176,0.5,0.5,0.50588,0.513,0.6245,0.5665,0.6315,0.5035,0.4985,0.5025,0.497,-0.426,-0.137,0.926,0.64118,0.51765,0.5,0.5,0.5,0.5,0.5,0.5,0.22489,0.40178,0.45244,0.43733,0.46578,0.46578,0.46444,0.46667,0.51176,0.5,0.5,0.5,0.51176,0.5,0.5,0.5,0.548,0.668,0.562,0.6345,0.5035,0.4985,0.504,0.4965,-0.483,-0.18,0.915
0.26356,0.43111,0.452,0.43733,0.46578,0.46578,0.46444,0.46667,0.63529,0.65294,0.5,0.5,0.5,0.5,0.5,0.5,0.582,0.614,0.564,0.634,0.5035,0.4985,0.504,0.4965,-0.449,-0.118,0.9,0.44706,0.63529,0.5,0.5,0.5,0.5,0.5,0.5,0.33244,0.47511,0.45111,0.43689,0.46622,0.46578,0.46444,0.46711,0.50588,0.50588,0.5,0.5,0.50588,0.5,0.5,0.50588,0.5735,0.6495,0.568,0.635,0.503,0.4985,0.5035,0.497,-0.521,-0.167,0.92
0.33244,0.51156,0.45111,0.43644,0.46622,0.46578,0.46444,0.46711,0.50588,0.61765,0.5,0.5,0.5,0.5,0.5,0.5,0.5385,0.7115,0.567,0.638,0.5035,0.4985,0.5035,0.497,-0.507,-0.155,0.902,0.52353,0.61765,0.5,0.5,0.5,0.5,0.5,0.5,0.33289,0.60356,0.45244,0.42667,0.46622,0.46489,0.46444,0.46667,0.50588,0.66471,0.5,0.5,0.49412,0.5,0.5,0.5,0.519,0.7175,0.562,0.684,0.5055,0.502,0.5035,0.5025,-0.528,-0.181,0.875
0.34578,0.68,0.45378,0.42667,0.46622,0.46533,0.46444,0.46578,0.54706,0.68824,0.5,0.5,0.50588,0.5,0.5,0.5,0.517,0.68,0.5555,0.6845,0.5035,0.501,0.5035,0.505,-0.537,-0.216,0.848,0.44706,0.14706,0.5,0.5,0.5,0.5,0.5,0.5,0.36222,0.85289,0.45556,0.42933,0.46578,0.46533,0.464,0.46133,0.48235,0.51765,0.5,0.50588,0.5,0.5,0.5,0.48824,0.5065,0.43,0.545,0.6735,0.506,0.501,0.5065,0.505,-0.409,-0.218,0.944
0.34133,0.76222,0.456,0.42933,0.46578,0.46489,0.456,0.45956,0.42941,-0.02353,0.50588,0.5,0.5,0.5,0.50588,0.50588,0.5065,0.38,0.545,0.672,0.5045,0.503,0.545,0.5055,-0.412,-0.264,1.007,0.56471,0.37647,0.5,0.5,0.5,0.5,0.5,0.5,0.28089,0.35244,0.44533,0.42933,0.46622,0.46622,0.46711,0.45956,0.5,0.38235,0.5,0.5,0.50588,0.5,0.5,0.5,0.546,0.5155,0.595,0.6725,0.5035,0.4965,0.492,0.5055,-0.45,-0.158,0.927
0.28089,0.30044,0.44489,0.43067,0.46622,0.46667,0.46711,0.45911,0.5,0.39412,0.5,0.5,0.50588,0.5,0.5,0.5,0.5915,0.509,0.5965,0.6665,0.5035,0.495,0.492,0.5055,-0.459,-0.129,0.913,0.76471,0.6,0.5,0.5,0.5,0.5,0.5,0.5,0.28133,0.22933,0.44444,0.44044,0.46622,0.46711,0.46711,0.45911,0.51765,0.5,0.5,0.5,0.50588,0.5,0.5,0.5,0.8295,0.538,0.599,0.619,0.5025,0.493,0.492,0.5055,-0.478,-0.134,0.925
0.28133,0.23156,0.44444,0.44,0.46622,0.46711,0.46711,0.45911,0.50588,0.52353,0.5,0.49412,0.50588,0.5,0.5,0.5,0.8595,0.5995,0.599,0.6195,0.5025,0.493,0.492,0.505,-0.508,-0.148,0.877,0.65882,0.78235,0.5,0.5,0.5,0.5,0.5,0.5,0.316,0.31556,0.44444,0.43911,0.46667,0.46711,0.46667,0.45956,0.8,0.74706,0.5,0.5,0.50588,0.5,0.5,0.50588,0.77,0.6865,0.599,0.6245,0.497,0.493,0.494,0.505,-0.546,-0.136,0.829
0.412,0.42578,0.43956,0.43778,0.46667,0.46711,0.46667,0.45956,0.52353,0.70588,0.5,0.5,0.50588,0.5,0.5,0.5,0.787,0.729,0.622,0.631,0.497,0.493,0.494,0.505,-0.598,-0.128,0.714,0.37647,0.33529,0.5,0.5,0.5,0.5,0.5,0.5,0.55689,0.73022,0.44,0.43867,0.46622,0.46444,0.46489,0.45911,0.50588,0.5,0.5,0.5,0.5,0.5,0.5,0.5,0.6005,0.49,0.62,0.6275,0.503,0.5055,0.5025,0.5055,-0.545,-0.152,0.868
0.55644,0.64711,0.43956,0.43867,0.46622,0.46444,0.46444,0.45911,0.48824,0.27647,0.5,0.5,0.49412,0.5,0.5,0.5,0.524,0.493,0.622,0.6275,0.5035,0.5055,0.504,0.5055,-0.537,-0.147,0.854,0.67059,0.64706,0.5,0.5,0.5,0.5,0.5,0.5,0.49333,0.54089,0.43956,0.43911,0.46622,0.46489,0.46444,0.45956,0.5,0.51176,0.5,0.5,0.50588,0.5,0.5,0.50588,0.5925,0.5405,0.622,0.6255,0.503,0.505,0.504,0.505,-0.544,-0.118,0.857
0.528,0.59689,0.43956,0.43911,0.46622,0.46444,0.46444,0.45956,0.67059,0.7,0.5,0.5,0.5,0.5,0.5,0.5,0.6495,0.5475,0.622,0.6255,0.5035,0.505,0.504,0.5055,-0.575,-0.155,0.857,0.37647,0.17647,0.5,0.5,0.5,0.5,0.5,0.5,0.652,0.67733,0.43956,0.43911,0.46622,0.46489,0.46444,0.45956,0.49412,0.32353,0.5,0.5,0.5,0.5,0.5,0.50588,0.559,0.481,0.622,0.6255,0.5035,0.5035,0.504,0.5055,-0.559,-0.115,0.808
0.62444,0.50978,0.43867,0.44889,0.46667,0.46667,0.46578,0.464,0.30588,0.17059,0.5,0.54118,0.51176,0.5,0.5,0.52353,0.5275,0.487,0.626,0.5805,0.4965,0.4955,0.4985,0.5055,-0.517,-0.06,0.873,0.31765,0.61176,0.5,0.5,0.5,0.5,0.5,0.5,0.50756,0.31022,0.43911,0.45956,0.46711,0.46756,0.46622,0.46578,0.34706,0.5,0.5,0.5,0.50588,0.5,0.5,0.5,0.52,0.519,0.6245,0.5275,0.4955,0.4935,0.4975,0.5055,-0.45,-0.076,0.891
0.42756,0.31867,0.43956,0.45644,0.46667,0.46711,0.46578,0.46578,0.32353,0.50588,0.5,0.48824,0.5,0.5,0.5,0.50588,0.5095,0.5755,0.622,0.542,0.4965,0.4935,0.498,0.505,-0.469,-0.126,0.899,0.48824,0.69412,0.5,0.5,0.5,0.5,0.5,0.5,0.324,0.37911,0.44089,0.44356,0.46578,0.46711,0.46578,0.46578,0.5,0.72353,0.5,0.5,0.5,0.5,0.5,0.5,0.51,0.6405,0.6165,0.603,0.506,0.4935,0.498,0.505,-0.404,-0.094,0.88
0.32311,0.47111,0.444,0.44089,0.46578,0.46578,0.46578,0.46578,0.5,0.66471,0.5,0.48824,0.5,0.5,0.5,0.50588,0.5075,0.6675,0.6025,0.6155,0.5055,0.5,0.498,0.505,-0.5,-0.161,0.905,0.54706,0.55294,0.5,0.5,0.5,0.5,0.5,0.5,0.32311,0.55822,0.44978,0.43378,0.46578,0.46578,0.46578,0.46578,0.50588,0.50588,0.5,0.5,0.5,0.5,0.5,0.5,0.5125,0.7595,0.5745,0.6505,0.5055,0.5,0.498,0.505,-0.498,-0.192,0.893
0.32311,0.55822,0.44978,0.43378,0.46578,0.46578,0.46578,0.46578,0.50588,0.50588,0.5,0.5,0.5,0.5,0.5,0.5,0.5325,0.8165,0.5745,0.651,0.506,0.5,0.498,0.505,-0.498,-0.179,0.901,0.72353,0.32941,0.5,0.5,0.5,0.5,0.5,0.5,0.39067,0.63378,0.44889,0.42711,0.46578,0.46533,0.46578,0.46578,0.68824,0.50588,0.5,0.5,0.5,0.5,0.5,0.5,0.5545,0.6075,0.578,0.6825,0.5055,0.502,0.498,0.505,-0.537,-0.154,0.863
0.47111,0.63333,0.44711,0.42756,0.46578,0.46533,0.46578,0.46578,0.63529,0.48824,0.47647,0.5,0.5,0.5,0.5,0.5,0.6115,0.511,0.5855,0.6805,0.5055,0.502,0.498,0.505,-0.573,-0.145,0.865,0.33529,0.50588,0.5,0.5,0.5,0.5,0.5,0.5,0.55467,0.54889,0.43689,0.42889,0.46578,0.46533,0.46578,0.46578,0.50588,0.5,0.5,0.5,0.50588,0.5,0.5,0.5,0.586,0.5095,0.635,0.6745,0.5055,0.502,0.498,0.5055,-0.532,-0.135,0.863
0.52978,0.548,0.43733,0.42889,0.46578,0.46533,0.46578,0.46578,0.33529,0.48235,0.5,0.5,0.5,0.5,0.5,0.50588,0.522,0.5115,0.6335,0.6745,0.5055,0.502,0.498,0.505,-0.513,-0.14,0.884,0.32941,0.48824,0.5,0.5,0.5,0.5,0.5,0.5,0.41822,0.53511,0.43911,0.42844,0.46578,0.46578,0.46578,0.46578,0.41176,0.45882,0.5,0.5,0.5,0.5,0.5,0.5,0.494,0.5205,0.6255,0.676,0.506,0.5,0.498,0.5055,-0.482,-0.18,0.897
0.52267,0.47156,0.47556,0.46667,0.47556,0.43956,0.45244,0.47333,0.50588,0.5,0.5,0.5,0.5,0.5,0.5,0.50588,0.491,0.493,0.4975,0.4985,0.4965,0.5005,0.5015,0.4965,0.056,0.003,1.035,0.68235,0.54118,0.5,0.5,0.5,0.5,0.5,0.5,0.55289,0.48178,0.47556,0.46667,0.47556,0.43911,0.45156,0.47378,0.67059,0.54118,0.5,0.5,0.49412,0.5,0.5,0.5,0.507,0.5065,0.498,0.4985,0.5035,0.5025,0.5075,0.496,0.023,-0.055,1.031
0.64089,0.50444,0.47422,0.46711,0.47511,0.43867,0.448,0.47333,0.65882,0.55882,0.5,0.5,0.50588,0.5,0.5,0.50588,0.5095,0.495,0.5025,0.4975,0.5055,0.5045,0.5245,0.4995,-0.027,-0.079,1.024,0.55882,0.8,0.5,0.5,0.5,0.5,0.5,0.5,0.75911,0.59911,0.47422,0.46711,0.47511,0.43911,0.45333,0.47333,0.62941,0.81176,0.5,0.5,0.49412,0.5,0.5,0.49412,0.508,0.5085,0.503,0.4975,0.506,0.502,0.499,0.503,-0.052,-0.062,1.041
0.808,0.74444,0.47511,0.46578,0.47511,0.44044,0.45378,0.47378,0.57059,0.80588,0.5,0.5,0.50588,0.50588,0.5,0.50588,0.4935,0.513,0.4985,0.5035,0.5035,0.4985,0.495,0.4965,-0.225,-0.021,0.993,0.25882,0.27059,0.5,0.5,0.5,0.5,0.5,0.5,0.85733,0.92267,0.47644,0.46756,0.47644,0.44044,0.45422,0.47422,0.5,0.42941,0.5,0.50588,0.48824,0.5,0.5,0.49412,0.3815,0.451,0.4935,0.497,0.496,0.4965,0.494,0.4945,0.113,0.069,1.037
0.73467,0.82756,0.47733,0.468,0.47644,0.44,0.452,0.47244,0.2,0.28824,0.5,0.5,0.50588,0.5,0.48824,0.5,0.416,0.431,0.489,0.494,0.496,0.498,0.502,0.5055,0.122,0.059,1.035,0.62941,0.47647,0.5,0.5,0.5,0.5,0.5,0.5,0.55111,0.64178,0.47689,0.46844,0.476,0.43911,0.452,0.47289,0.51176,0.48824,0.5,0.5,0.5,0.5,0.5,0.5,0.503,0.483,0.4895,0.4915,0.496,0.5025,0.5035,0.5055,0.146,0.027,1.025
0.59556,0.63067,0.47689,0.46844,0.476,0.43911,0.452,0.47244,0.61176,0.45882,0.5,0.5,0.50588,0.5,0.5,0.5,0.5105,0.4835,0.491,0.4915,0.4965,0.5035,0.5035,0.503,0.117,0.007,1.025,0.53529,0.5,0.5,0.5,0.5,0.5,0.5,0.5,0.69556,0.60756,0.47644,0.46844,0.47556,0.43911,0.45156,0.47244,0.54706,0.5,0.5,0.5,0.5,0.5,0.5,0.50588,0.496,0.489,0.4935,0.4915,0.5,0.5025,0.5045,0.5035,0.113,0.001,1.052
0.71378,0.60756,0.47644,0.46844,0.47511,0.43911,0.45156,0.47244,0.54118,0.5,0.5,0.5,0.5,0.5,0.5,0.50588,0.496,0.4895,0.4935,0.4915,0.5035,0.5025,0.5055,0.5035,0.104,-0.016,1.014,0.61176,0.43529,0.5,0.5,0.5,0.5,0.5,0.5,0.76578,0.60178,0.47467,0.46844,0.47467,0.43911,0.44756,0.47244,0.62353,0.48235,0.5,0.5,0.5,0.5,0.5,0.5,0.5055,0.4785,0.5015,0.4915,0.5035,0.5025,0.5255,0.505,0.101,-0.056,1.025
0.81556,0.58622,0.47422,0.472,0.47467,0.43911,0.44267,0.47244,0.60588,0.45882,0.5,0.5,0.5,0.5,0.47059,0.5,0.506,0.4625,0.503,0.4755,0.5055,0.5025,0.5475,0.505,0.137,-0.108,1.04,0.57059,0.61176,0.5,0.5,0.5,0.5,0.5,0.5,0.89556,0.572,0.47422,0.47378,0.47511,0.43956,0.43822,0.47244,0.57059,0.5,0.5,0.5,0.51176,0.5,0.48824,0.5,0.5065,0.479,0.5025,0.4665,0.5035,0.501,0.5695,0.505,0.136,-0.114,1.033
0.92044,0.59289,0.47422,0.47333,0.47511,0.44,0.43778,0.47289,0.55882,0.59412,0.5,0.5,0.5,0.5,0.5,0.50588,0.5125,0.5065,0.5025,0.468,0.5035,0.499,0.5725,0.503,0.07,-0.14,1.028,0.21176,0.68235,0.5,0.5,0.5,0.5,0.5,0.5,0.91867,0.70089,0.47556,0.47333,0.47556,0.44,0.43911,0.47244,0.25882,0.73529,0.5,0.5,0.5,0.5,0.5,0.50588,0.485,0.5065,0.4965,0.468,0.5,0.4985,0.567,0.505,0.133,-0.122,0.922
0.85822,0.80933,0.47733,0.47333,0.47644,0.43956,0.444,0.47289,0.22353,0.73529,0.5,0.5,0.50588,0.5,0.53529,0.50588,0.419,0.492,0.4895,0.468,0.4945,0.5005,0.543,0.5025,0.215,-0.049,1.046,0.53529,0.54706,0.5,0.5,0.5,0.5,0.5,0.5,0.76267,0.93022,0.49289,0.46667,0.47733,0.44044,0.45333,0.47244,0.49412,0.48235,0.5,0.48235,0.50588,0.5,0.5,0.49412,0.275,0.492,0.415,0.496,0.4945,0.4965,0.4965,0.504,0.269,0.03,1.0
0.76222,0.93911,0.49289,0.46667,0.47733,0.44044,0.45333,0.47244,0.5,0.52353,0.5,0.5,0.5,0.5,0.5,0.49412,0.313,0.507,0.4155,0.5,0.4945,0.4965,0.4965,0.505,0.254,0.006,1.002,0.53529,0.17059,0.5,0.5,0.5,0.5,0.5,0.5,0.76222,0.91867,0.49244,0.46756,0.47733,0.44044,0.45289,0.47378,0.5,0.28824,0.5,0.5,0.5,0.5,0.5,0.50588,0.3685,0.4635,0.4165,0.4965,0.4945,0.497,0.4985,0.4965,0.226,0.012,1.021
0.76178,0.80533,0.49244,0.47644,0.47644,0.44044,0.45289,0.47378,0.5,0.35882,0.5,0.50588,0.5,0.5,0.5,0.5,0.399,0.3775,0.4165,0.4545,0.4945,0.4965,0.4985,0.4975,0.313,0.067,0.99,0.36471,0.47647,0.5,0.5,0.5,0.5,0.5,0.5,0.74933,0.72533,0.492,0.48933,0.47644,0.44,0.45244,0.47378,0.48235,0.5,0.5,0.5,0.5,0.5,0.5,0.5,0.384,0.1485,0.419,0.3905,0.4945,0.498,0.501,0.4975,0.376,0.011,0.927
0.72978,0.71733,0.49244,0.48933,0.47644,0.44,0.45244,0.47378,0.47059,0.28235,0.5,0.5,0.5,0.5,0.5,0.50588,0.2945,0.1575,0.417,0.3905,0.4945,0.498,0.501,0.4975,0.395,0.041,0.944,0.44706,0.67647,0.5,0.5,0.5,0.5,0.5,0.5,0.704,0.71244,0.49289,0.48933,0.47689,0.44,0.45244,0.47378,0.38235,0.5,0.5,0.5,0.50588,0.5,0.5,0.50588,0.1755,0.2775,0.4145,0.3905,0.495,0.498,0.501,0.497,0.421,0.033,0.937
0.70356,0.71244,0.49289,0.48933,0.47689,0.44,0.45244,0.47422,0.50588,0.5,0.5,0.5,0.50588,0.5,0.5,0.50588,0.1555,0.4305,0.4145,0.3905,0.495,0.498,0.5005,0.4945,0.391,0.081,0.918,0.61765,0.58824,0.5,0.5,0.5,0.5,0.5,0.5,0.704,0.75956,0.49289,0.48844,0.47733,0.44044,0.45289,0.47467,0.50588,0.55294,0.5,0.5,0.50588,0.5,0.5,0.5,0.239,0.493,0.4135,0.394,0.4945,0.4965,0.499,0.4945,0.405,0.043,0.956
0.704,0.79911,0.49333,0.48489,0.47733,0.44044,0.45289,0.47422,0.5,0.58235,0.5,0.48824,0.50588,0.5,0.5,0.5,0.35,0.5065,0.413,0.409,0.4945,0.4965,0.499,0.4945,0.413,0.028,0.942,0.42941,0.32941,0.5,0.5,0.5,0.5,0.5,0.5,0.70756,0.83467,0.49289,0.48133,0.47778,0.44044,0.45289,0.47378,0.5,0.46471,0.5,0.5,0.50588,0.5,0.5,0.5,0.3995,0.4725,0.4145,0.428,0.4945,0.4965,0.499,0.4965,0.383,0.031,0.95
0.70756,0.78133,0.49289,0.48133,0.47778,0.44044,0.45289,0.47378,0.5,0.41176,0.5,0.5,0.50588,0.5,0.5,0.5,0.343,0.438,0.4145,0.428,0.4945,0.4965,0.499,0.497,0.392,0.049,0.95,0.34706,0.41765,0.5,0.5,0.5,0.5,0.5,0.5,0.70711,0.74133,0.49289,0.48222,0.47778,0.44044,0.45244,0.47378,0.5,0.45294,0.5,0.50588,0.50588,0.5,0.5,0.5,0.1905,0.301,0.4145,0.4245,0.495,0.4965,0.5,0.495,0.413,0.057,0.933
0.70356,0.73067,0.49289,0.48222,0.47778,0.44044,0.45244,0.47422,0.5,0.5,0.5,0.5,0.50588,0.5,0.5,0.50588,0.174,0.237,0.4145,0.424,0.495,0.4965,0.5,0.495,0.402,0.034,0.913,0.61176,0.52353,0.5,0.5,0.5,0.5,0.5,0.5,0.70044,0.71244,0.49289,0.48667,0.47778,0.44044,0.45244,0.47378,0.5,0.5,0.5,0.5,0.50588,0.5,0.5,0.5,0.25,0.205,0.4145,0.4025,0.495,0.4965,0.5,0.4955,0.431,0.043,0.939
0.70044,0.71244,0.49289,0.48667,0.47778,0.44044,0.45244,0.47378,0.5,0.5,0.5,0.5,0.50588,0.5,0.5,0.50588,0.3495,0.2335,0.4145,0.4025,0.4945,0.4965,0.5,0.495,0.417,0.038,0.938,0.35882,0.48824,0.5,0.5,0.5,0.5,0.5,0.5,0.70044,0.71244,0.49289,0.48667,0.47778,0.44044,0.45244,0.47378,0.5,0.5,0.5,0.5,0.50588,0.5,0.5,0.50588,0.363,0.254,0.4145,0.4025,0.4945,0.4965,0.5,0.495,0.421,0.044,0.937
0.70044,0.71244,0.49289,0.48667,0.47778,0.44044,0.45244,0.47422,0.50588,0.5,0.5,0.5,0.50588,0.5,0.5,0.50588,0.2375,0.245,0.4145,0.4025,0.495,0.4965,0.5,0.495,0.418,0.044,0.937,0.57059,0.44706,0.5,0.5,0.5,0.5,0.5,0.5,0.70044,0.71244,0.49289,0.48667,0.47778,0.44044,0.45244,0.47378,0.50588,0.5,0.5,0.5,0.50588,0.5,0.5,0.50588,0.225,0.197,0.4145,0.4025,0.495,0.4965,0.5,0.495,0.418,0.046,0.938
0.70044,0.71244,0.49289,0.48667,0.47778,0.44044,0.45244,0.47378,0.5,0.5,0.5,0.5,0.50588,0.5,0.5,0.5,0.2945,0.1615,0.4145,0.4025,0.4945,0.4965,0.5,0.497,0.427,0.044,0.938,0.61765,0.56471,0.5,0.5,0.5,0.5,0.5,0.5,0.70089,0.74933,0.49289,0.48578,0.47822,0.44044,0.45289,0.47422,0.51176,0.69412,0.5,0.49412,0.5,0.5,0.5,0.5,0.398,0.5,0.4145,0.4065,0.4945,0.4965,0.499,0.4945,0.484,0.081,0.966
0.70578,0.80178,0.49289,0.48267,0.47778,0.44044,0.45289,0.47378,0.61176,0.56471,0.5,0.47059,0.5,0.5,0.5,0.5,0.468,0.5,0.4145,0.4205,0.494,0.4965,0.498,0.4965,0.399,0.038,0.951,0.37059,0.31176,0.5,0.5,0.5,0.5,0.5,0.5,0.73333,0.83333,0.49244,0.48,0.47778,0.44044,0.45289,0.47378,0.50588,0.50588,0.5,0.5,0.5,0.5,0.5,0.5,0.4605,0.5,0.4165,0.4365,0.494,0.4965,0.4975,0.4965,0.393,0.047,0.958
0.72622,0.83733,0.49244,0.48,0.47778,0.44044,0.45289,0.47378,0.5,0.51176,0.5,0.5,0.5,0.5,0.5,0.50588,0.384,0.5,0.4165,0.4365,0.4945,0.4965,0.498,0.4965,0.391,0.036,0.954,0.67647,0.51765,0.5,0.5,0.5,0.5,0.5,0.5,0.72044,0.83956,0.49289,0.48,0.47778,0.44044,0.45289,0.47378,0.50588,0.5,0.5,0.5,0.5,0.5,0.5,0.50588,0.383,0.5,0.4145,0.4365,0.494,0.4965,0.498,0.4965,0.393,0.035,0.951
0.72089,0.83956,0.49244,0.48,0.47778,0.44044,0.45289,0.47378,0.52941,0.5,0.5,0.5,0.5,0.5,0.5,0.49412,0.485,0.5,0.416,0.4365,0.494,0.4965,0.498,0.495,0.377,0.043,0.961,0.47059,0.5,0.5,0.5,0.5,0.5,0.5,0.5,0.788,0.85111,0.49244,0.47956,0.47778,0.44044,0.45289,0.47333,0.50588,0.51176,0.5,0.5,0.5,0.5,0.5,0.5,0.4935,0.5,0.4165,0.438,0.494,0.4965,0.4975,0.4965,0.364,0.038,0.957
0.47333,0.48044,0.46578,0.46711,0.46578,0.46578,0.46578,0.46667,0.5,0.50588,0.5,0.5,0.5,0.5,0.5,0.50588,0.493,0.493,0.5,0.5,0.5,0.5,0.5,0.496,0.063,0.005,1.032,0.61765,0.54118,0.5,0.5,0.5,0.5,0.5,0.5,0.49867,0.48978,0.46578,0.46756,0.46533,0.46578,0.46533,0.46622,0.61765,0.52941,0.5,0.50588,0.5,0.5,0.5,0.50588,0.5075,0.5065,0.5,0.4985,0.5035,0.5,0.501,0.4965,0.025,-0.01,1.029
0.55956,0.51289,0.46489,0.468,0.46533,0.46533,0.46489,0.46667,0.61765,0.52941,0.5,0.5,0.5,0.5,0.5,0.50588,0.507,0.5,0.503,0.4955,0.5035,0.501,0.5035,0.4965,-0.009,-0.032,1.039,0.42353,0.79412,0.5,0.5,0.5,0.5,0.5,0.5,0.62978,0.60311,0.46578,0.46711,0.46533,0.46622,0.46667,0.46667,0.50588,0.77647,0.50588,0.5,0.51176,0.5,0.5,0.50588,0.485,0.5105,0.5,0.4995,0.4975,0.497,0.4955,0.4965,-0.053,0.04,1.053
0.63022,0.73956,0.46667,0.46578,0.46622,0.46667,0.46756,0.46711,0.50588,0.76471,0.5,0.5,0.49412,0.5,0.5,0.51176,0.4425,0.5195,0.4955,0.5055,0.4965,0.4955,0.4905,0.4955,-0.061,0.088,1.026,0.70588,0.21765,0.5,0.5,0.5,0.5,0.5,0.5,0.60133,0.88533,0.46667,0.46756,0.46667,0.47467,0.46489,0.464,0.55882,0.31765,0.5,0.50588,0.5,0.5,0.5,0.49412,0.493,0.4775,0.4955,0.497,0.494,0.457,0.503,0.5055,-0.016,0.031,1.051
0.68044,0.79156,0.46489,0.46978,0.46533,0.46444,0.45911,0.46356,0.65294,0.25294,0.5,0.5,0.50588,0.48235,0.47059,0.5,0.5105,0.425,0.5035,0.488,0.5035,0.502,0.5295,0.5055,-0.011,-0.019,1.034,0.61176,0.52353,0.5,0.5,0.5,0.5,0.5,0.5,0.81467,0.60533,0.46044,0.47422,0.46533,0.46489,0.45156,0.464,0.62353,0.47647,0.5,0.5,0.49412,0.50588,0.48235,0.50588,0.5145,0.4655,0.527,0.466,0.5045,0.5035,0.5645,0.5055,0.08,-0.051,1.039
0.88267,0.60133,0.46089,0.47422,0.46489,0.46578,0.44978,0.46444,0.61765,0.5,0.5,0.5,0.49412,0.5,0.49412,0.50588,0.5095,0.479,0.523,0.466,0.505,0.5,0.576,0.5055,0.094,-0.065,1.029,0.32941,0.40588,0.5,0.5,0.5,0.5,0.5,0.5,0.92,0.59867,0.46267,0.47422,0.46533,0.46578,0.44933,0.464,0.35294,0.46471,0.51176,0.5,0.50588,0.5,0.5,0.5,0.492,0.4645,0.514,0.466,0.5035,0.499,0.5795,0.5055,0.121,-0.064,1.031
0.84889,0.57289,0.46667,0.47422,0.46622,0.46578,0.44978,0.464,0.39412,0.44118,0.5,0.5,0.50588,0.5,0.5,0.5,0.481,0.4345,0.4975,0.466,0.4965,0.499,0.5775,0.5055,0.193,-0.025,1.005,0.52941,0.69412,0.5,0.5,0.5,0.5,0.5,0.5,0.76267,0.53244,0.46711,0.47422,0.46622,0.46578,0.44978,0.46444,0.5,0.51176,0.5,0.5,0.49412,0.5,0.5,0.51176,0.4835,0.4905,0.4935,0.466,0.4965,0.499,0.5775,0.5055,0.161,-0.034,1.015
0.76311,0.58844,0.46756,0.47333,0.46578,0.46578,0.45022,0.46578,0.50588,0.63529,0.5,0.49412,0.5,0.5,0.5,0.50588,0.492,0.5155,0.492,0.4695,0.5,0.499,0.576,0.5035,0.108,-0.043,1.026,0.65882,0.38235,0.5,0.5,0.5,0.5,0.5,0.5,0.81733,0.71422,0.46711,0.46844,0.46578,0.46533,0.44978,0.46444,0.66471,0.51176,0.5,0.5,0.5,0.5,0.5,0.50588,0.506,0.475,0.494,0.494,0.5025,0.4995,0.5775,0.5055,0.072,-0.079,1.027
0.88,0.704,0.46533,0.46844,0.46533,0.46533,0.44711,0.46444,0.62353,0.36471,0.5,0.5,0.49412,0.5,0.5,0.50588,0.51,0.428,0.502,0.493,0.5045,0.5015,0.59,0.5055,0.122,-0.079,1.016,0.35294,0.69412,0.5,0.5,0.5,0.5,0.5,0.5,0.94711,0.60933,0.46533,0.46844,0.46489,0.46578,0.44711,0.46444,0.38235,0.59412,0.5,0.5,0.5,0.50588,0.5,0.50588,0.493,0.508,0.503,0.493,0.5035,0.5005,0.59,0.5055,0.039,-0.083,1.034
0.88044,0.70533,0.46667,0.46844,0.46622,0.46578,0.448,0.46444,0.37647,0.74706,0.5,0.5,0.50588,0.5,0.50588,0.50588,0.489,0.507,0.4965,0.493,0.4945,0.4985,0.587,0.5055,0.041,-0.039,1.013,0.57059,0.42941,0.5,0.5,0.5,0.5,0.5,0.5,0.85422,0.85644,0.468,0.48178,0.46533,0.46578,0.44889,0.46,0.5,0.50588,0.5,0.50588,0.50588,0.5,0.5,0.5,0.4615,0.451,0.491,0.428,0.494,0.4995,0.582,0.5055,0.168,-0.088,1.003
0.85511,0.85644,0.46756,0.48444,0.46622,0.46533,0.44889,0.46,0.52353,0.5,0.5,0.5,0.5,0.5,0.5,0.5,0.4915,0.3965,0.492,0.416,0.4965,0.5015,0.582,0.505,0.239,-0.057,1.001,0.28824,0.22353,0.5,0.5,0.5,0.5,0.5,0.5,0.87156,0.83911,0.46756,0.48489,0.46622,0.46533,0.44844,0.45911,0.41176,0.21765,0.5,0.50588,0.5,0.5,0.5,0.5,0.4495,0.2285,0.492,0.4135,0.4965,0.5025,0.5835,0.505,0.386,-0.136,1.008
0.78844,0.696,0.468,0.492,0.46622,0.46533,0.44844,0.45956,0.3,0.17647,0.5,0.5,0.5,0.5,0.5,0.51176,0.425,0.2565,0.4895,0.3795,0.494,0.501,0.584,0.505,0.462,-0.034,0.913,0.54706,0.55294,0.5,0.5,0.5,0.5,0.5,0.5,0.67422,0.41867,0.47244,0.49156,0.46667,0.46578,0.448,0.46711,0.5,0.51176,0.5,0.5,0.50588,0.5,0.5,0.50588,0.437,0.458,0.469,0.3805,0.494,0.4995,0.586,0.4945,0.45,-0.083,0.906
0.67422,0.41867,0.47244,0.49156,0.46667,0.46578,0.448,0.46711,0.5,0.51176,0.5,0.5,0.50588,0.5,0.5,0.50588,0.4675,0.484,0.469,0.3805,0.494,0.4995,0.586,0.4945,0.461,-0.081,0.933,0.42941,0.85294,0.5,0.5,0.5,0.5,0.5,0.5,0.67511,0.47511,0.47244,0.49111,0.46667,0.46533,0.44844,0.468,0.50588,0.71765,0.5,0.5,0.5,0.5,0.5,0.5,0.467,0.5385,0.469,0.3825,0.494,0.5005,0.5845,0.4945,0.422,-0.121,0.914
0.67511,0.68667,0.47867,0.488,0.46756,0.46622,0.46444,0.46711,0.50588,0.96471,0.5,0.5,0.50588,0.50588,0.54118,0.50588,0.4185,0.508,0.4395,0.3975,0.494,0.498,0.5095,0.4945,0.541,0.133,0.871,0.71765,0.31765,0.5,0.5,0.5,0.5,0.5,0.5,0.67689,0.87778,0.47956,0.468,0.47289,0.46667,0.46578,0.46667,0.50588,0.43529,0.49412,0.5,0.5,0.5,0.5,0.50588,0.465,0.4795,0.4345,0.4945,0.494,0.4945,0.4995,0.4965,0.363,0.068,0.948
0.73956,0.82,0.47867,0.472,0.47244,0.46667,0.46578,0.46533,0.57059,0.4,0.5,0.51176,0.5,0.5,0.5,0.51176,0.506,0.449,0.439,0.4775,0.494,0.4945,0.4995,0.5035,0.372,0.123,0.91,0.35882,0.42941,0.5,0.5,0.5,0.5,0.5,0.5,0.82889,0.75733,0.47867,0.47778,0.47156,0.46711,0.46578,0.46578,0.43529,0.41765,0.5,0.51176,0.5,0.5,0.5,0.50588,0.488,0.347,0.44,0.4495,0.494,0.493,0.4995,0.503,0.399,0.06,0.934
0.78889,0.74356,0.47867,0.48,0.47156,0.46667,0.46533,0.46578,0.39412,0.5,0.5,0.50588,0.5,0.5,0.5,0.50588,0.462,0.3035,0.4395,0.4385,0.494,0.4945,0.501,0.503,0.394,0.045,0.941,0.43529,0.35882,0.5,0.5,0.5,0.5,0.5,0.5,0.73156,0.71422,0.47867,0.484,0.472,0.46667,0.46533,0.46578,0.49412,0.4,0.5,0.5,0.5,0.5,0.5,0.50588,0.4105,0.1985,0.4395,0.4175,0.4945,0.4945,0.5015,0.503,0.437,0.06,0.915
0.43689,0.428,0.46578,0.46622,0.46578,0.46622,0.46578,0.46667,0.5,0.50588,0.5,0.5,0.5,0.5,0.5,0.50588,0.5,0.5,0.5005,0.498,0.5035,0.4975,0.4985,0.496,0.081,0.019,1.03,0.61176,0.65882,0.65882,0.42941,0.5,0.5,0.5,0.5,0.31644,0.35289,0.52,0.44978,0.46622,0.46578,0.46178,0.46667,-0.32353,0.24118,0.65294,0.47647,0.5,0.5,0.5,0.49412,0.5,0.5,0.501,0.464,0.4965,0.499,0.5185,0.4965,0.172,-0.014,0.891
-0.00356,0.16133,0.60267,0.41022,0.464,0.47467,0.46489,0.46711,0.05294,0.12353,0.65882,0.42941,0.47647,0.62941,0.5,0.45294,0.5,0.5,0.5,0.4785,0.506,0.463,0.5025,0.5015,0.307,0.025,1.217,1.01176,0.83529,0.37647,0.50588,0.5,0.5,0.5,0.5,-0.08978,0.0,0.66089,0.36533,0.46578,0.47733,0.46622,0.46622,0.5,0.51765,0.37059,0.5,0.50588,0.5,0.5,0.5,0.5,0.5,0.4595,0.501,0.5035,0.4445,0.4975,0.5035,0.154,0.126,1.002
-0.08978,0.01511,0.6,0.36889,0.46533,0.47733,0.46622,0.46622,0.5,0.5,0.38235,0.5,0.5,0.5,0.5,0.5,0.5,0.5,0.4525,0.5015,0.506,0.4445,0.4975,0.5035,0.141,0.027,1.266,0.88824,0.98824,0.53529,0.41765,0.5,0.5,0.5,0.5,0.12933,0.34578,0.52533,0.34711,0.46578,0.46622,0.46622,0.46622,0.57059,1.52353,0.54118,0.38824,0.50588,0.49412,0.5,0.50588,0.5,0.5,0.515,0.486,0.5035,0.498,0.4975,0.5035,0.098,-0.03,1.108
0.16756,0.56889,0.54756,0.30667,0.46578,0.46533,0.46578,0.46667,0.65882,0.50588,0.54706,0.41765,0.50588,0.5,0.50588,0.50588,0.5,0.5,0.5,0.4785,0.5035,0.5015,0.5,0.4965,0.119,-0.015,0.956,0.74706,0.44118,0.28235,0.82941,0.5,0.5,0.5,0.5,0.38356,0.588,0.51644,0.35156,0.46844,0.47067,0.45911,0.46711,0.64118,0.44118,0.28235,0.8,0.48824,0.42353,0.48824,0.49412,0.5,0.5,0.3975,0.556,0.494,0.4725,0.53,0.4965,-0.165,-0.118,1.083
0.98667,0.54844,0.38667,0.49156,0.46578,0.46533,0.44889,0.46622,1.44118,0.49412,0.31765,0.76471,0.50588,0.5,0.52353,0.50588,0.5,0.5,0.484,0.6865,0.5035,0.5015,0.5805,0.5,0.229,-0.002,1.298,0.38235,1.04118,0.55294,0.17059,0.5,0.5,0.5,0.5,1.00533,-0.06444,0.28133,0.61733,0.46756,0.47822,0.46578,0.46578,0.50588,0.51176,0.5,0.17059,0.49412,0.5,0.5,0.5,0.5,0.5,0.455,0.494,0.494,0.44,0.499,0.5035,0.121,0.051,1.047
1.00533,-0.01333,0.30267,0.45111,0.46711,0.47822,0.46578,0.46622,0.50588,0.74118,0.56471,0.18235,0.50588,0.5,0.5,0.50588,0.5,0.5,0.4915,0.493,0.494,0.44,0.499,0.5035,0.191,0.095,1.04,0.18235,1.09412,0.71765,0.61176,0.5,0.5,0.5,0.5,1.00533,0.20133,0.41244,0.28978,0.46578,0.47022,0.46711,0.46578,0.5,0.28235,0.7,0.61176,0.49412,0.50588,0.5,0.5,0.5,0.5,0.4995,0.5055,0.4975,0.476,0.493,0.5035,-0.251,0.098,1.045
1.00178,0.20178,0.51067,0.33333,0.46667,0.46978,0.46533,0.46756,0.49412,0.58235,0.7,0.61176,0.5,0.49412,0.5,0.50588,0.5,0.5,0.519,0.571,0.4965,0.4795,0.5015,0.4945,-0.249,0.065,0.992,0.14118,0.87647,0.58824,0.57647,0.5,0.5,0.5,0.5,0.96667,0.15956,0.66533,0.41689,0.46622,0.46533,0.46489,0.46756,0.41176,0.44118,0.58824,0.55882,0.49412,0.5,0.5,0.5,0.5,0.5,0.5335,0.612,0.496,0.501,0.503,0.4945,-0.305,0.025,1.032
0.91822,0.14133,0.71289,0.44978,0.46533,0.46444,0.46489,0.468,0.46471,0.47059,0.58235,0.58235,0.5,0.5,0.5,0.50588,0.5,0.5,0.5195,0.64,0.5055,0.5035,0.503,0.4945,-0.295,-0.05,0.973,0.39412,0.93529,0.42941,0.44706,0.5,0.5,0.5,0.5,0.88222,0.09244,0.73022,0.49067,0.46489,0.46489,0.46489,0.46756,0.5,0.50588,0.5,0.5,0.5,0.5,0.5,0.50588,0.5,0.5,0.5755,0.5765,0.506,0.503,0.503,0.494,-0.295,-0.051,0.987
0.88178,0.09733,0.71511,0.47378,0.46533,0.46533,0.46489,0.46756,0.5,0.52353,0.45294,0.45294,0.50588,0.5,0.5,0.50588,0.5,0.5,0.4745,0.528,0.505,0.5015,0.503,0.494,-0.269,-0.02,0.996,0.52941,0.81176,0.25882,0.52353,0.5,0.5,0.5,0.5,0.90622,0.11156,0.60356,0.44356,0.46489,0.46533,0.46667,0.46756,0.61765,0.46471,0.28235,0.5,0.49412,0.5,0.5,0.5,0.5,0.5,0.4275,0.561,0.5055,0.5005,0.4945,0.494,-0.127,0.023,1.008
0.432,0.55022,0.46667,0.46578,0.46578,0.47022,0.46844,0.46667,0.5,0.5,0.5,0.5,0.49412,0.53529,0.5,0.5,0.5,0.5,0.4985,0.5,0.5055,0.4795,0.4875,0.4965,0.076,0.05,1.013,0.57059,0.7,0.71765,0.6,0.5,0.5,0.5,0.5,0.12267,0.67067,0.54178,0.484,0.46444,0.46533,0.45378,0.46444,-0.28824,0.48824,0.7,0.61176,0.47647,0.5,0.5,0.5,0.5,0.5,0.5,0.569,0.5055,0.5015,0.556,0.5055,-0.083,-0.191,1.0
-0.02889,0.69511,0.64667,0.53733,0.46578,0.46533,0.45378,0.46311,0.51765,0.52353,0.71176,0.6,0.50588,0.5,0.5,0.50588,0.5,0.5,0.5135,0.557,0.5035,0.501,0.5565,0.5055,0.0,-0.037,1.21,1.00588,0.51176,0.28235,0.61176,0.5,0.5,0.5,0.5,-0.08978,0.92889,0.70489,0.63956,0.46533,0.47778,0.46622,0.46667,0.50588,0.48235,0.32941,0.6,0.5,0.5,0.5,0.5,0.5,0.5,0.503,0.5285,0.5055,0.442,0.499,0.496,-0.129,0.091,0.955
-0.08978,0.86133,0.588,0.69822,0.46222,0.47378,0.46622,0.46667,0.50588,0.43529,0.27059,0.62353,0.51176,0.42941,0.5,0.49412,0.5,0.5,0.5,0.5215,0.506,0.458,0.4975,0.4965,0.058,0.135,1.0,1.05294,0.61176,0.41765,0.32353,0.5,0.5,0.5,0.5,-0.07733,0.76533,0.448,0.71111,0.46533,0.47156,0.46578,0.46444,0.55294,0.51765,0.42353,0.32941,0.50588,0.5,0.5,0.49412,0.5,0.5,0.4565,0.4915,0.506,0.4715,0.4995,0.5055,0.154,0.196,0.987
-0.068,0.77644,0.40622,0.64,0.46578,0.46667,0.46444,0.46311,0.50588,0.57647,0.41176,0.35294,0.50588,0.47647,0.5,0.5,0.5,0.5,0.454,0.4035,0.5035,0.493,0.5045,0.5055,0.222,0.12,0.999,1.04706,0.24706,0.63529,0.40588,0.5,0.5,0.5,0.5,-0.03067,0.89333,0.38978,0.51333,0.46711,0.46444,0.46,0.46578,0.50588,0.59412,0.61176,0.43529,0.51176,0.5,0.5,0.50588,0.5,0.5,0.517,0.362,0.494,0.5045,0.526,0.5035,0.253,0.064,1.038
0.472,0.47156,0.46578,0.46578,0.46578,0.46578,0.46578,0.46622,0.5,0.51176,0.5,0.5,0.5,0.5,0.5,0.50588,0.4935,0.493,0.4995,0.4995,0.5,0.4995,0.5,0.5,0.082,0.006,1.022,0.71176,0.44118,0.57059,0.44706,0.5,0.5,0.5,0.5,0.532,0.46711,0.48178,0.46,0.46622,0.46489,0.46444,0.46667,0.71765,0.48824,0.54118,0.49412,0.50588,0.48824,0.5,0.49412,0.511,0.487,0.5355,0.4435,0.4965,0.5015,0.5055,0.496,0.085,-0.064,1.019
0.63422,0.45778,0.51422,0.44133,0.46533,0.46489,0.45911,0.46711,0.68824,0.47647,0.52353,0.48824,0.50588,0.5,0.49412,0.50588,0.516,0.4705,0.5525,0.4045,0.5035,0.5035,0.53,0.4945,0.166,-0.086,1.031,0.14706,0.72941,0.42941,0.49412,0.5,0.5,0.5,0.5,0.68356,0.42089,0.54933,0.38622,0.46756,0.46622,0.45289,0.47156,0.21765,0.7,0.47647,0.49412,0.51176,0.49412,0.5,0.50588,0.4745,0.5335,0.472,0.505,0.494,0.498,0.561,0.4945,0.235,-0.067,1.03
0.52622,0.54356,0.54444,0.37689,0.46844,0.46489,0.45378,0.46533,0.22353,0.78235,0.48824,0.47647,0.50588,0.5,0.5,0.50588,0.451,0.527,0.326,0.5345,0.4945,0.502,0.557,0.5045,0.205,-0.009,0.989,0.62353,0.42941,0.45882,0.50588,0.5,0.5,0.5,0.5,0.34756,0.70044,0.50578,0.37333,0.46844,0.46533,0.46667,0.46578,0.5,0.48235,0.36471,0.5,0.5,0.5,0.5,0.50588,0.481,0.4915,0.2405,0.546,0.4945,0.5015,0.4955,0.503,0.315,0.059,0.97
0.392,0.68133,0.48533,0.37333,0.46844,0.46533,0.46667,0.46578,0.61176,0.48235,0.5,0.5,0.5,0.5,0.5,0.50588,0.4915,0.4815,0.2425,0.56,0.4945,0.502,0.4955,0.503,0.32,0.045,0.982,0.51765,0.56471,0.42353,0.51765,0.5,0.5,0.5,0.5,0.47956,0.66178,0.43689,0.37778,0.46844,0.46489,0.46622,0.46578,0.58824,0.5,0.44118,0.5,0.5,0.5,0.5,0.51176,0.4825,0.4875,0.2325,0.584,0.4945,0.503,0.497,0.503,0.322,0.049,0.984
0.48089,0.67156,0.40178,0.38267,0.46844,0.46533,0.46622,0.46578,0.50588,0.50588,0.37647,0.52353,0.5,0.5,0.5,0.50588,0.4885,0.5065,0.2115,0.605,0.495,0.5015,0.497,0.503,0.343,0.064,0.967,0.52941,0.36471,0.51176,0.51176,0.5,0.5,0.5,0.5,0.50711,0.67156,0.37689,0.39644,0.468,0.46489,0.46578,0.46533,0.50588,0.41765,0.5,0.51176,0.5,0.5,0.5,0.50588,0.4845,0.491,0.135,0.608,0.495,0.502,0.499,0.505,0.328,0.071,0.977
0.52489,0.62933,0.37689,0.41111,0.468,0.46489,0.46489,0.46533,0.50588,0.41765,0.5,0.52941,0.50588,0.5,0.5,0.5,0.483,0.4715,0.164,0.5665,0.4945,0.503,0.503,0.505,0.332,0.06,0.976,0.52353,0.59412,0.56471,0.52941,0.5,0.5,0.5,0.5,0.53244,0.56933,0.37644,0.43422,0.468,0.46489,0.46444,0.46578,0.50588,0.5,0.5,0.53529,0.5,0.5,0.5,0.5,0.493,0.4895,0.3,0.5375,0.4945,0.503,0.5055,0.5035,0.326,0.072,0.99
0.55333,0.59733,0.37778,0.44267,0.46756,0.46489,0.46489,0.46578,0.51176,0.58824,0.54118,0.53529,0.50588,0.5,0.5,0.50588,0.4885,0.5065,0.45,0.5675,0.494,0.503,0.503,0.5035,0.269,0.049,1.003,0.36471,0.32353,0.47647,0.42941,0.5,0.5,0.5,0.5,0.55689,0.60711,0.41289,0.45244,0.46756,0.46444,0.46444,0.46533,0.42353,0.41765,0.5,0.44706,0.5,0.5,0.5,0.50588,0.4445,0.4825,0.431,0.4925,0.494,0.5045,0.5045,0.5045,0.301,0.053,0.988
0.50267,0.54978,0.41333,0.42444,0.468,0.46444,0.464,0.46578,0.40588,0.37059,0.5,0.45882,0.50588,0.5,0.5,0.51176,0.4305,0.4545,0.3725,0.454,0.4945,0.5045,0.506,0.5,0.379,0.057,0.951,0.67059,0.42941,0.47059,0.54118,0.5,0.5,0.5,0.5,0.41333,0.38267,0.38133,0.38889,0.46756,0.46622,0.46622,0.46711,0.63529,0.39412,0.42941,0.52353,0.5,0.5,0.5,0.50588,0.506,0.491,0.408,0.491,0.4945,0.4965,0.497,0.494,0.374,0.05,0.945
0.50044,0.34444,0.36933,0.41067,0.46756,0.46489,0.46533,0.46711,0.68235,0.45882,0.49412,0.54706,0.5,0.5,0.5,0.5,0.5055,0.4905,0.3975,0.4855,0.494,0.5015,0.5005,0.4945,0.311,0.036,0.988,0.23529,0.6,0.55294,0.46471,0.5,0.5,0.5,0.5,0.57689,0.30667,0.352,0.43067,0.46756,0.46622,0.46622,0.46578,0.31765,0.57059,0.54706,0.45882,0.5,0.5,0.5,0.49412,0.4305,0.514,0.48,0.4495,0.4945,0.4965,0.497,0.503,0.385,0.068,0.939
0.43422,0.35511,0.38489,0.40533,0.46756,0.46622,0.46622,0.46533,0.20588,0.57647,0.54706,0.44706,0.5,0.5,0.5,0.50588,0.4455,0.517,0.4525,0.4845,0.494,0.4965,0.498,0.5045,0.426,0.055,0.934,0.75882,0.59412,0.49412,0.46471,0.5,0.5,0.5,0.5,0.28267,0.44,0.41422,0.36844,0.46756,0.46578,0.46578,0.46622,0.7,0.63529,0.5,0.47647,0.50588,0.5,0.5,0.5,0.5205,0.519,0.4525,0.501,0.4945,0.497,0.498,0.5,0.282,0.036,0.961
0.42444,0.51644,0.41378,0.352,0.46711,0.46489,0.46444,0.46711,0.79412,0.62353,0.5,0.5,0.5,0.5,0.5,0.50588,0.5115,0.506,0.4405,0.494,0.4945,0.502,0.5045,0.4945,0.333,0.033,1.006,0.42941,0.4,0.47059,0.61765,0.5,0.5,0.5,0.5,0.58444,0.58578,0.40267,0.36889,0.46622,0.46489,0.464,0.46667,0.50588,0.47647,0.5,0.60588,0.49412,0.5,0.5,0.49412,0.485,0.458,0.4295,0.504,0.4965,0.5025,0.5065,0.4965,0.302,0.017,0.981
0.56978,0.53556,0.40133,0.42756,0.46667,0.46444,0.46133,0.46667,0.47647,0.40588,0.5,0.61765,0.5,0.5,0.5,0.5,0.4655,0.4615,0.3645,0.5095,0.4945,0.5045,0.519,0.4965,0.301,-0.003,0.984,0.57647,0.37059,0.45882,0.41176,0.5,0.5,0.5,0.5,0.55467,0.39156,0.38,0.47289,0.46667,0.46489,0.46178,0.46667,0.5,0.37059,0.5,0.44706,0.5,0.5,0.5,0.52941,0.476,0.492,0.3185,0.484,0.494,0.503,0.519,0.4945,0.373,0.047,0.954
0.57333,0.32533,0.34222,0.43867,0.46622,0.46622,0.46622,0.46667,0.58824,0.39412,0.44706,0.42353,0.5,0.50588,0.50588,0.50588,0.489,0.4915,0.3935,0.434,0.494,0.4975,0.4985,0.4965,0.375,0.056,0.95,0.38824,0.68235,0.67059,0.45882,0.5,0.5,0.5,0.5,0.61556,0.28711,0.35378,0.37333,0.46667,0.46578,0.46578,0.46711,0.5,0.64706,0.66471,0.45294,0.51176,0.5,0.5,0.51176,0.4465,0.5135,0.499,0.43,0.494,0.498,0.4985,0.4945,0.314,0.022,0.964
0.54133,0.37511,0.44089,0.34978,0.46667,0.46578,0.46489,0.46933,0.35294,0.68235,0.66471,0.45294,0.5,0.5,0.5,0.51176,0.4715,0.5155,0.5,0.441,0.494,0.498,0.503,0.4945,0.254,-0.021,0.951,0.59412,0.66471,0.44118,0.59412,0.5,0.5,0.5,0.5,0.46889,0.55956,0.53333,0.34222,0.46756,0.46533,0.46133,0.47022,0.58824,0.68235,0.46471,0.58824,0.50588,0.5,0.5,0.48235,0.506,0.5065,0.445,0.511,0.494,0.5,0.5195,0.495,0.167,-0.038,1.012
0.51244,0.64178,0.50889,0.38089,0.46622,0.46622,0.46622,0.46489,0.61765,0.64706,0.44706,0.60588,0.50588,0.5,0.5,0.51176,0.507,0.5075,0.418,0.557,0.4965,0.496,0.498,0.503,0.149,0.062,1.016,0.33529,0.23529,0.54118,0.52353,0.5,0.5,0.5,0.5,0.54489,0.66978,0.488,0.44489,0.46667,0.46533,0.46444,0.46489,0.33529,0.31765,0.5,0.55294,0.5,0.49412,0.48824,0.49412,0.479,0.485,0.4155,0.5555,0.494,0.4985,0.505,0.5055,0.255,0.024,1.012
0.48444,0.57422,0.49956,0.46933,0.46622,0.46444,0.46,0.46356,0.32941,0.28235,0.53529,0.51765,0.50588,0.5,0.49412,0.49412,0.4545,0.448,0.4625,0.498,0.4965,0.504,0.5245,0.5055,0.305,0.025,0.987,0.67647,0.37059,0.38824,0.45882,0.5,0.5,0.5,0.5,0.392,0.33511,0.49556,0.48489,0.46667,0.46489,0.46,0.46711,0.65294,0.34706,0.39412,0.5,0.50588,0.5,0.50588,0.5,0.5075,0.486,0.42,0.421,0.494,0.5025,0.527,0.4945,0.34,0.021,0.973
0.48711,0.27511,0.43689,0.47333,0.46667,0.46667,0.46489,0.46667,0.69412,0.37647,0.37647,0.45294,0.50588,0.5,0.51176,0.5,0.506,0.481,0.4255,0.375,0.494,0.4945,0.5055,0.4965,0.304,0.061,0.962,0.52941,0.59412,0.61176,0.55294,0.5,0.5,0.5,0.5,0.60933,0.19556,0.39733,0.44356,0.46489,0.472,0.46578,0.46622,0.5,0.57059,0.60588,0.54118,0.50588,0.49412,0.5,0.51765,0.4935,0.509,0.4975,0.495,0.506,0.4675,0.4985,0.495,0.234,0.053,1.011
0.61511,0.212,0.45022,0.47067,0.46444,0.47156,0.46489,0.46756,0.51765,0.53529,0.61176,0.55882,0.51176,0.5,0.5,0.50588,0.506,0.5335,0.5,0.499,0.5055,0.47,0.5025,0.4945,0.174,0.034,1.0,0.52353,0.63529,0.46471,0.52353,0.5,0.5,0.5,0.5,0.64267,0.272,0.51244,0.50444,0.46622,0.46578,0.45778,0.468,0.52353,0.55882,0.47059,0.51176,0.51176,0.5,0.49412,0.5,0.4955,0.595,0.4585,0.5105,0.494,0.4975,0.535,0.4945,0.104,-0.042,1.038
0.65467,0.32889,0.49733,0.50667,0.46578,0.46444,0.45422,0.468,0.51765,0.61176,0.47059,0.5,0.5,0.5,0.5,0.5,0.4955,0.608,0.4445,0.5565,0.4995,0.502,0.5525,0.495,0.083,-0.075,0.995,0.51765,0.72353,0.5,0.5,0.5,0.5,0.5,0.5,0.68178,0.54711,0.48444,0.51422,0.46578,0.46444,0.46044,0.46444,0.54706,0.87647,0.5,0.51176,0.5,0.5,0.5,0.5,0.4925,0.5185,0.408,0.5885,0.5,0.504,0.525,0.5055,0.195,-0.007,0.975
0.69822,0.66222,0.48444,0.524,0.46533,0.46444,0.46044,0.46578,0.54118,0.74706,0.5,0.5,0.5,0.5,0.5,0.50588,0.4895,0.525,0.408,0.541,0.5035,0.504,0.5245,0.5005,0.046,0.04,0.975,0.19412,0.49412,0.48824,0.52941,0.5,0.5,0.5,0.5,0.70533,0.82889,0.48533,0.54267,0.46756,0.47689,0.46578,0.46667,0.31176,0.5,0.5,0.51765,0.50588,0.5,0.5,0.50588,0.358,0.4935,0.3855,0.5005,0.4945,0.445,0.498,0.4965,0.327,0.229,0.925
0.53644,0.82178,0.48578,0.548,0.46711,0.47778,0.46578,0.46622,0.05882,0.49412,0.5,0.52941,0.49412,0.50588,0.5,0.50588,0.409,0.5065,0.355,0.543,0.4945,0.4415,0.4985,0.4965,0.448,0.202,0.929,0.59412,0.12941,0.55294,0.41176,0.5,0.5,0.5,0.5,0.39511,0.71911,0.48622,0.54667,0.46711,0.47689,0.46533,0.46489,0.5,0.18824,0.5,0.42941,0.50588,0.5,0.5,0.50588,0.377,0.476,0.4015,0.49,0.494,0.4445,0.502,0.505,0.423,0.175,0.905
0.39467,0.59244,0.508,0.544,0.46667,0.476,0.46489,0.46489,0.5,0.25882,0.55882,0.5,0.5,0.5,0.5,0.5,0.4515,0.3935,0.43,0.2935,0.494,0.4485,0.503,0.5045,0.49,0.125,0.897,0.45294,0.37059,0.39412,0.54706,0.5,0.5,0.5,0.5,0.38444,0.33511,0.51244,0.50756,0.46667,0.47067,0.46489,0.46444,0.5,0.42353,0.42353,0.5,0.50588,0.5,0.5,0.5,0.489,0.3905,0.386,0.291,0.4945,0.4745,0.503,0.505,0.511,0.104,0.891
0.38533,0.25556,0.47244,0.50711,0.46622,0.47067,0.46489,0.46489,0.50588,0.30588,0.38824,0.5,0.5,0.5,0.5,0.50588,0.4685,0.423,0.319,0.406,0.495,0.4745,0.503,0.505,0.488,0.108,0.867,0.74706,0.75294,0.44118,0.44706,0.5,0.5,0.5,0.5,0.42356,0.15556,0.40889,0.51778,0.46667,0.47111,0.46444,0.46667,0.80588,0.65294,0.48235,0.45882,0.50588,0.5,0.49412,0.50588,0.4915,0.525,0.231,0.4055,0.4945,0.472,0.505,0.495,0.478,0.067,0.895
0.53556,0.24089,0.356,0.484,0.46667,0.46444,0.45956,0.46844,0.71765,0.72941,0.3,0.44118,0.50588,0.5,0.48824,0.50588,0.5055,0.57,0.331,0.4365,0.4945,0.5025,0.528,0.4945,0.379,0.039,0.931,0.42353,0.41765,0.64118,0.53529,0.5,0.5,0.5,0.5,0.68133,0.45156,0.34133,0.46222,0.46622,0.46578,0.45689,0.46578,0.50588,0.50588,0.62353,0.51765,0.50588,0.49412,0.5,0.50588,0.472,0.4855,0.479,0.452,0.4955,0.499,0.541,0.503,0.356,0.069,0.951
0.632,0.44578,0.40933,0.48,0.46622,0.46533,0.45689,0.46578,0.38235,0.42941,0.64118,0.53529,0.5,0.5,0.5,0.50588,0.486,0.4535,0.4995,0.451,0.4965,0.5,0.541,0.503,0.378,0.071,0.971,0.52941,0.49412,0.45294,0.54118,0.5,0.5,0.5,0.5,0.56533,0.39467,0.48222,0.51467,0.46622,0.46533,0.45689,0.46533,0.50588,0.5,0.46471,0.54706,0.5,0.5,0.5,0.5,0.508,0.456,0.463,0.4495,0.4965,0.5005,0.541,0.5045,0.341,0.067,0.969
0.58222,0.37778,0.46533,0.53422,0.46622,0.46622,0.45911,0.46533,0.55882,0.45294,0.5,0.52353,0.5,0.5,0.5,0.50588,0.5065,0.474,0.4305,0.458,0.4965,0.4965,0.5315,0.5055,0.334,0.083,0.995,0.39412,0.67059,0.5,0.34706,0.5,0.5,0.5,0.5,0.59822,0.38889,0.44356,0.52,0.46622,0.46622,0.45956,0.46578,0.40588,0.68235,0.5,0.37059,0.5,0.5,0.49412,0.50588,0.4805,0.507,0.401,0.398,0.4965,0.496,0.527,0.503,0.388,0.07,0.947
0.53867,0.48044,0.44356,0.44622,0.46667,0.46489,0.45822,0.46667,0.39412,0.66471,0.5,0.32941,0.5,0.5,0.5,0.50588,0.4845,0.5065,0.401,0.38,0.4945,0.5025,0.534,0.495,0.407,0.044,0.962,0.44118,0.62941,0.57647,0.55882,0.5,0.5,0.5,0.5,0.48133,0.62667,0.45378,0.35689,0.46667,0.46578,0.45867,0.468,0.44118,0.6,0.56471,0.5,0.50588,0.5,0.5,0.5,0.462,0.5065,0.475,0.464,0.494,0.498,0.532,0.4945,0.354,0.031,0.956
0.44356,0.69244,0.49333,0.38044,0.46622,0.46489,0.45867,0.46844,0.47059,0.64706,0.59412,0.52941,0.50588,0.5,0.5,0.5,0.466,0.506,0.471,0.5015,0.4965,0.5025,0.5325,0.4945,0.317,0.041,0.979,0.44118,0.34706,0.41176,0.50588,0.5,0.5,0.5,0.5,0.40267,0.77733,0.53822,0.41733,0.46622,0.46489,0.45822,0.46756,0.42353,0.49412,0.46471,0.51176,0.5,0.5,0.5,0.5,0.4585,0.434,0.334,0.499,0.4965,0.5025,0.5335,0.4945,0.366,0.053,0.957
0.38889,0.69289,0.50267,0.42,0.46622,0.46533,0.45778,0.46756,0.38235,0.26471,0.37647,0.5,0.50588,0.50588,0.5,0.50588,0.4425,0.4605,0.2865,0.5,0.4945,0.5015,0.536,0.4945,0.411,0.086,0.923,0.42941,0.42941,0.5,0.56471,0.5,0.5,0.5,0.5,0.32578,0.53378,0.45333,0.44356,0.46578,0.46622,0.45867,0.46667,0.5,0.43529,0.5,0.55882,0.5,0.5,0.5,0.5,0.433,0.492,0.273,0.5075,0.499,0.4965,0.533,0.4965,0.425,0.104,0.929
0.31022,0.50311,0.45333,0.47733,0.46578,0.46622,0.45867,0.46622,0.5,0.43529,0.5,0.58824,0.50588,0.5,0.5,0.49412,0.4025,0.489,0.273,0.506,0.5,0.4965,0.5325,0.4965,0.457,0.091,0.914,0.67647,0.52353,0.51765,0.48824,0.5,0.5,0.5,0.5,0.24889,0.45333,0.45333,0.512,0.46444,0.47156,0.46622,0.46667,0.62941,0.52941,0.5,0.49412,0.5,0.5,0.5,0.50588,0.506,0.507,0.3,0.4985,0.5055,0.4715,0.4975,0.4965,0.41,0.146,0.923
0.33333,0.46444,0.45289,0.51067,0.464,0.472,0.46578,0.46578,0.7,0.55882,0.5,0.5,0.5,0.5,0.5,0.5,0.506,0.507,0.3445,0.479,0.5055,0.4695,0.4985,0.5035,0.379,0.142,0.95,0.53529,0.6,0.54706,0.42353,0.5,0.5,0.5,0.5,0.46311,0.51067,0.45289,0.49378,0.46622,0.47111,0.46444,0.46578,0.53529,0.61765,0.50588,0.44118,0.5,0.49412,0.49412,0.5,0.4915,0.507,0.468,0.405,0.494,0.4725,0.503,0.503,0.356,0.085,0.951
0.47111,0.56756,0.47333,0.46356,0.46622,0.46489,0.46133,0.46622,0.56471,0.63529,0.52941,0.44706,0.51176,0.49412,0.48824,0.5,0.4935,0.5065,0.4895,0.3635,0.494,0.501,0.517,0.5,0.338,0.06,0.986,0.68824,0.52941,0.55882,0.5,0.5,0.5,0.5,0.5,0.51956,0.65289,0.52089,0.42222,0.46533,0.46533,0.46089,0.46533,0.61765,0.54118,0.55882,0.5,0.49412,0.5,0.5,0.50588,0.5305,0.4885,0.4995,0.3455,0.5055,0.501,0.521,0.503,0.325,0.032,0.909
0.61644,0.66844,0.54578,0.42222,0.46489,0.46489,0.452,0.46756,0.76471,0.54118,0.55882,0.5,0.5,0.5,0.49412,0.50588,0.521,0.488,0.5125,0.3455,0.5055,0.502,0.562,0.495,0.305,-0.066,0.974,0.22941,0.52941,0.43529,0.53529,0.5,0.5,0.5,0.5,0.69022,0.70311,0.568,0.42222,0.46578,0.46578,0.45156,0.46756,0.30588,0.50588,0.5,0.5,0.51176,0.5,0.5,0.50588,0.479,0.4845,0.469,0.4,0.4945,0.4995,0.566,0.4945,0.339,-0.031,0.965
0.58311,0.71111,0.56444,0.42356,0.46622,0.46489,0.45244,0.46756,0.3,0.5,0.48824,0.5,0.5,0.5,0.5,0.49412,0.446,0.489,0.331,0.4805,0.4965,0.5025,0.562,0.4945,0.404,-0.014,0.961,0.64118,0.50588,0.51765,0.53529,0.5,0.5,0.5,0.5,0.42978,0.72089,0.532,0.45467,0.46578,0.46578,0.45556,0.46667,0.57059,0.50588,0.5,0.54706,0.5,0.50588,0.51176,0.5,0.4935,0.4925,0.3275,0.4945,0.5,0.5,0.5475,0.4965,0.334,0.066,0.967
0.49689,0.72444,0.53156,0.472,0.46533,0.46622,0.45911,0.46578,0.63529,0.51176,0.5,0.51765,0.51176,0.5,0.5,0.5,0.506,0.492,0.3715,0.4925,0.5035,0.497,0.5305,0.503,0.307,0.075,0.987,0.34118,0.22941,0.47647,0.42941,0.5,0.5,0.5,0.5,0.57556,0.69911,0.53156,0.49333,0.46622,0.46578,0.45778,0.46578,0.40588,0.28235,0.5,0.49412,0.5,0.49412,0.48824,0.50588,0.4495,0.4255,0.385,0.3765,0.496,0.4975,0.5345,0.5045,0.427,0.058,0.93
0.47689,0.556,0.524,0.47511,0.46622,0.46533,0.45556,0.46622,0.30588,0.15294,0.38235,0.43529,0.5,0.5,0.5,0.50588,0.4715,0.446,0.3605,0.2915,0.4965,0.5015,0.547,0.5,0.411,0.036,0.897,0.57059,0.52941,0.4,0.48824,0.5,0.5,0.5,0.5,0.376,0.41822,0.48133,0.43689,0.46622,0.46578,0.45511,0.46578,0.51176,0.5,0.37059,0.45294,0.5,0.5,0.5,0.5,0.4935,0.422,0.3385,0.255,0.4965,0.5,0.5485,0.5025,0.517,0.06,0.855
0.42044,0.41778,0.43867,0.42844,0.46622,0.46578,0.45556,0.46578,0.58235,0.5,0.37647,0.5,0.5,0.5,0.5,0.5,0.491,0.444,0.2985,0.2675,0.4965,0.4995,0.5475,0.5025,0.538,0.046,0.916,0.42941,0.65294,0.51765,0.45882,0.5,0.5,0.5,0.5,0.47111,0.43156,0.396,0.39822,0.46622,0.46622,0.45556,0.46622,0.5,0.61176,0.5,0.44706,0.5,0.5,0.5,0.5,0.455,0.493,0.25,0.314,0.4965,0.4975,0.547,0.497,0.529,0.053,0.886
0.46889,0.50889,0.396,0.36578,0.46533,0.46667,0.456,0.46667,0.44118,0.65294,0.5,0.42353,0.5,0.5,0.5,0.51176,0.4115,0.495,0.2925,0.3635,0.503,0.496,0.5455,0.497,0.549,0.076,0.912,0.42941,0.57059,0.46471,0.51176,0.5,0.5,0.5,0.5,0.408,0.616,0.396,0.32667,0.46533,0.468,0.46133,0.46711,0.5,0.57647,0.5,0.5,0.50588,0.5,0.5,0.50588,0.3985,0.5065,0.287,0.4535,0.5,0.4885,0.5195,0.4945,0.489,0.088,0.866
0.38844,0.64533,0.39644,0.32356,0.46533,0.46844,0.46267,0.46667,0.37059,0.54706,0.5,0.48235,0.50588,0.5,0.50588,0.50588,0.3945,0.507,0.2,0.4945,0.503,0.4885,0.5135,0.495,0.528,0.114,0.878,0.81176,0.37647,0.55882,0.52941,0.5,0.5,0.5,0.5,0.35867,0.66311,0.396,0.34089,0.46533,0.47067,0.46444,0.46711,0.75882,0.4,0.5,0.52941,0.51176,0.5,0.49412,0.5,0.505,0.4895,0.192,0.501,0.503,0.477,0.5045,0.4945,0.525,0.09,0.918
0.51333,0.62178,0.39556,0.35778,0.46489,0.46667,0.46133,0.46667,0.7,0.4,0.5,0.53529,0.48824,0.5,0.5,0.5,0.5075,0.4735,0.3375,0.4885,0.5055,0.496,0.5195,0.4965,0.335,0.034,0.947,0.34706,0.43529,0.58235,0.54118,0.5,0.5,0.5,0.5,0.66489,0.54933,0.42756,0.39556,0.46578,0.46578,0.46089,0.46711,0.35882,0.5,0.58235,0.52941,0.50588,0.5,0.5,0.50588,0.4805,0.4455,0.5,0.456,0.5,0.4995,0.522,0.4945,0.429,0.03,0.936
0.57644,0.52578,0.47022,0.41822,0.46578,0.46533,0.45911,0.46756,0.32941,0.48235,0.58824,0.54706,0.51176,0.49412,0.5,0.50588,0.4885,0.4315,0.4995,0.4495,0.4945,0.501,0.529,0.4945,0.392,0.011,0.936,0.51176,0.32941,0.44118,0.54118,0.5,0.5,0.5,0.5,0.47556,0.44933,0.50711,0.46,0.46622,0.46533,0.45733,0.46667,0.52353,0.37059,0.44706,0.55294,0.50588,0.5,0.5,0.5,0.504,0.4075,0.4415,0.433,0.4965,0.502,0.539,0.4965,0.453,0.032,0.919
0.48089,0.34,0.47911,0.48044,0.46622,0.46622,0.45733,0.46622,0.50588,0.26471,0.44118,0.53529,0.50588,0.50588,0.5,0.5,0.506,0.4435,0.4335,0.4315,0.4965,0.4995,0.538,0.5,0.446,0.032,0.933,0.34118,0.78824,0.49412,0.45294,0.5,0.5,0.5,0.5,0.47022,0.256,0.452,0.49956,0.46667,0.46667,0.45822,0.46711,0.43529,0.69412,0.50588,0.47647,0.50588,0.5,0.49412,0.50588,0.467,0.515,0.389,0.382,0.4945,0.496,0.5325,0.4945,0.458,0.056,0.93
0.42489,0.39644,0.45244,0.46844,0.46667,0.46622,0.45867,0.46578,0.34118,0.82941,0.5,0.44118,0.50588,0.5,0.5,0.50588,0.428,0.515,0.372,0.4185,0.4945,0.4975,0.532,0.503,0.484,0.093,0.911,0.42353,0.63529,0.49412,0.57647,0.5,0.5,0.5,0.5,0.30667,0.59511,0.45244,0.43244,0.46667,0.46622,0.45956,0.46756,0.45294,0.58824,0.5,0.52353,0.50588,0.5,0.5,0.50588,0.429,0.537,0.346,0.5775,0.4945,0.4975,0.5275,0.495,0.433,0.1,0.935
0.27244,0.65556,0.45244,0.47689,0.46444,0.47378,0.46622,0.46711,0.35882,0.68235,0.5,0.72353,0.48824,0.57059,0.5,0.5,0.425,0.5345,0.331,0.5585,0.505,0.465,0.498,0.4945,0.488,0.169,0.867,0.57647,0.45294,0.54118,0.46471,0.5,0.5,0.5,0.5,0.152,0.772,0.44889,0.51956,0.45067,0.47511,0.46578,0.46667,0.45294,0.50588,0.48235,0.46471,0.5,0.5,0.5,0.5,0.5225,0.4935,0.3945,0.5005,0.5085,0.4545,0.498,0.4965,0.369,0.223,0.926
0.15067,0.75956,0.45111,0.50222,0.45111,0.47511,0.46578,0.46667,0.50588,0.45882,0.52941,0.47059,0.50588,0.5,0.5,0.5,0.5675,0.4895,0.487,0.4995,0.5085,0.455,0.498,0.4965,0.33,0.162,0.915,0.68824,0.14118,0.54118,0.54118,0.5,0.5,0.5,0.5,0.20133,0.67511,0.488,0.50311,0.45022,0.47511,0.46444,0.46578,0.77059,0.20588,0.55294,0.54118,0.49412,0.5,0.5,0.5,0.6255,0.42,0.4995,0.465,0.509,0.455,0.5025,0.503,0.361,0.245,0.873
0.34044,0.53378,0.504,0.53778,0.45644,0.47467,0.46444,0.46533,0.79412,0.21176,0.51765,0.52941,0.53529,0.5,0.5,0.5,0.5685,0.34,0.5165,0.3985,0.506,0.4565,0.504,0.5045,0.435,0.251,1.122,0.42353,0.37059,0.48824,0.41765,0.5,0.5,0.5,0.5,0.49467,0.35867,0.52756,0.56978,0.46578,0.46533,0.45556,0.46533,0.48824,0.32353,0.5,0.5,0.50588,0.5,0.5,0.5,0.5065,0.1695,0.5025,0.2335,0.4965,0.5025,0.546,0.504,0.473,0.122,0.886
0.464,0.33156,0.52178,0.56978,0.46578,0.46533,0.45556,0.46533,0.42941,0.50588,0.48824,0.5,0.5,0.5,0.5,0.5,0.494,0.132,0.499,0.0335,0.4965,0.502,0.5465,0.5035,0.497,0.121,0.889,0.62353,0.75882,0.50588,0.4,0.5,0.5,0.5,0.5,0.44889,0.33156,0.52089,0.56844,0.46622,0.46489,0.45556,0.46533,0.58235,0.5,0.5,0.5,0.5,0.49412,0.5,0.5,0.512,0.3575,0.481,0.0,0.4965,0.5025,0.5465,0.5045,0.436,0.113,0.92
0.48844,0.36889,0.52044,0.54578,0.46578,0.46533,0.45556,0.46533,0.58824,0.85882,0.51176,0.41176,0.5,0.5,0.5,0.5,0.5295,0.4655,0.4995,0.048,0.4965,0.5015,0.5465,0.5045,0.452,0.155,0.888,0.56471,0.55882,0.44118,0.45294,0.5,0.5,0.5,0.5,0.58978,0.55956,0.50444,0.468,0.46489,0.46578,0.456,0.46578,0.61176,0.50588,0.43529,0.5,0.5,0.5,0.5,0.50588,0.5205,0.4495,0.494,0.0685,0.5035,0.5,0.545,0.502,0.497,0.171,0.89
0.63378,0.58311,0.47289,0.43556,0.46533,0.46622,0.456,0.46622,0.59412,0.64118,0.42941,0.37647,0.5,0.5,0.5,0.51176,0.5125,0.444,0.499,0.102,0.5035,0.4975,0.545,0.4975,0.436,0.161,0.904,0.25882,0.38235,0.52941,0.59412,0.5,0.5,0.5,0.5,0.628,0.62178,0.45111,0.42,0.46622,0.46533,0.456,0.46667,0.21765,0.50588,0.54706,0.5,0.51176,0.49412,0.5,0.50588,0.487,0.375,0.4945,0.196,0.4965,0.5005,0.545,0.495,0.499,0.188,0.816
0.5,0.62178,0.46622,0.42933,0.46533,0.46622,0.45644,0.46667,0.27647,0.50588,0.51176,0.60588,0.50588,0.5,0.5,0.5,0.4885,0.2585,0.49,0.3835,0.5035,0.4975,0.543,0.4975,0.488,0.19,0.914,0.55882,0.64706,0.55294,0.42941,0.5,0.5,0.5,0.5,0.39111,0.55022,0.50667,0.48178,0.46533,0.46578,0.45644,0.46622,0.5,0.50588,0.55294,0.5,0.51176,0.5,0.5,0.5,0.486,0.393,0.4655,0.2855,0.5035,0.498,0.5425,0.5,0.433,0.131,0.894
0.39556,0.57111,0.52933,0.47689,0.46578,0.46622,0.45689,0.46622,0.55294,0.6,0.55294,0.5,0.49412,0.5,0.50588,0.5,0.506,0.4645,0.4855,0.1395,0.4965,0.497,0.5415,0.5,0.505,0.156,0.895,0.75882,0.25294,0.34706,0.59412,0.5,0.5,0.5,0.5,0.46,0.652,0.51689,0.42933,0.46533,0.46489,0.45511,0.46756,0.67647,0.48235,0.35294,0.5,0.51176,0.5,0.45294,0.50588,0.556,0.328,0.4505,0.3115,0.5035,0.502,0.547,0.495,0.398,0.09,0.957
0.63556,0.53333,0.43289,0.46844,0.46578,0.46489,0.452,0.46622,0.79412,0.28235,0.34118,0.64118,0.49412,0.5,0.5,0.49412,0.512,0.3045,0.4645,0.3685,0.5,0.503,0.5645,0.499,0.556,0.089,0.87,0.30588,0.6,0.62941,0.42941,0.5,0.5,0.5,0.5,0.80933,0.47733,0.38489,0.524,0.46578,0.46533,0.45244,0.46578,0.37059,0.50588,0.62353,0.5,0.5,0.5,0.5,0.5,0.435,0.2315,0.4925,0.2535,0.5,0.501,0.5625,0.502,0.462,0.093,0.911
0.70089,0.47689,0.45067,0.52178,0.46533,0.46533,0.45244,0.46578,0.22941,0.50588,0.63529,0.5,0.50588,0.5,0.5,0.5,0.454,0.3355,0.5,0.091,0.5035,0.501,0.562,0.502,0.488,0.097,0.903,0.37059,0.44118,0.42353,0.48824,0.5,0.5,0.5,0.5,0.51111,0.47022,0.50844,0.57067,0.46578,0.46489,0.46578,0.46711,0.42941,0.30588,0.3,0.64706,0.50588,0.5,0.52941,0.5,0.478,0.423,0.434,0.4265,0.503,0.5015,0.503,0.495,0.122,0.058,1.035
0.44889,0.33422,0.47378,0.57511,0.46489,0.46533,0.46711,0.46622,0.37647,0.39412,0.46471,0.5,0.50588,0.5,0.5,0.50588,0.4765,0.507,0.4165,0.5,0.5055,0.501,0.493,0.5,0.369,0.126,0.975,0.64706,0.57647,0.57647,0.48235,0.5,0.5,0.5,0.5,0.39867,0.30311,0.45333,0.59333,0.46489,0.46622,0.46667,0.46667,0.55882,0.50588,0.5,0.51176,0.50588,0.5,0.5,0.50588,0.506,0.52,0.4175,0.497,0.506,0.4955,0.494,0.4965,0.271,0.125,0.988
0.47467,0.35511,0.48,0.61867,0.46533,0.46578,0.46622,0.46667,0.64706,0.6,0.56471,0.56471,0.51176,0.5,0.5,0.50588,0.503,0.51,0.4765,0.483,0.5035,0.4965,0.4965,0.4965,0.187,0.121,0.996,0.5,0.70588,0.48235,0.42353,0.5,0.5,0.5,0.5,0.53467,0.44356,0.52311,0.64533,0.46578,0.46578,0.46578,0.46622,0.52353,0.63529,0.5,0.50588,0.5,0.5,0.5,0.51765,0.511,0.5365,0.4615,0.499,0.5,0.4985,0.4975,0.4945,0.15,0.157,1.007
0.54533,0.56578,0.52311,0.64578,0.46444,0.47111,0.46622,0.46711,0.50588,0.77647,0.5,0.5,0.49412,0.55294,0.5,0.49412,0.507,0.516,0.4185,0.5,0.5055,0.4765,0.4965,0.4945,0.063,0.189,1.004,0.30588,0.44706,0.5,0.35882,0.5,0.5,0.5,0.5,0.51778,0.7,0.51644,0.64356,0.46622,0.47378,0.46578,0.46578,0.41765,0.47647,0.5,0.5,0.51176,0.5,0.5,0.5,0.471,0.493,0.401,0.5,0.496,0.461,0.4985,0.5035,0.181,0.215,0.991
0.46489,0.67467,0.51689,0.64311,0.46667,0.47422,0.46578,0.46578,0.36471,0.44118,0.5,0.5,0.50588,0.5,0.5,0.50588,0.4175,0.4925,0.399,0.5,0.4945,0.459,0.4985,0.5035,0.259,0.253,0.966,0.56471,0.48824,0.38824,0.44118,0.5,0.5,0.5,0.5,0.31911,0.63289,0.51067,0.63111,0.46444,0.47422,0.46578,0.46578,0.5,0.49412,0.37647,0.48235,0.5,0.5,0.5,0.50588,0.4885,0.495,0.251,0.502,0.505,0.4585,0.4985,0.5035,0.325,0.266,0.939
0.33956,0.62533,0.456,0.61911,0.46356,0.47644,0.46578,0.46622,0.58824,0.5,0.37059,0.45882,0.5,0.5,0.5,0.5,0.493,0.502,0.2385,0.5075,0.505,0.448,0.498,0.5,0.343,0.253,0.91,0.67059,0.33529,0.50588,0.4,0.5,0.5,0.5,0.5,0.43556,0.58178,0.38,0.60178,0.45733,0.47644,0.46578,0.46622,0.7,0.38235,0.5,0.5,0.5,0.5,0.5,0.49412,0.493,0.4855,0.2945,0.5,0.506,0.448,0.4985,0.5,0.306,0.267,0.956
0.53467,0.51822,0.37956,0.62844,0.45778,0.476,0.46533,0.46578,0.67059,0.37647,0.5,0.58235,0.5,0.5,0.5,0.50588,0.4905,0.469,0.311,0.479,0.506,0.4495,0.501,0.503,0.305,0.232,0.949,0.55882,0.72353,0.57059,0.33529,0.5,0.5,0.5,0.5,0.63689,0.44933,0.37067,0.68044,0.45644,0.47556,0.46622,0.46711,0.52941,0.69412,0.57647,0.5,0.50588,0.5,0.5,0.50588,0.5,0.5095,0.4955,0.499,0.5065,0.452,0.497,0.4945,0.188,0.245,0.996
0.66622,0.55511,0.40711,0.67956,0.456,0.476,0.46578,0.46667,0.54118,0.72941,0.57059,0.5,0.5,0.5,0.5,0.5,0.5,0.513,0.492,0.5,0.5065,0.4495,0.4985,0.4965,0.104,0.253,1.006,0.54706,0.24118,0.45294,0.27059,0.5,0.5,0.5,0.5,0.72889,0.64,0.44622,0.67244,0.45644,0.476,0.46533,0.46578,0.57647,0.29412,0.5,0.50588,0.5,0.5,0.5,0.48824,0.4905,0.4805,0.419,0.4995,0.5065,0.4495,0.5005,0.5055,0.141,0.225,0.986
0.75644,0.52578,0.41511,0.69689,0.45689,0.47556,0.46578,0.46533,0.57059,0.26471,0.45294,0.51765,0.50588,0.5,0.5,0.50588,0.4885,0.465,0.451,0.488,0.506,0.4515,0.499,0.503,0.221,0.209,0.978,0.43529,0.67059,0.55294,0.31176,0.5,0.5,0.5,0.5,0.77956,0.39644,0.38711,0.69778,0.45822,0.47511,0.46622,0.46667,0.50588,0.54706,0.56471,0.5,0.50588,0.5,0.5,0.50588,0.4685,0.5065,0.537,0.5,0.506,0.4535,0.4975,0.4965,0.189,0.215,0.998
0.77556,0.48133,0.42489,0.69822,0.46089,0.47556,0.46622,0.46667,0.50588,0.66471,0.55294,0.5,0.50588,0.5,0.5,0.51176,0.4305,0.506,0.4935,0.5,0.5055,0.452,0.4975,0.4945,0.099,0.193,0.991,0.26471,0.51176,0.52353,0.31765,0.5,0.5,0.5,0.5,0.66578,0.57956,0.46667,0.69733,0.46311,0.47644,0.46622,0.46711,0.20588,0.53529,0.50588,0.5,0.50588,0.5,0.5,0.51176,0.434,0.5065,0.4735,0.5,0.5055,0.4485,0.498,0.4945,0.097,0.239,1.022
0.53733,0.58622,0.48222,0.69244,0.46444,0.47644,0.46578,0.46622,0.42353,0.50588,0.56471,0.49412,0.51176,0.5,0.5,0.50588,0.432,0.507,0.4585,0.501,0.5055,0.448,0.4985,0.4965,0.228,0.265,0.972,0.69412,0.58824,0.45294,0.32353,0.5,0.5,0.5,0.5,0.43244,0.60844,0.49956,0.67644,0.46489,0.47644,0.46578,0.46667,0.50588,0.57647,0.5,0.48235,0.5,0.5,0.5,0.50588,0.487,0.5115,0.367,0.505,0.5055,0.448,0.4985,0.4965,0.212,0.265,0.983
0.50667,0.65422,0.48222,0.66711,0.464,0.47644,0.46578,0.46711,0.67059,0.55294,0.44118,0.47059,0.49412,0.5,0.5,0.51176,0.5055,0.5115,0.332,0.506,0.5055,0.448,0.4985,0.4945,0.142,0.264,0.974,0.36471,0.50588,0.50588,0.34118,0.5,0.5,0.5,0.5,0.59733,0.70667,0.44578,0.636,0.46356,0.47644,0.46578,0.46667,0.41765,0.52941,0.5,0.47059,0.50588,0.5,0.5,0.50588,0.476,0.51,0.3835,0.507,0.5055,0.448,0.498,0.4945,0.159,0.242,0.979
0.56089,0.71422,0.44622,0.624,0.464,0.47644,0.46578,0.46667,0.41765,0.51176,0.5,0.48235,0.50588,0.5,0.5,0.5,0.44,0.5085,0.397,0.5045,0.5055,0.448,0.498,0.4965,0.191,0.262,0.978,0.37059,0.28235,0.56471,0.33529,0.5,0.5,0.5,0.5,0.47867,0.67511,0.46667,0.61422,0.46444,0.47644,0.46578,0.46667,0.31765,0.33529,0.54706,0.5,0.50588,0.5,0.5,0.5,0.391,0.483,0.4195,0.4995,0.5055,0.448,0.498,0.4965,0.27,0.278,0.937
0.37333,0.57644,0.49778,0.628,0.46444,0.476,0.46489,0.46533,0.24706,0.32353,0.53529,0.54118,0.50588,0.5,0.5,0.51176,0.4485,0.475,0.428,0.489,0.506,0.4495,0.5015,0.5035,0.298,0.267,0.936,0.64706,0.54118,0.51176,0.27059,0.5,0.5,0.5,0.5,0.25156,0.44133,0.53289,0.67467,0.464,0.476,0.46533,0.46667,0.61176,0.5,0.51765,0.54118,0.5,0.5,0.5,0.5,0.5245,0.4925,0.462,0.491,0.5055,0.4495,0.5005,0.4965,0.249,0.27,0.953
0.34844,0.45333,0.53911,0.69778,0.464,0.476,0.46578,0.46667,0.67647,0.51765,0.5,0.50588,0.5,0.5,0.5,0.50588,0.508,0.5015,0.461,0.493,0.5055,0.4495,0.4985,0.4965,0.217,0.247,0.949,0.5,0.32353,0.44706,0.34706,0.5,0.5,0.5,0.5,0.44533,0.47067,0.54267,0.69778,0.46622,0.47556,0.46578,0.46667,0.50588,0.4,0.48824,0.5,0.51176,0.5,0.5,0.5,0.4935,0.4495,0.395,0.5,0.4965,0.452,0.497,0.4965,0.313,0.248,0.876
0.44578,0.39511,0.51867,0.69778,0.46578,0.47511,0.46578,0.46667,0.50588,0.35294,0.44706,0.5,0.5,0.5,0.5,0.50588,0.4935,0.43,0.3775,0.5,0.5,0.4535,0.497,0.4965,0.297,0.223,0.967,0.71176,0.83529,0.47647,0.34706,0.5,0.5,0.5,0.5,0.50622,0.30711,0.48089,0.69867,0.46489,0.47556,0.46444,0.46533,0.67059,0.77059,0.48824,0.5,0.5,0.5,0.49412,0.5,0.5115,0.5245,0.3705,0.5,0.5055,0.452,0.503,0.5055,0.209,0.247,0.949
0.62,0.46178,0.46711,0.69822,0.46489,0.47556,0.46489,0.46622,0.77647,0.97059,0.5,0.5,0.5,0.5,0.5,0.50588,0.507,0.526,0.38,0.5,0.5055,0.452,0.502,0.5,0.096,0.246,0.989,0.18824,0.51765,0.54706,0.25294,0.5,0.5,0.5,0.5,0.76044,0.69733,0.45689,0.684,0.46578,0.47644,0.46578,0.46667,0.34118,0.50588,0.5,0.46471,0.5,0.5,0.5,0.50588,0.35,0.509,0.4355,0.509,0.5,0.4475,0.4975,0.4945,0.178,0.285,0.914
0.552,0.7,0.48133,0.66356,0.46533,0.47289,0.46578,0.46667,-0.05294,0.53529,0.55294,0.46471,0.50588,0.44706,0.5,0.50588,0.456,0.5115,0.4365,0.509,0.5035,0.464,0.498,0.4965,0.035,0.105,0.829,0.42353,0.15294,0.54706,0.30588,0.5,0.5,0.5,0.5,0.256,0.64044,0.508,0.64267,0.46044,0.48,0.46533,0.46533,0.30588,0.18824,0.5,0.52941,0.49412,0.5,0.49412,0.49412,0.512,0.4775,0.516,0.498,0.5055,0.428,0.4995,0.5055,0.151,0.179,0.999
0.20222,0.47956,0.52267,0.68133,0.46044,0.48,0.46578,0.46578,0.38235,0.2,0.53529,0.6,0.5,0.5,0.50588,0.50588,0.521,0.46,0.5605,0.473,0.5055,0.4285,0.4995,0.5035,0.157,0.167,1.011,0.91765,0.55294,0.38235,0.29412,0.5,0.5,0.5,0.5,0.17867,0.26489,0.51644,0.69822,0.46,0.48,0.46578,0.46578,0.88824,0.50588,0.35882,0.50588,0.50588,0.5,0.5,0.50588,0.7155,0.4895,0.523,0.4995,0.5055,0.428,0.4975,0.5035,-0.008,0.141,1.0
0.444,0.27422,0.456,0.69867,0.46267,0.48,0.46578,0.46533,1.11765,0.58235,0.37647,0.5,0.55882,0.5,0.5,0.5,0.581,0.4955,0.536,0.5,0.5055,0.4275,0.498,0.5055,0.152,0.165,1.047,0.42353,0.61176,0.6,0.35294,0.5,0.5,0.5,0.5,0.77467,0.34711,0.40489,0.69867,0.46622,0.47422,0.46533,0.45422,0.46471,0.61765,0.58824,0.5,0.50588,0.5,0.5,0.50588,0.4905,0.4955,0.608,0.5,0.496,0.4575,0.5005,0.507,-0.049,0.067,1.026
0.73111,0.39689,0.46,0.69911,0.46667,0.47378,0.46578,0.45867,0.40588,0.56471,0.52941,0.5,0.50588,0.5,0.49412,0.50588,0.493,0.507,0.585,0.5,0.494,0.459,0.4975,0.5055,-0.012,0.126,1.081,0.47059,0.68824,0.48824,0.28235,0.5,0.5,0.5,0.5,0.66889,0.50889,0.53378,0.68933,0.46489,0.46578,0.46622,0.46711,0.47647,0.69412,0.5,0.49412,0.49412,0.50588,0.5,0.50588,0.5,0.5155,0.501,0.5025,0.5005,0.498,0.4965,0.494,-0.119,0.073,1.046
0.656,0.608,0.528,0.68844,0.46844,0.47289,0.46578,0.46622,0.48235,0.68235,0.5,0.5,0.51765,0.5,0.5,0.49412,0.4935,0.514,0.4985,0.5,0.494,0.4635,0.498,0.4965,-0.093,0.087,1.028,0.49412,0.18235,0.37647,0.30588,0.5,0.5,0.5,0.5,0.64222,0.64533,0.484,0.668,0.46756,0.47556,0.46578,0.46622,0.46471,0.24706,0.38824,0.5,0.50588,0.5,0.5,0.50588,0.4935,0.485,0.48,0.502,0.494,0.4505,0.498,0.5,0.074,0.094,1.019
0.64489,0.49467,0.42533,0.67244,0.46844,0.47556,0.46533,0.46578,0.50588,0.2,0.38235,0.51765,0.50588,0.5,0.5,0.5,0.4915,0.4775,0.4585,0.496,0.494,0.4505,0.5,0.5035,0.143,0.096,1.023,0.27059,0.70588,0.50588,0.4,0.5,0.5,0.5,0.5,0.65467,0.32978,0.36489,0.68133,0.46489,0.47689,0.46622,0.46667,0.44706,0.67059,0.5,0.5,0.5,0.50588,0.5,0.5,0.3635,0.5145,0.4055,0.5,0.505,0.446,0.4965,0.4965,0.158,0.129,1.02
0.57022,0.42622,0.36489,0.668,0.46356,0.48133,0.46578,0.46667,0.17647,0.70588,0.5,0.48235,0.49412,0.5,0.5,0.49412,0.356,0.5195,0.4195,0.5065,0.5055,0.4225,0.498,0.4965,0.111,0.056,1.005,0.48824,0.44118,0.62353,0.27647,0.5,0.5,0.5,0.5,0.29422,0.57111,0.39111,0.66889,0.46578,0.46489,0.464,0.464,0.44706,0.50588,0.60588,0.50588,0.5,0.5,0.5,0.50588,0.5055,0.4875,0.509,0.496,0.494,0.501,0.5065,0.505,-0.034,0.009,1.027
0.28756,0.54667,0.44267,0.68044,0.46622,0.46489,0.46533,0.46533,0.48824,0.46471,0.58824,0.52941,0.50588,0.5,0.5,0.50588,0.506,0.485,0.5625,0.492,0.4965,0.502,0.5015,0.5035,-0.081,0.006,1.038,0.85882,0.50588,0.49412,0.27647,0.5,0.5,0.5,0.5,0.316,0.52711,0.49956,0.69822,0.46622,0.46489,0.46622,0.46711,0.82353,0.51176,0.5,0.5,0.50588,0.5,0.5,0.50588,0.597,0.4775,0.631,0.5,0.495,0.502,0.4965,0.4945,-0.21,0.001,1.027
0.47333,0.52711,0.49867,0.69822,0.46667,0.46533,0.46622,0.46711,0.75294,0.50588,0.5,0.5,0.50588,0.5,0.5,0.50588,0.6355,0.48,0.623,0.5,0.4965,0.5,0.4965,0.4945,-0.046,0.142,1.108,0.41176,0.55882,0.42353,0.24706,0.5,0.5,0.5,0.5,0.77467,0.51022,0.49689,0.692,0.46578,0.46578,0.46533,0.46533,0.45882,0.55882,0.43529,0.49412,0.49412,0.5,0.5,0.50588,0.492,0.5085,0.492,0.5005,0.498,0.4985,0.501,0.5055,0.036,0.044,1.022
0.744,0.53644,0.46578,0.68533,0.46578,0.46578,0.46578,0.46578,0.44706,0.55294,0.42941,0.48824,0.50588,0.5,0.5,0.50588,0.484,0.5105,0.4555,0.503,0.498,0.498,0.499,0.5035,0.074,0.077,1.023,0.48235,0.51176,0.45882,0.38824,0.5,0.5,0.5,0.5,0.71156,0.57511,0.42133,0.66533,0.46578,0.46622,0.46578,0.46622,0.50588,0.53529,0.5,0.49412,0.51176,0.5,0.5,0.50588,0.4625,0.509,0.3875,0.503,0.4965,0.496,0.498,0.5,0.065,0.083,1.02
0.69956,0.58356,0.39911,0.65822,0.46533,0.46622,0.46578,0.46622,0.45294,0.50588,0.44118,0.48824,0.49412,0.5,0.5,0.50588,0.4665,0.5085,0.3895,0.5025,0.505,0.496,0.498,0.5,0.066,0.083,1.044,0.21176,0.28824,0.48235,0.31765,0.5,0.5,0.5,0.5,0.63378,0.54667,0.36978,0.65689,0.46444,0.47244,0.46622,0.46667,0.32941,0.30588,0.5,0.5,0.5,0.51176,0.5,0.49412,0.396,0.4865,0.3875,0.4995,0.5055,0.468,0.497,0.4965,0.158,0.171,0.985
0.50978,0.43778,0.37067,0.656,0.46489,0.47111,0.46489,0.46533,0.07647,0.27059,0.5,0.5,0.5,0.49412,0.48235,0.5,0.401,0.4875,0.3405,0.5,0.5055,0.4705,0.502,0.5055,0.052,0.02,1.065,0.67647,0.60588,0.55294,0.37059,0.5,0.5,0.5,0.5,0.27556,0.31911,0.34,0.67156,0.46489,0.46578,0.46489,0.46533,0.6,0.56471,0.53529,0.52353,0.5,0.5,0.5,0.5,0.516,0.5105,0.5185,0.4915,0.506,0.4975,0.5035,0.5055,0.016,-0.039,1.032
0.35022,0.37422,0.35689,0.68267,0.46489,0.46622,0.46622,0.46667,0.67647,0.61176,0.52941,0.5,0.5,0.5,0.5,0.49412,0.5245,0.5095,0.566,0.498,0.5055,0.496,0.498,0.4955,-0.055,-0.042,1.024,0.48824,0.55882,0.64706,0.36471,0.5,0.5,0.5,0.5,0.44578,0.464,0.416,0.68978,0.46444,0.46667,0.46622,0.46711,0.5,0.57647,0.58235,0.51176,0.5,0.5,0.5,0.5,0.524,0.507,0.6675,0.4965,0.5055,0.494,0.497,0.4945,-0.235,-0.031,1.011
0.44489,0.496,0.47956,0.69867,0.46444,0.46844,0.46622,0.46756,0.5,0.57059,0.65294,0.50588,0.5,0.50588,0.5,0.50588,0.5195,0.5065,0.725,0.497,0.505,0.486,0.497,0.4945,-0.317,-0.012,0.982,0.44706,0.51765,0.38824,0.37647,0.5,0.5,0.5,0.5,0.42133,0.54133,0.55422,0.69911,0.46533,0.46844,0.46578,0.46667,0.5,0.52353,0.5,0.5,0.50588,0.5,0.49412,0.49412,0.516,0.4995,0.609,0.5,0.5035,0.485,0.4975,0.4965,-0.271,-0.018,0.985
0.40178,0.54489,0.50889,0.69867,0.46489,0.46844,0.46489,0.46533,0.46471,0.49412,0.40588,0.5,0.49412,0.5,0.49412,0.5,0.5125,0.507,0.551,0.5,0.505,0.485,0.5025,0.5055,-0.173,-0.077,1.005,0.42353,0.54118,0.50588,0.35882,0.5,0.5,0.5,0.5,0.36178,0.54489,0.45067,0.69644,0.46489,0.468,0.46489,0.46489,0.42353,0.50588,0.5,0.49412,0.50588,0.5,0.5,0.5,0.4955,0.5215,0.5225,0.5,0.5045,0.4875,0.503,0.5055,-0.147,-0.05,1.018
0.324,0.56267,0.45067,0.696,0.46489,0.468,0.46489,0.46311,0.44706,0.57059,0.5,0.5,0.5,0.5,0.5,0.49412,0.494,0.5205,0.5365,0.5,0.5055,0.4875,0.5035,0.5055,-0.119,-0.076,0.998,0.66471,0.52941,0.49412,0.36471,0.5,0.5,0.5,0.5,0.28,0.62133,0.45022,0.69733,0.464,0.47156,0.46578,0.46533,0.54118,0.54706,0.5,0.5,0.5,0.5,0.5,0.50588,0.567,0.507,0.546,0.5,0.5055,0.4705,0.501,0.5055,-0.16,-0.05,1.015
0.34089,0.64044,0.44933,0.69733,0.46222,0.472,0.46622,0.46711,0.61765,0.54118,0.5,0.5,0.5,0.5,0.5,0.50588,0.587,0.5065,0.536,0.5,0.5055,0.468,0.4975,0.4945,-0.226,-0.053,1.005,0.38235,0.47059,0.53529,0.31176,0.5,0.5,0.5,0.5,0.42267,0.65689,0.44044,0.69733,0.46178,0.47244,0.46667,0.46711,0.5,0.49412,0.5,0.5,0.5,0.5,0.5,0.50588,0.538,0.493,0.6165,0.5,0.5055,0.4665,0.4955,0.4945,-0.212,-0.048,1.029
0.39556,0.64267,0.44711,0.69733,0.46178,0.47244,0.46622,0.46622,0.37059,0.47647,0.60588,0.5,0.5,0.5,0.5,0.5,0.512,0.493,0.6755,0.5,0.5055,0.4665,0.498,0.4965,-0.215,-0.06,0.994,0.77647,0.35294,0.42353,0.26471,0.5,0.5,0.5,0.5,0.35067,0.59689,0.46711,0.69778,0.46133,0.472,0.46667,0.46667,0.67647,0.40588,0.45294,0.5,0.5,0.5,0.5,0.50588,0.6155,0.4775,0.5565,0.5,0.5055,0.4665,0.4965,0.4965,-0.224,-0.051,1.006
0.48133,0.53778,0.41822,0.69867,0.46133,0.472,0.46667,0.46667,0.75882,0.41176,0.40588,0.5,0.5,0.5,0.5,0.50588,0.619,0.4595,0.6005,0.4995,0.5055,0.468,0.4955,0.4945,-0.216,-0.045,1.014,0.44706,0.66471,0.57647,0.3,0.5,0.5,0.5,0.5,0.66622,0.47911,0.37111,0.69867,0.46178,0.46489,0.46667,0.46756,0.5,0.55882,0.5,0.5,0.50588,0.5,0.5,0.50588,0.552,0.493,0.73,0.5,0.505,0.502,0.496,0.4945,-0.274,-0.025,1.0
0.66667,0.55511,0.39911,0.69911,0.46222,0.46489,0.46667,0.47422,0.50588,0.69412,0.55882,0.5,0.50588,0.50588,0.5,0.50588,0.522,0.5045,0.784,0.4995,0.505,0.5005,0.496,0.494,-0.356,-0.062,0.927,0.5,0.21176,0.51765,0.27059,0.5,0.5,0.5,0.5,0.66356,0.60711,0.448,0.69956,0.46578,0.46933,0.46667,0.47467,0.5,0.33529,0.5,0.5,0.5,0.5,0.5,0.50588,0.507,0.439,0.795,0.5,0.497,0.481,0.4965,0.494,-0.268,-0.019,0.996
0.65378,0.48667,0.44756,0.69956,0.46578,0.46444,0.46622,0.47422,0.5,0.17647,0.5,0.5,0.5,0.5,0.5,0.5,0.5115,0.4185,0.8395,0.5,0.5,0.504,0.4965,0.4945,-0.223,0.01,1.002,0.20588,0.67647,0.50588,0.37647,0.5,0.5,0.5,0.5,0.55956,0.33467,0.48089,0.69956,0.46578,0.46444,0.46667,0.46667,0.22353,0.5,0.58824,0.5,0.5,0.5,0.5,0.45882,0.4945,0.4765,0.7435,0.4995,0.4965,0.504,0.496,0.503,-0.165,0.017,0.983
0.41111,0.37511,0.50133,0.70044,0.46578,0.46667,0.46622,0.46444,0.24706,0.65882,0.51176,0.50588,0.49412,0.5,0.5,0.5,0.4945,0.507,0.6585,0.4995,0.5035,0.494,0.4975,0.5055,-0.144,-0.021,1.093,0.57059,0.69412,0.51765,0.35882,0.5,0.5,0.5,0.5,0.23867,0.51689,0.52622,0.7,0.46489,0.46933,0.46489,0.46222,0.5,0.72353,0.50588,0.5,0.5,0.52353,0.5,0.51176,0.5285,0.5215,0.583,0.5,0.5055,0.4835,0.504,0.5055,-0.151,0.01,1.02
0.23822,0.632,0.53244,0.70044,0.46489,0.47244,0.46622,0.46667,0.5,0.70588,0.5,0.5,0.5,0.5,0.5,0.50588,0.575,0.513,0.5965,0.5,0.5055,0.4665,0.498,0.4945,-0.202,0.004,1.018,0.55882,0.42353,0.48824,0.24118,0.5,0.5,0.5,0.5,0.24933,0.74756,0.53156,0.69956,0.46489,0.47289,0.46622,0.46711,0.74706,0.43529,0.5,0.5,0.5,0.5,0.5,0.50588,0.626,0.4905,0.632,0.4995,0.505,0.4655,0.4975,0.4945,-0.25,-0.009,1.009
0.27333,0.71911,0.53156,0.70044,0.46444,0.47244,0.46622,0.46667,0.5,0.43529,0.5,0.5,0.5,0.5,0.5,0.49412,0.665,0.485,0.6035,0.5,0.5055,0.466,0.4975,0.496,-0.239,-0.023,0.996,0.73529,0.53529,0.42353,0.38824,0.5,0.5,0.5,0.5,0.36756,0.68489,0.49956,0.70044,0.46444,0.47244,0.46667,0.46756,0.84706,0.5,0.38824,0.5,0.5,0.5,0.5,0.50588,0.6725,0.489,0.5995,0.5,0.5055,0.4665,0.496,0.4945,-0.335,-0.001,0.997
0.52756,0.69156,0.45911,0.70044,0.46489,0.47244,0.46667,0.46756,0.8,0.55294,0.37059,0.5,0.50588,0.5,0.5,0.50588,0.6105,0.4925,0.6045,0.5,0.5055,0.4665,0.496,0.4945,-0.36,0.024,0.93,0.26471,0.48235,0.6,0.3,0.5,0.5,0.5,0.5,0.73733,0.71244,0.42622,0.70044,0.46667,0.47289,0.46667,0.46844,0.40588,0.50588,0.57059,0.5,0.50588,0.5,0.5,0.50588,0.455,0.489,0.707,0.5,0.4945,0.466,0.496,0.4945,-0.343,0.048,0.955
0.59956,0.70711,0.48044,0.70044,0.46667,0.47244,0.46622,0.468,0.12941,0.48824,0.62353,0.5,0.5,0.5,0.5,0.5,0.4855,0.4875,0.694,0.5,0.4945,0.4655,0.4975,0.4945,-0.372,0.021,0.958,0.74118,0.17059,0.50588,0.35882,0.5,0.5,0.5,0.5,0.41067,0.63778,0.52489,0.70044,0.46622,0.47244,0.46622,0.46667,0.50588,0.3,0.5,0.5,0.5,0.5,0.5,0.50588,0.647,0.422,0.7705,0.5,0.495,0.467,0.4965,0.4965,-0.287,0.066,0.983
0.48089,0.50622,0.52444,0.7,0.46622,0.46578,0.46667,0.46622,0.80588,0.09412,0.5,0.5,0.5,0.5,0.5,0.5,0.6745,0.3965,0.788,0.5,0.497,0.4975,0.4965,0.501,-0.101,0.066,0.786,0.52941,0.68824,0.36471,0.37647,0.5,0.5,0.5,0.5,0.79733,0.27067,0.55733,0.7,0.46533,0.46578,0.46044,0.45422,0.56471,0.67647,0.40588,0.50588,0.56471,0.5,0.5,0.50588,0.493,0.5065,0.4345,0.4995,0.494,0.4995,0.5245,0.507,0.203,-0.04,0.989
0.81956,0.30756,0.48933,0.69956,0.46489,0.46533,0.45956,0.45422,0.51765,0.55294,0.4,0.5,0.49412,0.5,0.5,0.5,0.492,0.5575,0.4305,0.5,0.5055,0.5015,0.5285,0.507,0.338,-0.016,0.987,0.27059,0.56471,0.48824,0.32353,0.5,0.5,0.5,0.5,0.83733,0.50044,0.42444,0.70044,0.46533,0.46533,0.46622,0.45822,0.50588,0.62353,0.5,0.5,0.50588,0.5,0.5,0.52941,0.377,0.493,0.339,0.5,0.503,0.501,0.497,0.5055,0.38,-0.004,0.948
0.81644,0.53289,0.42489,0.70044,0.46622,0.46667,0.46622,0.46578,0.41176,0.56471,0.5,0.5,0.50588,0.5,0.5,0.51176,0.1965,0.5045,0.308,0.5,0.496,0.495,0.497,0.497,0.295,0.088,0.979,0.32353,0.37059,0.57647,0.32353,0.5,0.5,0.5,0.5,0.81289,0.56178,0.42489,0.70044,0.46667,0.46711,0.46667,0.46711,0.49412,0.42353,0.5,0.5,0.51176,0.5,0.5,0.49412,0.145,0.4685,0.3935,0.5,0.495,0.4925,0.496,0.4945,0.297,0.027,0.999
0.77333,0.51111,0.45511,0.70044,0.46667,0.46667,0.46622,0.46622,0.49412,0.47059,0.55882,0.5,0.50588,0.5,0.5,0.5,0.169,0.455,0.434,0.5,0.495,0.4945,0.497,0.5,0.397,0.048,0.958,0.27647,0.43529,0.45294,0.4,0.5,0.5,0.5,0.5,0.65289,0.40756,0.50889,0.70044,0.46667,0.46622,0.46622,0.46622,0.5,0.44118,0.5,0.5,0.50588,0.5,0.5,0.50588,0.16,0.4615,0.3235,0.5,0.495,0.497,0.497,0.5,0.416,0.063,0.935
0.65067,0.384,0.50489,0.7,0.46622,0.46489,0.46578,0.46489,0.5,0.47647,0.39412,0.5,0.5,0.5,0.5,0.5,0.169,0.447,0.2295,0.5,0.4965,0.5025,0.499,0.5055,0.418,0.043,0.912,0.38824,0.53529,0.43529,0.35882,0.5,0.5,0.5,0.5,0.81156,0.30622,0.42356,0.7,0.46622,0.46489,0.46578,0.46489,0.56471,0.5,0.37647,0.5,0.5,0.5,0.5,0.5,0.5,0.493,0.3745,0.5,0.4965,0.5025,0.499,0.5055,0.468,0.088,0.911
0.84444,0.30667,0.39556,0.7,0.46622,0.46489,0.46578,0.46489,0.57059,0.51176,0.48824,0.5,0.5,0.5,0.5,0.5,0.5,0.5085,0.355,0.5,0.4965,0.5025,0.499,0.5055,0.446,0.097,1.029,0.05882,0.50588,0.62941,0.27647,0.5,0.5,0.5,0.5,0.90222,0.33156,0.37644,0.7,0.46622,0.46489,0.46578,0.46444,0.54118,0.55882,0.64118,0.5,0.5,0.5,0.50588,0.50588,0.5,0.5065,0.494,0.5,0.4965,0.5025,0.5,0.5055,0.407,0.041,0.937
0.90178,0.34444,0.43689,0.7,0.46622,0.46489,0.46578,0.46444,0.50588,0.50588,0.62941,0.5,0.50588,0.5,0.5,0.50588,0.5,0.493,0.5,0.5,0.4965,0.5015,0.4995,0.5055,0.407,0.017,0.954,0.35294,0.42941,0.42353,0.28824,0.5,0.5,0.5,0.5,0.89467,0.36044,0.49156,0.7,0.46578,0.46533,0.46578,0.46444,0.5,0.49412,0.43529,0.5,0.49412,0.5,0.5,0.5,0.5,0.4655,0.478,0.5,0.5,0.5005,0.4995,0.5055,0.414,0.029,0.952
0.89778,0.33467,0.45644,0.7,0.46622,0.46533,0.46622,0.46444,0.52941,0.42353,0.43529,0.5,0.5,0.5,0.5,0.5,0.5,0.4615,0.459,0.5,0.4965,0.5005,0.4975,0.5055,0.428,0.053,0.934,0.25294,0.8,0.55294,0.4,0.5,0.5,0.5,0.5,0.92756,0.31956,0.42356,0.7,0.46622,0.46533,0.46622,0.46489,0.47647,0.75294,0.56471,0.5,0.5,0.5,0.5,0.49412,0.5,0.5205,0.491,0.5,0.494,0.5005,0.499,0.5055,0.405,0.069,0.947
0.91556,0.49467,0.44978,0.70044,0.46444,0.46667,0.46622,0.46533,0.48235,0.80588,0.54118,0.5,0.49412,0.5,0.5,0.50588,0.5,0.5085,0.4885,0.5,0.5055,0.495,0.4975,0.5035,0.224,0.153,0.965,0.26471,0.25294,0.41176,0.41176,0.5,0.5,0.5,0.5,0.91644,0.64222,0.46444,0.70044,0.46533,0.46711,0.46622,0.46311,0.5,0.32353,0.43529,0.5,0.50588,0.5,0.5,0.5,0.5,0.454,0.425,0.5,0.5035,0.491,0.4965,0.505,0.268,0.24,0.959
0.92311,0.55511,0.42044,0.70044,0.46533,0.46711,0.46622,0.46311,0.53529,0.30588,0.36471,0.5,0.51176,0.5,0.5,0.5,0.5,0.4025,0.4195,0.5,0.5035,0.4925,0.497,0.505,0.333,0.262,0.922,0.29412,0.41176,0.61176,0.29412,0.5,0.5,0.5,0.5,0.95822,0.45156,0.38933,0.7,0.46622,0.46533,0.46622,0.45867,0.48235,0.5,0.60588,0.5,0.5,0.5,0.5,0.5,0.5,0.259,0.499,0.5,0.496,0.501,0.497,0.505,0.351,0.224,0.931
0.95644,0.43956,0.44222,0.69956,0.46622,0.46533,0.46622,0.45867,0.5,0.5,0.59412,0.5,0.5,0.5,0.5,0.5,0.5,0.1885,0.519,0.5,0.495,0.502,0.497,0.505,0.378,0.14,0.914,0.37647,0.52353,0.55294,0.26471,0.5,0.5,0.5,0.5,0.93778,0.41378,0.53333,0.69956,0.46489,0.46489,0.46622,0.45733,0.49412,0.5,0.57059,0.5,0.49412,0.5,0.5,0.5,0.5,0.1725,0.4945,0.5,0.5035,0.502,0.497,0.505,0.435,0.133,0.937
0.92933,0.41422,0.55956,0.69956,0.46533,0.46533,0.46622,0.45733,0.48235,0.50588,0.54706,0.5,0.5,0.5,0.5,0.5,0.5,0.206,0.495,0.5,0.5035,0.5005,0.497,0.505,0.438,0.111,0.912,0.39412,0.74118,0.49412,0.34706,0.5,0.5,0.5,0.5,0.91644,0.41422,0.58978,0.69956,0.46489,0.46533,0.46622,0.45778,0.48824,0.50588,0.5,0.5,0.51176,0.5,0.5,0.50588,0.5,0.415,0.4845,0.5,0.5035,0.5005,0.497,0.506,0.402,0.135,0.945
0.90889,0.47556,0.59022,0.7,0.46533,0.46622,0.46667,0.46489,0.47647,0.62353,0.5,0.5,0.50588,0.50588,0.5,0.52353,0.5,0.481,0.4695,0.5,0.5035,0.497,0.4955,0.503,0.32,0.161,0.963,0.08824,0.62941,0.39412,0.25882,0.5,0.5,0.5,0.5,0.89067,0.61867,0.57733,0.70044,0.46578,0.46711,0.46578,0.46578,0.48824,0.61765,0.43529,0.5,0.50588,0.5,0.5,0.5,0.5,0.507,0.344,0.5,0.4965,0.4925,0.499,0.503,0.315,0.238,0.953
0.88133,0.67244,0.53556,0.70044,0.46578,0.46889,0.46533,0.46533,0.48235,0.61765,0.49412,0.5,0.5,0.5,0.49412,0.5,0.5,0.5115,0.288,0.5,0.4965,0.4845,0.5,0.505,0.325,0.269,0.948,0.28235,0.46471,0.55882,0.28235,0.5,0.5,0.5,0.5,0.86933,0.74356,0.46978,0.7,0.46533,0.47022,0.46533,0.46578,0.50588,0.50588,0.5,0.5,0.5,0.5,0.5,0.51176,0.5,0.507,0.392,0.5,0.5035,0.478,0.5015,0.4965,0.31,0.259,0.948
0.86756,0.732,0.48622,0.70044,0.46489,0.47022,0.46578,0.46711,0.5,0.46471,0.54706,0.5,0.5,0.5,0.5,0.50588,0.5,0.495,0.457,0.5,0.506,0.478,0.4995,0.4945,0.269,0.247,0.958,0.23529,0.37647,0.47647,0.27647,0.5,0.5,0.5,0.5,0.84622,0.68267,0.51956,0.70044,0.46489,0.47022,0.46622,0.46533,0.47647,0.38824,0.5,0.5,0.5,0.5,0.5,0.5,0.5,0.4895,0.428,0.5,0.506,0.478,0.4975,0.5055,0.292,0.245,0.95
0.84,0.64978,0.52,0.70044,0.46533,0.47022,0.46622,0.46489,0.49412,0.45882,0.5,0.5,0.50588,0.5,0.5,0.50588,0.5,0.4625,0.3705,0.5,0.5035,0.478,0.4975,0.5055,0.289,0.24,0.941,0.09412,0.46471,0.5,0.39412,0.5,0.5,0.5,0.5,0.83422,0.59289,0.51956,0.70044,0.46533,0.47022,0.46622,0.46489,0.5,0.49412,0.5,0.5,0.5,0.5,0.5,0.5,0.5,0.438,0.3045,0.5,0.5035,0.4775,0.4965,0.505,0.281,0.244,0.948
0.83244,0.58133,0.51956,0.70044,0.46533,0.46978,0.46667,0.46444,0.49412,0.42941,0.5,0.5,0.50588,0.5,0.5,0.5,0.5,0.4275,0.3045,0.5,0.5035,0.4785,0.497,0.505,0.299,0.253,0.945,0.20588,0.32941,0.4,0.25882,0.5,0.5,0.5,0.5,0.832,0.52267,0.48089,0.70044,0.46489,0.46933,0.46622,0.45867,0.50588,0.41765,0.36471,0.5,0.49412,0.5,0.5,0.5,0.5,0.3945,0.3265,0.5,0.5055,0.4815,0.4965,0.505,0.384,0.284,0.902
0.85289,0.46667,0.43511,0.70044,0.46533,0.46933,0.46622,0.45778,0.55882,0.31765,0.44118,0.5,0.5,0.5,0.5,0.5,0.5,0.3405,0.3075,0.5,0.503,0.482,0.4965,0.5055,0.46,0.258,0.891,0.3,0.65882,0.47059,0.29412,0.5,0.5,0.5,0.5,0.90533,0.39867,0.35778,0.7,0.46533,0.46533,0.46622,0.45644,0.51765,0.5,0.48235,0.5,0.50588,0.5,0.5,0.5,0.5,0.399,0.341,0.5,0.5035,0.5,0.4975,0.506,0.461,0.266,0.866
0.912,0.41156,0.348,0.70044,0.46489,0.46578,0.46667,0.45689,0.50588,0.63529,0.5,0.5,0.51176,0.5,0.5,0.50588,0.5,0.477,0.3175,0.4995,0.5035,0.4985,0.496,0.506,0.402,0.28,0.905,0.24118,0.61765,0.59412,0.41176,0.5,0.5,0.5,0.5,0.97244,0.51822,0.32933,0.70044,0.46311,0.46667,0.46667,0.46756,0.56471,0.61176,0.61176,0.5,0.5,0.5,0.5,0.50588,0.5,0.493,0.4745,0.5,0.5055,0.4945,0.496,0.4945,0.294,0.305,0.963
0.98444,0.57289,0.37689,0.70089,0.46222,0.46711,0.46622,0.46667,0.50588,0.59412,0.6,0.5,0.5,0.5,0.5,0.5,0.5,0.5055,0.4995,0.5,0.5055,0.4925,0.496,0.4965,0.255,0.305,0.922,0.33529,0.32353,0.50588,0.37059,0.5,0.5,0.5,0.5,0.97422,0.62178,0.43067,0.70044,0.46222,0.46844,0.46622,0.46489,0.48824,0.42941,0.51765,0.5,0.50588,0.5,0.5,0.5,0.5,0.457,0.4965,0.5,0.5055,0.486,0.497,0.5055,0.268,0.314,0.935
0.96311,0.56756,0.43333,0.70044,0.46356,0.46844,0.46622,0.46222,0.48235,0.41765,0.50588,0.5,0.51176,0.5,0.5,0.5,0.5,0.4115,0.4965,0.5,0.506,0.4865,0.497,0.505,0.301,0.301,0.936,0.24118,0.44118,0.48824,0.30588,0.5,0.5,0.5,0.5,0.94133,0.50133,0.43644,0.70044,0.46578,0.46533,0.46622,0.46,0.49412,0.50588,0.5,0.5,0.5,0.5,0.5,0.5,0.5,0.3135,0.48,0.5,0.5,0.501,0.497,0.505,0.361,0.317,0.913
0.93778,0.488,0.436,0.70044,0.46622,0.46533,0.46622,0.45867,0.49412,0.5,0.5,0.5,0.50588,0.5,0.5,0.5,0.5,0.283,0.452,0.5,0.4965,0.502,0.497,0.505,0.372,0.289,0.94,0.05882,0.48235,0.45294,0.24706,0.5,0.5,0.5,0.5,0.93378,0.47467,0.41733,0.7,0.46578,0.46533,0.46622,0.45644,0.5,0.5,0.43529,0.5,0.5,0.5,0.5,0.5,0.5,0.236,0.4325,0.5,0.5,0.501,0.497,0.5055,0.333,0.294,0.924
0.93556,0.46222,0.39333,0.7,0.46622,0.46489,0.46622,0.45556,0.50588,0.29412,0.41765,0.5,0.50588,0.5,0.5,0.5,0.5,0.284,0.43,0.5,0.4965,0.5025,0.497,0.506,0.386,0.28,0.909,0.33529,0.36471,0.60588,0.34706,0.5,0.5,0.5,0.5,0.94533,0.43911,0.38933,0.7,0.46667,0.46489,0.46622,0.45333,0.48235,0.5,0.58824,0.5,0.50588,0.5,0.5,0.5,0.5,0.188,0.4955,0.5,0.494,0.5025,0.497,0.5065,0.406,0.238,0.9
0.46667,0.46578,0.46533,0.468,0.46489,0.46622,0.46578,0.46711,0.49412,0.49412,0.5,0.49412,0.50588,0.5,0.5,0.5,0.4935,0.493,0.497,0.5,0.4965,0.499,0.487,0.5045,0.011,-0.017,1.045,0.35882,0.62353,0.45294,0.45882,0.5,0.5,0.5,0.5,0.43067,0.49556,0.456,0.452,0.464,0.46622,0.46578,0.46711,0.35882,0.62941,0.45294,0.46471,0.48824,0.5,0.5,0.50588,0.489,0.5095,0.467,0.5055,0.5055,0.498,0.487,0.5055,0.056,-0.014,1.037
0.35244,0.55022,0.43556,0.43067,0.464,0.46622,0.46533,0.46711,0.35882,0.63529,0.48235,0.45294,0.50588,0.5,0.49412,0.5,0.4915,0.514,0.449,0.511,0.503,0.499,0.4885,0.5055,0.088,-0.023,0.979,0.58235,0.44118,0.54706,0.55294,0.5,0.5,0.5,0.5,0.27067,0.65289,0.40844,0.41822,0.46533,0.46533,0.46,0.46711,0.52353,0.50588,0.53529,0.55294,0.50588,0.5,0.5,0.50588,0.515,0.4765,0.5205,0.541,0.497,0.5035,0.514,0.5055,-0.0,-0.128,1.041
0.29067,0.64756,0.42711,0.444,0.46444,0.46533,0.46044,0.46711,0.54706,0.44118,0.53529,0.55294,0.51176,0.5,0.5,0.5,0.536,0.455,0.546,0.5475,0.503,0.5035,0.5135,0.5055,-0.036,-0.107,1.032,0.51176,0.28824,0.51765,0.40588,0.5,0.5,0.5,0.5,0.32844,0.55689,0.45244,0.46356,0.46489,0.46489,0.45778,0.46667,0.54118,0.28235,0.5,0.48824,0.50588,0.49412,0.49412,0.52353,0.547,0.435,0.587,0.4545,0.4975,0.5045,0.5235,0.5035,0.017,-0.138,1.006
0.33289,0.444,0.452,0.42711,0.46533,0.46489,0.464,0.46667,0.50588,0.20588,0.5,0.38824,0.51176,0.5,0.57647,0.48235,0.55,0.45,0.631,0.3975,0.495,0.507,0.5005,0.5055,-0.062,0.01,1.041,0.54118,0.51176,0.58235,0.54118,0.5,0.5,0.5,0.5,0.332,0.25156,0.47022,0.36311,0.46178,0.47333,0.46356,0.46756,0.5,0.50588,0.55882,0.53529,0.5,0.5,0.49412,0.51176,0.583,0.507,0.726,0.5025,0.5045,0.4655,0.4965,0.5035,-0.219,0.093,0.99
0.332,0.252,0.50533,0.38667,0.46178,0.47333,0.46356,0.46756,0.50588,0.50588,0.57059,0.54118,0.5,0.5,0.5,0.50588,0.616,0.5075,0.759,0.5,0.5045,0.4655,0.4975,0.5035,-0.247,0.08,0.973,0.71176,0.68235,0.48824,0.46471,0.5,0.5,0.5,0.5,0.36178,0.30622,0.54756,0.396,0.46533,0.47333,0.46356,0.46756,0.81765,0.70588,0.5,0.47647,0.52353,0.5,0.5,0.50588,0.7135,0.517,0.7715,0.4995,0.4955,0.4655,0.4975,0.5035,-0.416,0.08,0.929
0.51689,0.40578,0.54756,0.37822,0.47022,0.47333,0.46311,0.46756,0.88235,0.69412,0.5,0.46471,0.52353,0.5,0.5,0.50588,0.615,0.513,0.7435,0.5,0.495,0.465,0.4995,0.5035,-0.413,0.075,0.927,0.45882,0.38824,0.48824,0.58824,0.5,0.5,0.5,0.5,0.75422,0.49911,0.55511,0.37689,0.47289,0.47244,0.46356,0.46844,0.51176,0.38824,0.5,0.58824,0.50588,0.5,0.5,0.50588,0.4925,0.493,0.657,0.553,0.4945,0.469,0.497,0.4965,-0.417,0.057,0.937
0.74756,0.436,0.55511,0.41778,0.47289,0.47244,0.46356,0.46844,0.46471,0.37059,0.5,0.58235,0.50588,0.5,0.5,0.50588,0.4855,0.4935,0.627,0.5705,0.4945,0.469,0.497,0.4965,-0.393,0.066,0.929,0.38235,0.5,0.39412,0.55294,0.5,0.5,0.5,0.5,0.71778,0.356,0.53467,0.47422,0.47289,0.47244,0.464,0.46889,0.49412,0.5,0.40588,0.52941,0.50588,0.5,0.5,0.50588,0.442,0.5095,0.504,0.6365,0.4945,0.47,0.4955,0.4945,-0.402,0.067,0.953
0.71822,0.35556,0.49467,0.48444,0.46444,0.47156,0.464,0.46889,0.48824,0.5,0.41176,0.51765,0.51176,0.5,0.5,0.50588,0.3495,0.51,0.4565,0.7135,0.4975,0.4745,0.4955,0.495,-0.375,0.106,0.986,0.22353,0.61176,0.52941,0.51176,0.5,0.5,0.5,0.5,0.52533,0.35511,0.44222,0.52089,0.46533,0.46533,0.456,0.46844,0.01176,0.5,0.48235,0.5,0.51176,0.5,0.46471,0.50588,0.442,0.5535,0.4525,0.709,0.497,0.502,0.5305,0.4955,-0.369,-0.083,0.992
0.31244,0.35467,0.44889,0.52044,0.46533,0.46622,0.45511,0.46844,0.21176,0.5,0.54118,0.5,0.50588,0.5,0.5,0.5,0.4865,0.641,0.4985,0.7395,0.497,0.5,0.5375,0.497,-0.344,-0.103,0.975,0.55294,0.71765,0.45882,0.48824,0.5,0.5,0.5,0.5,0.15689,0.39467,0.46222,0.51956,0.46533,0.46622,0.452,0.468,0.5,0.91765,0.48235,0.5,0.51176,0.5,0.48824,0.49412,0.506,0.7835,0.4485,0.7575,0.4955,0.4995,0.5505,0.5,-0.437,-0.156,0.899
0.18311,0.556,0.44089,0.51911,0.46489,0.46622,0.452,0.46178,0.54118,0.84706,0.44706,0.5,0.50588,0.5,0.5,0.45294,0.504,0.6825,0.448,0.7315,0.497,0.4995,0.552,0.505,-0.475,-0.216,0.794,0.62941,0.16471,0.48824,0.52353,0.5,0.5,0.5,0.5,0.24356,0.836,0.40533,0.55022,0.46444,0.46622,0.44978,0.448,0.61176,0.41176,0.48235,0.52941,0.51176,0.5,0.5,0.50588,0.5105,0.371,0.482,0.586,0.497,0.5,0.564,0.5115,-0.399,-0.325,0.944
0.304,0.67689,0.39511,0.56267,0.46489,0.46533,0.45022,0.44444,0.57647,0.40588,0.48824,0.62941,0.49412,0.5,0.5,0.49412,0.515,0.346,0.504,0.5865,0.499,0.5035,0.563,0.5145,-0.123,-0.213,1.005,0.48824,0.52353,0.47059,0.47059,0.5,0.5,0.5,0.5,0.36089,0.47911,0.37733,0.60711,0.46444,0.46578,0.44933,0.44089,0.50588,0.34706,0.48824,0.5,0.50588,0.5,0.5,0.5,0.5215,0.396,0.5085,0.392,0.503,0.503,0.567,0.518,-0.131,-0.242,1.004
0.36133,0.46356,0.36222,0.60622,0.46444,0.46578,0.44889,0.44089,0.51176,0.50588,0.46471,0.49412,0.5,0.5,0.5,0.49412,0.516,0.4255,0.502,0.3245,0.503,0.502,0.5685,0.5165,-0.115,-0.268,0.972,0.76471,0.49412,0.54706,0.48824,0.5,0.5,0.5,0.5,0.42178,0.464,0.34444,0.59467,0.46533,0.46533,0.44844,0.44089,0.67647,0.50588,0.5,0.5,0.50588,0.5,0.5,0.50588,0.548,0.439,0.582,0.277,0.497,0.504,0.5725,0.516,-0.195,-0.245,0.977
0.528,0.464,0.344,0.59467,0.46489,0.46533,0.44844,0.44133,0.72941,0.50588,0.5,0.5,0.5,0.5,0.5,0.50588,0.574,0.4355,0.6985,0.2475,0.5,0.504,0.571,0.515,-0.235,-0.252,0.965,0.35882,0.65294,0.65294,0.31765,0.5,0.5,0.5,0.5,0.67644,0.47733,0.41156,0.52089,0.464,0.46533,0.44933,0.46978,0.50588,0.58235,0.67059,0.21765,0.50588,0.5,0.5,0.54118,0.5165,0.481,0.757,0.2775,0.505,0.504,0.5675,0.4945,-0.388,-0.158,0.935
0.61867,0.528,0.47333,0.392,0.46444,0.46844,0.46356,0.46844,0.28824,0.57059,0.62353,0.28824,0.51176,0.5,0.5,0.5,0.512,0.506,0.831,0.4515,0.4975,0.4905,0.499,0.4965,-0.452,-0.056,0.942,0.43529,0.48235,0.52353,0.58824,0.5,0.5,0.5,0.5,0.50756,0.61911,0.55333,0.30711,0.46667,0.47733,0.46311,0.46844,0.34118,0.5,0.51765,0.58824,0.50588,0.5,0.5,0.50588,0.523,0.489,0.922,0.482,0.496,0.4475,0.499,0.4965,-0.424,-0.027,0.917
0.45689,0.61067,0.57333,0.35156,0.46667,0.47733,0.46311,0.468,0.38235,0.47059,0.53529,0.57647,0.50588,0.5,0.5,0.49412,0.5315,0.4895,0.8815,0.498,0.4955,0.4475,0.499,0.4965,-0.424,-0.046,0.898,0.62353,0.35294,0.42353,0.53529,0.5,0.5,0.5,0.5,0.42089,0.56089,0.59467,0.41378,0.46667,0.47733,0.46178,0.468,0.50588,0.37647,0.5,0.54118,0.50588,0.5,0.5,0.50588,0.602,0.4795,0.729,0.5,0.495,0.4475,0.505,0.5,-0.411,-0.041,0.937
0.42667,0.48933,0.57733,0.43156,0.46667,0.47733,0.46178,0.46844,0.65882,0.33529,0.41765,0.53529,0.50588,0.5,0.5,0.50588,0.6725,0.479,0.624,0.5,0.4955,0.449,0.5055,0.496,-0.48,-0.058,0.913,0.57059,0.55294,0.48235,0.51176,0.5,0.5,0.5,0.5,0.52178,0.38978,0.53333,0.45511,0.46667,0.47733,0.46178,0.46844,0.5,0.52353,0.5,0.51176,0.50588,0.5,0.5,0.5,0.6995,0.5065,0.5885,0.5005,0.495,0.448,0.5045,0.496,-0.449,-0.072,0.914
0.60178,0.40978,0.51867,0.46089,0.46667,0.47689,0.46178,0.46844,0.62353,0.55882,0.5,0.5,0.50588,0.5,0.5,0.5,0.611,0.507,0.617,0.501,0.495,0.449,0.5055,0.4965,-0.505,-0.083,0.917,0.42941,0.60588,0.47059,0.51176,0.5,0.5,0.5,0.5,0.65111,0.46756,0.5,0.46933,0.46622,0.47689,0.46178,0.468,0.5,0.58235,0.46471,0.5,0.50588,0.5,0.5,0.5,0.557,0.512,0.6065,0.512,0.495,0.449,0.5055,0.4965,-0.432,-0.08,0.925
0.65156,0.51289,0.49289,0.46844,0.46622,0.47689,0.46222,0.468,0.50588,0.55882,0.5,0.5,0.50588,0.5,0.5,0.5,0.518,0.5205,0.571,0.5445,0.495,0.449,0.504,0.5035,-0.441,-0.07,0.926,0.31176,0.42353,0.49412,0.50588,0.5,0.5,0.5,0.5,0.58978,0.55511,0.48,0.468,0.46667,0.47689,0.46356,0.468,0.32353,0.5,0.5,0.5,0.50588,0.5,0.5,0.50588,0.4905,0.5095,0.54,0.5905,0.495,0.449,0.497,0.5,-0.412,-0.063,0.987
0.48533,0.52178,0.48,0.46756,0.46444,0.47689,0.46311,0.46756,0.28235,0.42941,0.5,0.5,0.49412,0.5,0.5,0.5,0.4935,0.508,0.5255,0.6055,0.5035,0.449,0.499,0.5035,-0.341,-0.101,0.97,0.53529,0.52353,0.54706,0.54706,0.5,0.5,0.5,0.5,0.36844,0.47244,0.48089,0.468,0.464,0.47644,0.46222,0.46756,0.5,0.5,0.5,0.50588,0.5,0.5,0.5,0.5,0.5115,0.517,0.5785,0.6945,0.505,0.451,0.503,0.503,-0.364,-0.135,0.939
0.36844,0.47244,0.49778,0.48356,0.464,0.47644,0.46222,0.46711,0.51176,0.5,0.51176,0.5,0.5,0.5,0.5,0.5,0.525,0.5275,0.611,0.7325,0.505,0.451,0.503,0.503,-0.392,-0.106,0.951,0.66471,0.50588,0.45882,0.40588,0.5,0.5,0.5,0.5,0.39956,0.47244,0.52178,0.51244,0.464,0.47644,0.46267,0.46756,0.63529,0.5,0.5,0.5,0.5,0.5,0.5,0.50588,0.5795,0.544,0.568,0.582,0.505,0.451,0.502,0.5035,-0.445,-0.119,0.94
0.472,0.488,0.49867,0.47689,0.46444,0.47689,0.46267,0.468,0.61176,0.55294,0.47059,0.41176,0.50588,0.5,0.5,0.50588,0.61,0.526,0.576,0.5075,0.5025,0.4495,0.502,0.4965,-0.438,-0.082,0.932,0.47647,0.55882,0.47059,0.53529,0.5,0.5,0.5,0.5,0.58,0.54311,0.46133,0.42844,0.46489,0.47689,0.46356,0.46844,0.50588,0.52353,0.46471,0.50588,0.50588,0.5,0.5,0.51176,0.565,0.509,0.5895,0.5435,0.5,0.4495,0.498,0.494,-0.429,-0.079,0.925
0.58444,0.55378,0.452,0.43689,0.46489,0.47689,0.46356,0.46844,0.53529,0.54118,0.45882,0.52353,0.5,0.5,0.5,0.5,0.5415,0.5215,0.563,0.5905,0.5,0.4495,0.4975,0.4965,-0.43,-0.087,0.933,0.50588,0.35294,0.59412,0.58235,0.5,0.5,0.5,0.5,0.59956,0.55733,0.44356,0.47244,0.46489,0.47689,0.46311,0.46756,0.53529,0.45882,0.57647,0.61176,0.5,0.5,0.5,0.5,0.5185,0.507,0.6715,0.6515,0.5,0.4495,0.499,0.503,-0.475,-0.092,0.945
0.60089,0.48533,0.47644,0.52133,0.46489,0.47689,0.46222,0.46756,0.5,0.38235,0.62941,0.61765,0.5,0.5,0.5,0.5,0.52,0.494,0.7435,0.6185,0.5025,0.4495,0.5035,0.5035,-0.478,-0.12,0.913,0.58824,0.64118,0.42353,0.38824,0.5,0.5,0.5,0.5,0.60044,0.40444,0.51333,0.55067,0.46533,0.47689,0.46222,0.46756,0.50588,0.61765,0.5,0.38235,0.50588,0.5,0.5,0.5,0.564,0.5355,0.713,0.5035,0.4975,0.4495,0.5035,0.5035,-0.473,-0.105,0.908
0.62178,0.49733,0.49689,0.496,0.46533,0.47689,0.46178,0.46756,0.66471,0.68235,0.47059,0.39412,0.5,0.5,0.5,0.50588,0.5825,0.518,0.605,0.5,0.4975,0.4495,0.506,0.5035,-0.488,-0.124,0.918,0.45882,0.44118,0.42353,0.48235,0.5,0.5,0.5,0.5,0.69733,0.60133,0.42933,0.42667,0.46533,0.47689,0.46178,0.468,0.51176,0.46471,0.41176,0.49412,0.50588,0.5,0.5,0.50588,0.536,0.4905,0.586,0.507,0.497,0.4495,0.506,0.4965,-0.409,-0.108,0.922
0.69778,0.56756,0.39511,0.41778,0.46533,0.47689,0.46178,0.46844,0.50588,0.42941,0.44118,0.5,0.5,0.5,0.5,0.50588,0.516,0.4925,0.5655,0.507,0.497,0.4495,0.506,0.4965,-0.394,-0.105,0.938,0.37059,0.37647,0.58824,0.58824,0.5,0.5,0.5,0.5,0.66,0.48089,0.35289,0.41822,0.46356,0.47689,0.464,0.46844,0.4,0.37059,0.5,0.58824,0.5,0.5,0.50588,0.50588,0.4935,0.4935,0.6855,0.595,0.5045,0.4495,0.4965,0.4965,-0.384,-0.112,0.951
0.59156,0.41289,0.39467,0.46222,0.46356,0.47689,0.464,0.46844,0.34706,0.40588,0.58824,0.6,0.5,0.5,0.5,0.5,0.494,0.4935,0.706,0.602,0.505,0.4495,0.4955,0.4955,-0.403,-0.12,0.995,0.45294,0.76471,0.44706,0.40588,0.5,0.5,0.5,0.5,0.48222,0.36711,0.444,0.49244,0.46356,0.47689,0.46356,0.46844,0.47059,0.68824,0.5,0.41765,0.5,0.5,0.5,0.5,0.5095,0.5665,0.637,0.553,0.505,0.4495,0.4975,0.4965,-0.416,-0.121,0.938
0.46622,0.48889,0.43822,0.44044,0.46356,0.47644,0.46356,0.468,0.46471,0.77059,0.46471,0.4,0.50588,0.5,0.5,0.50588,0.5065,0.583,0.535,0.574,0.505,0.451,0.4975,0.5,-0.397,-0.155,0.941,0.64706,0.37059,0.6,0.6,0.5,0.5,0.5,0.5,0.46311,0.66933,0.41644,0.38933,0.46356,0.47244,0.46222,0.46756,0.55882,0.49412,0.54706,0.55294,0.5,0.5,0.5,0.5,0.531,0.5065,0.645,0.7105,0.505,0.4705,0.5035,0.503,-0.478,-0.186,0.894
0.50133,0.62,0.44933,0.44178,0.46356,0.472,0.46089,0.46711,0.6,0.4,0.54118,0.59412,0.5,0.5,0.5,0.5,0.576,0.493,0.731,0.705,0.5045,0.472,0.509,0.505,-0.519,-0.164,0.883,0.28824,0.37647,0.55882,0.42353,0.5,0.5,0.5,0.5,0.55111,0.50444,0.50533,0.50978,0.46356,0.46978,0.45867,0.468,0.5,0.39412,0.62941,0.5,0.5,0.5,0.5,0.51176,0.514,0.4925,0.8455,0.5415,0.5045,0.483,0.5205,0.4995,-0.458,-0.101,0.913
0.444,0.44178,0.53244,0.47733,0.464,0.46978,0.45911,0.46889,0.27059,0.38824,0.62353,0.43529,0.51176,0.5,0.5,0.50588,0.5195,0.4925,0.8585,0.5,0.504,0.483,0.5185,0.4945,-0.439,-0.082,0.925,0.56471,0.75294,0.33529,0.57647,0.5,0.5,0.5,0.5,0.31556,0.42089,0.56711,0.44978,0.464,0.47022,0.46178,0.46844,0.5,0.71765,0.38824,0.5,0.50588,0.5,0.5,0.5,0.5595,0.523,0.6005,0.5445,0.5015,0.4805,0.506,0.4965,-0.435,-0.117,0.933
0.34311,0.5,0.49422,0.45111,0.464,0.46978,0.46178,0.46756,0.68824,0.65882,0.34118,0.5,0.49412,0.5,0.5,0.5,0.551,0.586,0.521,0.723,0.505,0.481,0.506,0.5025,-0.451,-0.17,0.933,0.56471,0.34706,0.45294,0.48824,0.5,0.5,0.5,0.5,0.46578,0.62667,0.38889,0.46622,0.46444,0.46622,0.46044,0.46667,0.57647,0.50588,0.45294,0.5,0.49412,0.5,0.5,0.5,0.5065,0.526,0.5,0.8515,0.505,0.499,0.512,0.505,-0.385,-0.22,0.909
0.49822,0.58667,0.36356,0.46667,0.46444,0.46578,0.46044,0.46667,0.56471,0.33529,0.44118,0.5,0.5,0.5,0.5,0.5,0.507,0.5075,0.5,0.8225,0.503,0.5015,0.512,0.505,-0.384,-0.195,0.929,0.45882,0.31765,0.5,0.54706,0.5,0.5,0.5,0.5,0.51911,0.41822,0.33244,0.48267,0.464,0.46578,0.46044,0.46711,0.5,0.29412,0.46471,0.54118,0.50588,0.5,0.5,0.5,0.5065,0.513,0.524,0.787,0.505,0.5015,0.5125,0.505,-0.353,-0.225,0.935
0.50533,0.33244,0.33156,0.51689,0.464,0.46667,0.46044,0.46667,0.46471,0.30588,0.5,0.59412,0.5,0.5,0.5,0.50588,0.495,0.5085,0.5295,0.738,0.505,0.4975,0.5115,0.505,-0.353,-0.201,0.94,0.67647,0.6,0.61176,0.38235,0.5,0.5,0.5,0.5,0.50133,0.22044,0.34222,0.54578,0.46356,0.46667,0.46044,0.46756,0.62353,0.5,0.57059,0.43529,0.5,0.5,0.5,0.50588,0.5375,0.5555,0.6555,0.542,0.505,0.497,0.5115,0.5035,-0.433,-0.176,0.929
0.54711,0.26978,0.37022,0.48978,0.46311,0.46667,0.46222,0.46756,0.60588,0.63529,0.61765,0.38824,0.5,0.5,0.50588,0.5,0.5945,0.545,0.7975,0.501,0.504,0.497,0.504,0.5035,-0.538,-0.105,0.865,0.40588,0.61765,0.58824,0.51765,0.5,0.5,0.5,0.5,0.60044,0.416,0.41867,0.42889,0.46311,0.46667,0.46356,0.46711,0.50588,0.61176,0.5,0.5,0.5,0.5,0.5,0.51176,0.6,0.51,0.986,0.513,0.504,0.4955,0.497,0.5035,-0.503,-0.103,0.899
