0.46311,0.76356,0.43244,0.46267,0.42533,0.49511,0.48578,0.46444,0.5,0.94118,0.45882,0.5,0.5,0.54706,0.48824,0.49412,0.5065,0.5,0.525,0.5015,0.5055,0.4645,0.497,0.5045,-0.193,0.043,0.996,0.73529,0.12941,0.41765,0.14118,0.5,0.5,0.5,0.5,0.52756,1.00533,0.38533,0.34,0.42533,0.49556,0.48622,0.46533,0.8,0.50588,0.40588,0.24706,0.50588,0.5,0.5,0.5,0.5445,0.5,0.5595,0.4605,0.5055,0.459,0.4955,0.4955,-0.164,0.171,1.026
0.68756,1.008,0.34267,0.20844,0.43022,0.48933,0.48578,0.46533,0.78824,0.50588,0.41176,0.24706,0.50588,0.45294,0.5,0.50588,0.5135,0.5,0.5525,0.4045,0.494,0.485,0.4975,0.4955,0.073,0.118,1.12,0.61765,0.37059,0.39412,0.15294,0.5,0.5,0.5,0.5,0.85556,0.96044,0.32,0.29867,0.428,0.49333,0.48578,0.46533,0.48824,0.42353,0.5,1.11176,0.50588,0.5,0.5,0.49412,0.437,0.5,0.5425,0.579,0.503,0.4715,0.4965,0.494,-0.608,-0.247,0.688
0.77733,1.01022,0.33244,0.62267,0.42978,0.49822,0.48444,0.46444,0.36471,0.5,0.5,1.12353,0.49412,0.5,0.48235,0.47059,0.478,0.5,0.6085,0.511,0.4945,0.447,0.5025,0.5035,-0.481,0.134,0.873,0.84118,0.50588,0.34706,0.14118,0.5,0.5,0.5,0.5,0.73111,1.01289,0.34756,0.68622,0.42978,0.49333,0.48489,0.46622,0.73529,0.5,0.5,0.22941,0.51176,0.46471,0.50588,0.51176,0.528,0.5,0.623,0.474,0.494,0.4685,0.5025,0.494,-0.69,-0.121,0.799
0.82267,1.01556,0.33778,0.54,0.42933,0.48622,0.48489,0.46622,0.66471,0.51176,0.42941,0.25882,0.5,0.5,0.5,0.51176,0.537,0.5,0.596,0.3015,0.4945,0.5035,0.502,0.494,-0.547,-0.044,0.839,0.45294,0.14706,0.5,0.16471,0.5,0.5,0.5,0.5,0.888,1.02178,0.32667,0.29378,0.42844,0.47867,0.48622,0.47244,0.30588,0.50588,0.5,0.4,0.51176,0.5,0.5,0.5,0.4465,0.5,0.594,0.2765,0.4945,0.5415,0.495,0.4935,0.065,0.215,0.997
0.75733,1.02,0.32711,0.25022,0.42933,0.47867,0.48578,0.46311,0.18235,0.5,0.5,0.46471,0.50588,0.5,0.49412,0.5,0.4425,0.5,0.62,0.299,0.4945,0.5415,0.4955,0.506,0.221,0.373,0.911,0.97059,0.90588,0.21765,0.17647,0.5,0.5,0.5,0.5,0.68711,1.01867,0.33244,0.30667,0.43022,0.47867,0.48578,0.464,1.01176,0.5,0.5,0.76471,0.50588,0.5,0.50588,0.48824,0.5325,0.5,0.629,0.399,0.494,0.5415,0.4985,0.5065,-0.33,0.299,1.12
0.90311,1.01733,0.33733,0.43156,0.42978,0.47867,0.48578,0.46622,0.87647,0.49412,0.5,0.74118,0.5,0.5,0.5,0.50588,0.5355,0.5,0.606,0.421,0.494,0.5415,0.497,0.4935,-0.467,0.0,0.896,0.35294,0.18235,0.5,0.14706,0.5,0.5,0.5,0.5,0.976,1.01556,0.33733,0.43867,0.42933,0.47956,0.48578,0.46489,0.24706,0.50588,0.5,0.15294,0.50588,0.5,0.5,0.49412,0.446,0.5,0.606,0.29,0.4945,0.5375,0.497,0.5035,0.068,0.315,0.854
0.74533,1.01644,0.33956,0.25111,0.43067,0.47911,0.48533,0.46356,-0.07059,0.50588,0.53529,0.17059,0.51176,0.5,0.5,0.5,0.4415,0.5,0.5965,0.321,0.4945,0.5395,0.499,0.506,0.243,0.391,0.841,0.97059,0.89412,0.24118,0.21176,0.5,0.5,0.5,0.5,0.55022,1.01778,0.34133,0.28222,0.444,0.47956,0.48133,0.46444,0.99412,0.49412,0.5,1.02353,0.49412,0.5,0.5,0.51176,0.5535,0.5,0.5605,0.4995,0.491,0.538,0.5175,0.4955,-0.222,0.244,0.949
0.832,1.01244,0.34178,0.54178,0.42711,0.47956,0.48667,0.46578,0.96471,0.49412,0.49412,1.02941,0.48824,0.5,0.49412,0.51176,0.517,0.5,0.529,0.5025,0.5055,0.538,0.492,0.494,-1.05,0.065,1.134,0.33529,0.09412,0.50588,0.14706,0.5,0.5,0.5,0.5,0.96933,1.01022,0.33556,0.68089,0.42889,0.488,0.48578,0.46489,0.27059,0.5,0.5,0.15882,0.5,0.5,0.5,0.50588,0.3785,0.5,0.5385,0.491,0.4965,0.4955,0.4955,0.4955,-0.58,0.012,0.847
0.664,1.01156,0.33289,0.51111,0.42889,0.488,0.48444,0.46089,-0.25882,0.50588,0.5,0.22353,0.5,0.5,0.5,0.48824,0.4795,0.5,0.5665,0.433,0.4965,0.4955,0.5025,0.506,-0.266,-0.086,1.01,0.97059,0.77647,0.29412,0.21765,0.5,0.5,0.5,0.5,0.43289,1.01822,0.324,0.25556,0.42756,0.48978,0.48711,0.46667,1.01176,0.47059,0.50588,0.30588,0.50588,0.5,0.5,0.41176,0.6345,0.5,0.624,0.4365,0.5055,0.488,0.491,0.4935,-0.602,-0.305,0.439
0.72667,0.98444,0.32533,0.19689,0.42978,0.48844,0.48444,0.46756,0.95882,0.73529,0.51765,0.45882,0.50588,0.5,0.49412,0.50588,0.568,0.5,0.6185,0.515,0.4945,0.4925,0.5025,0.4935,-0.866,0.022,0.626,0.29412,0.0,0.53529,0.11765,0.5,0.5,0.5,0.5,0.91511,0.97689,0.34356,0.30844,0.42933,0.48667,0.48622,0.46711,-0.06471,0.3,0.51176,0.82353,0.5,0.5,0.5,0.50588,0.4355,0.5,0.612,0.611,0.4945,0.5025,0.4955,0.494,-0.773,-0.57,0.481
0.60933,0.98,0.37511,0.50356,0.42756,0.48711,0.48889,0.47378,0.0,0.87647,0.57059,0.9,0.50588,0.5,0.5,0.56471,0.4785,0.5,0.552,0.5845,0.5055,0.499,0.4825,0.492,-0.764,-0.53,0.427,0.8,0.20588,0.44706,0.11176,0.5,0.5,0.5,0.5,0.39778,1.00889,0.37644,0.57244,0.42933,0.48711,0.48444,0.48267,0.78824,0.55294,0.42941,0.21176,0.50588,0.5,0.5,0.50588,0.54,0.5,0.5215,0.41,0.494,0.501,0.503,0.489,-0.387,-0.448,0.817
0.47867,1.01511,0.336,0.38222,0.42933,0.48711,0.48667,0.47689,0.71765,0.50588,0.49412,-0.12941,0.50588,0.5,0.48824,0.49412,0.6315,0.5,0.583,0.3685,0.4945,0.5015,0.4925,0.4925,-0.798,-0.16,0.537,0.43529,0.07059,0.48235,0.12941,0.5,0.5,0.5,0.5,0.72489,1.00667,0.32356,0.28711,0.42933,0.48667,0.48622,0.46622,0.44706,0.5,0.60588,0.82941,0.5,0.52353,0.5,0.5,0.508,0.5,0.603,0.581,0.494,0.503,0.4955,0.494,-0.852,-0.366,0.36
0.70444,1.00667,0.36222,0.47156,0.42667,0.488,0.48667,0.468,0.45294,0.50588,0.56471,0.88824,0.5,0.5,0.5,0.50588,0.4935,0.5,0.534,0.608,0.506,0.496,0.494,0.4935,-0.872,-0.534,0.278,0.47059,0.1,0.52353,0.12941,0.5,0.5,0.5,0.5,0.652,1.01244,0.39778,0.52756,0.42711,0.48444,0.48667,0.48222,0.44706,0.49412,0.5,0.11765,0.50588,0.5,0.5,0.5,0.5065,0.5,0.551,0.4995,0.5055,0.512,0.4945,0.489,-0.845,-0.381,0.39
0.61644,1.012,0.39644,0.34356,0.42711,0.48444,0.48667,0.47689,0.44118,0.5,0.5,0.12941,0.50588,0.5,0.5,0.45294,0.515,0.5,0.614,0.4995,0.5055,0.5125,0.4935,0.4925,-0.882,-0.196,0.443,0.60588,0.17647,0.47647,0.13529,0.5,0.5,0.5,0.5,0.61289,1.01067,0.39822,0.28711,0.42756,0.48444,0.48622,0.46533,0.50588,0.48824,0.5,0.8,0.5,0.5,0.5,0.50588,0.5675,0.5,0.62,0.554,0.504,0.5125,0.4965,0.496,-0.926,-0.321,0.26
0.68844,1.01067,0.39911,0.45778,0.42756,0.488,0.48622,0.46578,0.67059,0.5,0.5,0.83529,0.5,0.5,0.5,0.50588,0.53,0.5,0.559,0.6165,0.5055,0.496,0.496,0.494,-0.913,-0.436,0.16,0.31176,0.0,0.56471,0.12941,0.5,0.5,0.5,0.5,0.70844,1.00933,0.41911,0.51156,0.42756,0.48578,0.48622,0.47556,0.28235,0.51176,0.52941,0.15294,0.5,0.5,0.5,0.5,0.49,0.5,0.545,0.5,0.5055,0.506,0.4965,0.492,-0.893,-0.371,0.313
0.60267,1.00844,0.43244,0.32311,0.428,0.48489,0.48622,0.47156,0.29412,0.49412,0.54118,0.12941,0.5,0.5,0.5,0.48824,0.494,0.5,0.6405,0.5,0.5055,0.5105,0.496,0.4935,-0.899,-0.216,0.413,0.74118,0.31765,0.42941,0.14118,0.5,0.5,0.5,0.5,0.53911,1.00756,0.45022,0.29067,0.42844,0.48533,0.48622,0.46578,0.8,0.5,0.42941,0.82941,0.50588,0.5,0.5,0.50588,0.5685,0.5,0.575,0.5435,0.5,0.508,0.496,0.4935,-0.899,-0.321,0.169
0.68711,1.00667,0.42489,0.48,0.42756,0.488,0.48622,0.46622,0.8,0.5,0.47059,0.87059,0.5,0.5,0.5,0.50588,0.537,0.5,0.5235,0.6175,0.5055,0.496,0.496,0.494,-0.876,-0.475,-0.003,0.23529,0.0,0.58235,0.12941,0.5,0.5,0.5,0.5,0.76311,1.01244,0.42178,0.55733,0.42756,0.48622,0.48578,0.47822,0.22941,0.58235,0.55882,0.14706,0.50588,0.5,0.5,0.50588,0.484,0.5,0.53,0.5,0.506,0.504,0.497,0.491,-0.924,-0.397,0.195
0.62178,1.01244,0.45289,0.36844,0.42756,0.48578,0.48622,0.476,0.21765,0.50588,0.54118,0.13529,0.50588,0.5,0.5,0.45294,0.489,0.5,0.582,0.5,0.5035,0.5055,0.496,0.493,-0.919,-0.256,0.342,0.74706,0.27059,0.44706,0.14118,0.5,0.5,0.5,0.5,0.50756,1.00756,0.47644,0.29244,0.42889,0.48667,0.48578,0.46844,0.73529,0.47059,0.44706,0.73529,0.50588,0.5,0.5,0.50588,0.572,0.5,0.5795,0.528,0.4965,0.502,0.498,0.494,-0.97,-0.295,0.166
0.64667,1.008,0.45644,0.43111,0.42844,0.48711,0.48622,0.468,0.79412,0.51765,0.45882,0.78235,0.5,0.50588,0.5,0.5,0.5495,0.5,0.546,0.601,0.5,0.5005,0.4965,0.494,-0.901,-0.398,-0.04,0.25294,0.0,0.57647,0.12353,0.5,0.5,0.5,0.5,0.72978,1.01244,0.45289,0.44044,0.42756,0.48533,0.48578,0.46756,0.24706,0.5,0.51765,0.13529,0.50588,0.5,0.5,0.5,0.492,0.5,0.5885,0.5,0.5035,0.5075,0.4975,0.4935,-0.998,-0.287,0.218
0.60044,1.01156,0.48044,0.25644,0.428,0.48667,0.48533,0.46578,0.27059,0.5,0.58824,0.14118,0.51176,0.51176,0.5,0.51176,0.493,0.5,0.647,0.4915,0.4965,0.503,0.501,0.4935,-0.958,-0.199,0.228,0.73529,0.32353,0.42941,0.13529,0.5,0.5,0.5,0.5,0.50311,1.01156,0.50444,0.29956,0.42889,0.48711,0.48578,0.46667,0.76471,0.5,0.42353,0.98824,0.5,0.5,0.5,0.5,0.5675,0.5,0.583,0.517,0.496,0.498,0.4975,0.494,-0.949,-0.341,0.009
0.64622,0.96267,0.48267,0.55911,0.42711,0.488,0.48622,0.47022,0.81176,0.35294,0.45294,1.04118,0.5,0.5,0.5,0.54706,0.5345,0.5,0.5155,0.634,0.506,0.4955,0.496,0.4935,-0.73,-0.371,-0.114,0.24706,0.0,0.55294,0.13529,0.5,0.5,0.5,0.5,0.72267,0.94489,0.46667,0.66756,0.42711,0.48667,0.48578,0.48622,0.25882,0.72353,0.54118,0.11176,0.49412,0.5,0.5,0.5,0.4835,0.5,0.514,0.5075,0.506,0.5015,0.4965,0.486,-0.913,-0.446,0.009
0.588,1.01111,0.49111,0.48267,0.42667,0.48578,0.48622,0.48578,0.24706,0.5,0.55294,0.13529,0.5,0.5,0.5,0.5,0.4875,0.5,0.5275,0.5,0.506,0.5055,0.496,0.4865,-0.927,-0.292,0.213,0.68235,0.14706,0.47647,0.14706,0.5,0.5,0.5,0.5,0.45822,1.01022,0.50533,0.29867,0.428,0.48533,0.48578,0.47467,0.62941,0.5,0.47059,0.54118,0.5,0.5,0.5,0.49412,0.5595,0.5,0.552,0.5295,0.504,0.5075,0.497,0.493,-0.951,-0.232,0.221
0.528,1.00933,0.48844,0.32667,0.42756,0.48533,0.48622,0.47467,0.67059,0.5,0.46471,0.55294,0.5,0.5,0.5,0.50588,0.588,0.5,0.5765,0.5585,0.5035,0.5075,0.496,0.4925,-0.944,-0.245,0.154,0.37647,0.00588,0.51765,0.11176,0.5,0.5,0.5,0.5,0.628,1.00933,0.47778,0.35111,0.428,0.48533,0.48622,0.47378,0.44706,0.51176,0.5,0.44706,0.50588,0.5,0.5,0.5,0.514,0.5,0.602,0.5115,0.5035,0.5075,0.496,0.493,-0.968,-0.247,0.158
0.50178,0.46756,0.46667,0.46667,0.46667,0.46578,0.46578,0.46622,0.50588,0.50588,0.5,0.5,0.5,0.5,0.5,0.50588,0.4925,0.493,0.4975,0.4975,0.4965,0.499,0.5,0.496,0.094,0.029,1.031,0.78824,0.74118,0.27647,0.22941,0.5,0.5,0.5,0.5,0.62933,0.58133,0.36044,0.33956,0.46622,0.46533,0.46489,0.46667,0.82353,0.75294,0.26471,0.21765,0.49412,0.5,0.5,0.50588,0.508,0.507,0.487,0.476,0.5035,0.5015,0.5035,0.494,0.151,0.0,1.013
0.77956,0.71244,0.24044,0.19689,0.46711,0.46578,0.46533,0.46578,0.78824,0.76471,0.27647,0.21765,0.50588,0.5,0.5,0.48235,0.5075,0.506,0.5,0.496,0.4945,0.498,0.5015,0.5,0.125,0.007,1.037,0.40588,0.07647,0.52353,0.18824,0.5,0.5,0.5,0.5,0.91911,0.67111,0.32089,0.29156,0.46756,0.47156,0.46489,0.46711,0.15294,0.00588,1.00588,1.07059,0.50588,0.5,0.5,0.5,0.3495,0.484,0.514,0.624,0.4945,0.472,0.503,0.495,-0.688,0.103,0.807
0.74444,0.43689,0.55733,0.59289,0.46844,0.47156,0.46533,0.46622,0.10588,0.05294,0.97059,1.09412,0.51176,0.5,0.5,0.5,0.357,0.4915,0.5,0.6335,0.4945,0.472,0.5025,0.502,-0.819,0.083,0.614,0.9,0.97059,0.20588,0.24706,0.5,0.5,0.5,0.5,0.60311,0.29822,0.67289,0.67244,0.47422,0.46622,0.46533,0.46311,0.86471,1.17647,0.14118,0.11176,0.47647,0.49412,0.5,0.50588,0.5115,0.5935,0.4345,0.5075,0.4945,0.498,0.5015,0.5055,-0.746,-0.132,0.745
0.81689,0.588,0.48356,0.48667,0.46578,0.46622,0.46533,0.46311,0.93529,1.06471,0.15882,0.13529,0.50588,0.5,0.5,0.50588,0.508,0.542,0.499,0.5,0.5035,0.4975,0.502,0.506,-0.531,-0.23,0.996,0.23529,0.0,0.60588,0.18235,0.5,0.5,0.5,0.5,0.92489,0.72578,0.32578,0.28844,0.46756,0.47156,0.46667,0.46578,0.2,-0.15882,0.57647,0.51765,0.51176,0.52353,0.49412,0.5,0.358,0.4735,0.541,0.58,0.4945,0.4725,0.4955,0.5,-0.34,0.277,0.876
0.68622,0.444,0.38222,0.30844,0.46667,0.46667,0.46622,0.46622,-0.14706,-0.01176,0.59412,0.55294,0.51176,0.42941,0.5,0.50588,0.404,0.4835,0.5325,0.5875,0.496,0.49,0.4975,0.4965,-0.391,0.302,0.814,0.97059,0.97059,0.19412,0.24706,0.5,0.5,0.5,0.5,0.44844,0.31556,0.34578,0.34622,0.46711,0.46489,0.46489,0.46711,1.05294,0.84118,0.32353,0.48824,0.5,0.48824,0.5,0.50588,0.571,0.5435,0.569,0.5235,0.4965,0.5015,0.504,0.4945,-0.724,-0.042,0.765
0.744,0.53289,0.25111,0.34178,0.46622,0.46533,0.46578,0.46667,0.95882,1.00588,0.31176,0.5,0.49412,0.5,0.5,0.5,0.538,0.5805,0.5,0.5475,0.5,0.502,0.5005,0.4945,-0.827,-0.292,0.578,0.2,0.0,0.61765,0.16471,0.5,0.5,0.5,0.5,0.87867,0.70089,0.29467,0.34133,0.46578,0.46533,0.46622,0.46533,-0.02941,0.03529,0.85882,0.53529,0.50588,0.5,0.48235,0.5,0.4735,0.478,0.596,0.536,0.503,0.502,0.4945,0.5035,-0.908,-0.099,0.468
0.58711,0.44,0.49022,0.34933,0.46622,0.46533,0.46622,0.46667,0.02941,0.07059,0.82941,0.5,0.50588,0.5,0.5,0.5,0.4865,0.4665,0.6665,0.484,0.5,0.502,0.498,0.495,-0.918,0.076,0.372,0.91176,0.97059,0.15882,0.21765,0.5,0.5,0.5,0.5,0.37911,0.27867,0.59067,0.33867,0.46622,0.46489,0.46622,0.45778,0.93529,0.97059,0.14118,0.48824,0.49412,0.5,0.5,0.5,0.5765,0.521,0.5,0.446,0.5035,0.5045,0.498,0.506,-0.873,-0.009,0.482
0.60222,0.51511,0.416,0.312,0.46578,0.46489,0.46533,0.46622,0.9,0.93529,0.16471,0.44118,0.5,0.5,0.5,0.5,0.562,0.5285,0.504,0.4935,0.5035,0.5045,0.5015,0.4945,-0.896,-0.063,0.532,0.25882,0.0,0.58824,0.15882,0.5,0.5,0.5,0.5,0.80578,0.61422,0.29467,0.33422,0.46533,0.46622,0.46578,0.46533,0.21765,0.02353,0.62941,0.59412,0.5,0.5,0.5,0.50588,0.487,0.4745,0.57,0.504,0.504,0.4975,0.5,0.5015,-0.793,-0.188,0.604
0.67333,0.36667,0.36489,0.38089,0.46578,0.46622,0.46533,0.46578,0.24118,0.04706,0.65882,0.56471,0.50588,0.5,0.5,0.5,0.492,0.4645,0.6205,0.496,0.503,0.4975,0.502,0.5,-0.841,-0.137,0.542,0.75294,0.97059,0.21765,0.23529,0.5,0.5,0.5,0.5,0.60756,0.22178,0.37022,0.34267,0.46622,0.46533,0.46533,0.46578,0.78235,0.97647,0.28235,0.31176,0.50588,0.5,0.5,0.5,0.531,0.5205,0.5005,0.455,0.4965,0.502,0.502,0.5,-0.806,-0.143,0.626
0.74178,0.46578,0.25511,0.24356,0.46622,0.46533,0.46533,0.46622,0.73529,0.98235,0.27059,0.31176,0.5,0.5,0.5,0.5,0.5295,0.52,0.5,0.4545,0.5035,0.501,0.502,0.4965,-0.69,-0.158,0.715,0.25294,0.0,0.59412,0.18235,0.5,0.5,0.5,0.5,0.80711,0.56,0.29511,0.31644,0.46578,0.46533,0.46533,0.46622,0.21765,-0.01176,0.85294,0.90588,0.50588,0.5,0.5,0.5,0.4925,0.4745,0.6,0.5,0.5035,0.502,0.502,0.4965,-0.939,-0.051,0.384
0.67067,0.30044,0.48044,0.52044,0.46622,0.46533,0.46578,0.46622,0.24118,0.01176,0.85882,0.86471,0.5,0.5,0.5,0.5,0.4945,0.472,0.6895,0.508,0.4995,0.502,0.5,0.4965,-1.002,0.059,0.098,0.72941,0.97059,0.2,0.23529,0.5,0.5,0.5,0.5,0.60311,0.17422,0.60178,0.62356,0.46489,0.46489,0.46533,0.46533,0.69412,0.97059,0.19412,0.26471,0.5,0.5,0.5,0.5,0.5355,0.5205,0.5,0.5,0.5055,0.504,0.502,0.5005,-0.961,-0.098,0.184
0.70844,0.40311,0.44356,0.48622,0.46533,0.46489,0.46533,0.46578,0.71765,0.96471,0.2,0.21176,0.50588,0.5,0.5,0.5,0.5495,0.5325,0.505,0.4995,0.506,0.504,0.5015,0.4945,-0.938,-0.155,0.263,0.26471,0.0,0.60588,0.18824,0.5,0.5,0.5,0.5,0.80222,0.52889,0.32267,0.32178,0.46578,0.46622,0.46578,0.46578,0.28235,0.01176,0.59412,0.5,0.50588,0.5,0.5,0.50588,0.4845,0.4665,0.524,0.4465,0.5035,0.498,0.5,0.5,-0.922,-0.214,0.351
0.46578,0.48044,0.46578,0.46578,0.46533,0.46578,0.46622,0.46489,0.51176,0.50588,0.5,0.5,0.5,0.5,0.5,0.50588,0.495,0.493,0.5,0.5,0.5035,0.5,0.5,0.5,0.055,0.014,1.033,0.78824,0.73529,0.26471,0.21765,0.5,0.5,0.5,0.5,0.59956,0.59156,0.35156,0.33467,0.46578,0.46578,0.46533,0.46578,0.80588,0.75882,0.26471,0.21765,0.5,0.5,0.5,0.50588,0.509,0.507,0.499,0.485,0.494,0.5,0.5035,0.494,0.08,-0.004,1.006
0.75111,0.71822,0.22667,0.18844,0.46622,0.46622,0.46711,0.464,0.79412,0.72353,0.27059,0.22941,0.5,0.5,0.50588,0.5,0.508,0.506,0.5,0.4995,0.494,0.4975,0.4965,0.506,-0.088,0.026,0.989,0.4,0.07059,0.52353,0.18235,0.5,0.5,0.5,0.5,0.81778,0.67022,0.31067,0.28933,0.46533,0.464,0.46533,0.46667,0.17059,0.05294,1.03529,1.07059,0.50588,0.5,0.5,0.50588,0.474,0.484,0.578,0.6285,0.503,0.507,0.5035,0.4945,-0.997,-0.043,0.215
0.63778,0.42311,0.57556,0.632,0.46489,0.46444,0.46578,0.46489,0.19412,0.04706,0.95294,1.14706,0.5,0.50588,0.5,0.50588,0.487,0.4885,0.6035,0.5945,0.5035,0.506,0.5025,0.4975,-0.814,-0.012,-0.166,0.76471,0.97059,0.21176,0.21765,0.5,0.5,0.5,0.5,0.52978,0.30711,0.66222,0.66267,0.46489,0.46489,0.46578,0.464,0.91176,0.87059,0.13529,0.12941,0.51176,0.5,0.5,0.50588,0.529,0.564,0.507,0.506,0.5035,0.5025,0.502,0.5035,-0.99,-0.146,0.022
0.67911,0.56711,0.468,0.46756,0.46533,0.46533,0.46667,0.46489,0.77059,0.99412,0.19412,0.14706,0.50588,0.5,0.5,0.50588,0.531,0.5525,0.5,0.5,0.502,0.5015,0.4975,0.498,-0.97,-0.21,0.165,0.27059,0.0,0.60588,0.16471,0.5,0.5,0.5,0.5,0.79289,0.732,0.29867,0.308,0.46489,0.46578,0.46578,0.46444,0.26471,0.01176,0.6,0.64118,0.49412,0.5,0.5,0.50588,0.482,0.469,0.5005,0.5,0.5055,0.5,0.5015,0.5035,-0.966,-0.219,0.224
0.67333,0.47956,0.35511,0.38089,0.46533,0.46533,0.46578,0.46444,0.26471,0.01176,0.60588,0.63529,0.50588,0.5,0.5,0.50588,0.4845,0.466,0.5035,0.5,0.5035,0.5015,0.5015,0.5035,-0.958,-0.207,0.245,0.68824,0.97059,0.28235,0.23529,0.5,0.5,0.5,0.5,0.6,0.34311,0.348,0.34978,0.46489,0.46578,0.46578,0.46444,0.71176,0.96471,0.34118,0.25294,0.49412,0.5,0.5,0.50588,0.511,0.5205,0.4735,0.456,0.5035,0.5,0.5015,0.5035,-0.948,-0.195,0.277
0.70133,0.58711,0.26756,0.22311,0.46489,0.46578,0.46578,0.46444,0.68824,0.96471,0.34118,0.25294,0.50588,0.5,0.5,0.50588,0.509,0.52,0.457,0.458,0.5035,0.5,0.5015,0.5035,-0.954,-0.179,0.257,0.26471,0.0,0.6,0.16471,0.5,0.5,0.5,0.5,0.724,0.68622,0.32044,0.32622,0.46489,0.46578,0.46622,0.46489,0.24118,0.01765,0.78235,1.00588,0.50588,0.5,0.5,0.50588,0.4825,0.4675,0.503,0.5,0.5055,0.5,0.5015,0.4965,-0.916,-0.193,0.22
0.46978,0.51689,0.46978,0.52533,0.42844,0.48,0.47556,0.45911,0.5,0.5,0.5,0.5,0.53529,0.5,0.5,0.49412,0.506,0.4915,0.507,0.4645,0.506,0.482,0.4975,0.5035,0.089,0.094,1.024,0.81176,0.74118,0.25294,0.21765,0.5,0.5,0.5,0.5,0.61156,0.61556,0.35111,0.39022,0.43467,0.47556,0.47422,0.46,0.84706,0.78824,0.25294,0.21765,0.50588,0.5,0.5,0.50588,0.511,0.5085,0.4985,0.4605,0.494,0.503,0.504,0.494,0.132,-0.046,1.04
0.77467,0.76311,0.22089,0.24444,0.43422,0.47556,0.47467,0.46089,0.81765,0.75882,0.25294,0.21176,0.50588,0.5,0.50588,0.5,0.51,0.492,0.5,0.4645,0.494,0.503,0.503,0.494,0.152,-0.024,1.021,0.37647,0.02353,0.52941,0.18235,0.5,0.5,0.5,0.5,0.90933,0.69689,0.31022,0.29689,0.43378,0.47733,0.47422,0.46044,0.19412,-0.06471,0.99412,1.03529,0.50588,0.5,0.5,0.50588,0.3785,0.4765,0.5405,0.598,0.4945,0.4955,0.5035,0.4945,-0.667,0.121,0.707
0.71244,0.43556,0.57867,0.56267,0.44356,0.47733,0.46844,0.45778,0.16471,0.00588,1.04706,1.02353,0.51176,0.5,0.48824,0.5,0.407,0.485,0.505,0.6025,0.493,0.495,0.531,0.505,-0.88,0.008,0.637,0.85882,0.97059,0.18824,0.23529,0.5,0.5,0.5,0.5,0.59333,0.25378,0.68844,0.67067,0.44133,0.476,0.46711,0.45644,0.82941,1.12353,0.18824,0.14118,0.47059,0.5,0.5,0.50588,0.5085,0.6135,0.461,0.5085,0.494,0.5015,0.538,0.5055,-0.766,-0.04,0.694
0.77778,0.51778,0.49867,0.47911,0.432,0.47556,0.46711,0.45778,0.87059,1.03529,0.12353,0.12941,0.51176,0.5,0.50588,0.50588,0.508,0.578,0.492,0.5,0.506,0.503,0.537,0.5055,-0.564,-0.135,0.817,0.25882,0.0,0.6,0.18824,0.5,0.5,0.5,0.5,0.91778,0.67467,0.31422,0.292,0.43467,0.47733,0.47689,0.45911,0.1,-0.07647,0.58235,0.52353,0.50588,0.5,0.5,0.5,0.373,0.478,0.586,0.5985,0.4945,0.4955,0.4915,0.4975,-0.475,0.275,0.827
0.66756,0.404,0.36667,0.32311,0.43378,0.47511,0.47467,0.46044,-0.05882,-0.01765,0.58235,0.54706,0.50588,0.5,0.48824,0.50588,0.4565,0.4845,0.5825,0.5985,0.494,0.505,0.5005,0.494,-0.55,0.127,0.953,0.94706,0.97059,0.18824,0.24118,0.5,0.5,0.5,0.5,0.51467,0.28756,0.35333,0.34311,0.43422,0.47644,0.47467,0.46089,0.98824,0.87059,0.35882,0.40588,0.5,0.49412,0.5,0.51176,0.5715,0.526,0.5855,0.497,0.494,0.499,0.5025,0.494,-0.703,0.074,0.726
0.76311,0.496,0.288,0.30222,0.43378,0.47511,0.47422,0.46222,0.97647,0.89412,0.4,0.41765,0.5,0.5,0.5,0.50588,0.5515,0.5635,0.5385,0.5255,0.494,0.5055,0.504,0.494,-0.747,-0.113,0.607,0.21176,0.0,0.59412,0.17647,0.5,0.5,0.5,0.5,0.90489,0.61911,0.30489,0.32933,0.43378,0.476,0.47644,0.45956,0.00588,0.02353,0.73529,0.65882,0.50588,0.5,0.49412,0.50588,0.4625,0.479,0.612,0.5265,0.4945,0.5015,0.4925,0.4995,-0.843,-0.065,0.605
0.62844,0.368,0.42,0.40756,0.43378,0.476,0.47556,0.45956,-0.00588,0.01176,0.72353,0.64118,0.50588,0.5,0.5,0.49412,0.4865,0.4755,0.6655,0.5,0.4945,0.5015,0.4975,0.4945,-0.853,0.016,0.514,0.89412,0.97059,0.16471,0.22941,0.5,0.5,0.5,0.5,0.468,0.244,0.43067,0.36933,0.43378,0.476,0.47467,0.45867,1.01176,0.97647,0.18235,0.25294,0.50588,0.5,0.5,0.50588,0.548,0.52,0.5005,0.4535,0.494,0.5015,0.502,0.5035,-0.745,-0.034,0.69
0.69333,0.48533,0.26222,0.23067,0.43378,0.47556,0.47467,0.45956,0.89412,0.98824,0.16471,0.24118,0.50588,0.5,0.5,0.50588,0.534,0.52,0.5,0.453,0.494,0.5015,0.502,0.4965,-0.617,-0.144,0.778,0.22941,0.0,0.6,0.17647,0.5,0.5,0.5,0.5,0.83244,0.57956,0.28667,0.31378,0.43378,0.47556,0.47467,0.46044,0.21765,-0.01765,0.91765,1.02353,0.50588,0.5,0.5,0.50588,0.493,0.476,0.6135,0.5,0.4945,0.5025,0.5025,0.494,-0.993,0.021,0.405
0.69111,0.31822,0.52978,0.57244,0.43378,0.47556,0.47422,0.45867,0.24118,0.00588,1.03529,0.92941,0.49412,0.5,0.5,0.49412,0.494,0.4775,0.6755,0.5335,0.4965,0.5025,0.5035,0.5055,-0.969,0.068,-0.128,0.71765,0.97059,0.20588,0.23529,0.5,0.5,0.5,0.5,0.616,0.19778,0.67333,0.67022,0.42889,0.47511,0.47244,0.45644,0.80588,0.98824,0.14118,0.11765,0.5,0.5,0.5,0.51176,0.5175,0.5195,0.5075,0.5075,0.5055,0.5055,0.5115,0.506,-0.976,0.015,0.159
0.71911,0.41111,0.48978,0.49333,0.42711,0.47333,0.476,0.45956,0.71176,0.97647,0.15294,0.14118,0.50588,0.5,0.5,0.50588,0.526,0.5445,0.5,0.5,0.5055,0.5135,0.4955,0.494,-0.92,-0.144,0.36,0.27059,0.0,0.6,0.18824,0.5,0.5,0.5,0.5,0.78489,0.54178,0.32978,0.304,0.43333,0.47422,0.47467,0.45867,0.27647,0.01765,0.58235,0.51176,0.50588,0.5,0.5,0.5,0.4855,0.4665,0.5485,0.4905,0.4965,0.5095,0.502,0.5035,-0.909,-0.207,0.434
0.66222,0.28533,0.37911,0.32267,0.43378,0.47422,0.47467,0.45867,0.26471,0.0,0.59412,0.53529,0.50588,0.5,0.5,0.5,0.4885,0.4675,0.558,0.489,0.495,0.5095,0.502,0.5035,-0.89,-0.215,0.413,0.67059,0.97059,0.25294,0.24706,0.5,0.5,0.5,0.5,0.58444,0.14844,0.35333,0.34267,0.43289,0.47644,0.47467,0.45867,0.7,0.97647,0.32353,0.5,0.49412,0.5,0.5,0.5,0.5115,0.5215,0.4975,0.467,0.5015,0.5,0.502,0.5035,-0.864,-0.202,0.481
0.67511,0.39378,0.256,0.34222,0.43289,0.47644,0.47467,0.45911,0.64118,0.97647,0.32353,0.5,0.49412,0.5,0.5,0.50588,0.5105,0.5195,0.4795,0.44,0.5035,0.4995,0.502,0.5025,-0.861,-0.204,0.509,0.27059,0.0,0.58235,0.18235,0.5,0.5,0.5,0.5,0.69111,0.49111,0.30756,0.33289,0.43289,0.47689,0.47467,0.45867,0.25882,0.07647,0.84118,0.51765,0.5,0.5,0.5,0.5,0.4855,0.465,0.5105,0.4925,0.5035,0.498,0.502,0.501,-0.833,-0.237,0.475
0.46711,0.46578,0.46622,0.46489,0.46222,0.46444,0.472,0.46444,0.50588,0.5,0.5,0.5,0.5,0.5,0.5,0.50588,0.4955,0.495,0.498,0.498,0.505,0.5,0.4975,0.5055,0.004,0.001,1.03,0.78235,0.73529,0.27059,0.22353,0.5,0.5,0.5,0.5,0.59422,0.57511,0.35244,0.332,0.46356,0.46444,0.47067,0.46578,0.78824,0.76471,0.27059,0.21176,0.5,0.5,0.5,0.50588,0.5105,0.508,0.4995,0.4925,0.495,0.5,0.502,0.494,0.05,-0.018,1.0
0.74444,0.70044,0.232,0.188,0.46356,0.46533,0.47244,0.464,0.8,0.74706,0.27647,0.22353,0.49412,0.5,0.5,0.50588,0.508,0.5065,0.5,0.5,0.497,0.496,0.4955,0.5055,-0.123,0.053,1.012,0.4,0.06471,0.52353,0.18235,0.5,0.5,0.5,0.5,0.80844,0.656,0.31022,0.29378,0.46267,0.46356,0.47067,0.46622,0.21765,0.03529,1.02941,1.05882,0.50588,0.5,0.5,0.5,0.4795,0.483,0.5955,0.614,0.5025,0.5035,0.5035,0.4945,-0.989,0.018,0.31
0.65778,0.41822,0.55556,0.61156,0.46222,0.46311,0.47156,0.46533,0.19412,0.04118,0.95882,1.14706,0.5,0.5,0.51176,0.47647,0.4875,0.4895,0.5985,0.6015,0.505,0.505,0.5005,0.4975,-0.941,0.015,-0.108,0.75882,0.97059,0.21176,0.22353,0.5,0.5,0.5,0.5,0.56489,0.31422,0.66933,0.66889,0.46178,0.46356,0.47156,0.46489,0.88235,0.87059,0.12353,0.12353,0.50588,0.5,0.5,0.5,0.532,0.5655,0.509,0.5075,0.505,0.502,0.5,0.4995,-0.997,-0.134,0.014
0.7,0.556,0.48844,0.48489,0.46222,0.46356,0.472,0.46489,0.75294,0.97647,0.15294,0.14706,0.50588,0.5,0.5,0.50588,0.534,0.558,0.5,0.5,0.505,0.502,0.497,0.5,-0.949,-0.183,0.238,0.27059,0.0,0.60588,0.17059,0.5,0.5,0.5,0.5,0.80089,0.69511,0.34356,0.30533,0.46222,0.46444,0.47111,0.464,0.28824,0.00588,0.6,0.54706,0.50588,0.5,0.5,0.50588,0.482,0.468,0.507,0.485,0.503,0.4995,0.5015,0.5055,-0.966,-0.213,0.219
0.68,0.44267,0.39644,0.33289,0.46267,0.46444,0.47111,0.464,0.26471,0.00588,0.61176,0.55294,0.50588,0.5,0.5,0.50588,0.485,0.466,0.5135,0.486,0.503,0.4995,0.5015,0.5055,-0.96,-0.211,0.207,0.67059,0.97059,0.29412,0.24118,0.5,0.5,0.5,0.5,0.60089,0.30578,0.36711,0.34667,0.46267,0.46444,0.47111,0.46444,0.67059,0.97059,0.31176,0.45294,0.50588,0.5,0.5,0.50588,0.5105,0.521,0.4795,0.447,0.503,0.4995,0.5015,0.5035,-0.936,-0.179,0.28
0.69244,0.54978,0.26667,0.32044,0.46222,0.46444,0.47111,0.46444,0.67059,0.97059,0.3,0.44706,0.5,0.5,0.5,0.50588,0.508,0.5195,0.4575,0.4435,0.505,0.4995,0.5015,0.5035,-0.953,-0.198,0.259,0.25882,0.0,0.6,0.16471,0.5,0.5,0.5,0.5,0.70489,0.64711,0.31333,0.33378,0.46178,0.46444,0.47111,0.46489,0.25882,0.02353,0.82941,0.59412,0.5,0.5,0.5,0.50588,0.48,0.468,0.5,0.4965,0.505,0.4985,0.5015,0.5,-0.937,-0.225,0.263
0.56533,0.39556,0.47378,0.38844,0.46222,0.46533,0.47111,0.46533,0.2,0.00588,0.77647,0.60588,0.50588,0.5,0.5,0.50588,0.4915,0.465,0.583,0.4995,0.5045,0.496,0.5015,0.4945,-0.968,-0.201,0.15,0.74706,0.97059,0.21176,0.22353,0.5,0.5,0.5,0.5,0.43867,0.25644,0.54667,0.34222,0.46267,0.46533,0.47111,0.45867,0.88235,0.95882,0.24706,0.28235,0.50588,0.5,0.5,0.5,0.589,0.522,0.5885,0.4605,0.503,0.4955,0.5015,0.5055,-0.959,-0.206,0.19
0.61689,0.50133,0.41467,0.22489,0.46311,0.46444,0.47111,0.45911,0.83529,0.96471,0.24706,0.27059,0.50588,0.49412,0.5,0.50588,0.534,0.52,0.5,0.46,0.497,0.498,0.5015,0.5055,-0.94,-0.198,0.241,0.23529,0.0,0.60588,0.16471,0.5,0.5,0.5,0.5,0.70356,0.60267,0.30933,0.31689,0.46267,0.46444,0.47111,0.46311,0.22941,0.0,0.6,0.97647,0.50588,0.5,0.5,0.50588,0.4795,0.4665,0.499,0.5,0.503,0.5,0.5015,0.5055,-0.94,-0.205,0.275
0.49111,0.468,0.47644,0.46756,0.468,0.46133,0.45956,0.46844,0.5,0.51176,0.5,0.5,0.49412,0.5,0.5,0.5,0.4935,0.4955,0.4955,0.4965,0.5035,0.5005,0.5,0.5035,0.147,0.019,1.018,0.79412,0.73529,0.5,0.5,0.5,0.5,0.5,0.5,0.62133,0.57911,0.47556,0.468,0.46756,0.46133,0.46,0.46889,0.82941,0.77059,0.49412,0.5,0.49412,0.50588,0.5,0.51176,0.51,0.5065,0.498,0.4955,0.506,0.5005,0.497,0.4995,-0.098,-0.046,1.031
0.76311,0.69111,0.47422,0.46622,0.46844,0.46089,0.45822,0.46889,0.86471,0.72353,0.5,0.49412,0.50588,0.5,0.5,0.5,0.5135,0.5105,0.5055,0.5025,0.4965,0.5005,0.505,0.5,-0.279,-0.155,0.978,0.30588,0.0,0.5,0.5,0.5,0.5,0.5,0.5,0.88711,0.66978,0.48267,0.46622,0.46933,0.46133,0.45778,0.468,0.23529,0.16471,0.5,0.52941,0.5,0.5,0.5,0.51176,0.3835,0.422,0.4655,0.505,0.494,0.5,0.5075,0.5035,0.489,-0.123,0.973
0.69956,0.39689,0.48267,0.46889,0.46889,0.468,0.46044,0.468,0.11176,-0.05882,0.5,0.5,0.49412,0.56471,0.5,0.50588,0.428,0.4655,0.4655,0.4915,0.4965,0.47,0.4955,0.5035,0.508,0.079,0.883,0.91176,0.97059,0.5,0.5,0.5,0.5,0.5,0.5,0.60089,0.17244,0.48178,0.45956,0.46889,0.46933,0.45289,0.47511,0.94118,0.98235,0.5,0.5,0.50588,0.5,0.48824,0.52353,0.5205,0.6165,0.469,0.5345,0.4965,0.461,0.529,0.4945,-0.14,-0.011,0.978
0.83422,0.40578,0.48222,0.45689,0.46844,0.46133,0.44933,0.46667,0.93529,1.01176,0.5,0.5,0.49412,0.46471,0.5,0.49412,0.508,0.6215,0.467,0.548,0.5,0.4945,0.55,0.5055,-0.146,-0.206,0.806,0.22353,0.0,0.5,0.5,0.5,0.5,0.5,0.5,0.91733,0.616,0.47911,0.46711,0.47467,0.46844,0.45911,0.46844,0.10588,0.08235,0.5,0.5,0.51176,0.5,0.50588,0.50588,0.4095,0.4415,0.483,0.4995,0.494,0.466,0.502,0.5035,0.611,-0.282,0.672
0.67644,0.33333,0.48178,0.46844,0.476,0.46889,0.46,0.46756,-0.02353,-0.08235,0.51176,0.5,0.50588,0.5,0.5,0.49412,0.409,0.4765,0.4695,0.4935,0.494,0.464,0.4975,0.5055,0.634,-0.306,0.129,0.85294,0.97059,0.5,0.5,0.5,0.5,0.5,0.5,0.45067,0.15022,0.48444,0.46756,0.46844,0.46489,0.45911,0.46889,0.77647,0.92353,0.5,0.5,0.51176,0.48824,0.5,0.5,0.507,0.5535,0.4565,0.4975,0.494,0.482,0.501,0.4985,0.923,-0.213,0.438
0.61778,0.39378,0.48444,0.468,0.46889,0.46133,0.46044,0.46889,0.81765,0.95882,0.5,0.5,0.5,0.5,0.5,0.50588,0.5225,0.5705,0.4565,0.496,0.4965,0.4995,0.4955,0.4965,0.92,0.064,0.451,0.37647,0.0,0.5,0.5,0.5,0.5,0.5,0.5,0.80933,0.59289,0.48178,0.47289,0.468,0.46178,0.45911,0.46978,0.37059,0.10588,0.5,0.52941,0.5,0.5,0.5,0.5,0.493,0.439,0.4685,0.4745,0.5035,0.4975,0.5015,0.495,0.927,0.023,0.361
0.74222,0.38178,0.47644,0.48311,0.468,0.46178,0.46,0.46756,0.38235,0.14706,0.47059,0.5,0.50588,0.5,0.5,0.5,0.493,0.342,0.492,0.422,0.5035,0.4975,0.497,0.505,0.979,-0.17,0.146,0.67059,0.96471,0.5,0.5,0.5,0.5,0.5,0.5,0.72267,0.10311,0.48089,0.47556,0.468,0.46133,0.46089,0.46533,0.67647,1.00588,0.5,0.5,0.50588,0.5,0.5,0.50588,0.515,0.541,0.4735,0.459,0.5035,0.498,0.492,0.505,0.969,-0.191,0.343
0.81867,0.36356,0.48089,0.47511,0.46844,0.46133,0.46089,0.46622,0.68824,0.98235,0.5,0.5,0.50588,0.5,0.5,0.51176,0.5135,0.5395,0.4735,0.462,0.5,0.5,0.492,0.505,0.999,0.007,0.423,0.35882,0.03529,0.5,0.5,0.5,0.5,0.5,0.5,0.81733,0.54533,0.48089,0.47422,0.46844,0.46133,0.45867,0.46978,0.21176,0.14118,0.5,0.53529,0.50588,0.5,0.5,0.50588,0.4865,0.4435,0.4735,0.4685,0.5,0.5,0.5015,0.4945,0.914,-0.037,0.35
0.66,0.35467,0.47556,0.48222,0.46889,0.46222,0.46044,0.46756,0.22941,0.14118,0.47059,0.5,0.5,0.5,0.5,0.5,0.4855,0.3455,0.493,0.426,0.4965,0.4955,0.494,0.5055,0.682,-0.143,0.296,0.78824,0.97059,0.5,0.5,0.5,0.5,0.5,0.5,0.58667,0.10578,0.48267,0.47378,0.46844,0.46133,0.46,0.46667,0.73529,1.02353,0.5,0.5,0.5,0.49412,0.5,0.50588,0.5155,0.5435,0.4645,0.4695,0.5,0.4995,0.496,0.5055,0.917,-0.217,0.321
0.73467,0.36844,0.48267,0.47333,0.46844,0.46089,0.46,0.46756,0.80588,0.98824,0.5,0.5,0.50588,0.5,0.5,0.51176,0.5205,0.5395,0.464,0.47,0.497,0.502,0.496,0.5005,0.904,-0.035,0.374,0.30588,0.0,0.5,0.5,0.5,0.5,0.5,0.5,0.83067,0.54311,0.48089,0.47556,0.46844,0.46089,0.45867,0.46978,0.24706,0.11765,0.5,0.54118,0.50588,0.5,0.5,0.51176,0.488,0.4375,0.4715,0.4615,0.5,0.502,0.502,0.495,0.959,-0.015,0.276
0.688,0.33644,0.47511,0.48222,0.468,0.46222,0.46044,0.46756,0.24706,0.05294,0.47647,0.5,0.5,0.5,0.5,0.51765,0.4885,0.348,0.497,0.426,0.5035,0.4955,0.494,0.5035,0.944,-0.223,0.411,0.77059,0.97059,0.5,0.5,0.5,0.5,0.5,0.5,0.62489,0.07822,0.48089,0.47422,0.46844,0.46133,0.46,0.46667,0.73529,1.09412,0.5,0.5,0.49412,0.5,0.5,0.5,0.5185,0.551,0.4725,0.466,0.5,0.499,0.496,0.5055,0.886,-0.219,0.321
0.76756,0.38533,0.48133,0.47422,0.46844,0.46133,0.45956,0.46889,0.78824,1.08235,0.5,0.5,0.50588,0.5,0.49412,0.50588,0.5195,0.5385,0.4715,0.466,0.5,0.5,0.497,0.4965,0.92,-0.001,0.42,0.31765,0.0,0.5,0.5,0.5,0.5,0.5,0.5,0.83111,0.59289,0.48089,0.46978,0.468,0.46089,0.45867,0.46978,0.2,0.11176,0.5,0.51765,0.5,0.5,0.5,0.50588,0.486,0.4515,0.4725,0.4865,0.5035,0.501,0.502,0.4945,0.943,0.05,0.364
0.67333,0.40089,0.47867,0.48356,0.46844,0.46222,0.46044,0.46844,0.19412,0.2,0.47647,0.5,0.50588,0.5,0.5,0.49412,0.486,0.3445,0.481,0.4205,0.496,0.4955,0.494,0.505,0.962,-0.193,0.183,0.8,0.97059,0.5,0.5,0.5,0.5,0.5,0.5,0.60933,0.17378,0.48222,0.472,0.46844,0.46089,0.45956,0.46711,0.78235,1.02353,0.5,0.5,0.5,0.5,0.5,0.5,0.5175,0.5325,0.466,0.4765,0.5,0.5015,0.4975,0.5055,0.921,-0.152,0.356
0.75422,0.416,0.48222,0.472,0.46844,0.46089,0.45911,0.46978,0.80588,1.06471,0.5,0.5,0.50588,0.5,0.49412,0.51176,0.5215,0.529,0.4655,0.4765,0.5,0.5015,0.4985,0.4945,0.937,-0.006,0.419,0.31765,0.0,0.5,0.5,0.5,0.5,0.5,0.5,0.83378,0.55422,0.48044,0.47378,0.46756,0.46089,0.45867,0.46933,0.22941,0.10588,0.5,0.53529,0.50588,0.5,0.5,0.49412,0.487,0.442,0.473,0.4715,0.502,0.5015,0.502,0.495,0.942,0.017,0.343
0.69244,0.36756,0.476,0.48311,0.46844,0.46222,0.46,0.46756,0.22941,0.10588,0.45882,0.5,0.50588,0.50588,0.5,0.5,0.488,0.334,0.493,0.4225,0.5,0.497,0.496,0.505,0.903,-0.093,0.455,0.81176,0.97059,0.5,0.5,0.5,0.5,0.5,0.5,0.64533,0.11778,0.48178,0.47378,0.46844,0.46133,0.46,0.46711,0.77059,1.00588,0.5,0.5,0.5,0.5,0.5,0.50588,0.523,0.54,0.4675,0.4685,0.503,0.4985,0.496,0.5055,0.9,-0.227,0.32
0.80311,0.36311,0.48222,0.47378,0.468,0.46133,0.46,0.46889,0.82353,0.99412,0.5,0.5,0.50588,0.5,0.5,0.52941,0.521,0.5385,0.466,0.4685,0.5,0.4995,0.496,0.5,0.974,0.005,0.358,0.28824,0.0,0.5,0.5,0.5,0.5,0.5,0.5,0.84044,0.51911,0.47911,0.47556,0.46844,0.46089,0.45867,0.46933,0.10588,0.12353,0.5,0.5,0.5,0.5,0.5,0.5,0.482,0.4305,0.4795,0.4605,0.5,0.501,0.502,0.497,0.99,-0.011,0.303
0.64267,0.328,0.47511,0.48444,0.46889,0.46267,0.46044,0.46933,0.17647,0.07647,0.5,0.5,0.51176,0.5,0.5,0.54118,0.477,0.342,0.497,0.416,0.4965,0.4935,0.4935,0.4995,0.896,-0.235,0.396,0.80588,0.97059,0.5,0.5,0.5,0.5,0.5,0.5,0.53333,0.076,0.48356,0.47156,0.46889,0.46089,0.46,0.46667,0.74118,1.01176,0.5,0.5,0.50588,0.5,0.5,0.51176,0.5105,0.5505,0.4585,0.4795,0.494,0.501,0.496,0.5055,0.996,-0.163,0.316
0.66622,0.34089,0.48356,0.472,0.46889,0.46089,0.46,0.46711,0.79412,1.0,0.5,0.5,0.5,0.5,0.5,0.51176,0.5235,0.5435,0.4585,0.4775,0.4965,0.501,0.496,0.505,0.958,0.074,0.372,0.35294,0.0,0.5,0.5,0.5,0.5,0.5,0.5,0.80667,0.51911,0.47911,0.47911,0.46889,0.46089,0.45867,0.46933,0.35294,0.15882,0.5,0.52353,0.50588,0.50588,0.5,0.49412,0.492,0.4205,0.4785,0.444,0.4965,0.5015,0.502,0.4945,1.014,0.076,0.303
0.52356,0.48444,0.49467,0.48889,0.46756,0.47289,0.47244,0.46978,0.50588,0.50588,0.5,0.5,0.50588,0.5,0.5,0.50588,0.4905,0.493,0.4775,0.482,0.494,0.4955,0.4955,0.494,0.098,0.007,1.031,0.28824,0.51765,0.5,0.5,0.5,0.5,0.5,0.5,0.49689,0.48444,0.49467,0.48578,0.46578,0.47289,0.47289,0.46889,0.32941,0.50588,0.5,0.48235,0.48824,0.5,0.5,0.5,0.4605,0.5065,0.4765,0.495,0.5055,0.4955,0.494,0.5035,0.168,0.057,1.007
0.37244,0.49333,0.49467,0.48533,0.46489,0.472,0.47067,0.46756,0.22353,0.52941,0.5,0.5,0.49412,0.5,0.5,0.5,0.4805,0.5045,0.476,0.4985,0.506,0.4985,0.5025,0.5055,0.266,0.042,0.996,0.54706,0.54706,0.5,0.5,0.5,0.5,0.5,0.5,0.20311,0.52089,0.48533,0.492,0.464,0.47244,0.47022,0.468,0.5,0.53529,0.5,0.5,0.5,0.5,0.5,0.5,0.5235,0.493,0.521,0.4675,0.506,0.4975,0.5065,0.506,0.225,0.021,1.015
0.20311,0.53867,0.48533,0.492,0.464,0.47244,0.47022,0.46889,0.5,0.54118,0.5,0.5,0.5,0.5,0.5,0.5,0.5505,0.5065,0.5195,0.4675,0.5055,0.497,0.506,0.5035,0.149,-0.037,1.025,0.60588,0.33529,0.5,0.5,0.5,0.5,0.5,0.5,0.22667,0.55244,0.48533,0.492,0.464,0.47244,0.47022,0.46844,0.50588,0.43529,0.5,0.5,0.5,0.5,0.5,0.50588,0.6055,0.4745,0.5205,0.4675,0.5055,0.497,0.506,0.5055,0.148,0.018,0.994
0.26489,0.50267,0.48133,0.49422,0.464,0.47244,0.47022,0.46889,0.55882,0.35294,0.5,0.5,0.5,0.5,0.5,0.50588,0.6295,0.4375,0.5385,0.458,0.505,0.497,0.506,0.5035,0.188,-0.009,1.017,0.48824,0.64706,0.5,0.5,0.5,0.5,0.5,0.5,0.32311,0.39867,0.47733,0.496,0.46578,0.47244,0.472,0.46978,0.5,0.51765,0.5,0.5,0.5,0.5,0.5,0.5,0.615,0.493,0.559,0.449,0.505,0.498,0.4975,0.4965,0.166,0.036,1.014
0.32356,0.46356,0.47778,0.496,0.46533,0.47289,0.472,0.46844,0.50588,0.64118,0.5,0.5,0.5,0.5,0.5,0.5,0.6045,0.5045,0.557,0.449,0.5055,0.4955,0.4975,0.5035,0.141,0.056,1.029,0.71176,0.65882,0.5,0.5,0.5,0.5,0.5,0.5,0.38933,0.58133,0.47778,0.49556,0.46756,0.47289,0.47244,0.46889,0.76471,0.64706,0.5,0.5,0.50588,0.5,0.5,0.50588,0.57,0.5075,0.5565,0.4505,0.4945,0.4955,0.4955,0.5035,-0.193,0.042,1.0
0.54044,0.66267,0.47822,0.49511,0.46756,0.47244,0.47244,0.46978,0.82353,0.67647,0.5,0.5,0.50588,0.5,0.5,0.50588,0.5235,0.507,0.556,0.4525,0.494,0.497,0.4945,0.4955,-0.063,-0.026,1.19,0.31765,0.16471,0.5,0.5,0.5,0.5,0.5,0.5,0.68178,0.74,0.48889,0.49111,0.46756,0.47156,0.472,0.46933,0.40588,0.15294,0.5,0.5,0.50588,0.5,0.50588,0.51176,0.477,0.443,0.5045,0.471,0.494,0.5015,0.498,0.4945,-0.053,0.003,1.03
0.60978,0.56222,0.49111,0.49111,0.46756,0.472,0.47111,0.46978,0.4,0.31176,0.5,0.5,0.5,0.5,0.5,0.5,0.4535,0.437,0.494,0.4715,0.494,0.5005,0.5015,0.4945,0.406,0.02,0.929,0.57059,0.42353,0.5,0.5,0.5,0.5,0.5,0.5,0.48311,0.28267,0.49156,0.48578,0.46756,0.47289,0.47289,0.46889,0.5,0.34118,0.5,0.44118,0.5,0.5,0.5,0.49412,0.4935,0.4935,0.492,0.4915,0.494,0.496,0.493,0.5035,0.267,0.02,0.989
0.504,0.22978,0.49156,0.48356,0.46711,0.47333,0.47244,0.46889,0.57059,0.41176,0.5,0.5,0.50588,0.5,0.5,0.5,0.5065,0.5075,0.492,0.5075,0.496,0.4935,0.495,0.5035,0.183,0.088,1.021,0.41176,0.6,0.5,0.5,0.5,0.5,0.5,0.5,0.54444,0.18756,0.49156,0.48356,0.46756,0.47378,0.47244,0.46889,0.49412,0.5,0.5,0.5,0.50588,0.5,0.5,0.5,0.4845,0.5315,0.492,0.5075,0.494,0.492,0.4955,0.5035,0.21,0.089,1.022
0.52756,0.21022,0.492,0.48267,0.46756,0.47378,0.47156,0.46978,0.49412,0.6,0.5,0.5,0.50588,0.5,0.5,0.5,0.459,0.563,0.4905,0.511,0.494,0.492,0.499,0.495,0.191,0.078,1.005,0.58824,0.88235,0.5,0.5,0.5,0.5,0.5,0.5,0.49067,0.32178,0.49778,0.47867,0.46578,0.47244,0.47111,0.46844,0.5,0.87059,0.5,0.5,0.50588,0.49412,0.5,0.5,0.4775,0.627,0.4645,0.533,0.5035,0.498,0.501,0.5045,0.205,-0.04,0.952
0.50667,0.59778,0.49733,0.48578,0.46622,0.472,0.47422,0.47022,0.54118,1.06471,0.5,0.53529,0.5,0.50588,0.50588,0.50588,0.4935,0.5205,0.465,0.5025,0.4995,0.5005,0.4885,0.494,0.068,0.062,1.026,0.37647,0.32353,0.5,0.5,0.5,0.5,0.5,0.5,0.55733,0.83956,0.49689,0.48533,0.46489,0.47333,0.47644,0.46978,0.5,0.41176,0.5,0.51176,0.5,0.5,0.5,0.50588,0.4595,0.4755,0.467,0.4995,0.5055,0.494,0.476,0.494,0.079,0.122,1.022
0.50933,0.75956,0.49689,0.48578,0.46489,0.47289,0.47644,0.46978,0.32941,0.33529,0.5,0.5,0.5,0.5,0.5,0.5,0.4515,0.4685,0.4665,0.497,0.5055,0.496,0.476,0.4965,0.212,0.112,0.998,0.68235,0.57647,0.5,0.5,0.5,0.5,0.5,0.5,0.42311,0.64267,0.49689,0.48622,0.46756,0.472,0.47556,0.46978,0.64118,0.50588,0.5,0.5,0.50588,0.5,0.49412,0.50588,0.508,0.5025,0.4665,0.495,0.494,0.4995,0.4795,0.4955,0.179,0.083,1.027
0.52133,0.67956,0.49644,0.48622,0.46667,0.47156,0.47556,0.46933,0.7,0.58235,0.5,0.5,0.49412,0.5,0.5,0.49412,0.5065,0.5,0.468,0.495,0.5,0.502,0.4815,0.4965,0.098,0.075,1.026,0.51176,0.41765,0.5,0.5,0.5,0.5,0.5,0.5,0.62178,0.72933,0.48933,0.48711,0.46578,0.47244,0.47511,0.46978,0.50588,0.50588,0.5,0.5,0.49412,0.5,0.5,0.5,0.508,0.4745,0.502,0.491,0.5035,0.4975,0.4825,0.4965,0.089,0.078,1.027
0.62444,0.70622,0.48933,0.49022,0.46622,0.47244,0.47156,0.46933,0.51765,0.41765,0.5,0.5,0.50588,0.5,0.49412,0.5,0.509,0.4585,0.5025,0.476,0.5035,0.4975,0.497,0.5,0.121,0.063,1.026,0.48824,0.42941,0.5,0.5,0.5,0.5,0.5,0.5,0.62933,0.62489,0.48933,0.49111,0.46711,0.47111,0.47156,0.46933,0.50588,0.40588,0.5,0.5,0.50588,0.5,0.5,0.5,0.5085,0.4765,0.5025,0.4715,0.4965,0.502,0.499,0.5,0.179,0.047,1.009
0.62933,0.56756,0.48978,0.49067,0.46667,0.47156,0.472,0.46889,0.50588,0.36471,0.5,0.5,0.51176,0.5,0.5,0.49412,0.5065,0.491,0.5015,0.473,0.496,0.502,0.4975,0.5035,0.154,0.041,1.021,0.35882,0.47647,0.5,0.5,0.5,0.5,0.5,0.5,0.59733,0.54356,0.49067,0.49111,0.46711,0.47156,0.472,0.46889,0.37647,0.5,0.50588,0.5,0.50588,0.5,0.5,0.50588,0.492,0.4715,0.497,0.4715,0.4965,0.5015,0.497,0.5035,0.222,0.047,1.014
0.54489,0.52667,0.49111,0.49111,0.46756,0.47156,0.47244,0.46978,0.41176,0.47647,0.5,0.5,0.50588,0.5,0.5,0.50588,0.4785,0.477,0.495,0.4715,0.494,0.5015,0.4955,0.4965,0.236,0.062,1.002,0.44706,0.38235,0.5,0.5,0.5,0.5,0.5,0.5,0.45422,0.48444,0.49156,0.49111,0.46667,0.472,0.47244,0.46978,0.42941,0.40588,0.5,0.5,0.5,0.5,0.5,0.5,0.478,0.473,0.493,0.4715,0.496,0.501,0.4955,0.4965,0.335,0.063,0.973
0.41378,0.41822,0.49156,0.49111,0.46711,0.472,0.472,0.46978,0.42353,0.35882,0.5,0.5,0.50588,0.5,0.5,0.5,0.4875,0.479,0.493,0.4715,0.494,0.5,0.4955,0.4965,0.378,0.053,0.951,0.43529,0.5,0.5,0.5,0.5,0.5,0.5,0.5,0.34667,0.31689,0.49156,0.49111,0.46756,0.472,0.47244,0.46978,0.41176,0.51176,0.5,0.5,0.50588,0.5,0.5,0.5,0.494,0.507,0.493,0.4715,0.494,0.4985,0.4955,0.496,0.447,0.082,0.938
0.31067,0.31644,0.49156,0.49111,0.46711,0.47156,0.472,0.46844,0.45882,0.5,0.5,0.5,0.50588,0.5,0.5,0.5,0.4935,0.507,0.493,0.4715,0.496,0.501,0.497,0.5055,0.421,0.076,0.919,0.75294,0.51765,0.5,0.5,0.5,0.5,0.5,0.5,0.30578,0.316,0.49111,0.49111,0.46756,0.472,0.47244,0.46889,0.71176,0.5,0.5,0.5,0.50588,0.5,0.5,0.51176,0.5335,0.507,0.494,0.472,0.494,0.4985,0.495,0.4965,0.389,-0.018,1.043
0.45778,0.32178,0.49156,0.49067,0.46667,0.472,0.47244,0.46933,0.83529,0.51765,0.5,0.5,0.49412,0.50588,0.5,0.51176,0.5115,0.508,0.493,0.4735,0.5,0.5005,0.496,0.4955,0.266,-0.026,0.98,0.5,0.77059,0.5,0.5,0.5,0.5,0.5,0.5,0.62533,0.36711,0.49556,0.48356,0.46756,0.47289,0.47244,0.468,0.64118,0.76471,0.51176,0.48824,0.50588,0.5,0.5,0.51176,0.493,0.5385,0.474,0.506,0.494,0.496,0.496,0.506,0.194,-0.056,1.007
0.63511,0.528,0.496,0.484,0.46711,0.47333,0.47644,0.46978,0.50588,0.81765,0.5,0.5,0.5,0.50588,0.50588,0.5,0.4905,0.517,0.4715,0.506,0.4965,0.495,0.479,0.496,0.143,-0.016,1.043,0.20588,0.55882,0.5,0.5,0.5,0.5,0.5,0.5,0.58356,0.71511,0.49556,0.48622,0.46489,0.47289,0.47733,0.46978,0.12353,0.64706,0.5,0.52941,0.51176,0.50588,0.5,0.50588,0.474,0.5085,0.473,0.4985,0.5055,0.4965,0.4725,0.4965,0.245,0.152,0.917
0.45867,0.76222,0.49689,0.48533,0.46444,0.476,0.47689,0.46978,0.15294,0.56471,0.5,0.5,0.5,0.52941,0.5,0.5,0.4425,0.505,0.4675,0.499,0.506,0.4835,0.4725,0.4965,0.246,0.241,0.884,0.74118,0.27647,0.5,0.5,0.5,0.5,0.5,0.5,0.20667,0.808,0.48089,0.49556,0.45911,0.48,0.46267,0.46222,0.52353,0.47647,0.5,0.5,0.5,0.5,0.5,0.5,0.594,0.4045,0.5435,0.4515,0.5055,0.4615,0.542,0.5055,0.301,0.29,0.952
0.29556,0.70933,0.48044,0.496,0.46933,0.47289,0.46844,0.46222,0.75882,0.28824,0.5,0.5,0.51176,0.44706,0.52353,0.5,0.6195,0.403,0.545,0.449,0.494,0.488,0.517,0.5055,0.442,0.311,0.814,0.62941,0.56471,0.5,0.5,0.5,0.5,0.5,0.5,0.55556,0.50178,0.49022,0.49556,0.46933,0.46978,0.47289,0.46267,0.60588,0.5,0.48824,0.5,0.5,0.5,0.5,0.50588,0.5235,0.5075,0.4965,0.451,0.494,0.5105,0.4935,0.5055,0.383,0.102,0.951
0.62622,0.53333,0.49067,0.49556,0.46578,0.47022,0.47244,0.46533,0.76471,0.61176,0.5,0.5,0.49412,0.50588,0.5,0.50588,0.5125,0.5065,0.4975,0.451,0.5055,0.509,0.4955,0.5055,0.339,-0.097,0.981,0.35882,0.28824,0.5,0.5,0.5,0.5,0.5,0.5,0.744,0.53822,0.49689,0.48622,0.46756,0.47067,0.47244,0.46889,0.50588,0.37059,0.5,0.5,0.5,0.5,0.5,0.5,0.4355,0.485,0.467,0.496,0.4945,0.506,0.496,0.5035,0.395,-0.071,0.956
0.68133,0.44711,0.49689,0.48711,0.46756,0.47111,0.47244,0.46889,0.32353,0.27647,0.5,0.5,0.50588,0.5,0.5,0.50588,0.439,0.4745,0.467,0.4915,0.494,0.5045,0.496,0.5035,0.498,-0.068,0.896,0.24706,0.61765,0.5,0.5,0.5,0.5,0.5,0.5,0.49911,0.28844,0.49689,0.48622,0.46756,0.47111,0.472,0.468,0.18235,0.5,0.5,0.5,0.50588,0.5,0.5,0.50588,0.4765,0.5265,0.467,0.4965,0.494,0.503,0.498,0.5055,0.595,0.048,0.84
0.37511,0.34044,0.49733,0.48667,0.46667,0.47111,0.47244,0.46844,0.37059,0.61176,0.5,0.5,0.5,0.5,0.5,0.49412,0.4615,0.525,0.466,0.4935,0.5,0.504,0.495,0.5035,0.583,0.137,0.828,0.88824,0.65882,0.5,0.5,0.5,0.5,0.5,0.5,0.23511,0.45156,0.49644,0.48711,0.46711,0.47156,0.47022,0.47022,0.77059,0.61765,0.5,0.5,0.5,0.5,0.48824,0.50588,0.5555,0.5325,0.4695,0.4915,0.494,0.502,0.5035,0.494,0.575,0.071,0.867
0.46089,0.54622,0.49644,0.488,0.46622,0.47244,0.47244,0.46889,0.86471,0.77647,0.5,0.5,0.49412,0.50588,0.5,0.50588,0.525,0.514,0.4685,0.4875,0.5035,0.499,0.496,0.5035,0.434,-0.008,0.929,0.40588,0.45294,0.5,0.5,0.5,0.5,0.5,0.5,0.72889,0.67156,0.49689,0.49156,0.46711,0.47156,0.472,0.46933,0.49412,0.50588,0.5,0.5,0.5,0.5,0.5,0.50588,0.466,0.4855,0.467,0.471,0.4965,0.502,0.4975,0.5,0.364,0.005,0.953
0.71022,0.67022,0.49689,0.49111,0.46711,0.47156,0.47244,0.46933,0.40588,0.48824,0.5,0.5,0.50588,0.5,0.5,0.50588,0.437,0.4675,0.467,0.472,0.4965,0.5015,0.496,0.5,0.425,0.02,0.941,0.40588,0.47059,0.5,0.5,0.5,0.5,0.5,0.5,0.61422,0.61822,0.49689,0.49111,0.46711,0.47244,0.47244,0.46933,0.37647,0.47059,0.5,0.5,0.5,0.5,0.5,0.50588,0.4605,0.484,0.467,0.472,0.4965,0.498,0.4955,0.5,0.49,0.094,0.897
0.54,0.59822,0.49689,0.49111,0.46667,0.47289,0.47244,0.46933,0.36471,0.47059,0.5,0.5,0.5,0.5,0.5,0.50588,0.4845,0.4865,0.467,0.472,0.5,0.4975,0.4955,0.5,0.503,0.129,0.876,0.44706,0.4,0.5,0.5,0.5,0.5,0.5,0.5,0.44356,0.56756,0.49644,0.49156,0.46667,0.47156,0.47156,0.46978,0.47059,0.35882,0.5,0.5,0.51176,0.5,0.5,0.50588,0.4985,0.4785,0.4695,0.4705,0.496,0.5015,0.4995,0.4965,0.611,0.145,0.856
0.41644,0.49644,0.49644,0.49156,0.46756,0.472,0.47156,0.46933,0.46471,0.37647,0.5,0.5,0.51176,0.5,0.5,0.49412,0.494,0.49,0.4695,0.4705,0.494,0.501,0.5,0.4965,0.597,0.069,0.785,0.74118,0.48235,0.5,0.5,0.5,0.5,0.5,0.5,0.41556,0.41867,0.49644,0.49111,0.46667,0.47289,0.47244,0.46889,0.62353,0.48235,0.5,0.5,0.5,0.5,0.5,0.5,0.5335,0.495,0.4695,0.472,0.5,0.497,0.4955,0.5055,0.5,0.029,0.826
0.53822,0.41511,0.49644,0.49156,0.46756,0.47289,0.472,0.47022,0.92353,0.50588,0.5,0.5,0.50588,0.5,0.5,0.50588,0.521,0.493,0.469,0.4705,0.494,0.4965,0.497,0.494,0.503,-0.07,0.871,0.37647,0.61176,0.5,0.5,0.5,0.5,0.5,0.5,0.72533,0.43289,0.49689,0.49289,0.46756,0.47289,0.472,0.46889,0.50588,0.60588,0.5,0.5,0.50588,0.5,0.5,0.49412,0.458,0.5065,0.4675,0.4645,0.4945,0.497,0.497,0.5035,0.488,-0.088,0.904
0.69467,0.46889,0.49733,0.49244,0.46756,0.47289,0.47289,0.46844,0.39412,0.57647,0.5,0.5,0.50588,0.5,0.5,0.5,0.425,0.514,0.467,0.4665,0.4945,0.497,0.4935,0.5055,0.508,-0.061,0.893,0.35882,0.57059,0.5,0.5,0.5,0.5,0.5,0.5,0.57111,0.54489,0.50044,0.48578,0.46756,0.47244,0.47644,0.46889,0.29412,0.63529,0.5,0.5,0.5,0.5,0.5,0.50588,0.452,0.516,0.4505,0.497,0.4945,0.4985,0.4775,0.5035,0.571,0.137,0.877
0.44889,0.60489,0.5,0.48933,0.46622,0.472,0.47467,0.46933,0.28235,0.62941,0.5,0.54118,0.50588,0.5,0.5,0.5,0.4915,0.506,0.4525,0.482,0.5055,0.502,0.4845,0.5,0.541,0.2,0.852,0.75294,0.55882,0.5,0.5,0.5,0.5,0.5,0.5,0.40711,0.66844,0.5,0.49289,0.46578,0.472,0.47289,0.46889,0.66471,0.55294,0.5,0.5,0.50588,0.5,0.5,0.51176,0.517,0.495,0.4525,0.4635,0.5055,0.501,0.4935,0.5035,0.444,0.245,0.876
0.50222,0.71244,0.49956,0.49333,0.46622,0.47156,0.47333,0.46933,0.77647,0.57647,0.5,0.5,0.49412,0.5,0.5,0.5,0.5425,0.489,0.4545,0.462,0.5035,0.502,0.4915,0.4945,0.417,0.112,0.939,0.48235,0.45882,0.5,0.5,0.5,0.5,0.5,0.5,0.71911,0.75244,0.5,0.49378,0.46578,0.47156,0.47244,0.46978,0.50588,0.50588,0.5,0.50588,0.5,0.5,0.5,0.50588,0.484,0.4735,0.4525,0.4605,0.5055,0.503,0.4955,0.494,0.495,0.138,0.849
0.71867,0.75244,0.5,0.49467,0.46578,0.47378,0.47156,0.47022,0.5,0.50588,0.5,0.5,0.49412,0.52941,0.5,0.50588,0.4765,0.4495,0.4525,0.456,0.5035,0.4955,0.4995,0.494,0.97,0.075,0.56,0.15294,0.23529,0.5,0.5,0.5,0.5,0.5,0.5,0.63956,0.65333,0.50489,0.49333,0.46711,0.47156,0.47067,0.46978,0.3,0.30588,0.5,0.5,0.5,0.5,0.5,0.50588,0.439,0.4485,0.429,0.461,0.4965,0.502,0.504,0.4965,0.824,0.141,0.536
0.50711,0.532,0.50533,0.49378,0.46711,0.47156,0.47067,0.46978,0.15294,0.18235,0.5,0.5,0.5,0.5,0.5,0.50588,0.3715,0.4315,0.427,0.461,0.4945,0.502,0.5035,0.4945,1.059,0.159,0.235,0.57059,0.77059,0.5,0.5,0.5,0.5,0.5,0.5,0.25378,0.36267,0.50533,0.49289,0.46622,0.472,0.47156,0.46889,0.5,0.69412,0.5,0.49412,0.5,0.5,0.5,0.5,0.4555,0.5065,0.427,0.4625,0.5035,0.5015,0.5,0.5035,0.979,0.19,0.121
0.25822,0.49244,0.50533,0.48489,0.46578,0.47244,0.472,0.46933,0.51765,0.75882,0.5,0.5,0.49412,0.5,0.5,0.50588,0.4875,0.5135,0.427,0.502,0.5035,0.4995,0.4975,0.5,0.975,0.19,0.208,0.78824,0.41176,0.5,0.5,0.5,0.5,0.5,0.5,0.36622,0.656,0.50489,0.484,0.46667,0.47333,0.472,0.46933,0.76471,0.45294,0.5,0.5,0.50588,0.5,0.5,0.50588,0.5055,0.4935,0.429,0.506,0.5,0.4955,0.498,0.5,0.916,0.102,0.345
0.50889,0.62667,0.496,0.48578,0.46667,0.47289,0.47156,0.46933,0.77059,0.43529,0.45294,0.5,0.49412,0.5,0.5,0.50588,0.509,0.486,0.469,0.498,0.4965,0.4975,0.5,0.5,0.923,0.069,0.393,0.47647,0.27059,0.5,0.5,0.5,0.5,0.5,0.5,0.67867,0.53511,0.48978,0.48844,0.46667,0.47244,0.47111,0.46978,0.50588,0.34118,0.5,0.51765,0.5,0.5,0.5,0.50588,0.5065,0.461,0.501,0.4865,0.5,0.499,0.5015,0.4965,0.927,0.085,0.373
0.67378,0.44533,0.48933,0.49689,0.46622,0.472,0.47111,0.46978,0.48235,0.34706,0.5,0.50588,0.5,0.5,0.5,0.50588,0.4935,0.413,0.5025,0.446,0.5035,0.5015,0.503,0.4945,0.941,0.082,0.354,0.25882,0.48235,0.5,0.5,0.5,0.5,0.5,0.5,0.61289,0.32889,0.49022,0.50178,0.46711,0.47244,0.47111,0.46933,0.29412,0.5,0.50588,0.5,0.51176,0.5,0.5,0.5,0.4845,0.3585,0.4995,0.422,0.4965,0.499,0.5015,0.5,0.96,0.063,0.281
0.50267,0.328,0.49156,0.50178,0.46711,0.47289,0.47244,0.46889,0.3,0.41765,0.5,0.5,0.50588,0.5,0.5,0.50588,0.4635,0.379,0.493,0.422,0.4965,0.4975,0.4955,0.5035,1.008,0.065,0.177,0.55294,0.58235,0.5,0.5,0.5,0.5,0.5,0.5,0.368,0.26578,0.496,0.50133,0.46711,0.47289,0.47244,0.46889,0.5,0.5,0.5,0.5,0.5,0.5,0.5,0.50588,0.4725,0.467,0.4715,0.4235,0.4955,0.4975,0.4955,0.5035,0.989,0.104,0.14
0.368,0.28044,0.496,0.50133,0.46711,0.47289,0.47244,0.46889,0.5,0.57647,0.5,0.5,0.5,0.5,0.5,0.50588,0.493,0.4895,0.4715,0.4235,0.496,0.4975,0.4955,0.5035,0.96,0.118,0.16,0.68235,0.64118,0.5,0.5,0.5,0.5,0.5,0.5,0.44133,0.35867,0.49556,0.50133,0.46667,0.47289,0.47244,0.46889,0.65294,0.63529,0.5,0.5,0.49412,0.5,0.5,0.49412,0.506,0.4925,0.473,0.4235,0.4995,0.4975,0.4955,0.5055,0.958,0.129,0.266
0.52711,0.43111,0.49333,0.50133,0.46622,0.47289,0.47244,0.46844,0.68235,0.61176,0.48235,0.5,0.5,0.5,0.5,0.5,0.5075,0.505,0.483,0.424,0.5035,0.4975,0.4955,0.5045,0.94,0.118,0.333,0.37059,0.4,0.5,0.5,0.5,0.5,0.5,0.5,0.616,0.512,0.49022,0.49867,0.46622,0.47289,0.47244,0.46889,0.41765,0.48235,0.50588,0.5,0.51176,0.5,0.5,0.51176,0.488,0.475,0.5,0.436,0.4975,0.4975,0.4945,0.4985,0.954,0.106,0.329
0.52756,0.488,0.51867,0.52889,0.46578,0.46089,0.45333,0.468,0.5,0.50588,0.5,0.5,0.48824,0.5,0.5,0.51176,0.49,0.493,0.457,0.4625,0.506,0.5015,0.5005,0.5035,0.319,0.064,0.971,0.5,0.33529,0.5,0.5,0.5,0.5,0.5,0.5,0.51022,0.46311,0.51822,0.52889,0.46622,0.46089,0.45378,0.46889,0.5,0.38824,0.5,0.5,0.5,0.5,0.5,0.50588,0.506,0.48,0.459,0.4635,0.5035,0.501,0.4975,0.4965,0.318,0.079,0.974
0.50978,0.39022,0.516,0.52933,0.46711,0.46089,0.45378,0.46978,0.5,0.33529,0.5,0.5,0.50588,0.5,0.5,0.50588,0.506,0.472,0.4695,0.4615,0.496,0.501,0.4975,0.494,0.387,0.066,0.914,0.57647,0.82941,0.5,0.5,0.5,0.5,0.5,0.5,0.508,0.30267,0.51556,0.52889,0.46667,0.46089,0.45378,0.46844,0.5,0.75882,0.5,0.5,0.5,0.50588,0.51176,0.51176,0.5185,0.5345,0.472,0.4635,0.496,0.5025,0.4975,0.5035,0.386,-0.03,0.995
0.54489,0.48667,0.51556,0.52889,0.46622,0.46044,0.45244,0.46889,0.59412,0.74118,0.5,0.5,0.50588,0.5,0.5,0.50588,0.5165,0.526,0.4715,0.4635,0.5035,0.5015,0.5025,0.4965,0.168,0.034,0.98,0.45882,0.38824,0.5,0.5,0.5,0.5,0.5,0.5,0.61822,0.70267,0.51556,0.52667,0.46756,0.46222,0.45378,0.46933,0.43529,0.5,0.5,0.5,0.52353,0.5,0.5,0.5,0.491,0.4775,0.4715,0.4745,0.4945,0.4945,0.497,0.4965,0.218,0.125,1.0
0.59911,0.66578,0.516,0.52667,0.46622,0.46133,0.45333,0.46889,0.45882,0.43529,0.5,0.5,0.51176,0.5,0.5,0.5,0.4895,0.461,0.471,0.474,0.5035,0.4985,0.499,0.4965,0.25,0.112,0.99,0.38235,0.26471,0.5,0.5,0.5,0.5,0.5,0.5,0.52622,0.52267,0.51556,0.52667,0.46667,0.46133,0.45378,0.46844,0.38235,0.19412,0.5,0.5,0.49412,0.50588,0.5,0.51176,0.4945,0.482,0.4715,0.474,0.4965,0.5,0.498,0.5035,0.381,0.098,0.939
0.46889,0.40711,0.51556,0.52933,0.46711,0.46133,0.45378,0.46978,0.42941,0.33529,0.5,0.50588,0.5,0.5,0.5,0.50588,0.4945,0.468,0.4715,0.4625,0.494,0.499,0.497,0.494,0.513,0.07,0.907,0.47059,0.67647,0.5,0.5,0.5,0.5,0.5,0.5,0.39689,0.25111,0.516,0.52933,0.46711,0.46044,0.45333,0.46933,0.47647,0.57647,0.5,0.5,0.5,0.49412,0.5,0.5,0.494,0.5225,0.47,0.4615,0.4965,0.5015,0.499,0.4965,0.521,0.057,0.884
0.392,0.35244,0.51644,0.52933,0.46578,0.46133,0.45378,0.46889,0.5,0.69412,0.5,0.5,0.5,0.50588,0.5,0.5,0.489,0.5115,0.469,0.4615,0.5055,0.5,0.497,0.4965,0.502,0.11,0.886,0.6,0.45882,0.5,0.5,0.5,0.5,0.5,0.5,0.38933,0.44089,0.51644,0.52844,0.46622,0.46178,0.45333,0.46889,0.51176,0.50588,0.5,0.5,0.5,0.5,0.5,0.50588,0.5055,0.5125,0.4675,0.466,0.5035,0.4965,0.4975,0.4965,0.491,0.085,0.895
0.41689,0.44089,0.51644,0.528,0.46578,0.46178,0.45378,0.46889,0.57059,0.49412,0.5,0.5,0.5,0.5,0.5,0.5,0.514,0.495,0.468,0.466,0.506,0.497,0.497,0.4965,0.493,0.102,0.888,0.48824,0.42353,0.5,0.5,0.5,0.5,0.5,0.5,0.44978,0.408,0.516,0.52844,0.46578,0.46178,0.45378,0.46889,0.50588,0.45882,0.5,0.5,0.50588,0.5,0.5,0.5,0.5305,0.49,0.47,0.4655,0.5035,0.4965,0.4965,0.4965,0.49,0.11,0.902
0.44978,0.38578,0.516,0.52889,0.46622,0.46133,0.45378,0.46933,0.50588,0.44118,0.5,0.5,0.50588,0.5,0.5,0.5,0.524,0.48,0.47,0.4635,0.5035,0.4975,0.497,0.4965,0.504,0.105,0.889,0.59412,0.62353,0.5,0.5,0.5,0.5,0.5,0.5,0.44978,0.34711,0.51556,0.52933,0.46667,0.46133,0.45378,0.46933,0.50588,0.59412,0.5,0.5,0.5,0.5,0.5,0.5,0.554,0.5065,0.4715,0.4615,0.4965,0.497,0.496,0.4965,0.461,0.109,0.936
0.51289,0.40533,0.516,0.52889,0.46711,0.46178,0.45333,0.46978,0.65882,0.6,0.5,0.5,0.50588,0.5,0.5,0.50588,0.527,0.507,0.47,0.463,0.494,0.4965,0.4975,0.494,0.445,0.036,0.947,0.3,0.68824,0.5,0.5,0.5,0.5,0.5,0.5,0.59378,0.48622,0.51644,0.52711,0.46711,0.46089,0.45378,0.46933,0.35294,0.64706,0.5,0.5,0.50588,0.5,0.5,0.5,0.465,0.539,0.468,0.471,0.494,0.5,0.497,0.4965,0.469,0.204,0.859
0.46444,0.624,0.516,0.52889,0.46622,0.46222,0.45333,0.46933,0.24118,0.75294,0.5,0.51176,0.51176,0.5,0.5,0.50588,0.4915,0.507,0.4695,0.465,0.5035,0.4945,0.4975,0.4965,0.443,0.26,0.848,0.68824,0.22941,0.5,0.5,0.5,0.5,0.5,0.5,0.37778,0.69911,0.51644,0.53156,0.46711,0.45911,0.45111,0.46667,0.54706,0.25882,0.5,0.52353,0.50588,0.5,0.5,0.5,0.5105,0.476,0.467,0.453,0.494,0.5085,0.5105,0.5055,0.616,0.469,0.554
0.44578,0.58933,0.51644,0.532,0.46667,0.45911,0.45289,0.46889,0.81765,0.27647,0.5,0.49412,0.5,0.5,0.5,0.50588,0.519,0.444,0.4675,0.448,0.4965,0.5085,0.501,0.4965,0.755,0.299,0.574,0.38824,0.63529,0.5,0.5,0.5,0.5,0.5,0.5,0.58889,0.47378,0.51689,0.53378,0.46667,0.45956,0.45378,0.46889,0.50588,0.5,0.5,0.5,0.50588,0.5,0.5,0.5,0.476,0.4505,0.4665,0.442,0.4965,0.5065,0.496,0.4965,0.824,0.207,0.556
0.55778,0.48667,0.51733,0.53333,0.46667,0.45956,0.45333,0.468,0.40588,0.59412,0.5,0.5,0.50588,0.5,0.5,0.50588,0.45,0.493,0.464,0.442,0.4965,0.5065,0.4975,0.5035,0.814,0.232,0.53,0.58824,0.48824,0.5,0.5,0.5,0.5,0.5,0.5,0.50933,0.55867,0.51778,0.52756,0.46667,0.45956,0.45333,0.46844,0.5,0.50588,0.5,0.5,0.50588,0.5,0.5,0.50588,0.4705,0.493,0.4615,0.4705,0.4965,0.5065,0.498,0.5,0.808,0.24,0.546
0.52444,0.55867,0.51733,0.52756,0.46667,0.45956,0.45378,0.46933,0.58824,0.50588,0.5,0.5,0.50588,0.5,0.5,0.5,0.492,0.491,0.463,0.47,0.4965,0.5065,0.4975,0.4965,0.809,0.218,0.555,0.38235,0.60588,0.5,0.5,0.5,0.5,0.5,0.5,0.56756,0.57289,0.51733,0.52756,0.46667,0.46089,0.45333,0.468,0.5,0.57647,0.5,0.5,0.50588,0.5,0.5,0.51176,0.4625,0.5065,0.4635,0.471,0.4965,0.5005,0.498,0.5035,0.808,0.228,0.566
0.46933,0.48622,0.46578,0.46667,0.45911,0.46578,0.46578,0.46489,0.50588,0.50588,0.5,0.5,0.5,0.5,0.5,0.5,0.4945,0.493,0.5,0.5,0.5035,0.5,0.5,0.5,0.056,0.026,1.03,0.5,0.5,0.46471,0.42353,0.5,0.5,0.5,0.5,0.46933,0.48667,0.456,0.44667,0.45956,0.46578,0.46533,0.46489,0.5,0.5,0.45882,0.42941,0.50588,0.5,0.5,0.5,0.496,0.493,0.4885,0.472,0.5035,0.5,0.501,0.5035,0.108,0.031,1.019
0.468,0.48667,0.43422,0.40667,0.46,0.46578,0.46489,0.46578,0.48235,0.50588,0.46471,0.41765,0.50588,0.5,0.5,0.5,0.5055,0.493,0.5015,0.4765,0.496,0.4995,0.5025,0.494,0.122,0.028,1.019,0.5,0.5,0.47647,0.61176,0.5,0.5,0.5,0.5,0.468,0.48622,0.408,0.39511,0.45956,0.46622,0.46533,0.46444,0.51176,0.5,0.47059,0.57059,0.50588,0.5,0.5,0.49412,0.506,0.493,0.508,0.521,0.5035,0.4975,0.5015,0.5055,0.022,-0.05,1.052
0.468,0.48222,0.39644,0.44533,0.45867,0.46578,0.46489,0.464,0.49412,0.50588,0.48235,0.58824,0.50588,0.5,0.5,0.5,0.5055,0.507,0.5005,0.5535,0.506,0.499,0.503,0.506,-0.029,-0.069,1.044,0.5,0.5,0.62941,0.4,0.5,0.5,0.5,0.5,0.46578,0.48711,0.40489,0.50267,0.45822,0.46667,0.46489,0.46622,0.47059,0.55882,0.60588,0.44706,0.5,0.5,0.50588,0.50588,0.506,0.493,0.6125,0.3975,0.5055,0.495,0.503,0.4945,-0.022,-0.07,1.057
0.45333,0.49778,0.46667,0.44667,0.45867,0.46533,0.46711,0.46578,0.5,0.5,0.65882,0.34118,0.51176,0.5,0.5,0.49412,0.5095,0.49,0.636,0.4185,0.5035,0.502,0.4935,0.494,-0.25,0.031,1.002,0.5,0.5,0.36471,0.5,0.5,0.5,0.5,0.5,0.47378,0.47556,0.53556,0.372,0.46756,0.47067,0.46489,0.46622,0.55294,0.47647,0.41765,0.5,0.50588,0.5,0.5,0.5,0.4935,0.507,0.411,0.5295,0.494,0.476,0.5035,0.494,-0.057,0.153,1.019
0.48178,0.47022,0.46667,0.37111,0.45778,0.46933,0.46711,0.46578,0.50588,0.5,0.33529,0.49412,0.5,0.49412,0.5,0.5,0.4915,0.509,0.408,0.534,0.5055,0.4825,0.4935,0.494,-0.101,0.163,1.003,0.5,0.5,0.56471,0.51176,0.5,0.5,0.5,0.5,0.47689,0.47022,0.39378,0.37111,0.45867,0.46533,0.46711,0.46533,0.44706,0.50588,0.54118,0.5,0.49412,0.5,0.5,0.5,0.494,0.509,0.526,0.552,0.5055,0.5025,0.493,0.4965,-0.091,0.091,1.017
0.46756,0.47022,0.42311,0.37111,0.45956,0.46533,0.46711,0.46533,0.5,0.50588,0.55882,0.5,0.50588,0.5,0.5,0.50588,0.506,0.509,0.5435,0.5805,0.5035,0.5015,0.493,0.495,-0.148,0.089,1.023,0.5,0.5,0.43529,0.53529,0.5,0.5,0.5,0.5,0.46756,0.47022,0.44133,0.38533,0.46,0.46533,0.46711,0.46489,0.50588,0.50588,0.44706,0.51765,0.5,0.5,0.5,0.5,0.506,0.509,0.501,0.599,0.496,0.5015,0.493,0.5035,-0.171,0.083,1.003
0.46933,0.47022,0.41067,0.396,0.45911,0.46533,0.46711,0.46444,0.51176,0.50588,0.44706,0.5,0.51176,0.5,0.5,0.5,0.496,0.509,0.499,0.632,0.5035,0.502,0.493,0.5055,-0.13,0.031,1.053,0.5,0.5,0.47059,0.57059,0.5,0.5,0.5,0.5,0.468,0.46978,0.36578,0.44489,0.46044,0.46489,0.46444,0.46444,0.5,0.5,0.47647,0.57059,0.5,0.5,0.5,0.50588,0.504,0.5095,0.502,0.601,0.494,0.5035,0.505,0.5055,-0.118,-0.212,0.971
0.468,0.47022,0.35067,0.48622,0.45956,0.46489,0.46444,0.46356,0.5,0.50588,0.48235,0.57059,0.50588,0.5,0.5,0.5,0.506,0.509,0.5075,0.5715,0.5035,0.5035,0.5055,0.5055,-0.169,-0.258,0.956,0.5,0.5,0.58235,0.48235,0.5,0.5,0.5,0.5,0.46756,0.484,0.34089,0.53511,0.45644,0.46711,0.46444,0.464,0.5,0.49412,0.51765,0.51176,0.48824,0.5,0.50588,0.53529,0.506,0.493,0.61,0.486,0.5055,0.494,0.507,0.5035,-0.143,-0.339,1.001
0.45378,0.492,0.37244,0.536,0.45511,0.46844,0.46622,0.46578,0.5,0.51176,0.59412,0.5,0.5,0.5,0.5,0.50588,0.5095,0.492,0.6635,0.4405,0.5055,0.487,0.4975,0.494,-0.223,-0.29,0.956,0.5,0.5,0.5,0.41176,0.5,0.5,0.5,0.5,0.45333,0.49778,0.40844,0.50444,0.45467,0.468,0.46667,0.46578,0.5,0.50588,0.5,0.41765,0.5,0.5,0.5,0.5,0.5095,0.4895,0.695,0.4055,0.5055,0.489,0.496,0.494,-0.231,-0.208,1.066
0.45333,0.49733,0.40889,0.45156,0.45467,0.46711,0.46978,0.46533,0.5,0.5,0.5,0.40588,0.50588,0.48824,0.50588,0.49412,0.5095,0.49,0.694,0.4455,0.5055,0.4925,0.4805,0.4965,-0.245,-0.217,0.972,0.5,0.5,0.58235,0.61765,0.5,0.5,0.5,0.5,0.45378,0.49378,0.44311,0.43111,0.45511,0.46578,0.47067,0.46489,0.50588,0.49412,0.5,0.6,0.50588,0.5,0.5,0.49412,0.5095,0.492,0.6595,0.513,0.5055,0.499,0.4765,0.5035,-0.358,-0.163,0.952
0.45333,0.48622,0.49111,0.48756,0.45511,0.46622,0.47067,0.46533,0.49412,0.49412,0.64118,0.60588,0.50588,0.5,0.5,0.50588,0.51,0.493,0.6355,0.5265,0.5055,0.4985,0.4765,0.4965,-0.499,-0.189,0.874,0.5,0.5,0.48824,0.44118,0.5,0.5,0.5,0.5,0.45378,0.48267,0.53556,0.532,0.45556,0.46667,0.47067,0.46578,0.50588,0.50588,0.5,0.44118,0.50588,0.5,0.5,0.50588,0.5095,0.5045,0.6055,0.5005,0.506,0.496,0.4765,0.4945,-0.497,-0.167,0.871
0.45378,0.48356,0.53556,0.50711,0.45556,0.46622,0.47067,0.46578,0.50588,0.5,0.5,0.44706,0.50588,0.5,0.5,0.50588,0.5095,0.495,0.577,0.488,0.5055,0.496,0.4765,0.494,-0.499,-0.155,0.854,0.5,0.5,0.38235,0.57059,0.5,0.5,0.5,0.5,0.45378,0.48222,0.49733,0.48578,0.45822,0.46667,0.47067,0.46444,0.50588,0.5,0.41176,0.50588,0.50588,0.5,0.5,0.5,0.509,0.507,0.5425,0.554,0.506,0.496,0.4765,0.5055,-0.396,-0.161,0.948
0.45422,0.47822,0.43956,0.51511,0.45822,0.46622,0.47022,0.464,0.50588,0.47647,0.37647,0.57647,0.50588,0.5,0.5,0.50588,0.509,0.507,0.5015,0.589,0.5055,0.4985,0.479,0.506,-0.298,-0.335,0.956,0.5,0.5,0.48235,0.36471,0.5,0.5,0.5,0.5,0.45422,0.48356,0.37422,0.528,0.45733,0.46933,0.46667,0.46578,0.50588,0.50588,0.5,0.38235,0.5,0.5,0.5,0.50588,0.509,0.4945,0.5255,0.485,0.506,0.484,0.498,0.4965,-0.247,-0.336,0.954
0.45422,0.48356,0.36311,0.45867,0.456,0.46889,0.468,0.46578,0.50588,0.5,0.5,0.37647,0.5,0.5,0.50588,0.49412,0.509,0.495,0.533,0.49,0.5055,0.485,0.49,0.4965,-0.239,-0.271,0.97,0.5,0.5,0.50588,0.61765,0.5,0.5,0.5,0.5,0.45378,0.48356,0.34933,0.42222,0.45556,0.46889,0.47156,0.46444,0.5,0.50588,0.5,0.58235,0.5,0.5,0.5,0.5,0.5095,0.495,0.5635,0.5175,0.506,0.485,0.473,0.5055,-0.256,-0.29,0.955
0.45422,0.48178,0.34978,0.47289,0.45556,0.46889,0.47156,0.464,0.5,0.5,0.50588,0.6,0.5,0.5,0.5,0.5,0.509,0.507,0.5765,0.5615,0.506,0.485,0.473,0.5055,-0.277,-0.356,0.896,0.5,0.5,0.61765,0.41765,0.5,0.5,0.5,0.5,0.45378,0.48356,0.37511,0.52089,0.45111,0.47244,0.47156,0.46622,0.5,0.5,0.58824,0.42941,0.50588,0.51176,0.5,0.50588,0.5095,0.495,0.6585,0.4905,0.506,0.4695,0.473,0.4945,-0.362,-0.314,0.911
0.45378,0.484,0.43067,0.48356,0.45067,0.47244,0.47156,0.46622,0.5,0.51176,0.62353,0.40588,0.5,0.5,0.5,0.5,0.5095,0.493,0.6805,0.468,0.506,0.4685,0.473,0.494,-0.413,-0.217,0.898,0.5,0.5,0.41765,0.45294,0.5,0.5,0.5,0.5,0.45333,0.48133,0.48844,0.416,0.456,0.47156,0.47156,0.46533,0.50588,0.49412,0.5,0.44706,0.53529,0.5,0.5,0.5,0.51,0.507,0.5665,0.511,0.5055,0.472,0.473,0.5,-0.515,-0.057,0.819
0.45378,0.47867,0.448,0.392,0.45911,0.47156,0.47156,0.46489,0.50588,0.5,0.4,0.45294,0.50588,0.5,0.5,0.5,0.51,0.507,0.556,0.5135,0.5035,0.4725,0.473,0.5035,-0.669,-0.071,0.693,0.5,0.5,0.45882,0.64118,0.5,0.5,0.5,0.5,0.45378,0.47244,0.39644,0.39333,0.45911,0.46756,0.46844,0.46489,0.50588,0.49412,0.46471,0.59412,0.5,0.5,0.5,0.5,0.5095,0.5085,0.5335,0.615,0.5035,0.492,0.4875,0.503,-0.811,-0.243,0.578
0.45422,0.46178,0.38044,0.45378,0.45911,0.46533,0.46578,0.46444,0.50588,0.48824,0.45882,0.65882,0.50588,0.50588,0.5,0.5,0.509,0.5135,0.502,0.6715,0.5035,0.5015,0.499,0.5035,-0.766,-0.35,0.544,0.5,0.5,0.5,0.38235,0.5,0.5,0.5,0.5,0.46711,0.46133,0.36356,0.50844,0.45956,0.46578,0.46578,0.46489,0.52353,0.50588,0.5,0.4,0.50588,0.5,0.5,0.50588,0.506,0.514,0.4865,0.5695,0.496,0.5005,0.5,0.5035,-0.815,-0.318,0.57
0.468,0.46133,0.36,0.45689,0.45911,0.46578,0.46533,0.46444,0.5,0.50588,0.5,0.41176,0.50588,0.5,0.5,0.5,0.506,0.5135,0.503,0.524,0.5055,0.5005,0.5025,0.5055,-0.747,-0.27,0.635,0.5,0.5,0.49412,0.57059,0.5,0.5,0.5,0.5,0.46756,0.46267,0.35778,0.40844,0.45911,0.46533,0.46578,0.46489,0.5,0.5,0.5,0.54706,0.5,0.5,0.5,0.50588,0.506,0.513,0.503,0.585,0.5035,0.502,0.5005,0.5035,-0.743,-0.219,0.643
0.468,0.46178,0.35511,0.43067,0.45911,0.46578,0.46667,0.46489,0.50588,0.5,0.5,0.54706,0.50588,0.5,0.5,0.50588,0.506,0.5135,0.502,0.65,0.506,0.5015,0.4965,0.503,-0.782,-0.267,0.618,0.5,0.5,0.62353,0.57647,0.5,0.5,0.5,0.5,0.46756,0.46133,0.38444,0.48356,0.45778,0.46578,0.46667,0.46489,0.5,0.5,0.58235,0.57647,0.50588,0.5,0.5,0.5,0.506,0.514,0.5465,0.6915,0.5055,0.5,0.4965,0.5035,-0.853,-0.337,0.461
0.46889,0.464,0.46667,0.46489,0.46978,0.46444,0.46622,0.46756,0.50588,0.5,0.5,0.5,0.51176,0.5,0.5,0.50588,0.494,0.507,0.498,0.5015,0.4965,0.5,0.498,0.5,0.066,0.024,1.029,0.36471,0.47647,0.45294,0.40588,0.5,0.5,0.5,0.5,0.43467,0.45644,0.45511,0.43378,0.47022,0.46444,0.46622,0.46667,0.35882,0.49412,0.45294,0.40588,0.5,0.5,0.5,0.5,0.4895,0.4935,0.4775,0.499,0.5,0.5,0.4975,0.5055,0.183,0.008,1.027
0.35689,0.44222,0.42756,0.38089,0.46933,0.46444,0.46578,0.46667,0.35882,0.47059,0.43529,0.4,0.49412,0.5,0.5,0.5,0.493,0.507,0.4935,0.501,0.503,0.5,0.499,0.506,0.179,-0.002,1.006,0.70588,0.72941,0.48824,0.54118,0.5,0.5,0.5,0.5,0.28756,0.46578,0.39333,0.32622,0.46844,0.46444,0.46622,0.46667,0.66471,0.72353,0.47647,0.5,0.5,0.5,0.5,0.5,0.5565,0.533,0.506,0.5795,0.505,0.498,0.4965,0.5055,-0.048,-0.062,1.067
0.39156,0.608,0.38356,0.352,0.46844,0.46533,0.46622,0.46622,0.72353,0.83529,0.47059,0.55882,0.5,0.5,0.5,0.49412,0.55,0.512,0.523,0.559,0.505,0.496,0.497,0.5055,-0.162,-0.054,1.011,0.59412,0.47647,0.47647,0.46471,0.5,0.5,0.5,0.5,0.57422,0.764,0.36578,0.38356,0.46044,0.47111,0.46622,0.468,0.62941,0.50588,0.46471,0.48824,0.5,0.5,0.5,0.49412,0.5185,0.4915,0.536,0.471,0.506,0.4685,0.4975,0.495,-0.211,-0.073,1.001
0.62978,0.76444,0.35244,0.37067,0.46133,0.47111,0.46578,0.468,0.61765,0.50588,0.48824,0.49412,0.50588,0.5,0.5,0.5,0.5135,0.484,0.5415,0.448,0.5055,0.4685,0.499,0.494,-0.204,-0.017,1.054,0.32353,0.12941,0.54118,0.64118,0.5,0.5,0.5,0.5,0.66978,0.69511,0.34089,0.38489,0.47022,0.46356,0.464,0.46844,0.32941,0.15882,0.5,0.62353,0.5,0.5,0.5,0.50588,0.481,0.404,0.5945,0.5045,0.5,0.5035,0.5075,0.494,-0.127,-0.201,1.016
0.56,0.45556,0.35644,0.45378,0.46933,0.46622,0.46667,0.46756,0.31176,-0.02941,0.52941,0.62353,0.48235,0.50588,0.5,0.5,0.4925,0.4765,0.623,0.5175,0.505,0.4925,0.495,0.5,-0.076,-0.074,1.019,0.52941,0.79412,0.5,0.48235,0.5,0.5,0.5,0.5,0.43467,0.22756,0.38533,0.53333,0.46267,0.46489,0.46489,0.46844,0.50588,0.68824,0.50588,0.46471,0.50588,0.48824,0.50588,0.49412,0.519,0.5715,0.604,0.504,0.505,0.4955,0.5035,0.496,-0.161,-0.154,1.008
0.44667,0.372,0.39378,0.524,0.46267,0.46489,0.46444,0.46578,0.54706,0.80588,0.5,0.47647,0.5,0.5,0.5,0.5,0.52,0.5645,0.5645,0.5075,0.505,0.497,0.505,0.5055,-0.199,-0.295,0.946,0.45294,0.31176,0.54706,0.54118,0.5,0.5,0.5,0.5,0.45778,0.60178,0.39333,0.53244,0.45778,0.47244,0.46444,0.46444,0.5,0.38235,0.5,0.54706,0.5,0.5,0.5,0.51176,0.5105,0.4555,0.639,0.487,0.5065,0.4615,0.5045,0.5055,-0.184,-0.25,0.991
0.43378,0.51911,0.41378,0.55289,0.45822,0.47244,0.464,0.46578,0.42353,0.31176,0.57059,0.53529,0.50588,0.5,0.5,0.5,0.5115,0.4445,0.659,0.4855,0.5065,0.4615,0.507,0.5055,-0.193,-0.23,0.993,0.42353,0.48824,0.45294,0.41765,0.5,0.5,0.5,0.5,0.38178,0.36756,0.43422,0.568,0.45822,0.47156,0.46489,0.46889,0.5,0.5,0.5,0.41765,0.50588,0.5,0.5,0.50588,0.5085,0.4825,0.619,0.398,0.5065,0.464,0.503,0.4945,-0.086,-0.234,0.993
0.33822,0.35867,0.424,0.52,0.45867,0.46667,0.46667,0.468,0.41765,0.4,0.46471,0.38824,0.50588,0.5,0.5,0.5,0.513,0.4875,0.551,0.4295,0.5065,0.486,0.495,0.4965,-0.014,-0.213,1.015,0.71765,0.66471,0.62353,0.42941,0.5,0.5,0.5,0.5,0.31244,0.36267,0.42222,0.43911,0.45867,0.46711,0.47156,0.46711,0.69412,0.69412,0.65294,0.42353,0.50588,0.5,0.5,0.5,0.5755,0.5145,0.6265,0.4715,0.506,0.487,0.472,0.5035,-0.249,-0.135,1.018
0.41467,0.46,0.48,0.39911,0.46133,0.47111,0.47111,0.46711,0.67647,0.68235,0.68235,0.39412,0.51176,0.5,0.5,0.51176,0.5935,0.509,0.651,0.488,0.505,0.4685,0.4735,0.4965,-0.405,0.188,0.942,0.5,0.55882,0.5,0.64118,0.5,0.5,0.5,0.5,0.63689,0.53689,0.59111,0.37333,0.46844,0.46444,0.45556,0.47556,0.5,0.5,0.5,0.69412,0.46471,0.49412,0.5,0.50588,0.4935,0.545,0.468,0.6395,0.505,0.497,0.547,0.4945,-0.616,0.21,0.821
0.64222,0.54978,0.59156,0.428,0.46889,0.46444,0.45556,0.47556,0.5,0.50588,0.5,0.65882,0.5,0.5,0.5,0.5,0.4915,0.5685,0.4665,0.721,0.505,0.4985,0.547,0.4945,-0.708,0.137,0.741,0.37059,0.58235,0.34118,0.47059,0.5,0.5,0.5,0.5,0.64178,0.62844,0.54489,0.50933,0.45911,0.46311,0.46133,0.47511,0.49412,0.7,0.31176,0.5,0.5,0.5,0.5,0.49412,0.4385,0.5345,0.4355,0.684,0.506,0.5055,0.52,0.4945,-0.666,-0.129,0.732
0.53556,0.71111,0.44044,0.52133,0.46222,0.47733,0.46711,0.46622,0.15294,0.7,0.31765,0.62941,0.51176,0.55294,0.5,0.48824,0.491,0.5075,0.53,0.5615,0.5055,0.441,0.4925,0.5055,-0.439,-0.391,0.781,0.63529,0.27059,0.58235,0.51176,0.5,0.5,0.5,0.5,0.43556,0.75378,0.34933,0.52,0.45822,0.47733,0.46667,0.468,0.52941,0.3,0.5,0.50588,0.5,0.5,0.5,0.50588,0.554,0.4465,0.6605,0.4975,0.5065,0.4375,0.496,0.494,-0.49,-0.586,0.684
0.48889,0.62578,0.37422,0.52622,0.45822,0.47733,0.47022,0.47022,0.61765,0.22941,0.5,0.51176,0.50588,0.5,0.5,0.50588,0.566,0.4615,0.744,0.496,0.506,0.4385,0.478,0.4945,-0.608,-0.5,0.664,0.48824,0.61765,0.49412,0.49412,0.5,0.5,0.5,0.5,0.60044,0.46489,0.43244,0.52933,0.45867,0.47689,0.47067,0.47022,0.5,0.58824,0.5,0.48824,0.50588,0.5,0.5,0.50588,0.5215,0.512,0.6925,0.503,0.506,0.44,0.475,0.494,-0.736,-0.347,0.581
0.60089,0.52444,0.43289,0.52622,0.45911,0.47467,0.47067,0.46978,0.50588,0.60588,0.5,0.48824,0.50588,0.5,0.5,0.50588,0.5165,0.5125,0.677,0.504,0.506,0.4495,0.475,0.4945,-0.838,-0.419,0.439,0.35882,0.54118,0.53529,0.44706,0.5,0.5,0.5,0.5,0.56489,0.60222,0.44311,0.50178,0.45911,0.47378,0.47067,0.47022,0.35882,0.55294,0.5,0.44706,0.50588,0.5,0.5,0.50588,0.496,0.5145,0.667,0.519,0.506,0.4535,0.4745,0.494,-0.844,-0.392,0.37
0.492,0.62267,0.46178,0.476,0.46,0.47289,0.47111,0.46978,0.38235,0.58824,0.5,0.45294,0.50588,0.5,0.5,0.5,0.5,0.5145,0.6645,0.516,0.5055,0.458,0.4735,0.494,-0.831,-0.402,0.426,0.41176,0.53529,0.47647,0.51765,0.5,0.5,0.5,0.5,0.37467,0.64844,0.48622,0.444,0.46267,0.47111,0.47111,0.46978,0.43529,0.53529,0.5,0.5,0.51176,0.5,0.5,0.50588,0.5065,0.523,0.6115,0.547,0.505,0.467,0.4735,0.4945,-0.839,-0.351,0.471
0.33689,0.652,0.48978,0.44356,0.46978,0.46667,0.47111,0.46978,0.41176,0.50588,0.51176,0.5,0.5,0.48824,0.5,0.5,0.496,0.54,0.539,0.5915,0.5025,0.4875,0.4735,0.4945,-0.821,-0.349,0.476,0.74706,0.44706,0.50588,0.42941,0.5,0.5,0.5,0.5,0.34089,0.66711,0.48178,0.44178,0.46889,0.46489,0.47111,0.46978,0.66471,0.50588,0.48824,0.47059,0.50588,0.5,0.5,0.5,0.5315,0.5205,0.515,0.539,0.505,0.4965,0.4735,0.494,-0.814,-0.363,0.471
0.41733,0.668,0.47156,0.41022,0.46933,0.46489,0.47067,0.46889,0.65294,0.51176,0.49412,0.43529,0.5,0.5,0.5,0.5,0.603,0.5065,0.578,0.5015,0.5045,0.4965,0.475,0.494,-0.998,-0.254,0.329,0.40588,0.28824,0.42941,0.57647,0.5,0.5,0.5,0.5,0.568,0.58933,0.45778,0.39733,0.46933,0.464,0.46578,0.46756,0.50588,0.29412,0.45294,0.57647,0.50588,0.5,0.5,0.5,0.5285,0.4865,0.5495,0.5025,0.5035,0.5015,0.498,0.5,-0.935,-0.223,0.3
0.56311,0.47689,0.42844,0.436,0.46933,0.46489,0.46578,0.46711,0.41176,0.28824,0.42353,0.57059,0.5,0.5,0.5,0.51176,0.494,0.4885,0.51,0.5025,0.505,0.4975,0.498,0.5035,-0.924,-0.219,0.332,0.42353,0.4,0.57647,0.53529,0.5,0.5,0.5,0.5,0.48978,0.31067,0.41556,0.49511,0.46933,0.46444,0.46578,0.46711,0.42353,0.40588,0.56471,0.54706,0.5,0.5,0.5,0.5,0.4935,0.4915,0.503,0.4975,0.505,0.499,0.498,0.5035,-0.92,-0.223,0.358
0.52533,0.50133,0.46933,0.48667,0.46578,0.46667,0.46622,0.46578,0.50588,0.51176,0.5,0.5,0.5,0.5,0.5,0.5,0.4895,0.4925,0.4955,0.4955,0.4965,0.4975,0.5,0.4965,0.086,0.021,1.027,0.62353,0.35882,0.57647,0.45294,0.5,0.5,0.5,0.5,0.55156,0.48178,0.49289,0.48444,0.46667,0.46578,0.46578,0.46667,0.60588,0.39412,0.57647,0.47647,0.50588,0.5,0.5,0.50588,0.506,0.4705,0.5045,0.431,0.494,0.5015,0.5025,0.4945,0.196,-0.058,1.023
0.59778,0.39644,0.53111,0.45644,0.46578,0.46578,0.46578,0.46711,0.57059,0.3,0.57059,0.42353,0.50588,0.5,0.5,0.50588,0.514,0.485,0.5095,0.4525,0.4965,0.501,0.502,0.494,-0.085,-0.008,1.043,0.56471,0.68824,0.41176,0.48235,0.5,0.5,0.5,0.5,0.72133,0.29156,0.572,0.41111,0.48089,0.47733,0.45778,0.476,0.64118,0.68235,0.4,0.48824,0.50588,0.5,0.5,0.50588,0.4915,0.557,0.3875,0.507,0.491,0.4465,0.541,0.493,-0.052,0.024,1.079
0.76978,0.36533,0.536,0.39511,0.48089,0.47733,0.45778,0.476,0.58235,0.65882,0.49412,0.46471,0.50588,0.5,0.5,0.5,0.484,0.5915,0.3485,0.539,0.4905,0.447,0.541,0.493,-0.074,-0.048,1.025,0.35882,0.6,0.51765,0.49412,0.5,0.5,0.5,0.5,0.81689,0.51378,0.49467,0.37956,0.48089,0.47511,0.45822,0.47422,0.5,0.50588,0.5,0.5,0.5,0.5,0.5,0.48824,0.393,0.595,0.322,0.554,0.4915,0.457,0.5395,0.494,-0.142,-0.097,1.085
0.81422,0.58444,0.49511,0.37333,0.48089,0.46933,0.46711,0.46489,0.41176,0.62353,0.5,0.5,0.49412,0.48235,0.52353,0.5,0.2945,0.558,0.363,0.5715,0.4915,0.483,0.5,0.5055,-0.082,-0.018,1.047,0.3,0.36471,0.41765,0.54706,0.5,0.5,0.5,0.5,0.56667,0.68222,0.48,0.37422,0.46489,0.46489,0.468,0.46444,0.42941,0.49412,0.45882,0.5,0.51176,0.5,0.5,0.5,0.431,0.481,0.3535,0.624,0.505,0.5045,0.493,0.505,0.108,0.045,1.032
0.50578,0.60222,0.44711,0.39422,0.46444,0.46444,0.46978,0.46356,0.34118,0.23529,0.42941,0.63529,0.5,0.49412,0.51765,0.5,0.393,0.492,0.3085,0.6475,0.505,0.507,0.485,0.5055,0.553,0.139,0.972,0.73529,0.55294,0.5,0.46471,0.5,0.5,0.5,0.5,0.30089,0.53778,0.34356,0.46356,0.46711,0.46444,0.46533,0.46578,0.51765,0.5,0.5,0.5,0.49412,0.5,0.55882,0.52941,0.5745,0.493,0.569,0.391,0.4945,0.507,0.509,0.4945,0.002,-0.27,1.042
0.40533,0.57156,0.34267,0.44889,0.46222,0.46578,0.46844,0.46756,0.7,0.54118,0.5,0.5,0.5,0.5,0.5,0.50588,0.596,0.491,0.573,0.375,0.5055,0.501,0.4905,0.4945,0.03,-0.071,1.01,0.42353,0.47647,0.50588,0.42353,0.5,0.5,0.5,0.5,0.55067,0.61822,0.34222,0.41644,0.464,0.46489,0.47156,0.46756,0.50588,0.5,0.5,0.45294,0.50588,0.5,0.5,0.50588,0.5355,0.471,0.584,0.3075,0.5055,0.5045,0.4765,0.4945,0.012,-0.078,1.006
0.54222,0.61778,0.34222,0.36444,0.46578,0.46489,0.47333,0.46578,0.47647,0.5,0.5,0.39412,0.50588,0.5,0.5,0.49412,0.5105,0.4575,0.598,0.366,0.4965,0.5045,0.4675,0.5,-0.018,-0.127,1.003,0.44118,0.38235,0.62353,0.53529,0.5,0.5,0.5,0.5,0.47733,0.56489,0.38133,0.30622,0.46622,0.46711,0.47467,0.46489,0.43529,0.25294,0.67059,0.5,0.5,0.5,0.5,0.5,0.5105,0.4675,0.629,0.482,0.4945,0.495,0.4605,0.5055,-0.185,0.125,1.024
0.45378,0.46089,0.45244,0.31467,0.46444,0.47333,0.47156,0.46578,0.42941,0.38235,0.65294,0.52941,0.5,0.5,0.48824,0.52353,0.508,0.492,0.5915,0.531,0.5055,0.465,0.474,0.4945,-0.188,0.287,0.977,0.42941,0.42941,0.42353,0.62353,0.5,0.5,0.5,0.5,0.40578,0.35511,0.52178,0.36667,0.46578,0.47289,0.46756,0.46667,0.41765,0.45882,0.43529,0.6,0.45882,0.5,0.5,0.50588,0.4955,0.4995,0.4865,0.5805,0.5055,0.467,0.496,0.4945,-0.211,0.2,0.971
0.36933,0.31244,0.47911,0.42756,0.46489,0.46667,0.46756,0.46622,0.41765,0.42353,0.4,0.64118,0.50588,0.5,0.5,0.5,0.5,0.507,0.497,0.5905,0.5035,0.496,0.4955,0.4965,-0.198,-0.066,1.019,0.71176,0.50588,0.45882,0.48824,0.5,0.5,0.5,0.5,0.36,0.26444,0.41733,0.50711,0.46489,0.46622,0.46711,0.46533,0.7,0.5,0.44706,0.5,0.5,0.5,0.5,0.5,0.5385,0.5115,0.516,0.54,0.5055,0.4985,0.497,0.5035,-0.201,-0.066,0.993
0.452,0.26489,0.38933,0.50711,0.46489,0.46667,0.46711,0.46533,0.74118,0.50588,0.44118,0.5,0.5,0.5,0.5,0.50588,0.5535,0.513,0.548,0.5115,0.5055,0.497,0.497,0.5035,-0.245,-0.059,1.016,0.27059,0.65882,0.52353,0.51765,0.5,0.5,0.5,0.5,0.56978,0.29689,0.36889,0.50089,0.46489,0.46622,0.46667,0.46489,0.22353,0.58824,0.5,0.5,0.51176,0.5,0.48824,0.5,0.4895,0.5425,0.5675,0.5355,0.5005,0.4995,0.4975,0.5055,-0.259,-0.098,0.961
0.45022,0.34933,0.38489,0.50044,0.46533,0.46578,0.46578,0.46489,0.28235,0.68235,0.52353,0.5,0.49412,0.5,0.5,0.5,0.4895,0.5725,0.55,0.581,0.5055,0.5005,0.5035,0.5055,-0.289,-0.354,0.802,0.65882,0.71176,0.47647,0.44706,0.5,0.5,0.5,0.5,0.30356,0.56133,0.38844,0.50711,0.45467,0.47067,0.46711,0.46622,0.56471,0.78235,0.5,0.5,0.5,0.5,0.5,0.51765,0.5545,0.518,0.561,0.516,0.507,0.4775,0.497,0.4965,-0.454,-0.567,0.764
0.36844,0.696,0.37467,0.48267,0.45333,0.47244,0.46756,0.46667,0.58235,0.73529,0.44118,0.45294,0.5,0.5,0.5,0.50588,0.5805,0.507,0.566,0.4995,0.507,0.469,0.4955,0.494,-0.479,-0.587,0.734,0.57059,0.25882,0.62353,0.48824,0.5,0.5,0.5,0.5,0.46978,0.78711,0.368,0.448,0.45244,0.47422,0.472,0.46756,0.50588,0.33529,0.57647,0.48235,0.5,0.5,0.51176,0.50588,0.606,0.46,0.73,0.499,0.507,0.4605,0.474,0.4945,-0.637,-0.488,0.608
0.52489,0.65422,0.43067,0.44222,0.45289,0.47422,0.472,0.46667,0.61765,0.24706,0.63529,0.48824,0.50588,0.5,0.5,0.48235,0.5615,0.475,0.7325,0.499,0.507,0.4605,0.473,0.494,-0.841,-0.029,0.562,0.6,0.54118,0.46471,0.58824,0.5,0.5,0.5,0.5,0.64267,0.47422,0.51644,0.43867,0.46578,0.46533,0.46533,0.46667,0.65294,0.5,0.5,0.57647,0.5,0.5,0.5,0.50588,0.5185,0.512,0.617,0.623,0.4965,0.502,0.5045,0.4945,-0.99,0.07,0.295
0.69644,0.47422,0.516,0.47778,0.46489,0.46533,0.46533,0.46667,0.57647,0.5,0.48824,0.55882,0.50588,0.5,0.5,0.50588,0.518,0.529,0.535,0.6505,0.5045,0.5025,0.5045,0.4945,-0.921,0.075,0.25,0.26471,0.63529,0.52941,0.49412,0.5,0.5,0.5,0.5,0.716,0.51956,0.49778,0.52089,0.46489,0.46489,0.46578,0.46667,0.23529,0.65882,0.49412,0.5,0.51176,0.5,0.5,0.50588,0.4875,0.5535,0.5655,0.684,0.5,0.5045,0.504,0.4945,-0.996,-0.258,0.097
0.588,0.59867,0.512,0.52089,0.46533,0.46578,0.46578,0.46667,0.27059,0.58235,0.55294,0.5,0.5,0.5,0.5,0.50588,0.4905,0.5465,0.5725,0.67,0.5035,0.501,0.503,0.4945,-0.968,-0.265,0.07,0.35294,0.50588,0.51765,0.46471,0.5,0.5,0.5,0.5,0.40044,0.66978,0.55111,0.52044,0.46489,0.46578,0.46578,0.46667,0.35882,0.50588,0.51765,0.5,0.5,0.5,0.5,0.5,0.491,0.558,0.4975,0.6,0.5055,0.5,0.503,0.4945,-0.967,-0.262,0.07
0.32622,0.67067,0.56089,0.50756,0.46533,0.46578,0.46578,0.46667,0.35882,0.55294,0.52941,0.47059,0.50588,0.5,0.5,0.5,0.49,0.5515,0.4945,0.575,0.5035,0.501,0.503,0.494,-0.972,-0.238,0.09,0.86471,0.31765,0.43529,0.44118,0.5,0.5,0.5,0.5,0.32844,0.676,0.54756,0.47244,0.46533,0.46578,0.46622,0.46622,0.83529,0.39412,0.39412,0.44706,0.49412,0.5,0.5,0.51176,0.522,0.4935,0.4945,0.5505,0.5035,0.501,0.5015,0.494,-0.975,-0.217,0.172
0.48222,0.59467,0.50444,0.45111,0.46489,0.46578,0.46578,0.46667,0.77647,0.34706,0.40588,0.44706,0.5,0.5,0.5,0.50588,0.5575,0.4895,0.5495,0.501,0.5055,0.5015,0.501,0.494,-0.938,-0.213,0.14,0.38235,0.36471,0.56471,0.51176,0.5,0.5,0.5,0.5,0.65467,0.45333,0.46,0.43111,0.46489,0.46489,0.46622,0.46444,0.50588,0.36471,0.5,0.5,0.5,0.5,0.5,0.5,0.5425,0.4835,0.68,0.4575,0.505,0.5045,0.5005,0.5055,-0.977,-0.203,0.159
0.62489,0.38444,0.48089,0.43111,0.46489,0.46489,0.46622,0.46533,0.34706,0.37647,0.51176,0.5,0.5,0.5,0.5,0.47059,0.518,0.483,0.7395,0.4855,0.505,0.5045,0.5005,0.5055,-0.949,-0.195,0.196,0.27059,0.58235,0.49412,0.48235,0.5,0.5,0.5,0.5,0.48889,0.30844,0.53378,0.436,0.46489,0.46578,0.46622,0.46489,0.31176,0.57059,0.51765,0.5,0.5,0.5,0.5,0.50588,0.507,0.5065,0.663,0.468,0.5055,0.5015,0.5005,0.5055,-0.969,-0.218,0.199
0.38667,0.35111,0.552,0.43333,0.46533,0.46622,0.46622,0.46533,0.30588,0.58824,0.51765,0.48824,0.50588,0.5,0.5,0.5,0.494,0.5065,0.563,0.438,0.5,0.4985,0.5005,0.5035,-0.934,-0.202,0.264,0.53529,0.51176,0.44118,0.59412,0.5,0.5,0.5,0.5,0.26844,0.40489,0.54311,0.44533,0.46489,0.46622,0.46622,0.46578,0.5,0.51765,0.45294,0.57647,0.51176,0.5,0.5,0.50588,0.5065,0.493,0.492,0.4985,0.5,0.4985,0.5005,0.5,-0.952,-0.206,0.258
0.28667,0.40578,0.51689,0.48667,0.46533,0.46622,0.46667,0.46622,0.54118,0.5,0.45294,0.58235,0.51176,0.5,0.5,0.51176,0.506,0.5065,0.4745,0.5085,0.5035,0.4985,0.499,0.494,-0.95,-0.203,0.255,0.45294,0.57647,0.52353,0.52353,0.5,0.5,0.5,0.5,0.304,0.40444,0.48933,0.528,0.46533,0.46622,0.46667,0.46622,0.47647,0.5,0.5,0.52353,0.50588,0.5,0.5,0.5,0.4895,0.5325,0.4785,0.6175,0.5035,0.4985,0.498,0.4965,-0.93,-0.215,0.267
0.28311,0.41244,0.49867,0.532,0.46533,0.46622,0.46667,0.46622,0.45882,0.51765,0.52353,0.5,0.5,0.5,0.5,0.5,0.488,0.566,0.492,0.654,0.5035,0.4985,0.498,0.4965,-0.958,-0.214,0.247,0.58235,0.39412,0.49412,0.5,0.5,0.5,0.5,0.5,0.26978,0.43689,0.51156,0.532,0.46533,0.46578,0.46667,0.46622,0.58235,0.50588,0.5,0.5,0.51176,0.5,0.5,0.5,0.506,0.535,0.486,0.721,0.503,0.4995,0.498,0.4965,-0.978,-0.211,0.236
0.30044,0.41511,0.51067,0.54089,0.46533,0.46578,0.46711,0.46622,0.58235,0.42941,0.49412,0.50588,0.50588,0.5,0.5,0.5,0.5075,0.5105,0.4745,0.676,0.5035,0.5,0.498,0.4965,-0.954,-0.21,0.249,0.77059,0.64706,0.42941,0.4,0.5,0.5,0.5,0.5,0.42267,0.37022,0.47511,0.53911,0.46578,0.46533,0.46711,0.46622,0.75882,0.59412,0.42353,0.40588,0.50588,0.5,0.5,0.50588,0.5215,0.5425,0.4995,0.512,0.4965,0.5005,0.4975,0.4965,-0.951,-0.223,0.233
0.54978,0.46133,0.43867,0.48933,0.46489,0.46622,0.46667,0.46622,0.74118,0.67059,0.43529,0.40588,0.5,0.5,0.5,0.5,0.5335,0.529,0.5055,0.501,0.506,0.498,0.498,0.4965,-0.965,-0.204,0.246,0.39412,0.44706,0.56471,0.54118,0.5,0.5,0.5,0.5,0.68933,0.56133,0.40311,0.44267,0.46489,0.46578,0.46622,0.46622,0.50588,0.50588,0.54706,0.51765,0.5,0.5,0.5,0.5,0.509,0.507,0.589,0.5295,0.5055,0.5,0.501,0.496,-0.959,-0.216,0.228
0.648,0.53956,0.43022,0.46133,0.46489,0.46622,0.46622,0.46622,0.42353,0.45882,0.54706,0.52941,0.5,0.5,0.5,0.50588,0.5065,0.4945,0.6185,0.5405,0.5055,0.5,0.5005,0.4965,-0.967,-0.209,0.223,0.61765,0.64706,0.41765,0.54118,0.5,0.5,0.5,0.5,0.58356,0.51378,0.45644,0.48444,0.46489,0.46578,0.46622,0.46622,0.51176,0.52941,0.44118,0.5,0.5,0.5,0.5,0.5,0.5495,0.5445,0.5455,0.61,0.5055,0.5,0.5005,0.4965,-0.961,-0.22,0.178
0.65022,0.55911,0.41956,0.48444,0.46489,0.46533,0.46578,0.46622,0.64706,0.57647,0.42353,0.5,0.5,0.5,0.5,0.5,0.535,0.589,0.5075,0.7105,0.5055,0.502,0.5015,0.497,-0.974,-0.231,0.165,0.22941,0.55882,0.47059,0.41765,0.5,0.5,0.5,0.5,0.68844,0.63022,0.37156,0.49067,0.46489,0.46622,0.46578,0.46622,0.26471,0.69412,0.48824,0.5,0.50588,0.5,0.5,0.5,0.4845,0.622,0.4705,0.669,0.5035,0.4985,0.502,0.4965,-1.0,-0.228,0.149
0.56044,0.64444,0.36311,0.46356,0.46622,0.46622,0.46578,0.46622,0.24118,0.58235,0.47059,0.42353,0.50588,0.5,0.5,0.5,0.4775,0.632,0.4365,0.596,0.4965,0.498,0.502,0.4965,-0.969,-0.194,0.172,0.54118,0.40588,0.5,0.55294,0.5,0.5,0.5,0.5,0.39244,0.716,0.34444,0.42267,0.46622,0.46622,0.46578,0.46622,0.5,0.50588,0.5,0.5,0.50588,0.5,0.5,0.5,0.4935,0.5415,0.4435,0.6435,0.4965,0.498,0.502,0.4965,-0.962,-0.21,0.175
0.41022,0.70311,0.34444,0.43289,0.46622,0.46622,0.46578,0.46622,0.53529,0.37059,0.5,0.52353,0.50588,0.5,0.5,0.50588,0.504,0.5135,0.4435,0.722,0.494,0.498,0.502,0.4955,-0.963,-0.233,0.153,0.48824,0.36471,0.51765,0.44706,0.5,0.5,0.5,0.5,0.43378,0.60667,0.34444,0.46267,0.46622,0.46622,0.46622,0.46622,0.50588,0.39412,0.5,0.5,0.50588,0.5,0.5,0.50588,0.4935,0.5085,0.471,0.649,0.496,0.498,0.5005,0.4965,-0.976,-0.186,0.194
0.43378,0.55244,0.34933,0.46356,0.46622,0.46622,0.46578,0.46578,0.51176,0.39412,0.51765,0.5,0.51176,0.5,0.5,0.49412,0.492,0.4935,0.492,0.5165,0.4965,0.498,0.502,0.5,-0.952,-0.194,0.239,0.58235,0.68824,0.50588,0.51765,0.5,0.5,0.5,0.5,0.44756,0.51867,0.36044,0.44089,0.46578,0.46622,0.46622,0.46622,0.59412,0.67059,0.5,0.5,0.50588,0.5,0.5,0.5,0.506,0.5165,0.4955,0.5015,0.4965,0.498,0.5,0.4965,-0.972,-0.203,0.241
0.45867,0.47244,0.45067,0.46667,0.46622,0.46711,0.468,0.46578,0.48824,0.5,0.5,0.51176,0.5,0.5,0.5,0.50588,0.5065,0.507,0.503,0.4995,0.505,0.4975,0.489,0.506,0.17,0.024,1.034,0.82353,0.78824,0.5,0.5,0.5,0.5,0.5,0.5,0.60444,0.60356,0.45067,0.46578,0.46667,0.46711,0.46756,0.46711,0.85882,0.83529,0.5,0.49412,0.5,0.5,0.5,0.5,0.511,0.51,0.5035,0.5005,0.5025,0.497,0.4905,0.495,-0.158,-0.028,0.981
0.77244,0.75022,0.45022,0.46578,0.46667,0.46711,0.468,0.46667,0.77647,0.78824,0.5,0.5,0.50588,0.5,0.5,0.5,0.5125,0.5115,0.504,0.5015,0.503,0.4975,0.489,0.5,-0.426,-0.112,0.932,0.35294,0.0,0.5,0.5,0.5,0.5,0.5,0.5,0.89511,0.772,0.44889,0.46489,0.46622,0.46756,0.46489,0.46667,0.14706,0.2,0.44706,0.56471,0.5,0.5,0.49412,0.51176,0.392,0.398,0.5085,0.5105,0.505,0.496,0.502,0.5,-0.417,-0.119,0.909
0.69067,0.46667,0.44756,0.46178,0.47333,0.472,0.47156,0.46711,0.08235,-0.13529,0.5,0.48824,0.50588,0.51176,0.5,0.50588,0.4095,0.48,0.5185,0.5185,0.4945,0.476,0.4725,0.4965,-0.155,0.175,0.938,0.94118,0.97059,0.5,0.5,0.5,0.5,0.5,0.5,0.54444,0.30533,0.44444,0.46133,0.46978,0.47067,0.46356,0.46844,1.12353,0.98235,0.5,0.5,0.50588,0.48235,0.49412,0.51176,0.534,0.552,0.533,0.523,0.495,0.48,0.509,0.4945,-0.469,-0.132,0.892
0.82089,0.524,0.44978,0.45467,0.46622,0.46533,0.464,0.46578,0.92941,1.11176,0.45294,0.5,0.48824,0.48824,0.5,0.50588,0.5095,0.561,0.5035,0.5535,0.505,0.5045,0.508,0.5055,-0.724,-0.172,0.873,0.24706,0.0,0.5,0.5,0.5,0.5,0.5,0.5,0.93556,0.736,0.44622,0.46,0.46889,0.468,0.46622,0.46756,-0.02941,-0.12941,0.5,0.5,0.51176,0.50588,0.5,0.50588,0.418,0.4305,0.5235,0.528,0.495,0.495,0.4975,0.494,-0.612,0.099,0.908
0.7,0.40044,0.44667,0.45689,0.46844,0.46889,0.46667,0.46711,-0.01176,0.00588,0.5,0.5,0.49412,0.48235,0.5,0.5,0.379,0.4865,0.5225,0.542,0.495,0.4875,0.4955,0.4965,-0.447,0.135,0.908,0.96471,0.97059,0.5,0.5,0.5,0.5,0.5,0.5,0.42133,0.28133,0.43511,0.45956,0.46667,0.46756,0.46489,0.46711,1.02353,0.87647,0.5,0.49412,0.50588,0.5,0.48824,0.50588,0.586,0.5345,0.577,0.5295,0.5025,0.4955,0.502,0.4965,-0.985,-0.031,0.408
0.70133,0.49644,0.43511,0.45822,0.46667,0.46756,0.46533,0.46711,0.94118,1.02941,0.5,0.5,0.50588,0.5,0.5,0.5,0.551,0.554,0.577,0.537,0.5025,0.496,0.502,0.4965,-0.911,-0.188,-0.049,0.23529,0.0,0.5,0.5,0.5,0.5,0.5,0.5,0.91956,0.62444,0.43511,0.46622,0.468,0.46756,0.46622,0.46489,0.14118,0.03529,0.49412,0.54706,0.50588,0.5,0.5,0.5,0.473,0.477,0.576,0.504,0.495,0.4965,0.497,0.5055,-0.955,-0.193,0.179
0.73022,0.38222,0.436,0.46756,0.46756,0.46711,0.46578,0.46356,0.21176,0.04706,0.5,0.5,0.49412,0.5,0.5,0.50588,0.489,0.4655,0.5735,0.4935,0.497,0.498,0.499,0.506,-0.967,-0.2,0.209,0.64706,0.91176,0.5,0.5,0.5,0.5,0.5,0.5,0.58667,0.22044,0.44711,0.46711,0.46667,0.46711,0.46578,0.46489,0.6,0.91765,0.48824,0.5,0.5,0.5,0.5,0.50588,0.524,0.517,0.519,0.494,0.5,0.498,0.499,0.5055,-0.958,-0.187,0.18
0.63378,0.42711,0.44311,0.46578,0.46667,0.46711,0.46578,0.46711,0.62941,0.87059,0.5,0.49412,0.5,0.5,0.5,0.50588,0.5515,0.523,0.5375,0.4995,0.5025,0.498,0.4995,0.4965,-0.985,-0.173,0.122,0.29412,0.0,0.5,0.5,0.5,0.5,0.5,0.5,0.66889,0.48578,0.44,0.46756,0.46667,0.46711,0.46578,0.46489,0.32353,0.01176,0.50588,0.50588,0.5,0.5,0.5,0.5,0.494,0.4765,0.5535,0.495,0.5025,0.4985,0.499,0.5055,-0.964,-0.199,0.205
0.58089,0.24044,0.448,0.468,0.46667,0.46711,0.46578,0.46578,0.3,-0.00588,0.52353,0.5,0.50588,0.5,0.5,0.49412,0.489,0.467,0.5175,0.49,0.5,0.498,0.499,0.5045,-0.965,-0.204,0.221,0.6,0.97059,0.5,0.5,0.5,0.5,0.5,0.5,0.48489,0.12267,0.452,0.468,0.46667,0.46622,0.46533,0.46622,0.6,1.04118,0.5,0.5,0.50588,0.5,0.5,0.49412,0.5085,0.5235,0.497,0.4905,0.5025,0.501,0.5005,0.5055,-0.937,-0.179,0.235
0.52667,0.39733,0.45067,0.46578,0.46667,0.46622,0.46622,0.46711,0.58824,0.97647,0.5,0.5,0.51176,0.5,0.5,0.49412,0.514,0.53,0.503,0.5005,0.5025,0.5015,0.498,0.4965,-0.971,-0.198,0.213,0.33529,0.0,0.5,0.5,0.5,0.5,0.5,0.5,0.53244,0.532,0.45156,0.46667,0.46667,0.46667,0.46533,0.46578,0.34706,0.07647,0.50588,0.55882,0.5,0.5,0.5,0.50588,0.4905,0.479,0.498,0.504,0.503,0.5,0.5005,0.505,-0.927,-0.187,0.249
0.44978,0.29422,0.45244,0.46711,0.46622,0.46667,0.46533,0.46622,0.33529,0.00588,0.5,0.5,0.50588,0.5,0.5,0.50588,0.489,0.4665,0.4955,0.493,0.5025,0.5,0.5015,0.5035,-0.953,-0.193,0.25,0.63529,0.97059,0.5,0.5,0.5,0.5,0.5,0.5,0.39822,0.15822,0.45244,0.46711,0.46667,0.46711,0.46533,0.46622,0.62353,0.97059,0.5,0.5,0.51176,0.5,0.5,0.5,0.509,0.5205,0.4955,0.494,0.505,0.498,0.5015,0.5035,-0.935,-0.233,0.246
0.46044,0.396,0.45067,0.46578,0.46667,0.46711,0.46578,0.46667,0.61765,0.92941,0.49412,0.5,0.50588,0.5,0.5,0.51176,0.5135,0.527,0.502,0.4995,0.503,0.498,0.498,0.4965,-0.946,-0.221,0.227,0.33529,0.0,0.5,0.5,0.5,0.5,0.5,0.5,0.48578,0.48889,0.452,0.46622,0.46667,0.46711,0.46489,0.46622,0.33529,0.05294,0.5,0.5,0.51176,0.5,0.5,0.50588,0.49,0.4775,0.4975,0.5005,0.505,0.498,0.501,0.5035,-0.944,-0.206,0.253
0.40356,0.24756,0.45244,0.46711,0.46667,0.46711,0.46533,0.46622,0.35294,0.01176,0.5,0.5,0.51176,0.5,0.5,0.5,0.4885,0.4665,0.4955,0.4925,0.503,0.498,0.5015,0.5035,-0.952,-0.193,0.25,0.62941,0.97059,0.5,0.5,0.5,0.5,0.5,0.5,0.35111,0.12444,0.45244,0.46711,0.46622,0.46711,0.46489,0.46622,0.62353,1.02353,0.5,0.5,0.5,0.5,0.5,0.5,0.507,0.5225,0.4945,0.494,0.505,0.498,0.5015,0.5035,-0.926,-0.255,0.27
0.41111,0.38978,0.45244,0.46578,0.46622,0.46711,0.46622,0.46667,0.62941,0.97647,0.5,0.5,0.51176,0.5,0.5,0.50588,0.5095,0.53,0.4955,0.4995,0.5045,0.498,0.4975,0.498,-0.973,-0.186,0.23,0.35294,0.0,0.5,0.5,0.5,0.5,0.5,0.5,0.43467,0.51378,0.452,0.46667,0.46667,0.46711,0.46533,0.46622,0.34706,0.07059,0.5,0.54706,0.5,0.5,0.5,0.5,0.4905,0.479,0.4975,0.503,0.503,0.498,0.5,0.5035,-0.937,-0.184,0.267
0.368,0.27644,0.45244,0.46756,0.46667,0.46711,0.46533,0.46622,0.38235,-0.01176,0.5,0.5,0.50588,0.5,0.5,0.5,0.4845,0.467,0.4955,0.493,0.503,0.498,0.501,0.5035,-0.94,-0.194,0.28,0.63529,0.97059,0.5,0.5,0.5,0.5,0.5,0.5,0.32533,0.14,0.45244,0.46711,0.46622,0.46711,0.46533,0.46622,0.64118,0.98824,0.5,0.5,0.49412,0.5,0.5,0.5,0.507,0.521,0.4955,0.4935,0.503,0.498,0.501,0.5035,-0.948,-0.278,0.252
0.38933,0.37733,0.45244,0.46578,0.46622,0.46711,0.46578,0.46711,0.62941,0.91765,0.5,0.5,0.50588,0.5,0.5,0.49412,0.509,0.526,0.4955,0.4995,0.504,0.498,0.4985,0.4965,-0.976,-0.194,0.242,0.35294,0.0,0.5,0.5,0.5,0.5,0.5,0.5,0.416,0.46978,0.45244,0.46622,0.46667,0.46711,0.46533,0.46622,0.35882,0.04118,0.50588,0.5,0.5,0.5,0.5,0.50588,0.4905,0.4775,0.496,0.4995,0.503,0.498,0.501,0.5035,-0.941,-0.204,0.297
0.49467,0.468,0.46622,0.472,0.468,0.46578,0.46533,0.46711,0.50588,0.5,0.5,0.5,0.5,0.5,0.5,0.50588,0.4935,0.4945,0.5,0.4955,0.496,0.5,0.5,0.4965,0.11,0.024,1.024,0.78824,0.74706,0.5,0.5,0.5,0.5,0.5,0.5,0.62133,0.58444,0.46622,0.472,0.46711,0.46533,0.46578,0.46756,0.82353,0.78235,0.5,0.5,0.49412,0.50588,0.5,0.51765,0.509,0.507,0.5,0.4955,0.506,0.5005,0.4975,0.494,-0.062,0.011,1.002
0.76133,0.70311,0.46444,0.47067,0.46756,0.46533,0.46489,0.46667,0.82941,0.74118,0.5,0.50588,0.50588,0.5,0.5,0.5,0.5115,0.511,0.5075,0.502,0.5035,0.5015,0.502,0.5035,-0.37,-0.115,0.979,0.33529,0.0,0.5,0.5,0.5,0.5,0.5,0.5,0.88489,0.708,0.468,0.46933,0.46756,0.46533,0.464,0.46667,0.27059,0.18824,0.5,0.53529,0.5,0.5,0.5,0.50588,0.3815,0.396,0.49,0.5095,0.5035,0.5015,0.5055,0.4975,0.233,-0.126,0.965
0.68667,0.41822,0.46844,0.47244,0.468,0.46711,0.46622,0.46756,0.10588,-0.15294,0.5,0.50588,0.49412,0.50588,0.5,0.5,0.4465,0.468,0.49,0.4945,0.4965,0.4945,0.4975,0.4965,0.491,0.079,0.918,0.9,0.97059,0.5,0.5,0.5,0.5,0.5,0.5,0.61467,0.19511,0.47244,0.46578,0.46756,0.46844,0.46311,0.47378,0.86471,0.95882,0.49412,0.5,0.50588,0.47647,0.49412,0.51765,0.517,0.6025,0.4695,0.5245,0.5035,0.486,0.51,0.494,-0.354,0.005,0.989
0.82489,0.43689,0.47067,0.45822,0.46711,0.46444,0.45822,0.46489,0.94118,0.98235,0.50588,0.49412,0.5,0.5,0.5,0.44118,0.5115,0.6095,0.479,0.559,0.5055,0.505,0.5335,0.5055,-0.385,-0.233,0.961,0.22941,0.0,0.5,0.5,0.5,0.5,0.5,0.5,0.94311,0.65378,0.47156,0.468,0.47556,0.46711,0.464,0.46622,0.17647,-0.03529,0.50588,0.5,0.52353,0.5,0.5,0.5,0.3645,0.4305,0.475,0.5145,0.494,0.493,0.506,0.5055,0.598,-0.311,0.727
0.69733,0.344,0.47689,0.47022,0.47644,0.47022,0.46667,0.46489,-0.02941,-0.08824,0.52353,0.5,0.50588,0.5,0.5,0.48824,0.3655,0.483,0.449,0.503,0.494,0.479,0.494,0.506,0.762,-0.217,0.128,0.87647,0.97059,0.5,0.5,0.5,0.5,0.5,0.5,0.47467,0.20133,0.47733,0.472,0.46844,0.46889,0.46667,0.45644,0.84118,1.02353,0.5,0.5,0.50588,0.5,0.5,0.5,0.507,0.5345,0.4465,0.495,0.494,0.4835,0.4935,0.507,0.913,-0.179,0.391
0.64889,0.46489,0.47733,0.472,0.468,0.46533,0.46489,0.46,0.83529,1.07059,0.5,0.5,0.5,0.5,0.47647,0.51176,0.526,0.529,0.4465,0.4945,0.4965,0.5015,0.5,0.5055,0.903,0.062,0.464,0.36471,0.0,0.5,0.5,0.5,0.5,0.5,0.5,0.84889,0.63556,0.47333,0.47333,0.468,0.46533,0.46444,0.46756,0.31176,0.07647,0.5,0.5,0.51176,0.5,0.49412,0.5,0.491,0.4565,0.466,0.4895,0.4965,0.5015,0.502,0.4955,1.022,0.04,0.313
0.74533,0.41822,0.47156,0.48756,0.46756,0.46622,0.46622,0.46578,0.31765,0.19412,0.5,0.52941,0.5,0.50588,0.51176,0.49412,0.491,0.3675,0.4735,0.4215,0.5035,0.4985,0.4965,0.505,1.063,-0.104,0.271,0.75882,0.97059,0.5,0.5,0.5,0.5,0.5,0.5,0.72044,0.172,0.47111,0.47778,0.46756,0.46489,0.46578,0.46444,0.77647,1.01176,0.5,0.5,0.50588,0.5,0.49412,0.50588,0.519,0.5345,0.476,0.4675,0.4965,0.5015,0.4965,0.5055,0.932,-0.189,0.241
0.86444,0.43289,0.47111,0.47778,0.46844,0.46533,0.46578,0.46756,0.77059,1.08824,0.5,0.5,0.51176,0.5,0.5,0.50588,0.517,0.5285,0.476,0.4675,0.4965,0.5015,0.4975,0.4945,0.896,0.086,0.456,0.32353,0.0,0.5,0.5,0.5,0.5,0.5,0.5,0.836,0.592,0.47067,0.476,0.468,0.46533,0.46489,0.46756,0.01176,0.11765,0.5,0.53529,0.49412,0.5,0.5,0.51176,0.479,0.4485,0.4775,0.479,0.4965,0.5015,0.503,0.4945,0.941,0.072,0.38
0.59244,0.38311,0.47111,0.48578,0.46844,0.46622,0.46667,0.46622,0.12353,0.16471,0.5,0.5,0.50588,0.5,0.5,0.5,0.454,0.3545,0.4765,0.428,0.495,0.497,0.494,0.505,0.99,-0.128,0.102,0.85882,0.97059,0.5,0.5,0.5,0.5,0.5,0.5,0.40711,0.12089,0.47733,0.47689,0.46711,0.46533,0.46533,0.46756,0.80588,1.01765,0.5,0.5,0.48824,0.49412,0.48824,0.49412,0.508,0.5345,0.4455,0.472,0.5035,0.501,0.4995,0.4965,0.998,-0.096,0.229
0.59156,0.38444,0.46933,0.47689,0.46844,0.46489,0.46533,0.46756,0.83529,1.08824,0.5,0.5,0.50588,0.5,0.49412,0.48824,0.5135,0.5275,0.4835,0.472,0.4965,0.503,0.5,0.4965,0.897,-0.029,0.333,0.33529,0.0,0.5,0.5,0.5,0.5,0.5,0.5,0.75956,0.54444,0.46933,0.47689,0.468,0.46533,0.46489,0.46756,0.32941,0.11765,0.5,0.51765,0.5,0.5,0.5,0.5,0.4925,0.4455,0.4845,0.473,0.496,0.5015,0.502,0.4965,0.982,0.103,0.326
0.67644,0.356,0.46533,0.48533,0.468,0.46622,0.46622,0.46578,0.35882,0.14706,0.5,0.5,0.50588,0.5,0.5,0.5,0.4915,0.3395,0.502,0.43,0.4965,0.498,0.496,0.5055,0.936,-0.175,0.12,0.70588,0.97059,0.5,0.5,0.5,0.5,0.5,0.5,0.65244,0.10889,0.47022,0.47556,0.46756,0.46489,0.46622,0.46267,0.68235,1.00588,0.5,0.5,0.50588,0.5,0.5,0.5,0.5175,0.5435,0.48,0.48,0.5035,0.502,0.496,0.5055,0.938,-0.16,0.334
0.75733,0.35467,0.47022,0.47511,0.46711,0.46533,0.46578,0.46444,0.70588,1.00588,0.5,0.5,0.51176,0.5,0.5,0.52353,0.5165,0.5395,0.48,0.4805,0.5,0.5015,0.498,0.5055,0.998,0.047,0.324,0.37059,0.00588,0.5,0.5,0.5,0.5,0.5,0.5,0.82133,0.51244,0.46978,0.47956,0.468,0.46533,0.46533,0.46756,0.32353,0.13529,0.5,0.51176,0.5,0.5,0.5,0.5,0.4915,0.429,0.4825,0.461,0.4965,0.501,0.501,0.4965,0.942,-0.003,0.275
0.72978,0.32844,0.46533,0.48622,0.46711,0.46578,0.46667,0.46533,0.32941,0.03529,0.50588,0.5,0.50588,0.5,0.5,0.49412,0.492,0.345,0.503,0.426,0.5035,0.4975,0.4945,0.5055,0.743,-0.185,0.395,0.71765,0.97059,0.5,0.5,0.5,0.5,0.5,0.5,0.70356,0.08267,0.46889,0.47733,0.46711,0.46533,0.46622,0.46311,0.72353,1.01176,0.5,0.5,0.5,0.50588,0.5,0.5,0.5175,0.548,0.486,0.471,0.5055,0.5015,0.497,0.5055,1.01,-0.145,0.267
0.81689,0.34711,0.46933,0.47689,0.46756,0.46533,0.46578,0.46533,0.73529,1.04706,0.5,0.5,0.51176,0.5,0.5,0.54118,0.516,0.5375,0.4855,0.4705,0.5035,0.501,0.498,0.5015,1.021,-0.012,0.268,0.31176,0.0,0.5,0.5,0.5,0.5,0.5,0.5,0.82578,0.51822,0.46889,0.48,0.468,0.46489,0.46489,0.468,0.19412,0.14706,0.5,0.52353,0.5,0.5,0.5,0.50588,0.486,0.4295,0.486,0.4575,0.4965,0.5015,0.5025,0.4945,0.991,0.055,0.295
0.66578,0.32622,0.46578,0.48889,0.46844,0.46578,0.46756,0.46489,0.27059,0.12941,0.5,0.5,0.5,0.5,0.5,0.5,0.484,0.3295,0.502,0.414,0.4965,0.497,0.4905,0.5055,0.705,-0.237,0.37,0.74706,0.97059,0.5,0.5,0.5,0.5,0.5,0.5,0.57244,0.07778,0.47422,0.47378,0.46711,0.46489,0.46622,0.46489,0.70588,1.03529,0.5,0.5,0.49412,0.5,0.5,0.49412,0.5115,0.549,0.46,0.487,0.5045,0.5015,0.4965,0.5055,1.012,-0.175,0.224
0.68444,0.34,0.47422,0.47378,0.46756,0.46533,0.46578,0.46622,0.75294,1.04118,0.5,0.5,0.50588,0.5,0.5,0.52353,0.519,0.5395,0.46,0.487,0.5035,0.501,0.498,0.5,1.011,0.107,0.331,0.37647,0.0,0.5,0.5,0.5,0.5,0.5,0.5,0.79733,0.50933,0.47244,0.47867,0.468,0.46533,0.46533,0.46756,0.38235,0.12941,0.5,0.50588,0.5,0.5,0.5,0.5,0.4935,0.4295,0.469,0.4645,0.4965,0.501,0.501,0.4965,0.964,0.03,0.328
0.73378,0.32267,0.46578,0.48844,0.46711,0.46622,0.46667,0.46578,0.37059,0.03529,0.5,0.5,0.49412,0.50588,0.5,0.5,0.4935,0.3395,0.501,0.4155,0.5035,0.497,0.495,0.5055,0.8,-0.183,0.371,0.68824,0.97059,0.5,0.5,0.5,0.5,0.5,0.5,0.73022,0.08222,0.47022,0.47689,0.46756,0.46533,0.46622,0.46267,0.7,1.06471,0.5,0.5,0.5,0.50588,0.5,0.5,0.5155,0.548,0.4795,0.472,0.5035,0.501,0.497,0.5055,0.952,-0.129,0.285
0.828,0.35956,0.47022,0.47733,0.46756,0.46489,0.46578,0.46533,0.7,1.06471,0.5,0.5,0.50588,0.49412,0.5,0.53529,0.5145,0.54,0.4795,0.4705,0.5035,0.5015,0.4975,0.5035,0.921,0.061,0.438,0.35882,0.0,0.5,0.5,0.5,0.5,0.5,0.5,0.81911,0.53778,0.46978,0.47867,0.46844,0.46533,0.46533,0.46756,0.18235,0.14118,0.5,0.53529,0.51176,0.5,0.5,0.49412,0.4865,0.439,0.4815,0.4655,0.4955,0.501,0.501,0.496,1.125,-0.05,0.457
0.65956,0.36667,0.47022,0.492,0.46844,0.46978,0.464,0.46978,0.21176,0.22941,0.5,0.5,0.50588,0.55882,0.45294,0.51176,0.485,0.2995,0.48,0.3985,0.4945,0.4815,0.504,0.4945,0.5,-0.119,0.714,0.82353,0.97059,0.5,0.5,0.5,0.5,0.5,0.5,0.628,0.06622,0.484,0.46933,0.46844,0.46578,0.45822,0.47689,0.82353,0.78235,0.5,0.5,0.50588,0.5,0.5,0.49412,0.505,0.612,0.4135,0.508,0.494,0.4995,0.534,0.494,0.381,-0.293,0.906
0.78933,0.24933,0.484,0.46044,0.46844,0.46756,0.46533,0.46356,0.74706,1.02353,0.5,0.5,0.5,0.5,0.57059,0.5,0.506,0.674,0.4135,0.5495,0.4965,0.491,0.505,0.5055,0.104,-0.388,0.916,0.25294,0.0,0.5,0.5,0.5,0.5,0.5,0.5,0.87244,0.51644,0.47467,0.47644,0.46889,0.46756,0.46933,0.46622,0.20588,0.03529,0.5,0.5,0.50588,0.51176,0.5,0.51176,0.4285,0.432,0.4575,0.4745,0.4945,0.4915,0.482,0.5,0.445,-0.332,0.849
0.51156,0.46622,0.46667,0.46622,0.46756,0.46578,0.46578,0.476,0.50588,0.50588,0.5,0.5,0.5,0.5,0.5,0.5,0.492,0.495,0.4965,0.498,0.4945,0.5,0.5,0.5,0.085,0.006,1.031,0.77647,0.72941,0.5,0.5,0.5,0.5,0.5,0.5,0.62933,0.57111,0.46622,0.46578,0.46622,0.46578,0.46622,0.47556,0.81176,0.78824,0.5,0.5,0.52353,0.5,0.5,0.50588,0.5085,0.508,0.498,0.5,0.5035,0.498,0.497,0.4995,-0.031,-0.032,1.011
0.76267,0.68311,0.46667,0.46489,0.46667,0.46533,0.46533,0.47644,0.82353,0.72353,0.52941,0.49412,0.51765,0.5,0.5,0.50588,0.511,0.5105,0.498,0.504,0.496,0.5015,0.5025,0.4965,-0.28,-0.127,1.0,0.34118,0.03529,0.5,0.5,0.5,0.5,0.5,0.5,0.88311,0.70267,0.46711,0.46622,0.46756,0.46533,0.46444,0.47644,0.28824,0.16471,0.5,0.50588,0.5,0.5,0.5,0.50588,0.3935,0.3915,0.4925,0.4985,0.4965,0.501,0.5055,0.4945,0.233,-0.155,0.936
0.70089,0.41422,0.46756,0.46622,0.46844,0.46933,0.46533,0.47644,0.15294,-0.17059,0.5,0.5,0.50588,0.54118,0.5,0.5,0.4425,0.475,0.4915,0.4975,0.494,0.484,0.5015,0.4965,0.428,0.036,0.884,0.88235,0.97059,0.5,0.5,0.5,0.5,0.5,0.5,0.62578,0.22578,0.47511,0.45956,0.46622,0.472,0.46444,0.47822,0.92353,0.98235,0.5,0.5,0.51176,0.47647,0.5,0.50588,0.5155,0.6,0.4555,0.529,0.5035,0.4685,0.5055,0.4945,-0.287,-0.028,0.951
0.83111,0.47244,0.472,0.45689,0.46578,0.46489,0.45867,0.47333,0.90588,1.01765,0.5,0.5,0.5,0.5,0.5,0.5,0.5105,0.588,0.4705,0.5415,0.506,0.5025,0.5325,0.5055,-0.08,0.073,1.438,0.34118,0.0,0.5,0.5,0.5,0.5,0.5,0.5,0.93111,0.66978,0.47156,0.46533,0.47289,0.46667,0.46578,0.47511,0.12353,0.11176,0.5,0.5,0.51176,0.5,0.5,0.49412,0.3815,0.438,0.473,0.5015,0.4945,0.495,0.4995,0.504,0.62,-0.309,0.693
0.69244,0.388,0.47556,0.46711,0.47422,0.46667,0.46756,0.472,-0.04118,-0.08824,0.5,0.5,0.5,0.5,0.5,0.46471,0.3805,0.4755,0.454,0.494,0.494,0.4935,0.4915,0.505,0.675,-0.298,0.157,0.87059,0.97059,0.5,0.5,0.5,0.5,0.5,0.5,0.45289,0.21911,0.47644,0.46978,0.46711,0.46756,0.46844,0.468,0.81176,0.99412,0.5,0.5,0.49412,0.5,0.5,0.50588,0.5075,0.5285,0.4495,0.4815,0.4965,0.4895,0.487,0.5055,0.946,-0.149,0.357
0.63022,0.48267,0.476,0.46978,0.46756,0.46489,0.46578,0.472,0.81176,1.03529,0.5,0.5,0.5,0.5,0.48235,0.50588,0.524,0.5235,0.4505,0.4815,0.4965,0.5015,0.4985,0.5055,0.911,0.038,0.423,0.37647,0.0,0.5,0.5,0.5,0.5,0.5,0.5,0.83511,0.62356,0.47289,0.468,0.46711,0.46533,0.46533,0.47644,0.38235,0.08824,0.5,0.5,0.5,0.5,0.5,0.50588,0.493,0.457,0.466,0.49,0.5,0.501,0.5005,0.4965,0.951,0.067,0.38
0.76756,0.41244,0.47111,0.48,0.46711,0.46622,0.46667,0.47467,0.37647,0.20588,0.49412,0.5,0.49412,0.50588,0.5,0.49412,0.4935,0.3485,0.4735,0.431,0.5035,0.498,0.496,0.505,0.974,-0.169,0.183,0.67647,0.91176,0.5,0.5,0.5,0.5,0.5,0.5,0.74533,0.15333,0.46889,0.472,0.46667,0.46533,0.46711,0.47289,0.65882,0.94706,0.5,0.5,0.50588,0.49412,0.5,0.51176,0.5145,0.533,0.485,0.4705,0.5035,0.4995,0.493,0.5055,0.916,-0.221,0.352
0.50356,0.49511,0.47556,0.48133,0.46578,0.46578,0.46667,0.46622,0.50588,0.50588,0.5,0.5,0.50588,0.5,0.5,0.50588,0.4925,0.4935,0.4935,0.485,0.495,0.4995,0.5005,0.5,0.088,0.025,1.026,0.78235,0.71176,0.5,0.5,0.5,0.5,0.5,0.5,0.62578,0.58978,0.47467,0.48133,0.46489,0.46622,0.46756,0.46667,0.80588,0.72941,0.49412,0.5,0.51176,0.5,0.5,0.50588,0.5095,0.506,0.4965,0.485,0.5035,0.4975,0.4975,0.496,-0.189,-0.025,1.0
0.76133,0.69156,0.47289,0.47822,0.46489,0.46533,0.46711,0.46622,0.80588,0.76471,0.5,0.5,0.50588,0.5,0.5,0.49412,0.512,0.508,0.506,0.5015,0.5035,0.5015,0.499,0.499,-0.352,-0.1,0.986,0.34706,0.0,0.5,0.5,0.5,0.5,0.5,0.5,0.884,0.68533,0.47511,0.47911,0.46444,0.46533,0.46578,0.46711,0.21176,0.01765,0.5,0.50588,0.49412,0.5,0.5,0.50588,0.4005,0.392,0.494,0.498,0.5055,0.5015,0.505,0.494,0.176,-0.12,0.955
0.69333,0.36089,0.47556,0.47822,0.46622,0.47511,0.46711,0.46622,0.08824,-0.15294,0.5,0.49412,0.50588,0.57059,0.5,0.51176,0.4505,0.4785,0.493,0.5005,0.4945,0.4575,0.499,0.494,0.403,0.157,0.903,0.91176,0.97059,0.5,0.5,0.5,0.5,0.5,0.5,0.63556,0.12978,0.48356,0.46933,0.46622,0.46978,0.46578,0.47689,0.91765,0.88824,0.5,0.46471,0.51176,0.47059,0.5,0.50588,0.5185,0.6545,0.4545,0.5415,0.4945,0.4775,0.505,0.493,-0.331,0.095,0.975
0.87556,0.35156,0.48444,0.46133,0.46311,0.46533,0.46756,0.47556,0.96471,1.0,0.5,0.47647,0.5,0.50588,0.5,0.48235,0.5055,0.679,0.451,0.5795,0.506,0.503,0.497,0.4935,-0.614,-0.315,1.04,0.2,0.0,0.5,0.5,0.5,0.5,0.5,0.5,0.98844,0.556,0.49733,0.45333,0.48089,0.46533,0.47333,0.47244,0.41765,-0.08824,0.5,0.5,0.50588,0.49412,0.49412,0.5,0.268,0.486,0.389,0.6195,0.4915,0.502,0.468,0.494,-0.32,-0.076,0.936
0.92444,0.27022,0.49778,0.45289,0.48089,0.46533,0.47244,0.472,0.35294,-0.03529,0.5,0.5,0.50588,0.5,0.5,0.49412,0.147,0.4935,0.387,0.6215,0.4915,0.5015,0.474,0.494,0.006,0.042,1.024,0.8,0.91765,0.5,0.5,0.5,0.5,0.5,0.5,0.72044,0.01067,0.49867,0.45422,0.48089,0.46533,0.47067,0.47067,0.51176,0.62353,0.5,0.5,0.50588,0.5,0.5,0.50588,0.2385,0.799,0.385,0.615,0.4915,0.5015,0.4835,0.495,0.282,-0.07,0.964
0.72044,0.02978,0.49822,0.45422,0.48089,0.46533,0.47022,0.47067,0.50588,0.50588,0.5,0.5,0.50588,0.5,0.5,0.50588,0.218,0.877,0.384,0.6155,0.4915,0.5015,0.484,0.495,0.307,-0.04,0.972,0.7,0.57059,0.5,0.5,0.5,0.5,0.5,0.5,0.72044,0.02978,0.49867,0.45422,0.48089,0.46533,0.47022,0.47067,0.50588,0.50588,0.5,0.5,0.50588,0.5,0.5,0.50588,0.3295,0.863,0.384,0.6155,0.491,0.5015,0.4845,0.4945,0.315,-0.036,0.977
0.72044,0.02978,0.49867,0.45422,0.48089,0.46533,0.47067,0.47022,0.50588,0.50588,0.5,0.5,0.50588,0.5,0.5,0.47059,0.423,0.8585,0.384,0.6155,0.491,0.5015,0.484,0.4945,0.439,0.057,0.996,0.68824,0.62353,0.5,0.5,0.5,0.5,0.5,0.5,0.76178,-0.04667,0.49733,0.46356,0.47511,0.46489,0.46756,0.46489,0.60588,0.49412,0.5,0.50588,0.5,0.5,0.5,0.5,0.504,0.5,0.3895,0.571,0.493,0.5035,0.4975,0.506,0.326,0.005,0.974
0.81244,-0.04756,0.49733,0.46578,0.47467,0.46489,0.46756,0.46489,0.59412,0.49412,0.5,0.5,0.5,0.5,0.5,0.5,0.5065,0.5,0.3895,0.561,0.4935,0.5035,0.4975,0.506,0.322,0.016,0.985,0.48235,0.69412,0.5,0.5,0.5,0.5,0.5,0.5,0.82889,-0.04933,0.49733,0.46711,0.47467,0.46489,0.46756,0.46578,0.41176,0.5,0.50588,0.5,0.50588,0.5,0.5,0.50588,0.4765,0.5,0.3905,0.555,0.4935,0.5035,0.4975,0.504,0.335,0.002,0.974
0.79022,-0.04978,0.49733,0.46711,0.47467,0.46489,0.46711,0.46578,0.34118,0.5,0.5,0.5,0.50588,0.5,0.5,0.5,0.4335,0.5,0.3895,0.555,0.4935,0.5035,0.499,0.504,0.299,0.004,1.001,0.7,0.84118,0.5,0.5,0.5,0.5,0.5,0.5,0.73822,-0.05156,0.49778,0.46711,0.47467,0.46533,0.46711,0.46578,0.5,0.5,0.5,0.5,0.50588,0.5,0.5,0.5,0.4195,0.5,0.3875,0.555,0.4935,0.5015,0.499,0.504,0.321,0.002,0.986
0.73822,-0.05156,0.49778,0.46711,0.47467,0.46533,0.46711,0.46578,0.5,0.5,0.5,0.5,0.50588,0.5,0.5,0.5,0.4685,0.5,0.3875,0.555,0.4935,0.502,0.499,0.504,0.351,0.006,0.985,0.58824,0.77059,0.5,0.5,0.5,0.5,0.5,0.5,0.77067,-0.05156,0.49733,0.46711,0.47422,0.46489,0.46667,0.46533,0.51765,0.49412,0.5,0.5,0.5,0.5,0.5,0.5,0.505,0.5,0.3895,0.555,0.4935,0.5035,0.5015,0.506,0.303,0.005,0.989
0.80356,-0.05111,0.49733,0.46756,0.47422,0.46489,0.46667,0.46533,0.55294,0.5,0.5,0.5,0.5,0.5,0.5,0.5,0.5055,0.5,0.3905,0.5535,0.4935,0.5035,0.5015,0.506,0.304,0.02,0.985,0.50588,0.72353,0.5,0.5,0.5,0.5,0.5,0.5,0.82,-0.05156,0.49689,0.46756,0.47422,0.46489,0.46667,0.46578,0.47059,0.50588,0.5,0.5,0.5,0.5,0.5,0.50588,0.472,0.5,0.391,0.553,0.494,0.5035,0.5015,0.5035,0.297,0.012,0.975
0.78844,-0.052,0.49733,0.46756,0.47422,0.46489,0.46667,0.46578,0.45294,0.5,0.5,0.5,0.5,0.5,0.5,0.50588,0.444,0.5,0.3895,0.553,0.494,0.5025,0.5015,0.504,0.292,0.01,0.985,0.60588,0.77647,0.5,0.5,0.5,0.5,0.5,0.5,0.74889,-0.052,0.49733,0.46756,0.47422,0.46489,0.46667,0.46578,0.5,0.5,0.5,0.5,0.5,0.5,0.5,0.50588,0.4655,0.5,0.3895,0.553,0.494,0.503,0.5015,0.504,0.313,0.0,0.987
0.74933,-0.052,0.49733,0.46756,0.47422,0.46489,0.46667,0.46578,0.50588,0.5,0.5,0.5,0.5,0.5,0.5,0.51176,0.4905,0.5,0.3895,0.553,0.494,0.503,0.5015,0.504,0.327,0.008,0.981,0.57059,0.76471,0.5,0.5,0.5,0.5,0.5,0.5,0.77556,-0.052,0.49689,0.46756,0.47422,0.46489,0.46667,0.46578,0.56471,0.5,0.5,0.5,0.5,0.5,0.5,0.50588,0.494,0.5,0.3895,0.553,0.4935,0.503,0.5015,0.504,0.294,0.01,0.982
0.78311,-0.052,0.49733,0.46756,0.47422,0.46489,0.46667,0.46533,0.50588,0.5,0.5,0.5,0.5,0.5,0.5,0.5,0.496,0.5,0.39,0.553,0.4935,0.503,0.5015,0.506,0.31,0.012,0.98,0.55294,0.75294,0.5,0.5,0.5,0.5,0.5,0.5,0.79289,-0.052,0.49689,0.46756,0.47422,0.46489,0.46667,0.46533,0.50588,0.5,0.5,0.5,0.5,0.5,0.5,0.50588,0.4895,0.5,0.3905,0.553,0.4935,0.503,0.5015,0.506,0.292,0.013,0.982
0.46622,0.46533,0.46578,0.46578,0.46533,0.47778,0.46578,0.46667,0.50588,0.5,0.5,0.5,0.50588,0.5,0.5,0.5,0.5,0.5,0.5,0.5015,0.5,0.5,0.5,0.5,0.041,0.015,1.029,0.78824,0.74706,0.5,0.5,0.5,0.5,0.5,0.5,0.59467,0.576,0.46533,0.46622,0.46533,0.47778,0.46667,0.46667,0.8,0.8,0.5,0.5,0.51176,0.5,0.51765,0.50588,0.5105,0.509,0.502,0.4985,0.4965,0.5,0.497,0.5,-0.034,-0.033,0.995
0.74133,0.70356,0.46489,0.46489,0.46489,0.47822,0.46489,0.46667,0.77059,0.72353,0.5,0.48824,0.50588,0.5,0.5,0.50588,0.5125,0.5105,0.5035,0.5025,0.4965,0.4965,0.503,0.5,-0.364,-0.126,0.987,0.37059,0.03529,0.5,0.5,0.5,0.5,0.5,0.5,0.88667,0.73689,0.46667,0.46667,0.46489,0.47778,0.46489,0.46578,0.28235,0.16471,0.5,0.50588,0.5,0.5,0.5,0.50588,0.391,0.3835,0.495,0.4995,0.5035,0.499,0.5035,0.5035,0.005,-0.094,0.987
0.69467,0.45378,0.46444,0.46578,0.46889,0.48533,0.46489,0.468,0.1,-0.17647,0.48824,0.48235,0.51765,0.52353,0.47647,0.51176,0.466,0.471,0.5035,0.502,0.4945,0.463,0.502,0.494,0.01,0.34,0.993,0.94706,0.97059,0.5,0.5,0.5,0.5,0.5,0.5,0.67111,0.25733,0.468,0.45867,0.46889,0.48489,0.46044,0.47156,0.96471,0.97647,0.5,0.5,0.48824,0.49412,0.49412,0.50588,0.5145,0.589,0.489,0.5345,0.494,0.462,0.523,0.4945,-0.363,-0.059,0.948
0.89778,0.49467,0.46756,0.45689,0.46622,0.47778,0.45689,0.46444,0.92941,1.05882,0.5,0.5,0.51765,0.50588,0.50588,0.5,0.5135,0.5785,0.4905,0.5435,0.494,0.499,0.5405,0.5055,-0.369,-0.174,0.934,0.22353,0.0,0.5,0.5,0.5,0.5,0.5,0.5,0.99067,0.69067,0.46933,0.46578,0.47467,0.484,0.46444,0.46578,0.47647,0.14706,0.50588,0.5,0.54118,0.5,0.50588,0.50588,0.391,0.4215,0.4815,0.502,0.4935,0.467,0.5065,0.5055,0.321,-0.377,0.851
0.78222,0.39644,0.47422,0.46578,0.47867,0.48489,0.46667,0.46533,-0.02353,-0.08824,0.52353,0.5,0.50588,0.5,0.5,0.5,0.361,0.479,0.4595,0.5015,0.492,0.4635,0.4955,0.5055,0.752,-0.261,0.49,0.86471,0.97059,0.5,0.5,0.5,0.5,0.5,0.5,0.53644,0.25067,0.47822,0.46711,0.468,0.48178,0.46889,0.45244,0.8,1.02353,0.5,0.5,0.5,0.5,0.5,0.5,0.5125,0.5335,0.44,0.4955,0.494,0.477,0.4845,0.509,0.938,-0.186,0.374
0.71911,0.53422,0.47822,0.46622,0.46489,0.47733,0.46578,0.45867,0.87647,1.03529,0.5,0.49412,0.49412,0.5,0.50588,0.51176,0.524,0.5225,0.44,0.4975,0.5055,0.499,0.499,0.506,0.819,0.046,0.523,0.33529,0.0,0.5,0.5,0.5,0.5,0.5,0.5,0.84444,0.67689,0.472,0.46711,0.46533,0.47733,0.46533,0.46622,0.17059,0.05294,0.5,0.5,0.5,0.5,0.5,0.5,0.4855,0.4615,0.47,0.495,0.5,0.501,0.502,0.5035,0.906,0.02,0.428
0.664,0.45644,0.47156,0.48,0.46578,0.47733,0.46578,0.46578,0.18824,0.04706,0.5,0.55294,0.51176,0.5,0.50588,0.5,0.485,0.3875,0.4715,0.436,0.4965,0.5005,0.4985,0.505,0.929,-0.08,0.233,0.84118,0.97059,0.5,0.5,0.5,0.5,0.5,0.5,0.58756,0.22311,0.47244,0.47022,0.46489,0.47733,0.46667,0.46311,0.77647,1.03529,0.5,0.50588,0.5,0.5,0.5,0.5,0.517,0.528,0.4675,0.4815,0.5035,0.5,0.4955,0.506,0.926,-0.149,0.385
0.31467,0.98089,0.03422,0.61822,0.39956,0.46889,0.44044,0.44933,0.5,0.51176,0.50588,0.5,0.50588,0.5,0.5,0.5,0.494,0.506,0.5135,0.4565,0.5035,0.499,0.501,0.494,0.259,-0.145,0.993,0.88235,0.52941,0.5,0.5,0.5,0.5,0.5,0.5,0.40844,0.84089,0.29289,0.604,0.39867,0.47022,0.44,0.45156,0.8,0.50588,0.93529,0.5,0.5,0.5,0.5,0.50588,0.608,0.406,0.712,0.339,0.504,0.4925,0.5025,0.4955,-0.528,-0.598,0.676
0.49867,0.47111,0.47822,0.48356,0.46756,0.46578,0.46489,0.472,0.50588,0.50588,0.5,0.5,0.50588,0.5,0.5,0.50588,0.493,0.493,0.4885,0.4855,0.496,0.5,0.5015,0.4945,0.166,0.027,1.022,0.78824,0.72941,0.5,0.5,0.5,0.5,0.5,0.5,0.60933,0.56267,0.47556,0.48089,0.46667,0.46578,0.46578,0.47156,0.73529,0.72941,0.50588,0.50588,0.48824,0.5,0.5,0.48824,0.5205,0.5145,0.5025,0.4995,0.5045,0.4985,0.498,0.4965,-0.121,-0.016,1.004
0.76089,0.68756,0.476,0.47956,0.46756,0.46533,0.464,0.47067,0.87647,0.72941,0.52353,0.48824,0.47059,0.5,0.49412,0.5,0.513,0.5115,0.5,0.503,0.5,0.5015,0.5045,0.5055,-0.194,-0.133,1.006,0.31765,0.0,0.5,0.5,0.5,0.5,0.5,0.5,0.92667,0.65556,0.47733,0.48178,0.46889,0.46711,0.46044,0.47067,0.28824,-0.13529,0.5,0.51176,0.5,0.51765,0.52941,0.51176,0.4385,0.4615,0.4925,0.4945,0.494,0.494,0.5255,0.5035,0.426,-0.335,0.896
0.81867,0.39556,0.47822,0.484,0.46933,0.468,0.46311,0.47156,0.29412,-0.09412,0.5,0.5,0.50588,0.50588,0.52941,0.5,0.4585,0.463,0.489,0.481,0.494,0.4885,0.5115,0.5,0.498,-0.301,0.72,0.74118,0.97059,0.5,0.5,0.5,0.5,0.5,0.5,0.76267,0.30044,0.48267,0.47689,0.46667,0.472,0.47022,0.46933,0.70588,1.57647,0.5,0.52353,0.5,0.5,0.5,0.52941,0.517,0.568,0.468,0.5185,0.5035,0.4695,0.4765,0.505,0.621,0.161,0.696
0.88044,0.78178,0.48222,0.48978,0.468,0.46533,0.46489,0.472,0.74118,1.03529,0.49412,0.5,0.51176,0.5,0.5,0.50588,0.5185,0.538,0.469,0.456,0.494,0.501,0.502,0.4965,0.677,0.117,0.74,0.42353,0.0,0.5,0.5,0.5,0.5,0.5,0.5,1.01067,1.01911,0.48267,0.48978,0.46756,0.46533,0.46489,0.472,0.5,0.34118,0.5,0.5,0.5,0.5,0.5,0.5,0.5065,0.4815,0.4685,0.4555,0.496,0.5015,0.502,0.4965,0.747,0.14,0.677
0.97911,0.76178,0.48267,0.48978,0.46756,0.46533,0.46489,0.472,0.43529,0.00588,0.5,0.5,0.50588,0.5,0.5,0.5,0.4935,0.4785,0.4685,0.4555,0.4955,0.5015,0.502,0.4965,0.689,0.183,0.644,0.80588,0.88235,0.5,0.5,0.5,0.5,0.5,0.5,0.97956,0.59289,0.48222,0.48933,0.468,0.46578,0.46489,0.472,0.62941,0.82353,0.5,0.47059,0.5,0.5,0.5,0.5,0.5105,0.51,0.47,0.4555,0.494,0.5,0.5015,0.4965,0.787,0.114,0.617
0.48889,0.46844,0.46667,0.48178,0.46578,0.46489,0.47378,0.46844,0.50588,0.50588,0.5,0.5,0.5,0.5,0.5,0.50588,0.493,0.4945,0.4975,0.488,0.496,0.5,0.5,0.4965,0.06,0.015,1.029,0.78235,0.72941,0.5,0.5,0.5,0.5,0.5,0.5,0.53156,0.52844,0.46667,0.48,0.46533,0.46533,0.47467,0.46889,0.57647,0.64706,0.5,0.5,0.50588,0.5,0.5,0.50588,0.506,0.5065,0.497,0.4975,0.5035,0.4975,0.497,0.4945,0.021,0.002,1.032
0.58267,0.60267,0.46711,0.48,0.46622,0.46533,0.47422,0.46889,0.59412,0.65294,0.5,0.5,0.52941,0.5,0.5,0.5,0.493,0.506,0.4955,0.4975,0.494,0.4975,0.4965,0.4965,-0.006,0.014,1.021,0.65294,0.36471,0.5,0.5,0.5,0.5,0.5,0.5,0.59289,0.60178,0.46711,0.48089,0.46533,0.46489,0.47333,0.46711,0.32353,0.22941,0.5,0.5,0.51176,0.5,0.5,0.51176,0.4435,0.457,0.495,0.494,0.4965,0.5,0.5015,0.5055,0.257,0.037,1.011
0.47156,0.45467,0.46711,0.48089,0.46622,0.46533,0.47333,0.468,0.24706,0.18235,0.5,0.5,0.50588,0.5,0.5,0.50588,0.4695,0.47,0.495,0.4935,0.494,0.4985,0.5015,0.5035,0.347,0.083,0.965,0.95882,0.97059,0.5,0.5,0.5,0.5,0.5,0.5,0.48089,0.42622,0.46578,0.47956,0.46667,0.46444,0.47422,0.46889,1.07059,1.07059,0.5,0.5,0.5,0.5,0.50588,0.50588,0.5245,0.538,0.501,0.502,0.494,0.501,0.498,0.4965,-0.184,-0.009,1.02
0.72178,0.70533,0.46489,0.47956,0.46533,0.46578,0.47422,0.46889,0.88235,0.97059,0.5,0.5,0.50588,0.5,0.5,0.50588,0.5145,0.517,0.504,0.502,0.5035,0.4975,0.497,0.494,-0.309,-0.043,0.951,0.33529,0.0,0.5,0.5,0.5,0.5,0.5,0.5,0.65289,0.67644,0.46889,0.48889,0.46578,0.46667,0.47644,0.468,-0.68235,-0.42941,0.5,0.50588,0.53529,0.51176,0.51176,0.50588,0.4415,0.42,0.486,0.4565,0.4965,0.4925,0.4875,0.5015,0.66,0.183,0.68
0.13467,0.18756,0.46533,0.48933,0.46711,0.46444,0.47733,0.46356,-0.45882,-0.4,0.5,0.49412,0.50588,0.51176,0.54118,0.47647,0.473,0.462,0.501,0.454,0.494,0.4995,0.485,0.5055,0.088,-0.102,0.917,0.97059,0.97059,0.5,0.5,0.5,0.5,0.5,0.5,0.024,0.04356,0.45911,0.47422,0.46622,0.46533,0.47422,0.46844,1.36471,1.39412,0.48824,0.49412,0.5,0.5,0.5,0.5,0.669,0.608,0.531,0.5255,0.4965,0.497,0.497,0.4995,-0.943,-0.195,0.303
0.57778,0.56444,0.45378,0.46978,0.46667,0.46578,0.47422,0.46933,1.78235,1.51176,0.5,0.46471,0.51176,0.5,0.5,0.51176,0.55,0.594,0.5575,0.546,0.4945,0.496,0.497,0.4945,-0.617,-0.366,-0.438,0.22353,0.0,0.5,0.5,0.5,0.5,0.5,0.5,0.80933,0.81067,0.45556,0.46978,0.46578,0.46444,0.47378,0.46667,-0.57647,-0.64706,0.51765,0.5,0.5,0.5,0.50588,0.46471,0.459,0.4645,0.5495,0.5475,0.496,0.5015,0.499,0.5055,-0.804,-0.179,0.391
0.28,0.26533,0.468,0.48089,0.46533,0.46489,0.47333,0.468,-0.51176,-0.44706,0.5,0.5,0.50588,0.5,0.5,0.5,0.435,0.446,0.49,0.4935,0.5035,0.5,0.5005,0.497,-0.915,-0.216,0.338,0.96471,0.97059,0.5,0.5,0.5,0.5,0.5,0.5,0.11289,0.10889,0.468,0.48089,0.46578,0.46444,0.47333,0.46933,1.48824,1.47059,0.5,0.5,0.52353,0.5,0.5,0.49412,0.5375,0.5365,0.4895,0.493,0.496,0.5015,0.5005,0.494,-0.855,-0.148,0.121
0.58711,0.58311,0.45511,0.472,0.46489,0.46489,0.47333,0.46889,1.31176,1.37059,0.5,0.49412,0.5,0.5,0.5,0.5,0.6065,0.594,0.5495,0.5365,0.5055,0.5,0.5005,0.4965,-0.822,-0.326,-0.024,0.24706,0.0,0.5,0.5,0.5,0.5,0.5,0.5,0.81022,0.80844,0.45556,0.47022,0.46578,0.46533,0.47378,0.46711,-0.54118,-0.61765,0.53529,0.50588,0.5,0.50588,0.5,0.46471,0.459,0.4625,0.549,0.5465,0.503,0.4985,0.4995,0.506,-0.881,-0.198,0.389
0.28133,0.26844,0.468,0.48044,0.46489,0.46533,0.47378,0.46756,-0.52941,-0.44118,0.5,0.5,0.49412,0.5,0.5,0.5,0.448,0.447,0.49,0.4955,0.5055,0.498,0.499,0.5015,-0.893,-0.202,0.333,0.97059,0.97059,0.5,0.5,0.5,0.5,0.5,0.5,0.11156,0.10889,0.468,0.48044,0.46533,0.46489,0.47378,0.46933,1.49412,1.47059,0.5,0.5,0.51176,0.5,0.5,0.51176,0.5375,0.536,0.4895,0.4955,0.5035,0.5,0.4985,0.4945,-0.925,-0.212,0.261
0.51822,0.48133,0.48889,0.47156,0.46711,0.46578,0.46044,0.47867,0.50588,0.50588,0.5,0.5,0.50588,0.5,0.5,0.5,0.491,0.493,0.484,0.4955,0.494,0.5,0.5015,0.4965,0.097,0.01,1.031,0.5,0.46471,0.52941,0.48235,0.5,0.5,0.5,0.5,0.51822,0.48089,0.49733,0.47111,0.46711,0.46533,0.46044,0.47867,0.50588,0.5,0.54118,0.5,0.51176,0.5,0.5,0.50588,0.4915,0.488,0.4955,0.469,0.494,0.5005,0.502,0.494,0.084,-0.003,1.025
0.51778,0.47422,0.51156,0.46667,0.46756,0.46533,0.46,0.47867,0.5,0.47647,0.51765,0.48824,0.50588,0.5,0.5,0.50588,0.4915,0.481,0.4985,0.446,0.494,0.502,0.5035,0.494,0.114,-0.034,0.995,0.47059,0.50588,0.41176,0.46471,0.5,0.5,0.5,0.5,0.51778,0.42578,0.51156,0.43067,0.46844,0.46667,0.46044,0.47822,0.50588,0.5,0.41765,0.45882,0.5,0.50588,0.5,0.49412,0.484,0.507,0.437,0.51,0.494,0.495,0.5015,0.4965,0.116,0.002,0.997
0.51867,0.41956,0.47956,0.41289,0.46844,0.46711,0.46133,0.47778,0.50588,0.5,0.47647,0.45882,0.50588,0.5,0.5,0.49412,0.47,0.509,0.376,0.5105,0.494,0.493,0.4975,0.5035,0.21,0.033,1.007,0.47059,0.48235,0.5,0.51176,0.5,0.5,0.5,0.5,0.51867,0.41867,0.42489,0.39289,0.46578,0.46667,0.46178,0.47733,0.50588,0.5,0.5,0.5,0.5,0.5,0.5,0.5,0.4365,0.5075,0.387,0.525,0.5035,0.4945,0.4955,0.5055,0.25,0.058,0.982
0.50622,0.41289,0.42489,0.39289,0.46578,0.46667,0.46178,0.47733,0.5,0.5,0.5,0.5,0.5,0.5,0.5,0.50588,0.433,0.507,0.387,0.553,0.5055,0.495,0.4955,0.5035,0.257,0.053,1.001,0.50588,0.48235,0.50588,0.52941,0.5,0.5,0.5,0.5,0.50622,0.39556,0.42489,0.40356,0.46578,0.46667,0.46178,0.47733,0.50588,0.46471,0.5,0.52353,0.5,0.5,0.5,0.50588,0.4145,0.507,0.3955,0.5845,0.5055,0.495,0.4955,0.5035,0.236,0.057,0.991
0.50622,0.38133,0.42489,0.41644,0.46578,0.46667,0.46178,0.47733,0.50588,0.47647,0.5,0.53529,0.5,0.5,0.5,0.5,0.419,0.5085,0.41,0.5935,0.5055,0.4955,0.4955,0.5055,0.231,0.043,0.988,0.42941,0.54706,0.50588,0.54706,0.5,0.5,0.5,0.5,0.48667,0.36889,0.42489,0.44622,0.46578,0.46533,0.46178,0.47689,0.29412,0.50588,0.5,0.57059,0.5,0.5,0.5,0.5,0.4285,0.5235,0.436,0.6105,0.5055,0.502,0.4955,0.5055,0.264,0.073,0.956
0.40756,0.36889,0.42489,0.47511,0.46578,0.46444,0.46178,0.47689,0.38235,0.5,0.5,0.57059,0.5,0.5,0.5,0.49412,0.4715,0.5495,0.45,0.587,0.5055,0.5055,0.4955,0.5055,0.225,0.084,0.989,0.56471,0.51765,0.54706,0.51176,0.5,0.5,0.5,0.5,0.32533,0.47111,0.41911,0.53778,0.46622,0.46756,0.45422,0.47644,0.45882,0.58824,0.5,0.5,0.50588,0.5,0.5,0.50588,0.5195,0.4905,0.567,0.435,0.5035,0.4905,0.5305,0.5055,0.118,0.05,1.015
0.32444,0.47733,0.42756,0.53778,0.46578,0.46756,0.45422,0.47689,0.50588,0.52941,0.5,0.5,0.5,0.5,0.5,0.50588,0.5555,0.492,0.6425,0.4635,0.5055,0.4905,0.53,0.5055,0.137,0.064,1.035,0.61765,0.49412,0.47059,0.38235,0.5,0.5,0.5,0.5,0.36444,0.48756,0.45244,0.53644,0.46667,0.46711,0.45467,0.47733,0.6,0.50588,0.5,0.37059,0.51176,0.49412,0.5,0.50588,0.6035,0.491,0.612,0.3165,0.4965,0.492,0.5285,0.503,0.108,0.05,0.97
0.42489,0.496,0.452,0.47778,0.46756,0.46444,0.46178,0.47867,0.67059,0.51176,0.5,0.38235,0.50588,0.5,0.5,0.50588,0.591,0.483,0.543,0.315,0.494,0.505,0.4955,0.4945,0.156,0.093,1.009,0.49412,0.44118,0.5,0.55294,0.5,0.5,0.5,0.5,0.58933,0.46756,0.44622,0.38489,0.46756,0.46444,0.46133,0.47867,0.50588,0.35294,0.5,0.53529,0.5,0.5,0.5,0.5,0.4935,0.489,0.487,0.5085,0.494,0.5055,0.497,0.4945,0.243,0.016,0.966
0.588,0.41378,0.448,0.396,0.46578,0.46622,0.46133,0.47733,0.50588,0.43529,0.52941,0.5,0.49412,0.5,0.5,0.50588,0.4935,0.507,0.4795,0.5815,0.505,0.497,0.497,0.5035,-0.099,0.159,1.032,0.35294,0.50588,0.51176,0.57647,0.5,0.5,0.5,0.5,0.60044,0.36489,0.45333,0.43778,0.46578,0.46489,0.46133,0.47733,0.4,0.5,0.5,0.57059,0.5,0.5,0.5,0.5,0.431,0.513,0.4715,0.657,0.5055,0.5015,0.497,0.505,-0.01,0.1,1.01
0.55244,0.36222,0.46267,0.47156,0.46578,0.46444,0.46133,0.47733,0.31765,0.5,0.5,0.59412,0.5,0.5,0.5,0.50588,0.3915,0.517,0.4555,0.6815,0.5055,0.5045,0.497,0.504,-0.012,0.033,1.064,0.53529,0.56471,0.44118,0.45882,0.5,0.5,0.5,0.5,0.38533,0.36267,0.44622,0.53511,0.46756,0.45689,0.46133,0.47689,0.42941,0.50588,0.42353,0.5,0.51176,0.5,0.5,0.5,0.5025,0.547,0.473,0.5275,0.494,0.541,0.4965,0.506,-0.073,-0.063,1.029
0.38178,0.40089,0.408,0.51778,0.46756,0.45733,0.46089,0.47644,0.5,0.58824,0.43529,0.47059,0.50588,0.5,0.5,0.49412,0.513,0.5375,0.5015,0.502,0.494,0.5385,0.4985,0.506,0.025,-0.119,1.02,0.53529,0.51176,0.50588,0.51176,0.5,0.5,0.5,0.5,0.39556,0.49733,0.37244,0.50622,0.46711,0.45778,0.45956,0.47422,0.51765,0.56471,0.5,0.52941,0.50588,0.5,0.5,0.5,0.528,0.4925,0.524,0.4685,0.494,0.5365,0.5055,0.5055,0.034,-0.098,1.027
0.39511,0.51156,0.37244,0.51067,0.46711,0.45867,0.45956,0.47422,0.50588,0.51765,0.5,0.51176,0.5,0.5,0.5,0.5,0.5495,0.49,0.5385,0.476,0.4965,0.533,0.5045,0.5055,0.011,-0.12,1.024,0.55294,0.43529,0.53529,0.43529,0.5,0.5,0.5,0.5,0.42044,0.51689,0.372,0.51422,0.46622,0.45867,0.45956,0.47467,0.50588,0.50588,0.5,0.47059,0.5,0.5,0.5,0.50588,0.568,0.471,0.612,0.3885,0.503,0.5325,0.505,0.5055,0.011,-0.13,1.033
0.42044,0.51733,0.37467,0.492,0.46711,0.45867,0.46044,0.47867,0.50588,0.50588,0.5,0.49412,0.50588,0.5,0.5,0.50588,0.608,0.43,0.6855,0.337,0.497,0.5325,0.502,0.4945,-0.033,-0.113,1.034,0.53529,0.42353,0.58235,0.49412,0.5,0.5,0.5,0.5,0.45689,0.45733,0.42267,0.43733,0.46711,0.45867,0.46578,0.47822,0.50588,0.24118,0.62941,0.4,0.5,0.50588,0.5,0.51765,0.617,0.4485,0.6905,0.4025,0.4945,0.5325,0.477,0.5,-0.37,0.224,1.001
0.576,0.33733,0.50978,0.40622,0.468,0.46711,0.45733,0.48089,0.77059,0.40588,0.63529,0.48235,0.48824,0.5,0.5,0.5,0.498,0.5075,0.493,0.538,0.494,0.493,0.5165,0.4945,-0.18,0.253,0.985,0.36471,0.65294,0.47647,0.55882,0.5,0.5,0.5,0.5,0.58444,0.284,0.55511,0.40267,0.46756,0.46622,0.45644,0.48267,0.47059,0.5,0.5,0.5,0.50588,0.5,0.5,0.51176,0.472,0.5725,0.4535,0.633,0.4945,0.4965,0.5205,0.495,-0.263,0.222,0.958
0.552,0.332,0.55556,0.41067,0.46533,0.46489,0.45644,0.48311,0.44706,0.65882,0.5,0.5,0.5,0.5,0.5,0.50588,0.433,0.6005,0.3945,0.7375,0.505,0.502,0.5205,0.495,-0.358,0.226,0.986,0.52353,0.55294,0.41765,0.52353,0.5,0.5,0.5,0.5,0.464,0.44044,0.51644,0.44622,0.46356,0.45867,0.46133,0.48311,0.5,0.50588,0.41765,0.50588,0.5,0.5,0.5,0.5,0.4595,0.611,0.383,0.77,0.5055,0.532,0.4985,0.495,-0.458,0.048,0.867
0.44756,0.50133,0.44933,0.48133,0.46711,0.45733,0.46178,0.47689,0.34118,0.62941,0.34706,0.5,0.5,0.5,0.5,0.50588,0.489,0.547,0.4885,0.661,0.4955,0.539,0.496,0.5055,-0.417,-0.398,0.826,0.47647,0.4,0.52941,0.43529,0.5,0.5,0.5,0.5,0.41867,0.60044,0.39289,0.50978,0.46489,0.46622,0.46133,0.47822,0.5,0.5,0.5,0.44118,0.5,0.5,0.5,0.51176,0.507,0.4665,0.586,0.489,0.5055,0.4965,0.497,0.4945,-0.362,-0.399,0.887
0.40533,0.55156,0.39289,0.47822,0.46489,0.46622,0.46222,0.47867,0.5,0.34706,0.50588,0.43529,0.5,0.5,0.5,0.50588,0.5075,0.473,0.6545,0.485,0.5055,0.4965,0.494,0.4945,-0.342,-0.364,0.902,0.59412,0.50588,0.48235,0.52941,0.5,0.5,0.5,0.5,0.38311,0.45378,0.40444,0.44311,0.46489,0.46622,0.46622,0.47822,0.50588,0.50588,0.5,0.51765,0.5,0.5,0.5,0.50588,0.551,0.5065,0.6565,0.5145,0.505,0.4965,0.475,0.4955,-0.422,-0.278,0.901
0.41733,0.456,0.40444,0.45556,0.46489,0.46622,0.46622,0.47822,0.65294,0.5,0.5,0.50588,0.50588,0.5,0.5,0.5,0.5555,0.507,0.614,0.5285,0.5055,0.4965,0.475,0.4965,-0.482,-0.25,0.892,0.51176,0.44118,0.52941,0.52353,0.5,0.5,0.5,0.5,0.49511,0.43867,0.40444,0.476,0.46489,0.46622,0.46622,0.47822,0.50588,0.45882,0.5,0.52353,0.50588,0.5,0.5,0.5,0.5385,0.4935,0.609,0.5515,0.5055,0.4965,0.475,0.4965,-0.486,-0.242,0.882
0.49511,0.408,0.40444,0.48889,0.46489,0.46622,0.46622,0.47822,0.50588,0.43529,0.5,0.53529,0.50588,0.5,0.5,0.51176,0.5455,0.4955,0.6805,0.5465,0.505,0.4965,0.475,0.4965,-0.517,-0.217,0.825,0.44118,0.58824,0.51176,0.42941,0.5,0.5,0.5,0.5,0.49511,0.37778,0.42844,0.48533,0.46489,0.46444,0.46622,0.47733,0.50588,0.57647,0.5,0.44706,0.50588,0.5,0.5,0.5,0.5255,0.5195,0.669,0.5075,0.505,0.504,0.475,0.5035,-0.596,-0.197,0.829
0.49378,0.42489,0.42844,0.44978,0.46489,0.46489,0.46622,0.47733,0.48235,0.60588,0.5,0.44118,0.50588,0.5,0.5,0.5,0.5065,0.518,0.6975,0.5,0.505,0.5035,0.4745,0.5035,-0.598,-0.133,0.856,0.43529,0.48235,0.55294,0.57647,0.5,0.5,0.5,0.5,0.43422,0.48622,0.45511,0.41867,0.46578,0.46711,0.46622,0.47689,0.4,0.50588,0.5,0.58235,0.5,0.5,0.5,0.5,0.5085,0.5075,0.688,0.586,0.5045,0.4925,0.4745,0.5055,-0.646,-0.16,0.787
0.40178,0.48622,0.49156,0.45511,0.46533,0.46667,0.46622,0.47689,0.43529,0.5,0.53529,0.55294,0.50588,0.5,0.5,0.50588,0.508,0.5045,0.6445,0.5985,0.5055,0.493,0.4745,0.5045,-0.656,-0.181,0.741,0.55882,0.49412,0.42941,0.42353,0.5,0.5,0.5,0.5,0.36444,0.46844,0.52089,0.48889,0.46533,0.46667,0.46622,0.47689,0.5,0.48235,0.47059,0.44118,0.5,0.5,0.5,0.50588,0.527,0.507,0.5425,0.5295,0.5055,0.4935,0.4745,0.5055,-0.628,-0.19,0.769
0.36578,0.46667,0.48356,0.452,0.46533,0.46667,0.46622,0.47689,0.50588,0.5,0.43529,0.44118,0.5,0.5,0.5,0.50588,0.561,0.507,0.547,0.5205,0.5055,0.4935,0.4745,0.5035,-0.646,-0.153,0.773,0.5,0.48824,0.55294,0.49412,0.5,0.5,0.5,0.5,0.40711,0.46356,0.44044,0.40356,0.46533,0.46667,0.46622,0.47689,0.50588,0.5,0.5,0.5,0.50588,0.5,0.5,0.5,0.546,0.5055,0.6365,0.5265,0.5055,0.4935,0.4745,0.5055,-0.92,-0.256,0.614
0.40711,0.45778,0.45822,0.40356,0.46578,0.46667,0.464,0.47733,0.50588,0.48824,0.5,0.5,0.50588,0.5,0.5,0.50588,0.546,0.5065,0.681,0.5125,0.504,0.4935,0.485,0.5035,-0.83,-0.172,0.626,0.57059,0.47059,0.46471,0.56471,0.5,0.5,0.5,0.5,0.40711,0.44044,0.47778,0.41378,0.46578,0.46667,0.46311,0.47778,0.50588,0.48235,0.5,0.53529,0.50588,0.5,0.5,0.51176,0.5855,0.5045,0.6825,0.5495,0.5055,0.4935,0.4895,0.5,-0.861,-0.107,0.518
0.46622,0.46578,0.46578,0.46533,0.46444,0.46578,0.46622,0.46622,0.50588,0.50588,0.5,0.5,0.5,0.5,0.5,0.5,0.5,0.5,0.5,0.5,0.5,0.5,0.5,0.5,0.053,0.014,1.032,0.5,0.5,0.5,0.5,0.5,0.5,0.5,0.5,0.46622,0.46578,0.46578,0.46533,0.46444,0.46578,0.46622,0.46622,0.50588,0.50588,0.5,0.5,0.5,0.5,0.5,0.5,0.5,0.5,0.5,0.5005,0.5,0.5,0.5,0.5,0.045,0.017,1.033
0.46622,0.46578,0.46578,0.46533,0.46444,0.46578,0.46622,0.46622,0.50588,0.50588,0.5,0.5,0.5,0.5,0.5,0.5,0.5,0.5,0.5,0.501,0.5,0.5,0.5,0.5,0.042,0.017,1.029,0.5,0.5,0.5,0.5,0.5,0.5,0.5,0.5,0.46622,0.46578,0.46533,0.46533,0.46444,0.46578,0.46622,0.46622,0.50588,0.50588,0.5,0.5,0.5,0.5,0.5,0.5,0.5,0.5,0.5015,0.5015,0.5,0.5,0.5,0.5,0.04,0.011,1.035
0.46622,0.46578,0.46533,0.46533,0.46444,0.46578,0.46622,0.46622,0.50588,0.50588,0.5,0.5,0.5,0.5,0.5,0.5,0.5,0.5,0.5015,0.5015,0.5,0.5,0.5,0.5,0.036,0.014,1.034,0.5,0.5,0.5,0.5,0.5,0.5,0.5,0.5,0.46622,0.46578,0.46533,0.46533,0.464,0.46578,0.46622,0.46622,0.50588,0.5,0.5,0.5,0.5,0.5,0.5,0.5,0.5,0.5,0.501,0.5015,0.5035,0.5,0.5,0.5,0.029,0.007,1.033
0.46622,0.46578,0.46533,0.46533,0.464,0.46578,0.46622,0.46622,0.50588,0.50588,0.5,0.5,0.5,0.5,0.5,0.5,0.5,0.5,0.501,0.5015,0.5035,0.5,0.5,0.5,0.022,0.009,1.034,0.5,0.5,0.5,0.5,0.5,0.5,0.5,0.5,0.46578,0.46533,0.46489,0.46533,0.464,0.46578,0.46622,0.46622,0.5,0.5,0.5,0.5,0.50588,0.5,0.5,0.5,0.5045,0.5045,0.502,0.5015,0.5035,0.5,0.5,0.5,0.021,0.01,1.031
0.46578,0.46533,0.46489,0.46533,0.464,0.46578,0.46622,0.46622,0.50588,0.50588,0.5,0.5,0.5,0.5,0.5,0.5,0.504,0.5015,0.502,0.5015,0.5035,0.5,0.5,0.5,0.017,0.012,1.034,0.5,0.5,0.5,0.5,0.5,0.5,0.5,0.5,0.46533,0.46533,0.46533,0.46533,0.464,0.46578,0.46622,0.46622,0.50588,0.5,0.5,0.5,0.50588,0.5,0.5,0.5,0.504,0.5045,0.502,0.5015,0.5035,0.5,0.5,0.5,0.018,0.016,1.033
0.46533,0.46533,0.46489,0.46533,0.464,0.46578,0.46622,0.46622,0.50588,0.50588,0.5,0.5,0.5,0.5,0.5,0.5,0.504,0.5045,0.502,0.5015,0.5035,0.5,0.5,0.5,0.016,0.01,1.039,0.5,0.5,0.5,0.5,0.5,0.5,0.5,0.5,0.46533,0.46533,0.46489,0.46533,0.464,0.46578,0.46622,0.46622,0.5,0.50588,0.5,0.5,0.5,0.5,0.5,0.5,0.5045,0.503,0.5025,0.5015,0.5035,0.5,0.5,0.5,0.017,0.011,1.034
0.46578,0.46533,0.46533,0.46533,0.464,0.46578,0.46622,0.46622,0.50588,0.50588,0.5,0.5,0.50588,0.5,0.5,0.5,0.504,0.5045,0.5025,0.5015,0.5035,0.5,0.5,0.5,0.019,0.007,1.032,0.5,0.5,0.5,0.5,0.5,0.5,0.5,0.5,0.46533,0.46533,0.46489,0.46533,0.464,0.46578,0.46622,0.46622,0.50588,0.5,0.5,0.5,0.5,0.5,0.5,0.5,0.504,0.5045,0.5025,0.5015,0.5035,0.5,0.5,0.5,0.016,0.009,1.034
0.46578,0.46533,0.46533,0.46533,0.464,0.46578,0.46622,0.46622,0.5,0.5,0.5,0.5,0.50588,0.5,0.5,0.5,0.504,0.5045,0.5025,0.5015,0.5035,0.5,0.5,0.5,0.015,0.006,1.034,0.5,0.5,0.5,0.5,0.5,0.5,0.5,0.5,0.46578,0.46533,0.46489,0.46533,0.464,0.46578,0.46622,0.46622,0.5,0.50588,0.5,0.5,0.50588,0.5,0.5,0.5,0.5045,0.5045,0.5025,0.501,0.5035,0.5,0.5,0.5,0.016,0.006,1.037
0.46578,0.46533,0.46489,0.46533,0.464,0.46578,0.46622,0.46622,0.5,0.5,0.5,0.5,0.5,0.5,0.5,0.5,0.504,0.5045,0.5025,0.501,0.504,0.5,0.5,0.5,0.017,0.007,1.034,0.5,0.5,0.5,0.5,0.5,0.5,0.5,0.5,0.46578,0.46533,0.46533,0.46533,0.464,0.46578,0.46622,0.46622,0.5,0.50588,0.5,0.5,0.50588,0.5,0.5,0.5,0.5025,0.5045,0.5025,0.501,0.503,0.5,0.5,0.5,0.015,0.007,1.03
0.46578,0.46533,0.46533,0.46533,0.464,0.46578,0.46622,0.46622,0.50588,0.5,0.5,0.5,0.5,0.5,0.5,0.5,0.5045,0.505,0.5025,0.501,0.5035,0.5,0.5,0.5,0.015,0.01,1.028,0.5,0.5,0.5,0.5,0.5,0.5,0.5,0.5,0.46578,0.46533,0.46533,0.46533,0.464,0.46578,0.46622,0.46622,0.5,0.5,0.5,0.5,0.5,0.5,0.5,0.5,0.504,0.5045,0.5025,0.501,0.5035,0.5,0.5,0.5,0.017,0.009,1.033
0.46578,0.46533,0.46533,0.46533,0.464,0.46578,0.46622,0.46622,0.5,0.5,0.5,0.5,0.5,0.5,0.5,0.5,0.504,0.5045,0.5025,0.501,0.5035,0.5,0.5,0.5,0.011,0.01,1.033,0.5,0.5,0.5,0.5,0.5,0.5,0.5,0.5,0.46578,0.46533,0.46533,0.46533,0.464,0.46578,0.46622,0.46622,0.5,0.5,0.5,0.5,0.50588,0.5,0.5,0.5,0.504,0.5045,0.5025,0.501,0.5035,0.5,0.5,0.5,0.011,0.008,1.032
0.46533,0.46533,0.46533,0.46533,0.464,0.46578,0.46622,0.46622,0.50588,0.5,0.5,0.5,0.50588,0.5,0.5,0.5,0.5035,0.5045,0.5025,0.501,0.5025,0.5,0.5,0.5,0.014,0.009,1.033,0.5,0.5,0.5,0.5,0.5,0.5,0.5,0.5,0.46578,0.46533,0.46489,0.46533,0.464,0.46578,0.46622,0.46622,0.5,0.5,0.5,0.5,0.50588,0.5,0.5,0.5,0.504,0.5045,0.5025,0.501,0.5035,0.4995,0.5,0.5,0.012,0.01,1.033
0.46533,0.46533,0.46489,0.46533,0.464,0.46578,0.46622,0.46622,0.50588,0.5,0.5,0.5,0.5,0.5,0.5,0.5,0.5045,0.5045,0.503,0.501,0.5035,0.5,0.5,0.5,0.006,0.007,1.029,0.5,0.5,0.5,0.5,0.5,0.5,0.5,0.5,0.46578,0.46533,0.46489,0.46533,0.46356,0.46578,0.46622,0.46622,0.5,0.5,0.5,0.5,0.50588,0.5,0.5,0.5,0.5045,0.505,0.503,0.501,0.5035,0.5,0.5,0.5,0.013,0.006,1.033
0.46578,0.46533,0.46533,0.46533,0.464,0.46578,0.46622,0.46622,0.5,0.5,0.5,0.5,0.50588,0.5,0.5,0.5,0.504,0.505,0.5025,0.501,0.5035,0.5,0.5,0.5,0.008,0.007,1.033,0.5,0.5,0.5,0.5,0.5,0.5,0.5,0.5,0.46578,0.46533,0.46489,0.46533,0.464,0.46578,0.46622,0.46622,0.50588,0.5,0.5,0.5,0.5,0.5,0.5,0.5,0.5035,0.5045,0.5025,0.501,0.5035,0.5,0.5,0.5,0.008,0.005,1.031
0.46578,0.46533,0.46489,0.46533,0.464,0.46578,0.46622,0.46622,0.50588,0.5,0.5,0.5,0.50588,0.5,0.5,0.5,0.504,0.5045,0.5025,0.501,0.5035,0.5,0.5,0.5,0.014,0.01,1.034,0.5,0.5,0.5,0.5,0.5,0.5,0.5,0.5,0.46578,0.46533,0.46533,0.46533,0.464,0.46578,0.46622,0.46622,0.50588,0.5,0.5,0.5,0.50588,0.5,0.5,0.5,0.504,0.5045,0.5025,0.501,0.5035,0.5,0.5,0.5,0.004,0.011,1.033
0.46578,0.46533,0.46533,0.46533,0.464,0.46578,0.46622,0.46622,0.5,0.5,0.5,0.5,0.50588,0.5,0.5,0.5,0.504,0.5045,0.5025,0.501,0.5035,0.5,0.5,0.5,0.013,0.009,1.034,0.5,0.5,0.5,0.5,0.5,0.5,0.5,0.5,0.46533,0.46533,0.46533,0.46533,0.464,0.46578,0.46622,0.46622,0.50588,0.5,0.5,0.5,0.50588,0.5,0.5,0.5,0.5045,0.5045,0.5025,0.501,0.5035,0.5,0.5,0.5,0.012,0.007,1.034
0.46578,0.46533,0.46489,0.46533,0.464,0.46578,0.46622,0.46622,0.5,0.5,0.5,0.5,0.5,0.5,0.5,0.5,0.504,0.505,0.503,0.501,0.503,0.5,0.5,0.5,0.013,0.005,1.03,0.5,0.5,0.5,0.5,0.5,0.5,0.5,0.5,0.46578,0.46533,0.46533,0.46533,0.464,0.46578,0.46622,0.46622,0.50588,0.5,0.5,0.5,0.50588,0.5,0.5,0.5,0.504,0.5045,0.5025,0.501,0.502,0.5,0.5,0.5,0.009,0.011,1.034
0.46533,0.46533,0.46489,0.46533,0.464,0.46578,0.46622,0.46622,0.5,0.5,0.5,0.5,0.50588,0.5,0.5,0.5,0.504,0.5045,0.5025,0.501,0.5035,0.5,0.5,0.5,0.009,0.01,1.032,0.5,0.5,0.5,0.5,0.5,0.5,0.5,0.5,0.46578,0.46533,0.46489,0.46533,0.46356,0.46578,0.46622,0.46622,0.5,0.5,0.5,0.5,0.50588,0.5,0.5,0.5,0.504,0.5045,0.5025,0.501,0.5035,0.5,0.5,0.5,0.009,0.01,1.031
0.46578,0.46533,0.46489,0.46533,0.464,0.46578,0.46622,0.46622,0.5,0.5,0.5,0.5,0.5,0.5,0.5,0.5,0.5045,0.5045,0.5025,0.501,0.5035,0.5,0.5,0.5,0.009,0.008,1.032,0.5,0.5,0.5,0.5,0.5,0.5,0.5,0.5,0.46578,0.46533,0.46533,0.46533,0.464,0.46578,0.46622,0.46622,0.50588,0.5,0.5,0.5,0.5,0.5,0.5,0.5,0.504,0.5045,0.503,0.501,0.5035,0.4995,0.5,0.5,0.012,0.006,1.03
0.46533,0.46533,0.46489,0.46533,0.464,0.46578,0.46622,0.46622,0.50588,0.5,0.5,0.5,0.50588,0.5,0.5,0.5,0.504,0.5045,0.503,0.501,0.504,0.5,0.5,0.5,0.013,0.009,1.029,0.5,0.5,0.5,0.5,0.5,0.5,0.5,0.5,0.46533,0.46533,0.46533,0.46489,0.464,0.46578,0.46622,0.46622,0.50588,0.5,0.5,0.5,0.50588,0.5,0.5,0.5,0.5045,0.5045,0.503,0.501,0.5035,0.5,0.5,0.5,0.01,0.006,1.031
0.46533,0.46533,0.46533,0.46533,0.464,0.46578,0.46622,0.46622,0.50588,0.5,0.5,0.5,0.50588,0.5,0.5,0.5,0.504,0.5045,0.5025,0.501,0.5035,0.5,0.5,0.5,0.012,0.006,1.034,0.5,0.5,0.5,0.5,0.5,0.5,0.5,0.5,0.46578,0.46533,0.46489,0.46489,0.464,0.46578,0.46622,0.46622,0.5,0.5,0.5,0.5,0.50588,0.5,0.5,0.5,0.5045,0.505,0.503,0.501,0.5035,0.5,0.5,0.5,0.007,0.008,1.031
0.46533,0.46533,0.46533,0.46533,0.464,0.46578,0.46622,0.46622,0.50588,0.5,0.5,0.5,0.5,0.5,0.5,0.5,0.5045,0.505,0.503,0.501,0.504,0.5,0.5,0.5,0.014,0.007,1.032,0.5,0.5,0.5,0.5,0.5,0.5,0.5,0.5,0.46533,0.46533,0.46533,0.46533,0.464,0.46578,0.46622,0.46622,0.50588,0.5,0.5,0.5,0.5,0.5,0.5,0.5,0.504,0.5045,0.5025,0.501,0.5035,0.5,0.5,0.5,0.007,0.008,1.034
0.46578,0.46533,0.46489,0.46533,0.464,0.46578,0.46622,0.46622,0.50588,0.5,0.5,0.5,0.5,0.5,0.5,0.5,0.5045,0.505,0.5025,0.501,0.5035,0.5,0.5,0.5,0.008,0.007,1.034,0.5,0.5,0.5,0.5,0.5,0.5,0.5,0.5,0.46578,0.46533,0.46489,0.46533,0.464,0.46578,0.46622,0.46622,0.50588,0.5,0.5,0.5,0.5,0.5,0.5,0.5,0.5045,0.5045,0.503,0.5015,0.5035,0.5,0.5,0.5,0.007,0.005,1.035
0.46533,0.46533,0.46489,0.46533,0.464,0.46578,0.46622,0.46622,0.50588,0.5,0.5,0.5,0.5,0.5,0.5,0.5,0.504,0.5045,0.5025,0.501,0.5035,0.5,0.5,0.5,0.007,0.008,1.03,0.5,0.5,0.5,0.5,0.5,0.5,0.5,0.5,0.46578,0.46533,0.46533,0.46533,0.46356,0.46578,0.46622,0.46622,0.50588,0.5,0.5,0.5,0.5,0.5,0.5,0.5,0.504,0.5045,0.5025,0.501,0.5035,0.5,0.5,0.5,0.01,0.004,1.029
0.46578,0.46533,0.46489,0.46533,0.464,0.46578,0.46622,0.46622,0.5,0.5,0.5,0.5,0.50588,0.5,0.5,0.5,0.504,0.5045,0.503,0.501,0.5035,0.5,0.5,0.5,0.008,0.01,1.03,0.5,0.5,0.5,0.5,0.5,0.5,0.5,0.5,0.46533,0.46533,0.46489,0.46533,0.464,0.46578,0.46622,0.46622,0.49412,0.5,0.5,0.5,0.50588,0.5,0.5,0.5,0.5045,0.5045,0.503,0.501,0.5035,0.5,0.5,0.5,0.007,0.009,1.031
0.46533,0.46533,0.46533,0.46533,0.464,0.46578,0.46622,0.46622,0.5,0.5,0.5,0.5,0.50588,0.5,0.5,0.5,0.504,0.5045,0.5025,0.501,0.5035,0.5,0.5,0.5,0.007,0.006,1.031,0.5,0.5,0.5,0.5,0.5,0.5,0.5,0.5,0.46578,0.46533,0.46489,0.46533,0.464,0.46578,0.46622,0.46622,0.50588,0.5,0.5,0.5,0.50588,0.5,0.5,0.5,0.5035,0.5045,0.503,0.501,0.5035,0.5,0.5,0.5,0.003,0.009,1.032
0.46533,0.46533,0.46533,0.46533,0.464,0.46578,0.46622,0.46622,0.5,0.5,0.5,0.5,0.50588,0.5,0.5,0.5,0.504,0.5045,0.503,0.501,0.5035,0.5,0.5,0.5,0.01,0.006,1.034,0.5,0.5,0.5,0.5,0.5,0.5,0.5,0.5,0.46578,0.46533,0.46489,0.46489,0.464,0.46578,0.46622,0.46622,0.50588,0.5,0.5,0.5,0.5,0.5,0.5,0.5,0.504,0.5045,0.503,0.501,0.503,0.5,0.5,0.5,0.008,0.006,1.037
0.46533,0.46533,0.46489,0.46489,0.464,0.46578,0.46622,0.46622,0.5,0.5,0.5,0.5,0.50588,0.5,0.5,0.5,0.504,0.5045,0.5035,0.501,0.5035,0.5,0.5,0.5,0.004,0.005,1.032,0.5,0.5,0.5,0.5,0.5,0.5,0.5,0.5,0.46533,0.46533,0.46489,0.46533,0.464,0.46578,0.46622,0.46622,0.5,0.5,0.5,0.5,0.5,0.5,0.5,0.5,0.5045,0.5045,0.503,0.501,0.5035,0.5,0.5,0.5,0.008,0.007,1.035
0.46533,0.46533,0.46533,0.46533,0.464,0.46578,0.46622,0.46622,0.5,0.5,0.5,0.5,0.50588,0.5,0.5,0.5,0.504,0.5045,0.503,0.501,0.5035,0.5,0.5,0.5,0.011,0.011,1.03,0.5,0.5,0.5,0.5,0.5,0.5,0.5,0.5,0.46578,0.46533,0.46489,0.46533,0.464,0.46578,0.46622,0.46622,0.50588,0.5,0.5,0.5,0.50588,0.5,0.5,0.5,0.504,0.5045,0.503,0.501,0.5025,0.5,0.5,0.5,0.008,0.008,1.033
0.46578,0.46533,0.46489,0.46533,0.464,0.46578,0.46622,0.46622,0.50588,0.5,0.5,0.5,0.50588,0.5,0.5,0.5,0.5045,0.5045,0.503,0.501,0.5035,0.5,0.5,0.5,0.008,0.005,1.03,0.5,0.5,0.5,0.5,0.5,0.5,0.5,0.5,0.46578,0.46533,0.46533,0.46489,0.464,0.46578,0.46622,0.46622,0.50588,0.5,0.5,0.5,0.50588,0.5,0.5,0.5,0.504,0.505,0.5035,0.501,0.5035,0.5,0.5,0.5,0.005,0.006,1.031
0.46578,0.46533,0.46489,0.46533,0.464,0.46578,0.46622,0.46622,0.50588,0.5,0.5,0.5,0.50588,0.5,0.5,0.5,0.504,0.505,0.5035,0.501,0.5035,0.5,0.5,0.5,0.009,0.006,1.033,0.5,0.5,0.5,0.5,0.5,0.5,0.5,0.5,0.46578,0.46533,0.46489,0.46533,0.464,0.46578,0.46622,0.46622,0.50588,0.5,0.5,0.5,0.50588,0.5,0.5,0.5,0.504,0.5045,0.5035,0.501,0.5035,0.5,0.5,0.5,0.012,0.007,1.036
0.46578,0.46533,0.46489,0.46533,0.464,0.46578,0.46622,0.46622,0.50588,0.5,0.5,0.5,0.5,0.5,0.5,0.5,0.504,0.5045,0.504,0.501,0.5035,0.5,0.5,0.5,0.006,0.004,1.033,0.5,0.5,0.5,0.5,0.5,0.5,0.5,0.5,0.46578,0.46533,0.46489,0.46533,0.464,0.46578,0.46622,0.46622,0.50588,0.5,0.5,0.5,0.50588,0.5,0.5,0.5,0.5045,0.5045,0.504,0.501,0.5035,0.5,0.5,0.5,0.009,0.007,1.03
0.49644,0.46578,0.46578,0.46578,0.46311,0.46578,0.46622,0.46667,0.50588,0.5,0.5,0.5,0.50588,0.5,0.5,0.50588,0.493,0.5,0.5,0.4995,0.5,0.5,0.5,0.5,0.052,0.019,1.031,0.50588,0.51176,0.52941,0.51765,0.5,0.5,0.5,0.5,0.496,0.46978,0.47689,0.472,0.46311,0.46578,0.46622,0.46711,0.5,0.51765,0.52941,0.51765,0.50588,0.5,0.5,0.50588,0.4935,0.506,0.5,0.5,0.5,0.4995,0.5,0.496,0.041,0.009,1.034
0.496,0.47556,0.492,0.48133,0.46311,0.46578,0.46622,0.46711,0.5,0.52941,0.53529,0.52353,0.5,0.5,0.5,0.50588,0.4935,0.5,0.4985,0.4965,0.5,0.4995,0.5,0.4965,0.007,0.005,1.026,0.49412,0.42941,0.47059,0.46471,0.5,0.5,0.5,0.5,0.49733,0.47556,0.504,0.48667,0.46311,0.46578,0.46578,0.46711,0.5,0.45882,0.47059,0.47059,0.5,0.5,0.5,0.50588,0.4935,0.4865,0.471,0.463,0.5,0.4995,0.5015,0.4945,0.062,0.009,1.032
0.49733,0.43911,0.48667,0.468,0.46356,0.46578,0.46578,0.46756,0.5,0.41765,0.47647,0.46471,0.51176,0.50588,0.5,0.50588,0.4935,0.4885,0.482,0.467,0.494,0.4985,0.501,0.4945,0.074,0.023,1.027,0.51765,0.5,0.45294,0.5,0.5,0.5,0.5,0.5,0.49689,0.37822,0.45333,0.44,0.46444,0.46667,0.46711,0.46667,0.5,0.5,0.44706,0.5,0.50588,0.5,0.5,0.5,0.493,0.507,0.482,0.5015,0.494,0.4955,0.4955,0.5,0.076,0.048,1.027
0.50444,0.37778,0.43022,0.44,0.46444,0.46667,0.46711,0.46578,0.50588,0.5,0.45882,0.5,0.5,0.5,0.5,0.49412,0.4955,0.507,0.481,0.5015,0.494,0.4955,0.4955,0.5035,0.096,0.046,1.04,0.47647,0.55882,0.48824,0.53529,0.5,0.5,0.5,0.5,0.51422,0.37956,0.39378,0.44489,0.46222,0.46667,0.46711,0.46578,0.50588,0.51765,0.49412,0.51176,0.50588,0.5,0.5,0.5,0.492,0.515,0.4995,0.5335,0.505,0.4955,0.4955,0.505,0.078,0.047,1.039
0.51422,0.39644,0.388,0.45689,0.46178,0.46578,0.46711,0.46622,0.50588,0.55882,0.49412,0.52941,0.50588,0.5,0.5,0.5,0.485,0.5245,0.499,0.563,0.5035,0.4985,0.4955,0.505,0.073,0.023,1.043,0.48824,0.47647,0.55294,0.43529,0.5,0.5,0.5,0.5,0.48578,0.43778,0.39289,0.46711,0.46222,0.46578,0.46578,0.46622,0.42941,0.50588,0.52353,0.43529,0.51176,0.5,0.5,0.50588,0.493,0.5115,0.528,0.501,0.5055,0.4995,0.5015,0.503,0.038,0.007,1.031
0.468,0.43822,0.41333,0.43822,0.46311,0.46578,0.46667,0.46756,0.49412,0.50588,0.53529,0.44118,0.5,0.5,0.5,0.50588,0.5065,0.507,0.558,0.491,0.499,0.4995,0.4975,0.4945,0.043,0.007,1.018,0.53529,0.47647,0.47059,0.58824,0.5,0.5,0.5,0.5,0.46133,0.42267,0.44089,0.42578,0.46356,0.46667,0.46711,0.46667,0.5,0.48235,0.5,0.58235,0.5,0.5,0.5,0.49412,0.5105,0.494,0.5315,0.5095,0.4965,0.4955,0.4955,0.503,0.037,0.033,1.03
0.47111,0.41067,0.43022,0.46756,0.46311,0.46667,0.46711,0.46578,0.57647,0.47059,0.47059,0.57647,0.5,0.5,0.5,0.5,0.5135,0.5,0.509,0.5245,0.5,0.4955,0.4955,0.5055,0.008,0.0,1.025,0.47647,0.52941,0.57647,0.45882,0.5,0.5,0.5,0.5,0.50756,0.39244,0.43289,0.51022,0.46267,0.46578,0.46667,0.46711,0.47059,0.50588,0.55882,0.46471,0.50588,0.5,0.5,0.5,0.4935,0.5115,0.5365,0.501,0.5035,0.499,0.497,0.4965,-0.019,-0.0,1.038
0.492,0.40267,0.468,0.49067,0.46356,0.46622,0.46667,0.46711,0.47059,0.54118,0.57647,0.46471,0.50588,0.5,0.5,0.49412,0.5,0.513,0.5555,0.4955,0.4965,0.4975,0.497,0.4945,-0.064,0.002,1.054,0.45882,0.50588,0.44118,0.52941,0.5,0.5,0.5,0.5,0.46533,0.42978,0.50667,0.47556,0.46444,0.46667,0.46711,0.46667,0.47647,0.50588,0.44118,0.52941,0.5,0.5,0.5,0.5,0.4935,0.509,0.493,0.5005,0.494,0.4975,0.496,0.5,-0.055,0.01,1.033
0.44622,0.42933,0.476,0.48,0.46222,0.46622,0.46711,0.46578,0.44706,0.5,0.44118,0.51765,0.5,0.5,0.5,0.5,0.4935,0.5105,0.4965,0.548,0.506,0.4975,0.4955,0.505,-0.001,-0.016,1.034,0.48824,0.5,0.54706,0.49412,0.5,0.5,0.5,0.5,0.41467,0.42933,0.45333,0.49733,0.46267,0.46622,0.46533,0.46578,0.48824,0.50588,0.54118,0.5,0.50588,0.5,0.5,0.50588,0.504,0.5125,0.5125,0.5395,0.5035,0.4975,0.502,0.5045,-0.009,-0.014,1.029
0.408,0.42933,0.47378,0.49733,0.46267,0.46622,0.46533,0.46622,0.47647,0.50588,0.54118,0.5,0.50588,0.5,0.5,0.50588,0.5065,0.5125,0.5295,0.525,0.5035,0.4975,0.5015,0.5035,-0.036,-0.008,1.027,0.57647,0.48824,0.42941,0.43529,0.5,0.5,0.5,0.5,0.4,0.43067,0.48089,0.47956,0.46356,0.46622,0.46578,0.46711,0.52353,0.50588,0.42941,0.43529,0.5,0.5,0.5,0.5,0.522,0.509,0.5005,0.4915,0.4965,0.4975,0.5015,0.4945,0.004,-0.006,1.038
0.43689,0.43111,0.44444,0.44622,0.46356,0.46622,0.46667,0.46711,0.6,0.50588,0.43529,0.43529,0.50588,0.5,0.5,0.50588,0.522,0.507,0.502,0.4925,0.4965,0.4975,0.498,0.4945,0.037,0.012,1.034,0.5,0.50588,0.52941,0.5,0.5,0.5,0.5,0.5,0.49822,0.43111,0.40444,0.40667,0.46356,0.46622,0.46667,0.46711,0.50588,0.50588,0.5,0.5,0.50588,0.5,0.5,0.5,0.51,0.507,0.555,0.499,0.494,0.4975,0.497,0.4955,0.049,0.023,1.025
0.49778,0.432,0.41467,0.40667,0.464,0.46622,0.46667,0.46756,0.50588,0.51176,0.50588,0.5,0.5,0.5,0.5,0.50588,0.5105,0.507,0.5785,0.499,0.494,0.4975,0.497,0.4945,0.004,0.008,1.041,0.42941,0.50588,0.52941,0.58824,0.5,0.5,0.5,0.5,0.48578,0.44089,0.44356,0.43422,0.464,0.46667,0.46667,0.46711,0.43529,0.50588,0.5,0.58235,0.51176,0.5,0.5,0.5,0.4955,0.507,0.57,0.5095,0.494,0.4965,0.497,0.4965,-0.029,0.005,1.038
0.44889,0.44044,0.46489,0.47289,0.46356,0.46622,0.46667,0.46578,0.43529,0.5,0.54706,0.57059,0.5,0.5,0.5,0.5,0.4955,0.507,0.5425,0.538,0.4965,0.4975,0.4965,0.505,-0.04,-0.041,1.018,0.57647,0.56471,0.52941,0.43529,0.5,0.5,0.5,0.5,0.41022,0.448,0.49333,0.51111,0.46267,0.46622,0.46622,0.46622,0.5,0.58824,0.51176,0.45294,0.50588,0.5,0.5,0.50588,0.5225,0.5145,0.536,0.499,0.5035,0.4975,0.4995,0.503,-0.104,-0.032,1.023
0.43467,0.49867,0.5,0.48,0.46356,0.46622,0.46667,0.46711,0.64118,0.58235,0.53529,0.44118,0.51176,0.5,0.5,0.5,0.5305,0.5065,0.576,0.4915,0.494,0.4975,0.497,0.496,-0.134,-0.017,0.996,0.48235,0.47647,0.48235,0.54706,0.5,0.5,0.5,0.5,0.51111,0.54756,0.52222,0.45689,0.464,0.46622,0.46667,0.46756,0.57059,0.50588,0.5,0.53529,0.5,0.5,0.5,0.50588,0.506,0.49,0.526,0.499,0.494,0.4975,0.497,0.4945,-0.168,-0.02,1.015
0.51467,0.54444,0.51822,0.47733,0.464,0.46622,0.46667,0.46711,0.51176,0.48235,0.49412,0.54118,0.5,0.5,0.5,0.5,0.4925,0.485,0.5,0.512,0.494,0.4975,0.497,0.4965,-0.156,-0.019,1.027,0.48824,0.45882,0.51176,0.50588,0.5,0.5,0.5,0.5,0.50756,0.51156,0.51022,0.50578,0.46311,0.46622,0.46667,0.46711,0.5,0.46471,0.5,0.50588,0.50588,0.5,0.5,0.5,0.4895,0.4875,0.51,0.518,0.496,0.4975,0.4965,0.4965,-0.158,-0.02,1.016
0.49867,0.48844,0.51244,0.51156,0.46311,0.46622,0.46667,0.46711,0.47059,0.44706,0.50588,0.50588,0.5,0.5,0.5,0.5,0.4915,0.489,0.5275,0.503,0.4965,0.4975,0.497,0.4965,-0.154,-0.018,1.019,0.51765,0.50588,0.44118,0.42353,0.5,0.5,0.5,0.5,0.48533,0.45778,0.50267,0.492,0.46356,0.46622,0.46667,0.46711,0.50588,0.5,0.43529,0.42941,0.5,0.5,0.5,0.50588,0.5045,0.493,0.5005,0.4905,0.494,0.4975,0.4975,0.4965,-0.1,-0.007,1.035
0.49333,0.45778,0.47244,0.45333,0.464,0.46622,0.46667,0.46711,0.50588,0.5,0.44118,0.42941,0.50588,0.5,0.5,0.5,0.5065,0.493,0.5025,0.4925,0.494,0.4975,0.4975,0.4955,-0.061,0.002,1.027,0.51176,0.48235,0.54706,0.54118,0.5,0.5,0.5,0.5,0.49733,0.45467,0.444,0.41956,0.464,0.46622,0.46667,0.46711,0.5,0.49412,0.53529,0.53529,0.5,0.5,0.5,0.5,0.5085,0.493,0.5595,0.504,0.4945,0.496,0.4965,0.4945,-0.046,0.003,1.031
0.49733,0.44844,0.46889,0.44311,0.464,0.46622,0.46711,0.46756,0.5,0.48235,0.53529,0.53529,0.50588,0.5,0.5,0.50588,0.512,0.493,0.5555,0.5,0.494,0.497,0.497,0.4945,-0.104,-0.005,1.038,0.50588,0.51765,0.52941,0.48235,0.5,0.5,0.5,0.5,0.51244,0.43778,0.51156,0.45867,0.46533,0.46667,0.46667,0.46711,0.53529,0.52353,0.57647,0.48824,0.50588,0.5,0.5,0.50588,0.507,0.507,0.5345,0.502,0.494,0.496,0.497,0.4965,-0.111,0.04,1.009
0.53111,0.43778,0.53556,0.44711,0.46711,0.46667,0.46533,0.46756,0.54706,0.48235,0.50588,0.47647,0.5,0.5,0.5,0.50588,0.493,0.508,0.489,0.516,0.494,0.4955,0.503,0.4945,-0.117,0.007,1.054,0.38824,0.53529,0.45882,0.51765,0.5,0.5,0.5,0.5,0.53333,0.43689,0.55156,0.43911,0.468,0.46711,0.46533,0.46756,0.42941,0.50588,0.5,0.5,0.50588,0.5,0.5,0.50588,0.464,0.524,0.431,0.532,0.4945,0.4935,0.503,0.4945,-0.1,0.035,1.033
0.48978,0.43778,0.54222,0.43911,0.46844,0.46711,0.46533,0.46756,0.43529,0.50588,0.44118,0.5,0.50588,0.5,0.5,0.5,0.447,0.543,0.3725,0.575,0.4945,0.4935,0.503,0.4945,-0.059,0.05,1.035,0.46471,0.55882,0.44118,0.50588,0.5,0.5,0.5,0.5,0.40222,0.46711,0.50089,0.43911,0.46133,0.46489,0.46756,0.46711,0.41176,0.54706,0.41176,0.5,0.50588,0.5,0.5,0.5,0.469,0.5525,0.36,0.6345,0.505,0.503,0.493,0.497,-0.061,0.03,0.992
0.35333,0.51644,0.44933,0.45333,0.46356,0.46444,0.46622,0.464,0.35882,0.65882,0.38235,0.57059,0.49412,0.5,0.53529,0.49412,0.4915,0.5255,0.4625,0.5845,0.4965,0.506,0.501,0.505,-0.021,-0.244,1.03,0.6,0.4,0.57647,0.51176,0.5,0.5,0.5,0.5,0.29822,0.60667,0.40356,0.48044,0.45822,0.468,0.46667,0.46756,0.50588,0.50588,0.58235,0.51176,0.5,0.5,0.5,0.50588,0.555,0.453,0.6375,0.487,0.505,0.49,0.4975,0.4945,-0.054,-0.167,1.011
0.31644,0.58489,0.43244,0.49244,0.45778,0.468,0.46667,0.46756,0.68235,0.48235,0.62941,0.5,0.5,0.5,0.5,0.50588,0.5915,0.413,0.6885,0.457,0.505,0.49,0.497,0.495,-0.088,-0.164,1.011,0.57059,0.39412,0.47059,0.48824,0.5,0.5,0.5,0.5,0.37022,0.46933,0.46222,0.49778,0.45778,0.46489,0.47289,0.468,0.50588,0.32353,0.5,0.5,0.5,0.5,0.5,0.50588,0.649,0.4575,0.713,0.4465,0.505,0.504,0.468,0.4945,-0.073,-0.255,0.989
0.39156,0.39733,0.46267,0.492,0.45822,0.46622,0.47289,0.46667,0.86471,0.34706,0.5,0.42353,0.50588,0.51765,0.5,0.5,0.62,0.478,0.6405,0.443,0.5055,0.498,0.4675,0.5,-0.238,-0.005,0.937,0.47059,0.56471,0.46471,0.50588,0.5,0.5,0.5,0.5,0.54756,0.29467,0.46044,0.47378,0.46711,0.46711,0.47289,0.46578,0.55882,0.5,0.45294,0.5,0.50588,0.5,0.5,0.50588,0.506,0.5175,0.5095,0.509,0.494,0.4935,0.467,0.503,-0.283,0.078,0.985
0.55422,0.30711,0.44267,0.47333,0.46533,0.46711,0.47333,0.46578,0.5,0.50588,0.47059,0.5,0.49412,0.5,0.5,0.5,0.489,0.537,0.508,0.525,0.4945,0.4935,0.466,0.505,-0.239,0.084,1.016,0.45882,0.61765,0.47647,0.44118,0.5,0.5,0.5,0.5,0.52844,0.36756,0.41511,0.45778,0.46222,0.46622,0.47289,0.46622,0.44706,0.6,0.48824,0.42941,0.5,0.5,0.5,0.51176,0.486,0.558,0.5,0.5215,0.5055,0.4975,0.467,0.503,-0.182,0.066,1.125
0.49022,0.44089,0.40222,0.42889,0.46356,0.46489,0.46667,0.46622,0.38235,0.67647,0.49412,0.45294,0.5,0.49412,0.48824,0.50588,0.494,0.5335,0.5075,0.516,0.4965,0.5025,0.495,0.5035,-0.305,-0.076,1.03,0.44706,0.47059,0.57059,0.56471,0.5,0.5,0.5,0.5,0.43956,0.52578,0.38533,0.39556,0.46267,0.46533,0.46667,0.46622,0.43529,0.50588,0.5,0.51176,0.49412,0.5,0.5,0.50588,0.507,0.5135,0.6315,0.613,0.505,0.502,0.4965,0.503,-0.975,-0.32,0.571
0.40311,0.524,0.42711,0.42311,0.46222,0.46533,0.46667,0.46622,0.5,0.49412,0.51176,0.51176,0.5,0.5,0.5,0.50588,0.507,0.507,0.6045,0.637,0.5035,0.502,0.497,0.503,-0.834,-0.272,0.529,0.55294,0.50588,0.45294,0.46471,0.5,0.5,0.5,0.5,0.37244,0.50711,0.46311,0.46,0.46222,0.46533,0.46667,0.46622,0.50588,0.5,0.5,0.5,0.5,0.5,0.5,0.50588,0.5245,0.5085,0.56,0.5905,0.5035,0.5015,0.4975,0.5035,-0.801,-0.295,0.517
0.38,0.50711,0.44756,0.45333,0.46222,0.46533,0.46667,0.46622,0.64118,0.5,0.45294,0.47059,0.49412,0.5,0.5,0.5,0.5365,0.51,0.5185,0.5345,0.5055,0.5015,0.4975,0.5035,-0.804,-0.261,0.551,0.56471,0.48824,0.53529,0.5,0.5,0.5,0.5,0.5,0.43822,0.50756,0.42,0.43778,0.46267,0.46533,0.46667,0.46622,0.50588,0.50588,0.5,0.5,0.49412,0.5,0.5,0.50588,0.5415,0.509,0.571,0.5105,0.5035,0.5015,0.4975,0.5035,-0.827,-0.268,0.534
0.46267,0.50756,0.42,0.43689,0.46222,0.46533,0.46667,0.46622,0.57059,0.50588,0.5,0.49412,0.5,0.5,0.5,0.50588,0.546,0.507,0.6565,0.513,0.503,0.5015,0.4975,0.5035,-0.84,-0.252,0.52,0.53529,0.41176,0.56471,0.52941,0.5,0.5,0.5,0.5,0.508,0.47467,0.452,0.44089,0.46311,0.46533,0.46667,0.46711,0.50588,0.43529,0.58824,0.54118,0.51176,0.5,0.5,0.5,0.5555,0.4935,0.71,0.543,0.5,0.5015,0.4975,0.4955,-0.922,-0.135,0.424
0.46489,0.46489,0.46178,0.46444,0.464,0.46578,0.468,0.46578,0.49412,0.5,0.5,0.5,0.5,0.5,0.5,0.5,0.506,0.502,0.5015,0.501,0.5,0.5,0.4995,0.5,0.03,0.014,1.033,0.45294,0.48235,0.48824,0.53529,0.5,0.5,0.5,0.5,0.448,0.45911,0.45822,0.47422,0.46356,0.46578,0.468,0.46533,0.43529,0.49412,0.49412,0.51765,0.49412,0.5,0.5,0.5,0.4935,0.495,0.4995,0.51,0.5055,0.5,0.499,0.504,0.035,0.0,1.021
0.42356,0.44889,0.45156,0.48756,0.46311,0.46578,0.46711,0.46489,0.47059,0.5,0.48235,0.54118,0.5,0.5,0.49412,0.5,0.4935,0.5045,0.5025,0.5315,0.506,0.5,0.5025,0.506,0.03,-0.028,1.031,0.48235,0.56471,0.55882,0.48824,0.5,0.5,0.5,0.5,0.38889,0.44444,0.45556,0.51067,0.46311,0.46533,0.46756,0.46489,0.47059,0.55294,0.54118,0.48824,0.50588,0.5,0.5,0.5,0.5065,0.512,0.5445,0.4995,0.5055,0.501,0.502,0.506,-0.013,-0.041,1.025
0.37289,0.48756,0.48533,0.50533,0.46311,0.46578,0.46844,0.46489,0.47647,0.58235,0.54706,0.49412,0.5,0.5,0.5,0.50588,0.507,0.5075,0.5445,0.4985,0.506,0.4995,0.4985,0.506,-0.064,-0.048,1.031,0.57647,0.44706,0.49412,0.42941,0.5,0.5,0.5,0.5,0.36222,0.53333,0.51956,0.48044,0.46311,0.46622,0.46844,0.46533,0.5,0.50588,0.5,0.45294,0.50588,0.5,0.5,0.50588,0.5325,0.4855,0.539,0.4725,0.5055,0.4965,0.4975,0.5,-0.062,-0.036,1.042
0.38,0.52267,0.51911,0.44978,0.46444,0.46622,0.46844,0.46667,0.54706,0.46471,0.5,0.44118,0.50588,0.5,0.5,0.5,0.552,0.4745,0.5265,0.4475,0.4965,0.4975,0.4975,0.494,-0.047,-0.002,1.025,0.57059,0.46471,0.44118,0.5,0.5,0.5,0.5,0.5,0.49956,0.44267,0.50889,0.39422,0.46889,0.46844,0.46711,0.46667,0.69412,0.49412,0.5,0.5,0.51176,0.5,0.5,0.50588,0.506,0.5045,0.4655,0.513,0.4945,0.4875,0.503,0.494,-0.021,0.099,1.021
0.55022,0.42356,0.48533,0.39378,0.46933,0.46844,0.46756,0.46667,0.59412,0.47647,0.45294,0.5,0.5,0.5,0.5,0.50588,0.493,0.5045,0.434,0.516,0.494,0.4875,0.502,0.494,-0.067,0.122,1.03,0.45882,0.55882,0.52941,0.56471,0.5,0.5,0.5,0.5,0.60044,0.40222,0.45111,0.40044,0.46933,0.46844,0.46756,0.46667,0.50588,0.50588,0.5,0.55294,0.50588,0.5,0.5,0.50588,0.476,0.518,0.478,0.587,0.4945,0.4875,0.502,0.494,-0.08,0.094,1.011
0.59911,0.40222,0.464,0.42889,0.46711,0.46844,0.46711,0.46667,0.49412,0.50588,0.52941,0.52941,0.5,0.5,0.5,0.5,0.453,0.549,0.4905,0.6135,0.494,0.4875,0.503,0.494,-0.142,0.08,1.012,0.45882,0.50588,0.48235,0.48235,0.5,0.5,0.5,0.5,0.58178,0.44178,0.484,0.46533,0.46311,0.468,0.46756,0.46667,0.5,0.50588,0.5,0.5,0.51176,0.5,0.5,0.5,0.4225,0.5455,0.453,0.6015,0.503,0.489,0.502,0.494,-0.177,0.06,1.001
0.556,0.44178,0.484,0.46533,0.46311,0.468,0.46756,0.46667,0.5,0.50588,0.5,0.5,0.5,0.5,0.5,0.5,0.4305,0.549,0.4105,0.5585,0.5055,0.489,0.502,0.494,-0.16,0.052,1.015,0.38235,0.49412,0.5,0.48235,0.5,0.5,0.5,0.5,0.48356,0.44178,0.48178,0.45333,0.46311,0.46711,0.46933,0.46622,0.32941,0.50588,0.5,0.47059,0.5,0.49412,0.5,0.50588,0.449,0.5495,0.371,0.536,0.5055,0.4925,0.494,0.494,-0.121,0.086,1.004
0.37867,0.44222,0.46044,0.44622,0.46356,0.46489,0.46844,0.46533,0.28235,0.50588,0.45882,0.48235,0.50588,0.5,0.5,0.5,0.49,0.545,0.4705,0.5265,0.5035,0.5035,0.4975,0.504,-0.073,-0.114,1.035,0.58824,0.52353,0.47059,0.54706,0.5,0.5,0.5,0.5,0.28844,0.46311,0.44356,0.44089,0.46444,0.46489,0.46844,0.46489,0.50588,0.50588,0.47647,0.51176,0.5,0.5,0.5,0.5,0.5335,0.529,0.5015,0.5785,0.4965,0.5035,0.498,0.506,-0.114,-0.118,1.015
0.33022,0.476,0.428,0.46667,0.46444,0.46489,0.46756,0.46489,0.57059,0.58824,0.48235,0.57647,0.5,0.5,0.5,0.5,0.5305,0.524,0.5075,0.572,0.4965,0.5035,0.5015,0.506,-0.142,-0.144,1.001,0.5,0.42941,0.58235,0.42353,0.5,0.5,0.5,0.5,0.38844,0.51289,0.42089,0.48533,0.46311,0.46533,0.46844,0.46533,0.50588,0.48235,0.56471,0.42353,0.5,0.5,0.50588,0.50588,0.5235,0.49,0.5885,0.49,0.5055,0.5025,0.499,0.5,-0.183,-0.197,1.011
0.38756,0.49156,0.45378,0.45333,0.46311,0.46533,0.46933,0.46622,0.5,0.45294,0.55294,0.42941,0.49412,0.5,0.5,0.5,0.524,0.481,0.633,0.4605,0.5035,0.502,0.495,0.496,-0.282,-0.067,0.979,0.55294,0.48235,0.52353,0.55294,0.5,0.5,0.5,0.5,0.388,0.41689,0.52711,0.40756,0.46622,0.46978,0.46933,0.46533,0.50588,0.47647,0.51176,0.54706,0.49412,0.5,0.5,0.50588,0.5485,0.507,0.554,0.5475,0.494,0.4815,0.4945,0.504,-0.312,0.091,0.992
0.41511,0.40711,0.53644,0.43467,0.46622,0.46978,0.46933,0.46578,0.50588,0.48824,0.54118,0.55294,0.50588,0.5,0.5,0.50588,0.548,0.5065,0.5675,0.5465,0.494,0.4815,0.4945,0.5,-0.353,0.09,0.956,0.48824,0.57647,0.39412,0.55294,0.5,0.5,0.5,0.5,0.48133,0.39778,0.52844,0.47556,0.46889,0.46933,0.46933,0.46622,0.57059,0.51176,0.4,0.55294,0.5,0.5,0.5,0.5,0.507,0.5225,0.5005,0.5865,0.494,0.482,0.4935,0.496,-0.378,0.047,0.961
0.49289,0.41111,0.476,0.49644,0.46311,0.46711,0.46889,0.46489,0.51176,0.56471,0.4,0.55882,0.5,0.5,0.49412,0.49412,0.4935,0.547,0.4955,0.6125,0.5055,0.493,0.496,0.506,-0.31,-0.157,0.979,0.44706,0.47059,0.57647,0.48235,0.5,0.5,0.5,0.5,0.45822,0.5,0.41778,0.54444,0.46267,0.46667,0.46756,0.46533,0.45882,0.49412,0.56471,0.48235,0.5,0.5,0.5,0.50588,0.5065,0.493,0.595,0.5,0.5055,0.496,0.5015,0.504,-0.283,-0.246,0.977
0.41956,0.49733,0.45289,0.536,0.46267,0.46667,0.46844,0.46622,0.46471,0.49412,0.57059,0.48824,0.5,0.5,0.5,0.5,0.509,0.49,0.615,0.4985,0.5055,0.496,0.498,0.4955,-0.289,-0.248,0.961,0.49412,0.48235,0.50588,0.47059,0.5,0.5,0.5,0.5,0.38311,0.47867,0.49333,0.52267,0.46267,0.46711,0.46889,0.46622,0.5,0.5,0.5,0.46471,0.5,0.5,0.5,0.50588,0.512,0.4875,0.6455,0.4675,0.5055,0.4935,0.4965,0.494,-0.333,-0.224,0.989
0.38311,0.46622,0.49333,0.50711,0.46267,0.46711,0.46889,0.46667,0.5,0.48824,0.5,0.47647,0.5,0.5,0.5,0.50588,0.51,0.49,0.66,0.4705,0.5055,0.4935,0.4965,0.494,-0.319,-0.211,0.957,0.51765,0.47059,0.44118,0.42941,0.5,0.5,0.5,0.5,0.38311,0.44267,0.49333,0.464,0.46267,0.46667,0.46933,0.46622,0.5,0.45294,0.5,0.42353,0.5,0.5,0.5,0.50588,0.513,0.4915,0.5855,0.482,0.5055,0.494,0.495,0.4955,-0.264,-0.111,1.002
0.38311,0.41867,0.47022,0.42711,0.46267,0.46667,0.46978,0.46622,0.50588,0.46471,0.44706,0.43529,0.5,0.5,0.5,0.5,0.5195,0.493,0.55,0.487,0.5055,0.4945,0.493,0.496,-0.214,-0.08,1.011,0.50588,0.54706,0.53529,0.54706,0.5,0.5,0.5,0.5,0.38311,0.40533,0.43689,0.396,0.46311,0.46711,0.46978,0.46533,0.50588,0.53529,0.5,0.54118,0.5,0.5,0.5,0.5,0.531,0.5085,0.5985,0.5115,0.5055,0.4935,0.4925,0.504,-0.221,-0.069,1.013
0.38311,0.42622,0.44933,0.41644,0.46311,0.46711,0.46978,0.46489,0.50588,0.54118,0.58235,0.54118,0.50588,0.5,0.5,0.5,0.534,0.5095,0.628,0.5275,0.5055,0.494,0.4925,0.506,-0.299,-0.056,1.0,0.5,0.51176,0.51176,0.46471,0.5,0.5,0.5,0.5,0.38311,0.44978,0.47467,0.43644,0.46311,0.46711,0.46978,0.46533,0.50588,0.50588,0.5,0.47059,0.50588,0.5,0.5,0.50588,0.538,0.5145,0.6235,0.5085,0.5055,0.494,0.4925,0.504,-0.294,-0.051,0.943
0.38311,0.46444,0.47822,0.41822,0.46311,0.46711,0.46978,0.46533,0.50588,0.52353,0.5,0.45882,0.50588,0.5,0.5,0.50588,0.5375,0.509,0.6355,0.503,0.5055,0.494,0.4925,0.504,-0.301,-0.062,0.976,0.57059,0.49412,0.51176,0.48235,0.5,0.5,0.5,0.5,0.38311,0.48178,0.48933,0.39333,0.46444,0.472,0.46978,0.46533,0.50588,0.49412,0.51765,0.48235,0.50588,0.51176,0.5,0.50588,0.577,0.5045,0.635,0.5005,0.4965,0.4715,0.4925,0.504,-0.3,0.032,0.973
0.41378,0.47911,0.49378,0.384,0.46444,0.47244,0.46933,0.46533,0.50588,0.47647,0.5,0.5,0.5,0.5,0.5,0.50588,0.585,0.5055,0.642,0.5015,0.495,0.469,0.4945,0.5035,-0.423,0.098,0.909,0.43529,0.45294,0.47059,0.52941,0.5,0.5,0.5,0.5,0.50889,0.45822,0.51556,0.37333,0.46756,0.472,0.46889,0.46622,0.51176,0.45294,0.5,0.50588,0.5,0.5,0.5,0.50588,0.4935,0.495,0.526,0.549,0.494,0.4705,0.4975,0.496,-0.371,0.192,0.941
0.47733,0.43244,0.504,0.38089,0.46667,0.472,0.46889,0.46622,0.44118,0.45882,0.47059,0.50588,0.5,0.5,0.5,0.5,0.494,0.507,0.507,0.5845,0.494,0.4705,0.497,0.4955,-0.35,0.168,0.946,0.48235,0.55882,0.42941,0.51765,0.5,0.5,0.5,0.5,0.43067,0.40222,0.46133,0.39956,0.46356,0.47156,0.46933,0.46667,0.47647,0.5,0.43529,0.5,0.49412,0.5,0.5,0.50588,0.5065,0.5195,0.5035,0.608,0.5055,0.4725,0.495,0.494,-0.322,-0.017,0.941
0.41333,0.42089,0.424,0.41111,0.46356,0.46578,0.468,0.46533,0.44706,0.50588,0.42353,0.5,0.50588,0.49412,0.49412,0.5,0.5075,0.531,0.5215,0.596,0.5035,0.4975,0.4995,0.5035,-0.388,-0.11,0.854,0.49412,0.49412,0.57059,0.53529,0.5,0.5,0.5,0.5,0.39644,0.46222,0.38267,0.42489,0.46311,0.46578,0.46844,0.46578,0.41765,0.50588,0.5,0.5,0.5,0.5,0.5,0.5,0.5105,0.5185,0.6295,0.6355,0.5055,0.4995,0.4995,0.5035,-0.729,-0.306,0.627
0.38622,0.46178,0.42133,0.444,0.46311,0.46578,0.46889,0.46578,0.50588,0.5,0.57059,0.55294,0.5,0.5,0.5,0.50588,0.5135,0.5165,0.62,0.632,0.5055,0.499,0.497,0.5,-0.749,-0.257,0.597,0.59412,0.52941,0.44706,0.52353,0.5,0.5,0.5,0.5,0.38622,0.46222,0.45733,0.47556,0.46311,0.46667,0.46889,0.46622,0.50588,0.5,0.49412,0.51765,0.5,0.5,0.5,0.5,0.55,0.524,0.5635,0.6185,0.5055,0.497,0.497,0.4955,-0.834,-0.316,0.502
0.43422,0.46178,0.43244,0.48089,0.46311,0.46667,0.46889,0.46622,0.63529,0.5,0.44706,0.5,0.5,0.5,0.5,0.5,0.5415,0.5405,0.552,0.6475,0.506,0.497,0.497,0.4965,-0.838,-0.305,0.486,0.47059,0.44118,0.48824,0.46471,0.5,0.5,0.5,0.5,0.50844,0.46533,0.40533,0.48489,0.46311,0.46622,0.46889,0.46578,0.50588,0.50588,0.5,0.5,0.5,0.5,0.5,0.5,0.513,0.5265,0.514,0.64,0.5055,0.498,0.497,0.5,-0.815,-0.303,0.505
0.46622,0.50089,0.46444,0.48489,0.43822,0.46978,0.46667,0.46489,0.5,0.5,0.5,0.5,0.5,0.5,0.5,0.50588,0.5065,0.493,0.5035,0.485,0.506,0.497,0.501,0.4965,0.049,0.047,1.031,0.45294,0.48824,0.47647,0.42353,0.5,0.5,0.5,0.5,0.44933,0.50089,0.45689,0.46711,0.43822,0.46933,0.46622,0.46444,0.47647,0.50588,0.48235,0.43529,0.50588,0.5,0.5,0.5,0.4935,0.4915,0.5015,0.45,0.506,0.499,0.5025,0.5035,0.122,0.025,1.013
0.424,0.50089,0.44356,0.42533,0.43911,0.46844,0.46667,0.46578,0.44706,0.50588,0.47647,0.41765,0.50588,0.5,0.5,0.50588,0.495,0.488,0.5065,0.4625,0.506,0.5025,0.5015,0.4965,0.112,-0.014,1.032,0.50588,0.44706,0.56471,0.57059,0.5,0.5,0.5,0.5,0.38622,0.47156,0.43822,0.39511,0.44178,0.46889,0.46756,0.46533,0.5,0.41765,0.58235,0.57647,0.50588,0.5,0.5,0.49412,0.5105,0.4905,0.5715,0.5045,0.4965,0.501,0.497,0.4945,0.039,-0.021,1.03
0.38622,0.44178,0.47067,0.43333,0.44178,0.46933,0.46756,0.46533,0.5,0.44118,0.55294,0.57647,0.50588,0.49412,0.5,0.49412,0.512,0.4915,0.5725,0.5,0.4965,0.498,0.497,0.4965,-0.052,-0.022,1.043,0.49412,0.54118,0.46471,0.54118,0.5,0.5,0.5,0.5,0.38622,0.40444,0.50889,0.48889,0.44222,0.46933,0.46756,0.46489,0.5,0.50588,0.5,0.54706,0.5,0.5,0.5,0.50588,0.5125,0.5085,0.518,0.5,0.4965,0.4975,0.497,0.5035,-0.068,-0.031,1.029
0.38667,0.41378,0.49244,0.50533,0.44044,0.46933,0.46756,0.464,0.50588,0.51765,0.46471,0.53529,0.50588,0.5,0.5,0.5,0.5105,0.5155,0.507,0.513,0.506,0.4985,0.498,0.5055,-0.051,-0.042,1.042,0.54706,0.51765,0.45294,0.48824,0.5,0.5,0.5,0.5,0.38667,0.45778,0.45511,0.52933,0.44,0.46978,0.46578,0.46311,0.50588,0.56471,0.45882,0.5,0.5,0.5,0.5,0.49412,0.5225,0.507,0.5125,0.4955,0.5055,0.4965,0.505,0.5055,0.003,-0.008,1.027
0.39511,0.476,0.43022,0.532,0.44,0.46978,0.46578,0.46311,0.51176,0.53529,0.46471,0.5,0.5,0.5,0.5,0.50588,0.533,0.493,0.5155,0.4555,0.506,0.496,0.5055,0.505,-0.007,-0.081,1.021,0.48235,0.46471,0.51765,0.48235,0.5,0.5,0.5,0.5,0.42978,0.48667,0.40178,0.52667,0.43956,0.47022,0.46578,0.46311,0.50588,0.50588,0.5,0.49412,0.5,0.5,0.5,0.50588,0.5205,0.489,0.5465,0.4175,0.506,0.4955,0.5055,0.505,0.0,-0.074,1.032
0.42978,0.48667,0.40222,0.52,0.43956,0.47022,0.46533,0.46311,0.50588,0.5,0.5,0.5,0.5,0.5,0.5,0.5,0.5135,0.476,0.5885,0.4075,0.5055,0.4955,0.5065,0.505,-0.011,-0.08,1.029,0.51765,0.45882,0.54706,0.43529,0.5,0.5,0.5,0.5,0.42933,0.47778,0.42044,0.492,0.44,0.46933,0.46578,0.46578,0.5,0.49412,0.54118,0.41176,0.50588,0.5,0.5,0.5,0.5125,0.4455,0.627,0.387,0.5055,0.498,0.5055,0.4965,0.027,-0.076,1.013
0.42889,0.44267,0.44222,0.45378,0.44044,0.46844,0.468,0.46533,0.50588,0.39412,0.58235,0.38824,0.50588,0.5,0.5,0.5,0.519,0.47,0.6385,0.413,0.5055,0.503,0.495,0.4965,-0.117,-0.002,1.041,0.49412,0.56471,0.47647,0.54706,0.5,0.5,0.5,0.5,0.42933,0.37822,0.48267,0.40933,0.44311,0.47467,0.46844,0.46444,0.5,0.55294,0.5,0.51765,0.50588,0.5,0.5,0.51176,0.525,0.5125,0.54,0.5195,0.494,0.4745,0.4925,0.5035,-0.077,0.079,1.023
0.42978,0.39956,0.47733,0.424,0.44267,0.47422,0.46844,0.464,0.50588,0.51765,0.47647,0.55294,0.49412,0.5,0.5,0.49412,0.522,0.5225,0.5065,0.5655,0.494,0.4755,0.4925,0.5055,-0.094,0.072,1.024,0.54706,0.47647,0.45882,0.45882,0.5,0.5,0.5,0.5,0.46044,0.43111,0.44933,0.44489,0.44,0.47422,0.46844,0.46444,0.55882,0.50588,0.45294,0.49412,0.5,0.5,0.5,0.50588,0.5105,0.519,0.5005,0.5315,0.5055,0.4755,0.4925,0.5055,-0.118,0.03,1.016
0.49111,0.43111,0.42844,0.428,0.44,0.47422,0.46844,0.46444,0.54118,0.50588,0.46471,0.46471,0.5,0.5,0.5,0.50588,0.5075,0.5105,0.5,0.5115,0.506,0.4755,0.4925,0.5035,-0.085,0.05,1.022,0.5,0.46471,0.58235,0.51176,0.5,0.5,0.5,0.5,0.52533,0.42089,0.42,0.40578,0.44044,0.47422,0.46844,0.46444,0.50588,0.46471,0.55882,0.51176,0.50588,0.5,0.5,0.50588,0.5065,0.4935,0.5625,0.52,0.5055,0.4755,0.4925,0.5035,-0.115,0.081,0.999
0.52489,0.40311,0.46267,0.412,0.44267,0.47467,0.46711,0.46533,0.5,0.47059,0.6,0.5,0.50588,0.5,0.5,0.50588,0.507,0.493,0.5605,0.5195,0.494,0.474,0.4985,0.4965,-0.147,0.136,0.988,0.42353,0.51765,0.43529,0.51765,0.5,0.5,0.5,0.5,0.52889,0.38,0.51333,0.41289,0.44533,0.47556,0.46667,0.46578,0.50588,0.5,0.44118,0.50588,0.50588,0.5,0.5,0.50588,0.4755,0.508,0.449,0.5765,0.494,0.4695,0.5015,0.4945,-0.134,0.159,0.987
0.50444,0.38,0.48578,0.41733,0.44044,0.47556,0.46756,0.46578,0.40588,0.5,0.47059,0.5,0.48235,0.5,0.5,0.50588,0.4655,0.513,0.424,0.597,0.5055,0.4695,0.497,0.4945,-0.099,0.144,1.027,0.52941,0.56471,0.54706,0.54706,0.5,0.5,0.5,0.5,0.43778,0.37956,0.44844,0.44267,0.44,0.46933,0.46844,0.46533,0.47059,0.50588,0.52353,0.53529,0.50588,0.5,0.5,0.5,0.493,0.5465,0.4975,0.6015,0.5055,0.4985,0.493,0.4965,-0.178,0.056,1.012
0.43422,0.41644,0.47022,0.468,0.44,0.46933,0.46844,0.46533,0.51176,0.54118,0.55294,0.53529,0.50588,0.5,0.5,0.5,0.507,0.5415,0.504,0.5955,0.506,0.499,0.493,0.497,-0.269,0.004,0.993,0.55882,0.51765,0.47059,0.5,0.5,0.5,0.5,0.5,0.47778,0.464,0.492,0.49467,0.43956,0.46933,0.46844,0.46533,0.58235,0.50588,0.47647,0.5,0.5,0.5,0.5,0.5,0.506,0.533,0.4865,0.5985,0.506,0.499,0.4935,0.4965,-0.283,-0.006,0.996
0.51244,0.47644,0.47733,0.49467,0.43956,0.46933,0.468,0.46533,0.57059,0.50588,0.48235,0.5,0.5,0.5,0.5,0.5,0.4955,0.5315,0.4835,0.5985,0.506,0.499,0.4945,0.4965,-0.3,-0.018,0.976,0.4,0.42353,0.53529,0.42353,0.5,0.5,0.5,0.5,0.54133,0.49022,0.47022,0.48533,0.43956,0.46933,0.468,0.46578,0.44118,0.50588,0.53529,0.42941,0.5,0.5,0.5,0.50588,0.475,0.507,0.4995,0.5185,0.5055,0.499,0.4945,0.4945,-0.242,0.037,1.019
0.47467,0.45867,0.48267,0.44711,0.44044,0.46933,0.46844,0.46533,0.34706,0.43529,0.51176,0.41176,0.50588,0.5,0.5,0.49412,0.4885,0.4935,0.518,0.508,0.5035,0.499,0.493,0.496,-0.159,0.083,1.03,0.55294,0.47647,0.48824,0.5,0.5,0.5,0.5,0.5,0.39467,0.40667,0.50133,0.40444,0.44222,0.46978,0.46844,0.46489,0.5,0.46471,0.5,0.5,0.5,0.5,0.5,0.5,0.5175,0.507,0.5105,0.507,0.494,0.4965,0.493,0.5,-0.121,0.111,1.019
0.41067,0.39467,0.49644,0.40444,0.44222,0.46978,0.46844,0.46444,0.57059,0.47059,0.48824,0.5,0.50588,0.5,0.5,0.5,0.526,0.505,0.505,0.507,0.494,0.4965,0.493,0.503,-0.104,0.128,1.015,0.55294,0.53529,0.44706,0.54118,0.5,0.5,0.5,0.5,0.476,0.38178,0.46978,0.40933,0.44222,0.47022,0.46844,0.46444,0.58824,0.5,0.44118,0.52353,0.5,0.5,0.5,0.49412,0.5115,0.5105,0.501,0.55,0.494,0.495,0.493,0.505,-0.105,0.124,1.03
0.52444,0.38178,0.44356,0.42489,0.44222,0.46978,0.46844,0.464,0.57059,0.5,0.44706,0.53529,0.5,0.5,0.5,0.5,0.4955,0.5235,0.5,0.576,0.4945,0.496,0.493,0.505,-0.14,0.109,1.026,0.42941,0.51176,0.48235,0.49412,0.5,0.5,0.5,0.5,0.55467,0.38844,0.40844,0.44311,0.44044,0.46933,0.46844,0.464,0.49412,0.49412,0.48235,0.5,0.50588,0.5,0.5,0.5,0.4785,0.5415,0.499,0.5955,0.5055,0.498,0.493,0.505,-0.128,0.079,1.017
0.51911,0.38844,0.40178,0.44311,0.44044,0.46933,0.46844,0.464,0.41176,0.5,0.48824,0.5,0.49412,0.5,0.5,0.5,0.4805,0.549,0.488,0.5815,0.506,0.4985,0.493,0.505,-0.128,0.096,0.971,0.48235,0.57059,0.6,0.48235,0.5,0.5,0.5,0.5,0.44089,0.44578,0.40711,0.44356,0.44089,0.46889,0.46756,0.46444,0.47059,0.6,0.58235,0.5,0.5,0.5,0.5,0.5,0.507,0.5205,0.5725,0.5345,0.5035,0.501,0.497,0.5035,-0.171,-0.068,1.007
0.42311,0.49511,0.45467,0.44044,0.44133,0.46889,0.46756,0.46533,0.5,0.61176,0.58824,0.48235,0.51176,0.5,0.5,0.50588,0.508,0.5105,0.5885,0.5055,0.5,0.501,0.497,0.4965,-0.255,-0.066,1.003,0.50588,0.45294,0.48235,0.45882,0.5,0.5,0.5,0.5,0.40933,0.54489,0.51111,0.41556,0.44222,0.47067,0.46756,0.46489,0.50588,0.46471,0.5,0.45882,0.50588,0.5,0.5,0.5,0.5115,0.4925,0.5745,0.502,0.494,0.4925,0.497,0.5,-0.259,-0.018,1.003
0.40889,0.52222,0.51067,0.39511,0.44222,0.472,0.46756,0.46489,0.50588,0.46471,0.5,0.45882,0.50588,0.5,0.5,0.5,0.5135,0.4915,0.533,0.5,0.494,0.4865,0.497,0.5,-0.248,0.051,0.997,0.52353,0.45882,0.45294,0.55882,0.5,0.5,0.5,0.5,0.40933,0.47378,0.48578,0.38489,0.44267,0.47378,0.46756,0.46489,0.50588,0.43529,0.46471,0.54118,0.50588,0.5,0.5,0.5,0.5235,0.4935,0.527,0.5345,0.494,0.478,0.497,0.502,-0.214,0.04,1.013
0.41111,0.44756,0.46444,0.40711,0.44133,0.47378,0.46756,0.46444,0.52353,0.45294,0.44706,0.54706,0.5,0.5,0.5,0.50588,0.534,0.505,0.5135,0.571,0.5035,0.479,0.497,0.503,-0.235,0.021,0.966,0.52941,0.48824,0.48824,0.48824,0.5,0.5,0.5,0.5,0.448,0.41378,0.43422,0.43911,0.44044,0.47333,0.46756,0.46444,0.50588,0.49412,0.5,0.5,0.5,0.5,0.5,0.5,0.5215,0.5065,0.5065,0.5655,0.506,0.4795,0.497,0.5035,-0.233,-0.018,1.001
0.45867,0.40622,0.42711,0.43911,0.44089,0.47333,0.46756,0.46444,0.50588,0.48824,0.5,0.5,0.50588,0.5,0.5,0.50588,0.526,0.507,0.5115,0.537,0.5035,0.4795,0.497,0.503,-0.234,-0.001,1.003,0.45294,0.51176,0.47059,0.55294,0.5,0.5,0.5,0.5,0.47422,0.40356,0.41022,0.44044,0.44089,0.47289,0.46756,0.46444,0.50588,0.5,0.45882,0.52353,0.50588,0.5,0.5,0.5,0.5105,0.5075,0.511,0.581,0.5035,0.481,0.497,0.503,-0.243,-0.075,1.01
0.46711,0.40356,0.39556,0.464,0.44089,0.46889,0.46667,0.46444,0.45882,0.5,0.47647,0.52353,0.51176,0.5,0.5,0.50588,0.4955,0.5105,0.51,0.5965,0.504,0.5,0.5015,0.503,-0.374,-0.222,0.945,0.52941,0.54706,0.6,0.46471,0.5,0.5,0.5,0.5,0.43156,0.41333,0.37867,0.49644,0.44,0.46978,0.46844,0.46533,0.49412,0.54706,0.61176,0.5,0.5,0.5,0.5,0.5,0.514,0.5205,0.668,0.5355,0.5055,0.4965,0.493,0.496,-0.706,-0.33,0.598
0.43156,0.42444,0.42711,0.48267,0.44,0.46978,0.46844,0.46489,0.5,0.63529,0.56471,0.45294,0.51176,0.5,0.5,0.5,0.526,0.5255,0.677,0.5135,0.5055,0.4965,0.493,0.5,-0.824,-0.275,0.456,0.47059,0.48235,0.44118,0.49412,0.5,0.5,0.5,0.5,0.43111,0.472,0.48533,0.46222,0.44044,0.46978,0.468,0.46533,0.5,0.50588,0.5,0.49412,0.50588,0.5,0.5,0.50588,0.5305,0.5095,0.5905,0.5035,0.5055,0.4965,0.4945,0.4965,-0.894,-0.258,0.442
0.47911,0.46578,0.46622,0.46578,0.46622,0.46578,0.46578,0.46711,0.5,0.50588,0.5,0.5,0.5,0.5,0.5,0.50588,0.493,0.496,0.4995,0.4995,0.5,0.4995,0.4995,0.4965,0.105,0.027,1.027,0.8,0.75294,0.5,0.5,0.5,0.5,0.5,0.5,0.52978,0.52844,0.46622,0.46578,0.46578,0.46578,0.46578,0.46667,0.62941,0.65882,0.5,0.5,0.5,0.5,0.5,0.50588,0.506,0.507,0.4985,0.4995,0.503,0.5,0.4995,0.5,0.02,0.018,1.008
0.59467,0.60756,0.46711,0.46622,0.46578,0.46578,0.46622,0.46667,0.62353,0.66471,0.5,0.5,0.51765,0.5,0.5,0.50588,0.4955,0.5055,0.4955,0.498,0.503,0.5,0.498,0.5,0.031,0.003,1.021,0.62353,0.33529,0.5,0.5,0.5,0.5,0.5,0.5,0.59867,0.60889,0.46667,0.46711,0.46622,0.46622,0.46489,0.46622,0.26471,0.23529,0.5,0.5,0.50588,0.5,0.5,0.50588,0.447,0.453,0.4955,0.4945,0.5,0.499,0.504,0.503,0.387,0.086,0.972
0.46356,0.45467,0.46711,0.46756,0.46667,0.46622,0.46489,0.46756,0.24118,0.17647,0.5,0.5,0.50588,0.5,0.5,0.50588,0.467,0.4655,0.4935,0.4915,0.497,0.499,0.504,0.4945,0.499,0.119,0.977,0.96471,0.97059,0.5,0.5,0.5,0.5,0.5,0.5,0.47111,0.41511,0.46622,0.46667,0.468,0.46489,0.46622,0.46578,1.10588,1.07059,0.50588,0.5,0.50588,0.5,0.50588,0.52353,0.527,0.535,0.4985,0.495,0.495,0.5025,0.4995,0.5035,0.169,0.112,0.984
0.72311,0.692,0.46667,0.46711,0.46667,0.46578,0.46533,0.46622,0.99412,1.01176,0.51765,0.5,0.51176,0.5,0.5,0.5,0.52,0.5145,0.4995,0.494,0.497,0.5,0.5015,0.5035,-0.185,-0.1,0.994,0.28824,0.0,0.5,0.5,0.5,0.5,0.5,0.5,0.67778,0.66756,0.472,0.472,0.46578,0.46667,0.46578,0.46622,-0.60588,-0.50588,0.5,0.5,0.51176,0.5,0.50588,0.51176,0.4105,0.435,0.4705,0.4705,0.5025,0.4965,0.501,0.4985,0.748,0.151,0.634
0.11422,0.17422,0.47156,0.47289,0.46756,0.468,0.46933,0.46222,-0.47059,-0.44118,0.5,0.49412,0.50588,0.54118,0.51765,0.5,0.4645,0.464,0.4735,0.4655,0.502,0.49,0.485,0.505,0.473,0.028,0.834,0.97059,0.97059,0.5,0.5,0.5,0.5,0.5,0.5,-0.02756,0.02978,0.45956,0.464,0.45244,0.47111,0.46844,0.46311,1.00588,1.27059,0.5,0.49412,0.50588,0.5,0.5,0.50588,0.77,0.64,0.5305,0.5065,0.507,0.475,0.4875,0.505,-0.231,-0.103,0.871
0.51733,0.60756,0.45911,0.464,0.46,0.472,0.46578,0.46622,1.84118,1.68235,0.49412,0.5,0.56471,0.49412,0.5,0.50588,0.546,0.5375,0.531,0.508,0.505,0.4715,0.4995,0.4985,0.019,-0.097,0.812,0.26471,0.0,0.5,0.5,0.5,0.5,0.5,0.5,0.86756,0.86311,0.47644,0.46889,0.46667,0.46533,0.46533,0.46844,-0.10588,-0.54706,0.5,0.52353,0.50588,0.5,0.5,0.48824,0.3125,0.421,0.451,0.486,0.4975,0.502,0.5025,0.495,0.875,0.064,-0.006
0.26844,0.28,0.47644,0.47733,0.46667,0.46533,0.46533,0.46756,-0.55294,-0.42353,0.5,0.51176,0.5,0.5,0.5,0.5,0.4045,0.377,0.4495,0.447,0.4975,0.502,0.502,0.4975,0.854,0.114,-0.072,0.97059,0.97059,0.5,0.5,0.5,0.5,0.5,0.5,0.11911,0.10933,0.47956,0.47644,0.46578,0.46578,0.46622,0.46667,1.48235,1.49412,0.47059,0.48824,0.53529,0.5,0.5,0.5,0.5545,0.5445,0.4355,0.448,0.501,0.499,0.4985,0.503,0.997,0.086,0.165
0.684,0.67289,0.46756,0.46622,0.46578,0.46622,0.46578,0.46667,1.48235,1.45294,0.52353,0.51176,0.51176,0.5,0.5,0.5,0.5555,0.549,0.4945,0.499,0.497,0.498,0.5005,0.5,0.921,0.145,0.364,0.25882,0.0,0.5,0.5,0.5,0.5,0.5,0.5,0.79378,0.804,0.46667,0.46578,0.46711,0.46622,0.46578,0.46667,-0.52941,-0.54706,0.5,0.5,0.51176,0.5,0.5,0.50588,0.463,0.464,0.498,0.5,0.495,0.498,0.5015,0.497,0.88,0.179,-0.125
0.30133,0.28622,0.47644,0.47733,0.46622,0.46622,0.46533,0.46756,-0.34118,-0.44706,0.5,0.53529,0.49412,0.5,0.5,0.50588,0.3695,0.386,0.4485,0.447,0.5,0.5,0.502,0.495,1.079,0.031,-0.442,0.95294,0.97059,0.5,0.5,0.5,0.5,0.5,0.5,0.09289,0.09956,0.48089,0.476,0.46044,0.46578,0.46578,0.46711,1.57059,1.48824,0.49412,0.5,0.51765,0.47647,0.5,0.50588,0.5505,0.539,0.4275,0.451,0.505,0.497,0.501,0.4965,0.964,0.079,0.045
0.66489,0.65733,0.46711,0.46622,0.46622,0.46622,0.46578,0.46711,1.45882,1.46471,0.50588,0.5,0.50588,0.5,0.5,0.50588,0.5475,0.5435,0.495,0.4975,0.5,0.498,0.5005,0.496,0.935,0.161,0.371,0.27059,0.0,0.5,0.5,0.5,0.5,0.5,0.5,0.79422,0.80267,0.46622,0.46578,0.46756,0.46622,0.46578,0.46667,-0.53529,-0.55294,0.5,0.5,0.51765,0.5,0.5,0.51176,0.463,0.464,0.4985,0.5,0.495,0.498,0.5,0.497,0.886,0.224,0.032
0.30622,0.28533,0.47822,0.47778,0.46578,0.46578,0.46533,0.46756,-0.43529,-0.51765,0.5,0.53529,0.5,0.5,0.5,0.5,0.3715,0.3945,0.4425,0.4435,0.5035,0.501,0.5015,0.4955,1.921,0.318,0.018,0.95882,0.97059,0.5,0.5,0.5,0.5,0.5,0.5,0.09333,0.09378,0.47689,0.48,0.46578,0.46578,0.46578,0.46711,1.55294,1.53529,0.5,0.5,0.51176,0.5,0.5,0.5,0.5495,0.548,0.4465,0.43,0.5,0.5005,0.501,0.4965,1.122,0.301,0.038
0.62622,0.62133,0.46756,0.46622,0.46667,0.46622,0.46622,0.46711,1.48235,1.57059,0.55294,0.5,0.51176,0.5,0.5,0.5,0.5425,0.537,0.4975,0.498,0.4955,0.4985,0.499,0.4965,0.918,0.136,0.388,0.27647,0.0,0.5,0.5,0.5,0.5,0.5,0.5,0.79911,0.80667,0.46622,0.46533,0.46622,0.46578,0.46578,0.46667,-0.52941,-0.53529,0.5,0.5,0.52941,0.5,0.5,0.50588,0.463,0.464,0.4985,0.502,0.495,0.5,0.5005,0.4965,0.774,0.177,0.022
0.34222,0.32889,0.47822,0.47644,0.46622,0.46622,0.46533,0.46711,-0.41765,-0.41176,0.5,0.5,0.5,0.5,0.5,0.49412,0.361,0.391,0.4435,0.4515,0.5,0.498,0.5015,0.4955,0.741,0.027,-0.203,0.96471,0.97059,0.5,0.5,0.5,0.5,0.5,0.5,0.09689,0.10711,0.48089,0.47689,0.46533,0.46533,0.46533,0.46844,1.51176,1.47059,0.5,0.5,0.52941,0.5,0.5,0.49412,0.5505,0.541,0.4285,0.4475,0.5,0.5005,0.5025,0.4945,0.994,0.188,-0.027
0.62667,0.61778,0.46711,0.46667,0.46622,0.46622,0.46578,0.46711,1.5,1.51765,0.54118,0.50588,0.5,0.5,0.5,0.5,0.543,0.5335,0.497,0.498,0.5,0.498,0.501,0.497,0.93,0.144,0.356,0.27059,0.0,0.5,0.5,0.5,0.5,0.5,0.5,0.79511,0.80667,0.46622,0.46578,0.46756,0.46622,0.46578,0.46756,-0.53529,-0.53529,0.5,0.5,0.54118,0.5,0.5,0.52353,0.463,0.4645,0.499,0.5,0.495,0.499,0.5005,0.495,0.962,0.495,0.024
0.33467,0.32756,0.47733,0.47644,0.46667,0.46578,0.46578,0.46711,-0.36471,-0.38824,0.5,0.5,0.50588,0.5,0.5,0.5,0.359,0.389,0.446,0.451,0.4975,0.499,0.5015,0.4965,0.833,-0.015,-0.336,0.95882,0.97059,0.5,0.5,0.5,0.5,0.5,0.5,0.096,0.11067,0.48089,0.47511,0.46578,0.46578,0.46533,0.46844,1.51765,1.46471,0.5,0.5,0.51176,0.5,0.5,0.48235,0.551,0.541,0.428,0.4545,0.5045,0.5005,0.5025,0.4945,1.003,0.208,0.006
0.5,0.46711,0.46622,0.46578,0.46711,0.46578,0.46578,0.47244,0.50588,0.50588,0.5,0.5,0.50588,0.5,0.5,0.50588,0.493,0.495,0.4985,0.4995,0.497,0.5,0.5,0.4965,0.097,0.026,1.022,0.78235,0.73529,0.5,0.5,0.5,0.5,0.5,0.5,0.52933,0.52756,0.46667,0.46578,0.46578,0.46578,0.46622,0.472,0.57059,0.65882,0.5,0.5,0.49412,0.5,0.5,0.50588,0.4975,0.5075,0.496,0.5,0.503,0.5,0.497,0.5035,0.032,0.03,1.023
0.56933,0.60267,0.46667,0.46578,0.46667,0.46622,0.46667,0.47244,0.6,0.64706,0.5,0.5,0.5,0.5,0.5,0.50588,0.493,0.506,0.4955,0.5,0.5,0.498,0.496,0.5,0.086,0.039,1.019,0.67647,0.4,0.5,0.5,0.5,0.5,0.5,0.5,0.58578,0.61022,0.46711,0.46711,0.46622,0.46533,0.46533,0.472,0.38235,0.25882,0.5,0.5,0.50588,0.5,0.5,0.50588,0.458,0.449,0.494,0.494,0.503,0.5015,0.5015,0.5035,0.307,0.033,0.986
0.50267,0.46222,0.46711,0.46756,0.46756,0.46578,0.46578,0.47289,0.32941,0.18235,0.5,0.5,0.50588,0.5,0.5,0.50588,0.4705,0.464,0.493,0.492,0.495,0.5,0.5,0.494,0.4,0.044,0.976,0.91765,0.97059,0.5,0.5,0.5,0.5,0.5,0.5,0.50444,0.40044,0.47022,0.46356,0.46711,0.46578,0.46622,0.47156,0.78235,1.01176,0.5,0.5,0.5,0.50588,0.5,0.51176,0.507,0.569,0.479,0.5105,0.497,0.5,0.4975,0.5045,0.111,0.021,0.855
0.62044,0.70267,0.46622,0.46667,0.46622,0.46667,0.46667,0.47289,0.77647,1.04118,0.43529,0.5,0.51176,0.50588,0.5,0.49412,0.5115,0.516,0.494,0.495,0.497,0.4965,0.495,0.496,-0.223,0.157,0.992,0.45882,0.0,0.5,0.5,0.5,0.5,0.5,0.5,0.61511,0.69867,0.46622,0.47511,0.46889,0.47289,0.46667,0.47244,0.03529,-0.58235,0.5,0.5,0.51176,0.5,0.49412,0.51176,0.456,0.4225,0.498,0.456,0.495,0.465,0.496,0.4965,0.708,0.123,0.771
0.36933,0.19733,0.47644,0.472,0.464,0.48,0.46578,0.472,0.05882,-0.42353,0.54118,0.45882,0.47647,0.5,0.5,0.49412,0.4585,0.4565,0.4515,0.469,0.505,0.43,0.498,0.505,0.454,0.212,0.833,0.94118,0.97059,0.5,0.5,0.5,0.5,0.5,0.5,0.184,0.06889,0.45244,0.45822,0.45333,0.47244,0.46533,0.47333,1.27059,1.21176,0.5,0.49412,0.58824,0.48235,0.5,0.50588,0.6595,0.6155,0.5625,0.535,0.5055,0.4665,0.501,0.4945,-0.73,-0.174,0.411
0.61333,0.56756,0.452,0.45644,0.46711,0.46578,0.46622,0.47422,1.18235,1.78235,0.5,0.5,0.5,0.5,0.5,0.52353,0.54,0.567,0.5635,0.545,0.497,0.499,0.4975,0.4945,-0.819,-0.198,-0.064,0.29412,0.0,0.5,0.5,0.5,0.5,0.5,0.5,0.66667,0.81111,0.46489,0.45244,0.46578,0.46578,0.46533,0.47022,-0.33529,-0.64706,0.54706,0.50588,0.48824,0.5,0.5,0.49412,0.4605,0.4665,0.508,0.5635,0.505,0.4995,0.5015,0.5055,-0.843,-0.187,0.308
0.244,0.27644,0.46844,0.47067,0.46578,0.46578,0.46533,0.47156,-0.31765,-0.44118,0.50588,0.5,0.5,0.5,0.5,0.50588,0.452,0.446,0.488,0.4785,0.505,0.4985,0.501,0.505,-0.96,-0.188,0.305,0.95294,0.97059,0.5,0.5,0.5,0.5,0.5,0.5,0.13067,0.10889,0.468,0.47022,0.46578,0.46578,0.46578,0.47289,1.48824,1.47647,0.5,0.5,0.5,0.5,0.5,0.49412,0.5375,0.5365,0.4895,0.479,0.5035,0.4995,0.4995,0.4965,-0.924,-0.185,0.161
0.60178,0.592,0.45333,0.45822,0.46578,0.46533,0.46578,0.47289,1.27059,1.34118,0.5,0.49412,0.50588,0.5,0.5,0.50588,0.611,0.5825,0.5585,0.536,0.503,0.5015,0.499,0.4965,-0.93,0.465,0.441,0.34706,0.0,0.5,0.5,0.5,0.5,0.5,0.5,0.80578,0.81022,0.45467,0.45422,0.46667,0.46622,0.46578,0.47111,-0.61176,-0.67059,0.51765,0.50588,0.51176,0.5,0.50588,0.5,0.4605,0.4655,0.553,0.5555,0.5,0.499,0.5,0.5055,-0.954,-0.207,0.338
0.27956,0.27422,0.46844,0.46978,0.46533,0.46578,0.46533,0.47156,-0.54118,-0.47647,0.5,0.5,0.5,0.5,0.5,0.51176,0.4515,0.446,0.488,0.482,0.505,0.5,0.5015,0.503,-0.982,-0.194,0.287,0.96471,0.97059,0.5,0.5,0.5,0.5,0.5,0.5,0.116,0.11022,0.468,0.46978,0.46578,0.46578,0.46578,0.47244,1.49412,1.47059,0.5,0.5,0.5,0.5,0.5,0.50588,0.537,0.5365,0.4895,0.481,0.505,0.5,0.4995,0.4965,-0.924,-0.216,0.159
0.48578,0.46756,0.46578,0.46622,0.46222,0.46622,0.46889,0.46578,0.50588,0.50588,0.5,0.5,0.50588,0.5,0.5,0.49412,0.4935,0.495,0.4995,0.4975,0.5,0.5,0.4995,0.4995,0.088,0.023,1.03,0.78824,0.74118,0.5,0.5,0.5,0.5,0.5,0.5,0.53022,0.52756,0.46578,0.46622,0.46178,0.46622,0.46978,0.46578,0.62353,0.64118,0.5,0.5,0.5,0.5,0.5,0.5,0.506,0.508,0.4995,0.4975,0.5035,0.5,0.496,0.5,0.022,0.015,1.043
0.58889,0.59956,0.46667,0.46622,0.46267,0.47333,0.46978,0.46622,0.61176,0.64706,0.5,0.5,0.5,0.52941,0.5,0.5,0.493,0.5065,0.4955,0.4975,0.496,0.4955,0.496,0.4965,0.006,0.03,1.07,0.65882,0.39412,0.5,0.5,0.5,0.5,0.5,0.5,0.59378,0.60533,0.46711,0.46711,0.46222,0.48622,0.46933,0.46622,0.27059,0.22941,0.5,0.5,0.49412,0.5,0.5,0.50588,0.4465,0.4465,0.496,0.494,0.4995,0.5,0.4975,0.494,0.338,0.063,0.984
0.46311,0.44178,0.46711,0.46711,0.46267,0.48667,0.46978,0.46622,0.23529,0.17059,0.5,0.5,0.5,0.5,0.5,0.5,0.469,0.4705,0.4935,0.4935,0.4965,0.4995,0.4965,0.4965,0.394,0.076,0.908,0.95294,0.97059,0.5,0.5,0.5,0.5,0.5,0.5,0.46756,0.404,0.46489,0.46578,0.46311,0.49733,0.47022,0.46667,1.06471,1.08235,0.5,0.5,0.5,0.5,0.5,0.50588,0.5355,0.5385,0.5035,0.5,0.494,0.5,0.494,0.494,-0.232,-0.132,1.061
0.73289,0.69111,0.46489,0.46622,0.46222,0.50044,0.47067,0.46578,0.98235,1.04118,0.49412,0.5,0.5,0.5,0.5,0.49412,0.5145,0.5135,0.5045,0.498,0.5,0.498,0.492,0.5,-0.186,-0.09,1.015,0.29412,0.0,0.5,0.5,0.5,0.5,0.5,0.5,0.68889,0.63689,0.47556,0.46622,0.46089,0.53289,0.47333,0.46489,-0.67059,-0.52353,0.5,0.5,0.49412,0.62941,0.5,0.5,0.392,0.4635,0.4535,0.4975,0.5055,0.4785,0.478,0.5055,0.69,-0.026,0.65
0.116,0.18356,0.47511,0.47156,0.46044,0.55778,0.47022,0.46311,-0.49412,-0.41176,0.5,0.49412,0.48824,0.57647,0.5,0.50588,0.4655,0.469,0.4555,0.4725,0.5055,0.4925,0.495,0.5055,0.281,0.089,1.035,0.97059,0.97059,0.5,0.5,0.5,0.5,0.5,0.5,0.016,0.04489,0.464,0.46133,0.46311,0.57689,0.46978,0.46533,1.18235,1.42353,0.48824,0.46471,0.50588,0.5,0.5,0.51176,0.671,0.5885,0.507,0.5185,0.494,0.4995,0.497,0.498,-0.948,-0.271,0.294
0.60267,0.61289,0.45378,0.45778,0.47822,0.576,0.46889,0.46533,1.48235,1.45882,0.5,0.47647,0.50588,0.5,0.5,0.5,0.6125,0.579,0.5565,0.537,0.4905,0.5,0.5,0.5035,-1.305,-0.127,0.057,0.26471,0.0,0.5,0.5,0.5,0.5,0.5,0.5,0.80311,0.81822,0.45467,0.45778,0.46711,0.56444,0.46933,0.46311,-0.54118,-0.64706,0.51176,0.50588,0.44706,0.48824,0.5,0.45294,0.456,0.466,0.553,0.538,0.494,0.5085,0.4975,0.5055,-0.987,-0.217,0.284
0.27244,0.24356,0.46844,0.46889,0.46133,0.55378,0.46889,0.46489,-0.97647,-0.51765,0.5,0.5,0.51176,0.43529,0.5,0.5,0.45,0.451,0.4875,0.4855,0.506,0.507,0.5005,0.505,-0.919,-0.198,0.349,0.97059,0.97059,0.5,0.5,0.5,0.5,0.5,0.5,0.11778,0.10711,0.468,0.46889,0.46178,0.53422,0.46933,0.46622,1.49412,1.46471,0.5,0.5,0.51176,0.5,0.5,0.49412,0.537,0.5365,0.489,0.485,0.4965,0.5,0.4985,0.4945,-0.869,-0.209,0.162
0.58889,0.58267,0.45422,0.45867,0.46533,0.53422,0.46933,0.46622,1.26471,1.35882,0.49412,0.5,0.51176,0.5,0.5,0.5,0.6115,0.58,0.552,0.5325,0.4945,0.5,0.498,0.4965,-0.882,-0.301,0.068,0.24706,0.0,0.5,0.5,0.5,0.5,0.5,0.5,0.80311,0.80933,0.45556,0.45644,0.46178,0.53378,0.46844,0.464,-0.54706,-0.67059,0.51765,0.51176,0.44118,0.51176,0.48824,0.50588,0.4605,0.4675,0.5475,0.5455,0.506,0.499,0.5015,0.5055,-0.97,-0.211,0.283
0.48178,0.46489,0.46578,0.46578,0.46667,0.46578,0.46578,0.46711,0.5,0.50588,0.5,0.5,0.5,0.5,0.5,0.50588,0.4935,0.5,0.4995,0.5,0.496,0.5,0.5,0.5,0.062,0.021,1.035,0.79412,0.74118,0.5,0.5,0.5,0.5,0.5,0.5,0.528,0.52622,0.46578,0.46533,0.46622,0.46578,0.46533,0.46711,0.62353,0.66471,0.5,0.5,0.51176,0.5,0.5,0.5,0.506,0.5075,0.4995,0.501,0.4965,0.5,0.501,0.5,-0.008,-0.004,1.028
0.58978,0.60756,0.46667,0.46533,0.46622,0.46533,0.46622,0.46711,0.61176,0.66471,0.5,0.5,0.50588,0.5,0.5,0.49412,0.4955,0.5055,0.4955,0.5005,0.5035,0.5015,0.4975,0.5015,0.033,0.042,1.074,0.65882,0.37647,0.5,0.5,0.5,0.5,0.5,0.5,0.59511,0.608,0.46667,0.46711,0.46622,0.46533,0.46533,0.46667,0.24706,0.2,0.5,0.5,0.50588,0.5,0.5,0.5,0.447,0.442,0.4955,0.4935,0.503,0.502,0.5015,0.5035,0.371,0.056,0.975
0.45911,0.42622,0.46711,0.46756,0.46756,0.46578,0.46578,0.46756,0.21765,0.12941,0.5,0.5,0.50588,0.50588,0.50588,0.49412,0.469,0.4685,0.4935,0.4915,0.494,0.5005,0.4995,0.4965,0.434,0.086,0.901,0.95882,0.97059,0.5,0.5,0.5,0.5,0.5,0.5,0.45644,0.35422,0.46489,0.46444,0.46756,0.46622,0.46489,0.468,1.07647,1.05294,0.5,0.5,0.50588,0.5,0.49412,0.50588,0.5375,0.558,0.5035,0.5045,0.494,0.4975,0.502,0.494,-0.233,-0.118,1.08
0.73244,0.62622,0.46444,0.45956,0.46622,0.46667,0.46622,0.46711,0.93529,1.15294,0.48235,0.5,0.5,0.50588,0.5,0.49412,0.515,0.5225,0.504,0.53,0.5035,0.496,0.497,0.4985,-0.219,-0.078,0.958,0.30588,0.0,0.5,0.5,0.5,0.5,0.5,0.5,0.69822,0.63733,0.47422,0.46622,0.468,0.46711,0.46622,0.46489,-0.64118,-0.38824,0.5,0.5,0.50588,0.5,0.50588,0.5,0.3915,0.465,0.4595,0.498,0.494,0.494,0.4975,0.5055,0.713,0.1,0.758
0.12444,0.25822,0.46578,0.47644,0.46844,0.46489,0.46711,0.46444,-0.52941,-0.30588,0.45294,0.5,0.50588,0.51176,0.54118,0.49412,0.471,0.4585,0.494,0.449,0.494,0.5005,0.496,0.5055,0.383,0.066,0.831,0.97059,0.97059,0.5,0.5,0.5,0.5,0.5,0.5,0.02711,0.09067,0.45956,0.45956,0.46489,0.46667,0.46578,0.46756,1.41176,1.52353,0.5,0.5,0.50588,0.5,0.49412,0.51176,0.632,0.609,0.528,0.528,0.5055,0.4945,0.4975,0.4945,-0.79,-0.209,0.215
0.592,0.62933,0.45511,0.45333,0.46667,0.46622,0.46622,0.46756,1.55882,1.35294,0.5,0.49412,0.50588,0.5,0.5,0.49412,0.554,0.602,0.55,0.5565,0.4965,0.4955,0.497,0.4945,-1.028,-0.044,-0.086,0.26471,0.0,0.5,0.5,0.5,0.5,0.5,0.5,0.80178,0.80933,0.45511,0.456,0.46667,0.46622,0.46533,0.46667,-0.58824,-0.68235,0.50588,0.51176,0.49412,0.51176,0.49412,0.48824,0.4625,0.4665,0.5485,0.546,0.5035,0.4985,0.4995,0.5035,-0.953,-0.25,0.298
0.46889,0.46622,0.46578,0.46578,0.46489,0.46578,0.46667,0.46578,0.50588,0.50588,0.5,0.5,0.5,0.5,0.5,0.5,0.496,0.495,0.5,0.4995,0.5,0.5,0.5,0.5,0.056,0.015,1.031,0.44118,0.45882,0.45882,0.49412,0.5,0.5,0.5,0.5,0.45911,0.45378,0.45556,0.46356,0.464,0.46578,0.46667,0.46489,0.44706,0.44118,0.45882,0.5,0.5,0.5,0.5,0.5,0.4915,0.4935,0.482,0.5,0.5035,0.5,0.5,0.506,0.11,0.027,1.019
0.42267,0.42844,0.43244,0.46,0.464,0.46622,0.46667,0.46489,0.42941,0.46471,0.46471,0.5,0.5,0.5,0.5,0.5,0.494,0.4985,0.4915,0.5025,0.505,0.4995,0.5,0.5055,0.131,-0.011,0.99,0.57647,0.54706,0.51765,0.45882,0.5,0.5,0.5,0.5,0.38089,0.40356,0.40489,0.44222,0.46356,0.46622,0.46622,0.46533,0.5,0.50588,0.5,0.46471,0.5,0.5,0.5,0.50588,0.5235,0.514,0.534,0.5,0.505,0.499,0.5015,0.504,0.098,-0.031,1.015
0.39689,0.43022,0.40489,0.42178,0.46356,0.46622,0.46667,0.46622,0.59412,0.58235,0.5,0.46471,0.50588,0.5,0.5,0.5,0.545,0.5105,0.5775,0.5,0.505,0.497,0.5,0.494,0.032,-0.054,1.028,0.53529,0.47647,0.50588,0.58235,0.5,0.5,0.5,0.5,0.46044,0.46533,0.41156,0.42311,0.464,0.46667,0.46711,0.46622,0.50588,0.47647,0.5,0.57647,0.50588,0.5,0.5,0.5,0.5385,0.493,0.6045,0.5105,0.5045,0.496,0.497,0.496,-0.032,-0.021,1.033
0.49244,0.45378,0.41867,0.46356,0.464,0.46667,0.46711,0.46578,0.58824,0.48824,0.53529,0.57059,0.5,0.5,0.5,0.5,0.5215,0.4945,0.587,0.518,0.505,0.496,0.497,0.5,-0.096,-0.045,1.025,0.47059,0.47647,0.53529,0.52353,0.5,0.5,0.5,0.5,0.52578,0.42978,0.43644,0.51911,0.464,0.46667,0.46756,0.46533,0.50588,0.46471,0.54706,0.54118,0.50588,0.5,0.5,0.50588,0.506,0.5065,0.573,0.5225,0.5045,0.496,0.4965,0.504,-0.162,-0.061,1.023
0.51911,0.41822,0.45289,0.53111,0.46444,0.46667,0.46756,0.46533,0.47647,0.47647,0.5,0.51765,0.51176,0.5,0.5,0.50588,0.496,0.507,0.58,0.5205,0.5025,0.496,0.497,0.504,-0.163,-0.048,1.021,0.45294,0.48824,0.53529,0.44706,0.5,0.5,0.5,0.5,0.48356,0.40044,0.48533,0.53378,0.46444,0.46667,0.46711,0.46622,0.48824,0.48824,0.55882,0.45294,0.50588,0.5,0.5,0.50588,0.5,0.5045,0.5825,0.4895,0.503,0.496,0.497,0.4955,-0.144,-0.03,1.019
0.45822,0.39511,0.50222,0.51022,0.46489,0.46667,0.46756,0.46667,0.47059,0.49412,0.55294,0.45882,0.50588,0.5,0.5,0.50588,0.506,0.5045,0.59,0.474,0.4975,0.496,0.4975,0.4955,-0.198,-0.002,1.002,0.54706,0.52941,0.43529,0.47059,0.5,0.5,0.5,0.5,0.42133,0.38844,0.51644,0.46267,0.46578,0.46667,0.46756,0.46578,0.5,0.5,0.44118,0.47647,0.5,0.5,0.5,0.5,0.522,0.509,0.508,0.4995,0.4945,0.496,0.496,0.5,-0.122,0.016,1.028
0.43689,0.39511,0.484,0.44756,0.46578,0.46667,0.46756,0.46578,0.57647,0.53529,0.44118,0.46471,0.5,0.5,0.5,0.5,0.526,0.512,0.508,0.5,0.495,0.496,0.496,0.5,-0.062,0.038,1.031,0.47647,0.56471,0.47647,0.49412,0.5,0.5,0.5,0.5,0.47333,0.43067,0.43911,0.42844,0.46533,0.46667,0.46756,0.46489,0.50588,0.54706,0.47059,0.49412,0.5,0.5,0.5,0.5,0.512,0.516,0.507,0.5035,0.497,0.496,0.496,0.506,-0.054,0.023,1.033
0.47378,0.45689,0.42756,0.42533,0.46533,0.46667,0.46756,0.46489,0.50588,0.56471,0.48824,0.49412,0.5,0.5,0.5,0.5,0.506,0.521,0.503,0.504,0.497,0.496,0.496,0.506,-0.048,0.009,1.046,0.47647,0.48824,0.58235,0.51765,0.5,0.5,0.5,0.5,0.46,0.50178,0.43644,0.42222,0.46444,0.46622,0.46756,0.46533,0.47059,0.50588,0.58235,0.5,0.5,0.5,0.5,0.50588,0.4955,0.5115,0.528,0.5315,0.505,0.4975,0.496,0.504,-0.09,0.001,1.022
0.44578,0.50533,0.47156,0.42933,0.46489,0.46622,0.46756,0.46622,0.48824,0.51176,0.56471,0.51765,0.50588,0.5,0.5,0.5,0.506,0.507,0.559,0.541,0.5,0.4965,0.496,0.4955,-0.125,-0.003,1.017,0.50588,0.50588,0.42353,0.48235,0.5,0.5,0.5,0.5,0.42311,0.50978,0.50444,0.44089,0.46533,0.46667,0.46756,0.46489,0.51176,0.5,0.44118,0.5,0.50588,0.5,0.5,0.50588,0.5085,0.5065,0.501,0.5075,0.4965,0.4965,0.496,0.505,-0.125,-0.021,1.024
0.42356,0.50933,0.46622,0.432,0.464,0.46622,0.46756,0.46489,0.50588,0.5,0.43529,0.5,0.5,0.5,0.5,0.5,0.5105,0.507,0.5,0.5065,0.505,0.4975,0.4975,0.506,-0.035,-0.021,1.01,0.46471,0.41176,0.46471,0.49412,0.5,0.5,0.5,0.5,0.42889,0.48756,0.40978,0.42,0.464,0.46622,0.46622,0.46489,0.49412,0.42353,0.47059,0.5,0.5,0.5,0.5,0.5,0.5,0.4935,0.5005,0.504,0.505,0.4975,0.502,0.506,0.047,-0.013,1.039
0.41111,0.43778,0.392,0.41689,0.464,0.46622,0.46622,0.46489,0.46471,0.38824,0.46471,0.5,0.5,0.5,0.5,0.50588,0.5,0.495,0.5005,0.5045,0.505,0.4975,0.502,0.5055,0.041,-0.036,1.023,0.52353,0.54706,0.58824,0.58235,0.5,0.5,0.5,0.5,0.38578,0.38178,0.38622,0.43067,0.46356,0.46622,0.46756,0.46489,0.5,0.5,0.58824,0.58824,0.5,0.5,0.5,0.5,0.51,0.517,0.5765,0.5535,0.505,0.4965,0.496,0.504,-0.062,-0.042,1.036
0.38533,0.388,0.43111,0.472,0.46356,0.46667,0.46756,0.46489,0.50588,0.58235,0.59412,0.57647,0.5,0.5,0.5,0.5,0.518,0.5295,0.5775,0.5565,0.505,0.496,0.496,0.5055,-0.187,-0.109,1.005,0.59412,0.51176,0.48824,0.41765,0.5,0.5,0.5,0.5,0.39333,0.43378,0.48311,0.50267,0.46356,0.46667,0.46711,0.46622,0.67059,0.60588,0.5,0.42941,0.50588,0.5,0.5,0.5,0.555,0.5145,0.558,0.501,0.505,0.496,0.496,0.496,-0.262,-0.093,0.993
0.44267,0.46222,0.48267,0.46489,0.46444,0.46667,0.46756,0.46578,0.69412,0.54706,0.5,0.42353,0.50588,0.5,0.5,0.5,0.552,0.5065,0.533,0.491,0.503,0.496,0.496,0.496,-0.313,-0.04,0.988,0.48824,0.45882,0.42941,0.58235,0.5,0.5,0.5,0.5,0.56267,0.45689,0.45867,0.42089,0.46756,0.46711,0.46756,0.46533,0.56471,0.45882,0.45882,0.54706,0.5,0.5,0.5,0.5,0.494,0.507,0.4975,0.599,0.495,0.4935,0.496,0.5035,-0.298,0.06,0.994
0.56889,0.42667,0.42267,0.46,0.46356,0.46711,0.46756,0.46533,0.50588,0.41765,0.44118,0.58235,0.5,0.5,0.5,0.5,0.489,0.5085,0.4985,0.6135,0.505,0.4935,0.496,0.5035,-0.252,-0.065,0.977,0.36471,0.55294,0.51176,0.41765,0.5,0.5,0.5,0.5,0.50844,0.40311,0.37911,0.50089,0.464,0.46667,0.46622,0.46489,0.32941,0.5,0.5,0.41765,0.50588,0.5,0.5,0.5,0.492,0.5225,0.5265,0.503,0.505,0.496,0.501,0.506,-0.146,-0.157,1.015
0.42844,0.41556,0.37911,0.45822,0.464,0.46667,0.46622,0.46489,0.35882,0.52353,0.5,0.41176,0.50588,0.5,0.5,0.5,0.4945,0.541,0.555,0.514,0.505,0.496,0.5015,0.504,-0.134,-0.16,1.013,0.52353,0.45882,0.54706,0.56471,0.5,0.5,0.5,0.5,0.34133,0.45289,0.392,0.42133,0.46356,0.46667,0.46756,0.46489,0.50588,0.50588,0.59412,0.59412,0.50588,0.5,0.5,0.50588,0.511,0.5135,0.6055,0.571,0.505,0.496,0.4955,0.504,-0.201,-0.175,0.994
0.34133,0.45244,0.41467,0.45511,0.46356,0.46667,0.46756,0.46489,0.5,0.5,0.55882,0.58824,0.50588,0.5,0.5,0.50588,0.52,0.5045,0.61,0.5675,0.505,0.496,0.4955,0.504,-0.231,-0.195,0.982,0.58235,0.54118,0.54706,0.44706,0.5,0.5,0.5,0.5,0.35778,0.42667,0.45733,0.48756,0.46356,0.46711,0.468,0.46622,0.62941,0.5,0.55882,0.45882,0.5,0.5,0.5,0.5,0.5465,0.5135,0.615,0.5035,0.5045,0.4955,0.494,0.496,-0.306,-0.176,0.987
0.37067,0.45022,0.47733,0.46044,0.464,0.46711,0.46756,0.46578,0.71765,0.54706,0.55882,0.44118,0.50588,0.5,0.5,0.5,0.5735,0.511,0.6355,0.5,0.5045,0.494,0.494,0.5,-0.374,-0.106,0.923,0.57059,0.49412,0.51176,0.51176,0.5,0.5,0.5,0.5,0.46844,0.488,0.512,0.43067,0.46578,0.47156,0.46844,0.46622,0.67059,0.5,0.5,0.5,0.50588,0.5,0.5,0.50588,0.5455,0.5065,0.621,0.521,0.495,0.473,0.4915,0.496,-0.474,0.075,0.872
0.548,0.48489,0.52267,0.43067,0.468,0.47111,0.46711,0.46622,0.58824,0.5,0.5,0.5,0.52353,0.5,0.5,0.50588,0.5105,0.5045,0.597,0.5495,0.495,0.4745,0.4975,0.494,-0.513,0.117,0.875,0.4,0.51765,0.41176,0.55882,0.5,0.5,0.5,0.5,0.60178,0.476,0.52222,0.44,0.46844,0.47022,0.46578,0.46667,0.50588,0.5,0.42353,0.52941,0.44706,0.5,0.5,0.5,0.472,0.509,0.492,0.632,0.495,0.4785,0.5035,0.494,-0.514,0.084,0.875
0.552,0.47556,0.47422,0.46933,0.46444,0.46489,0.46578,0.46667,0.32941,0.5,0.41176,0.53529,0.50588,0.5,0.5,0.5,0.48,0.5145,0.4995,0.637,0.5025,0.505,0.5035,0.494,-0.437,-0.269,0.942,0.52353,0.48235,0.54118,0.44706,0.5,0.5,0.5,0.5,0.45467,0.476,0.41733,0.51156,0.464,0.46667,0.46756,0.46622,0.50588,0.50588,0.5,0.48824,0.5,0.5,0.5,0.5,0.5095,0.5155,0.5935,0.515,0.505,0.496,0.4955,0.4955,-0.477,-0.253,0.899
0.45467,0.47644,0.42578,0.48533,0.46356,0.46667,0.46844,0.46622,0.50588,0.50588,0.5,0.45882,0.5,0.5,0.5,0.5,0.5175,0.51,0.6535,0.505,0.505,0.496,0.4915,0.496,-0.458,-0.205,0.887,0.46471,0.51765,0.51765,0.55294,0.5,0.5,0.5,0.5,0.45422,0.47689,0.44844,0.46178,0.46356,0.46711,0.46844,0.46622,0.5,0.50588,0.5,0.55294,0.5,0.5,0.5,0.50588,0.516,0.5085,0.6885,0.56,0.505,0.4935,0.4915,0.496,-0.486,-0.176,0.878
0.44844,0.47644,0.46889,0.48356,0.46356,0.46711,0.46844,0.46578,0.47647,0.50588,0.54118,0.51176,0.5,0.5,0.5,0.5,0.5085,0.5145,0.638,0.5805,0.505,0.4935,0.4915,0.5,-0.508,-0.207,0.867,0.52941,0.47647,0.54118,0.44706,0.5,0.5,0.5,0.5,0.43244,0.47689,0.49467,0.51156,0.46356,0.46711,0.46844,0.46622,0.5,0.50588,0.50588,0.45294,0.50588,0.5,0.5,0.50588,0.514,0.5135,0.6295,0.5135,0.505,0.4945,0.4915,0.494,-0.554,-0.196,0.822
0.432,0.47733,0.50311,0.48533,0.464,0.46667,0.46889,0.46622,0.5,0.50588,0.5,0.44118,0.50588,0.5,0.5,0.5,0.527,0.507,0.688,0.5,0.5045,0.494,0.489,0.4935,-0.55,-0.102,0.821,0.54706,0.50588,0.43529,0.44118,0.5,0.5,0.5,0.5,0.432,0.47333,0.53378,0.43378,0.46578,0.46667,0.46933,0.46622,0.5,0.50588,0.48235,0.42941,0.50588,0.5,0.5,0.5,0.5705,0.507,0.5585,0.504,0.495,0.494,0.487,0.496,-0.586,0.013,0.915
0.46267,0.47333,0.50133,0.404,0.46578,0.46711,0.46933,0.46622,0.51176,0.5,0.43529,0.44118,0.50588,0.5,0.5,0.5,0.5545,0.5065,0.553,0.502,0.495,0.494,0.487,0.4955,-0.542,0.043,0.867,0.49412,0.47059,0.52353,0.51176,0.5,0.5,0.5,0.5,0.49689,0.47067,0.46178,0.37022,0.46533,0.46578,0.46889,0.46622,0.50588,0.46471,0.5,0.5,0.50588,0.5,0.5,0.50588,0.546,0.5065,0.596,0.527,0.4975,0.499,0.489,0.494,-0.665,0.102,0.786
0.51067,0.45333,0.46311,0.36978,0.46533,0.46533,0.46844,0.46622,0.50588,0.45882,0.51176,0.5,0.5,0.5,0.5,0.50588,0.5265,0.5065,0.6485,0.558,0.4975,0.503,0.491,0.494,-0.896,-0.042,0.563,0.48235,0.47647,0.54118,0.53529,0.5,0.5,0.5,0.5,0.51067,0.43022,0.47733,0.39378,0.46578,0.46533,0.46667,0.46667,0.50588,0.45882,0.5,0.52941,0.5,0.5,0.5,0.50588,0.517,0.5065,0.711,0.5355,0.495,0.502,0.499,0.4935,-0.896,0.082,0.58
0.51067,0.41822,0.49956,0.412,0.46533,0.46533,0.46622,0.46667,0.5,0.47059,0.58824,0.54706,0.5,0.5,0.5,0.50588,0.511,0.5065,0.709,0.5335,0.4955,0.502,0.501,0.494,-0.938,0.077,0.507,0.43529,0.55882,0.45882,0.47647,0.5,0.5,0.5,0.5,0.49289,0.40356,0.52267,0.42889,0.46578,0.46533,0.46711,0.46533,0.44118,0.5,0.5,0.5,0.50588,0.5,0.5,0.50588,0.506,0.517,0.648,0.515,0.495,0.502,0.498,0.504,-0.848,0.066,0.518
0.45822,0.41422,0.52267,0.41778,0.46533,0.46533,0.46711,0.46578,0.4,0.52353,0.5,0.48824,0.5,0.5,0.5,0.50588,0.506,0.5325,0.549,0.5095,0.497,0.502,0.4975,0.5,-0.84,0.08,0.498,0.57059,0.54706,0.51176,0.52353,0.5,0.5,0.5,0.5,0.41333,0.45022,0.50044,0.40044,0.46578,0.46578,0.46667,0.46622,0.5,0.50588,0.5,0.5,0.50588,0.5,0.5,0.50588,0.531,0.553,0.5545,0.563,0.495,0.5,0.4985,0.4965,-0.869,0.008,0.537
0.43644,0.47022,0.50044,0.40089,0.46578,0.46578,0.46667,0.46622,0.56471,0.61765,0.5,0.5,0.50588,0.5,0.5,0.50588,0.5425,0.5485,0.583,0.6185,0.495,0.5005,0.499,0.496,-0.879,-0.004,0.494,0.51176,0.5,0.5,0.58235,0.5,0.5,0.5,0.5,0.50089,0.5,0.50044,0.43556,0.46533,0.46578,0.46667,0.46622,0.54706,0.50588,0.5,0.56471,0.5,0.5,0.5,0.49412,0.519,0.5505,0.617,0.6505,0.497,0.5005,0.4985,0.495,-1.02,-0.09,0.344
0.50578,0.5,0.50089,0.48,0.46533,0.46578,0.46667,0.46667,0.50588,0.50588,0.5,0.58235,0.50588,0.5,0.5,0.50588,0.5225,0.55,0.615,0.6375,0.497,0.5015,0.499,0.494,-0.977,-0.23,0.201,0.48235,0.44706,0.49412,0.48824,0.5,0.5,0.5,0.5,0.512,0.49956,0.50489,0.51911,0.46533,0.46578,0.46667,0.46667,0.50588,0.5,0.5,0.5,0.5,0.5,0.5,0.50588,0.516,0.526,0.5865,0.6645,0.497,0.501,0.4985,0.494,-0.979,-0.216,0.174
0.512,0.49689,0.50489,0.51911,0.46533,0.46533,0.46711,0.46622,0.50588,0.46471,0.5,0.5,0.5,0.5,0.5,0.50588,0.5105,0.5105,0.572,0.636,0.497,0.501,0.498,0.494,-0.963,-0.208,0.189,0.48824,0.53529,0.48235,0.47647,0.5,0.5,0.5,0.5,0.512,0.47111,0.50489,0.52,0.46533,0.46578,0.46711,0.46667,0.5,0.5,0.5,0.5,0.5,0.5,0.5,0.50588,0.506,0.5165,0.5275,0.5615,0.497,0.501,0.4975,0.494,-0.969,-0.215,0.196
0.50889,0.472,0.49956,0.516,0.46533,0.46578,0.46711,0.46667,0.49412,0.51765,0.47647,0.48824,0.5,0.5,0.5,0.5,0.5035,0.531,0.5075,0.5225,0.497,0.501,0.497,0.494,-0.958,-0.215,0.199,0.44706,0.42941,0.42353,0.48235,0.5,0.5,0.5,0.5,0.48311,0.48622,0.468,0.49822,0.46444,0.46578,0.46667,0.46622,0.44706,0.50588,0.44118,0.49412,0.51176,0.5,0.5,0.5,0.494,0.5115,0.488,0.5125,0.501,0.501,0.498,0.496,-0.943,-0.209,0.256
0.46267,0.47067,0.432,0.49111,0.46444,0.46578,0.46667,0.46622,0.47059,0.42353,0.43529,0.48824,0.50588,0.5,0.5,0.5,0.4935,0.498,0.4745,0.504,0.503,0.501,0.4985,0.4955,-0.927,-0.211,0.319,0.45882,0.51176,0.59412,0.53529,0.5,0.5,0.5,0.5,0.42267,0.42978,0.41511,0.48578,0.46311,0.46578,0.46667,0.46622,0.41765,0.50588,0.57647,0.51176,0.5,0.5,0.5,0.5,0.493,0.507,0.499,0.535,0.505,0.501,0.4975,0.496,-0.914,-0.213,0.349
0.38978,0.42933,0.45956,0.49689,0.464,0.46622,0.46711,0.46622,0.47647,0.49412,0.57059,0.52941,0.50588,0.5,0.5,0.5,0.494,0.509,0.5055,0.5695,0.503,0.499,0.497,0.496,-0.927,-0.227,0.333,0.55882,0.46471,0.51765,0.45882,0.5,0.5,0.5,0.5,0.36622,0.42578,0.512,0.51067,0.46444,0.46667,0.46711,0.46622,0.51176,0.5,0.5,0.5,0.50588,0.5,0.5,0.5,0.5155,0.507,0.5495,0.537,0.5025,0.498,0.497,0.496,-0.925,-0.234,0.325
0.37467,0.41689,0.51511,0.49644,0.46444,0.46667,0.46667,0.46578,0.54118,0.47059,0.5,0.47059,0.50588,0.5,0.5,0.5,0.531,0.495,0.577,0.5,0.5025,0.4975,0.4985,0.5,-0.94,-0.223,0.308,0.52353,0.54706,0.48824,0.47059,0.5,0.5,0.5,0.5,0.39644,0.40222,0.51644,0.46667,0.46444,0.46622,0.46667,0.46578,0.50588,0.53529,0.5,0.48235,0.50588,0.5,0.5,0.5,0.5595,0.5085,0.6045,0.486,0.5025,0.498,0.4985,0.5,-0.929,-0.222,0.31
0.40978,0.42667,0.516,0.45244,0.46444,0.46667,0.46667,0.46578,0.50588,0.55294,0.5,0.47647,0.50588,0.5,0.5,0.5,0.558,0.5085,0.576,0.483,0.5025,0.498,0.4985,0.5,-0.94,-0.224,0.308,0.51176,0.48235,0.42941,0.51765,0.5,0.5,0.5,0.5,0.43778,0.45867,0.49378,0.43822,0.46444,0.46622,0.46622,0.46578,0.58235,0.50588,0.44118,0.52353,0.51176,0.5,0.5,0.5,0.539,0.4955,0.5355,0.4975,0.503,0.4985,0.5,0.5,-0.941,-0.235,0.321
0.46889,0.45022,0.46178,0.44711,0.464,0.46622,0.46622,0.46578,0.55294,0.5,0.42353,0.52353,0.51176,0.5,0.5,0.5,0.516,0.4935,0.5015,0.5,0.503,0.4985,0.5,0.5,-0.924,-0.222,0.324,0.47647,0.54706,0.49412,0.52941,0.5,0.5,0.5,0.5,0.49289,0.44222,0.42578,0.46711,0.464,0.46622,0.46622,0.46622,0.50588,0.53529,0.5,0.52353,0.5,0.5,0.5,0.50588,0.5035,0.5105,0.4805,0.5,0.505,0.4985,0.5,0.496,-0.92,-0.219,0.335
0.48222,0.45822,0.42356,0.47333,0.464,0.46622,0.46667,0.46622,0.5,0.53529,0.5,0.51765,0.5,0.5,0.5,0.5,0.494,0.515,0.4755,0.5385,0.505,0.4985,0.499,0.496,-0.926,-0.22,0.334,0.52353,0.51176,0.51765,0.52941,0.5,0.5,0.5,0.5,0.47733,0.46356,0.42133,0.48533,0.46356,0.46622,0.46667,0.46622,0.52941,0.50588,0.5,0.50588,0.5,0.5,0.5,0.5,0.506,0.539,0.497,0.609,0.505,0.4985,0.4985,0.496,-0.92,-0.218,0.33
0.48356,0.46311,0.43022,0.49467,0.46311,0.46622,0.46667,0.46622,0.50588,0.5,0.50588,0.5,0.5,0.5,0.5,0.50588,0.506,0.547,0.5,0.636,0.505,0.4985,0.4985,0.494,-0.928,-0.224,0.324,0.51176,0.45294,0.47059,0.44118,0.5,0.5,0.5,0.5,0.496,0.46311,0.43156,0.50311,0.464,0.46622,0.46667,0.46622,0.52941,0.50588,0.48824,0.5,0.50588,0.5,0.5,0.5,0.507,0.531,0.494,0.5875,0.505,0.4985,0.4985,0.496,-0.924,-0.228,0.314
0.50578,0.46311,0.41956,0.48756,0.464,0.46622,0.46667,0.46667,0.51765,0.50588,0.47647,0.43529,0.50588,0.5,0.5,0.50588,0.506,0.5115,0.4805,0.5165,0.503,0.4995,0.4985,0.4955,-0.927,-0.213,0.337,0.45882,0.48235,0.55882,0.52941,0.5,0.5,0.5,0.5,0.50444,0.45067,0.41911,0.468,0.46356,0.46622,0.46667,0.46667,0.44706,0.49412,0.54706,0.52941,0.5,0.5,0.5,0.50588,0.496,0.4935,0.4995,0.5,0.505,0.4995,0.4985,0.496,-0.926,-0.224,0.336
0.5,0.48356,0.49956,0.48311,0.47067,0.46578,0.46267,0.46756,0.50588,0.50588,0.5,0.5,0.51176,0.5,0.5,0.50588,0.493,0.493,0.4785,0.4825,0.5035,0.5,0.502,0.494,0.174,0.029,1.019,0.74706,0.8,0.47647,0.49412,0.5,0.5,0.5,0.5,0.56844,0.57067,0.49467,0.48311,0.47644,0.46578,0.464,0.46622,0.73529,0.81765,0.47059,0.5,0.50588,0.5,0.5,0.50588,0.51,0.5095,0.464,0.473,0.5035,0.4995,0.4975,0.505,-0.051,-0.003,1.02
0.68756,0.71778,0.47289,0.476,0.476,0.46622,0.464,0.46711,0.75294,0.81765,0.46471,0.5,0.5,0.5,0.5,0.51176,0.5135,0.5125,0.5075,0.4935,0.506,0.498,0.4975,0.4955,-0.328,-0.043,0.964,0.38824,0.35294,0.49412,0.47059,0.5,0.5,0.5,0.5,0.85244,0.90889,0.45956,0.46667,0.47733,0.46622,0.464,0.46711,0.5,0.50588,0.5,0.5,0.5,0.5,0.5,0.5,0.4565,0.449,0.499,0.476,0.494,0.497,0.4975,0.4965,-0.044,0.101,1.042
0.80444,0.864,0.45644,0.46578,0.47733,0.46622,0.46311,0.46578,0.37647,0.37647,0.49412,0.49412,0.5,0.5,0.49412,0.5,0.455,0.419,0.4985,0.4085,0.4965,0.497,0.5005,0.5055,0.003,0.084,1.048,0.59412,0.27647,0.45882,0.45294,0.5,0.5,0.5,0.5,0.70844,0.69467,0.436,0.42844,0.47689,0.46489,0.46267,0.46711,0.55882,0.15294,0.45294,0.42353,0.50588,0.5,0.5,0.44706,0.509,0.446,0.5125,0.4255,0.4965,0.503,0.503,0.505,-0.009,-0.014,1.042
0.75867,0.62222,0.41467,0.41511,0.47644,0.46489,0.46267,0.46756,0.57059,0.22353,0.44706,0.48824,0.50588,0.5,0.50588,0.50588,0.508,0.3765,0.515,0.379,0.4965,0.503,0.5035,0.4945,0.226,-0.207,0.945,0.49412,0.51765,0.52941,0.54706,0.5,0.5,0.5,0.5,0.87867,0.35289,0.41644,0.35556,0.47867,0.48089,0.46222,0.47822,0.5,0.50588,0.5,0.5,0.5,0.5,0.5,0.5,0.445,0.5195,0.4375,0.599,0.4945,0.425,0.5055,0.493,0.229,-0.16,0.989
0.87867,0.35289,0.42578,0.37156,0.47911,0.48089,0.46222,0.47822,0.5,0.50588,0.52941,0.52941,0.50588,0.5,0.5,0.5,0.4415,0.5275,0.4645,0.639,0.4945,0.425,0.506,0.493,0.236,-0.147,1.023,0.55882,0.81176,0.47059,0.54118,0.5,0.5,0.5,0.5,0.87867,0.40089,0.44622,0.396,0.48044,0.48044,0.46267,0.46444,0.50588,0.84706,0.5,0.5,0.50588,0.5,0.5,0.5,0.468,0.6095,0.406,0.7215,0.4945,0.427,0.504,0.5055,-0.026,-0.38,1.042
0.90889,0.63911,0.43022,0.45911,0.47733,0.46978,0.46533,0.46622,0.62353,0.98235,0.5,0.61765,0.51176,0.5,0.5,0.5,0.4665,0.5165,0.41,0.526,0.494,0.48,0.4915,0.5035,0.083,-0.288,0.969,0.35294,0.31176,0.51176,0.47059,0.5,0.5,0.5,0.5,0.936,0.816,0.41556,0.47778,0.47778,0.46978,0.46844,0.46711,0.49412,0.36471,0.49412,0.50588,0.51176,0.5,0.5,0.5,0.386,0.476,0.4135,0.505,0.4945,0.48,0.4765,0.4965,0.162,-0.254,0.991
0.90711,0.72044,0.41556,0.464,0.48978,0.47067,0.46844,0.46578,0.40588,0.28824,0.5,0.47647,0.52941,0.5,0.5,0.50588,0.313,0.4795,0.443,0.498,0.4925,0.477,0.4765,0.5035,0.358,-0.27,0.963,0.51176,0.72353,0.54706,0.50588,0.5,0.5,0.5,0.5,0.74667,0.63644,0.43511,0.44933,0.48667,0.46933,0.468,0.46711,0.42941,0.76471,0.55882,0.51765,0.46471,0.5,0.5,0.50588,0.455,0.5135,0.46,0.4955,0.4935,0.4815,0.4785,0.4965,0.815,0.021,0.64
0.71911,0.76622,0.45689,0.45733,0.48178,0.46533,0.46311,0.46756,0.40588,0.54118,0.52353,0.5,0.48824,0.5,0.5,0.51176,0.489,0.511,0.4695,0.471,0.494,0.5005,0.502,0.494,0.826,0.105,0.562,0.67059,0.37059,0.51765,0.45294,0.5,0.5,0.5,0.5,0.73867,0.86356,0.48533,0.45511,0.47733,0.46533,0.46311,0.46711,0.67647,0.37647,0.52941,0.47059,0.5,0.5,0.5,0.50588,0.5165,0.4925,0.497,0.424,0.4965,0.501,0.5015,0.494,0.847,0.102,0.551
0.82756,0.79689,0.49378,0.43333,0.47689,0.46533,0.46311,0.46711,0.68235,0.37059,0.51176,0.47059,0.5,0.5,0.5,0.50588,0.5155,0.4925,0.4985,0.413,0.4965,0.501,0.5015,0.4955,0.839,0.08,0.554,0.54118,0.36471,0.44706,0.58235,0.5,0.5,0.5,0.5,0.952,0.70133,0.49244,0.41956,0.47733,0.46578,0.46311,0.46756,0.54118,0.37059,0.45882,0.55882,0.50588,0.5,0.5,0.50588,0.5075,0.476,0.4695,0.475,0.4965,0.499,0.5015,0.494,0.843,0.101,0.547
0.97333,0.644,0.46978,0.46133,0.47733,0.46578,0.46311,0.46711,0.54118,0.37647,0.46471,0.58824,0.50588,0.5,0.5,0.50588,0.5075,0.4635,0.4495,0.484,0.494,0.499,0.5015,0.495,0.846,0.148,0.543,0.32941,0.44706,0.45294,0.44706,0.5,0.5,0.5,0.5,0.95822,0.548,0.43644,0.50311,0.47689,0.46578,0.46311,0.46711,0.33529,0.42941,0.47059,0.46471,0.5,0.5,0.5,0.5,0.491,0.4645,0.3825,0.425,0.5,0.499,0.5015,0.4965,0.815,0.19,0.529
0.46667,0.46578,0.46578,0.46578,0.46489,0.47022,0.46578,0.46622,0.5,0.51176,0.5,0.5,0.5,0.5,0.5,0.50588,0.495,0.496,0.4995,0.5,0.5,0.5,0.4995,0.496,0.061,0.023,1.029,0.6,0.62941,0.49412,0.43529,0.5,0.5,0.5,0.5,0.49467,0.50178,0.464,0.44667,0.46489,0.47067,0.46622,0.46667,0.6,0.64118,0.5,0.44118,0.5,0.5,0.5,0.50588,0.507,0.507,0.498,0.4875,0.5,0.498,0.4985,0.494,0.037,0.01,1.025
0.55067,0.57511,0.46089,0.41556,0.46533,0.47111,0.46622,0.46711,0.61765,0.63529,0.5,0.43529,0.5,0.5,0.5,0.50588,0.506,0.5055,0.4985,0.4775,0.495,0.4955,0.4975,0.494,0.026,-0.002,1.021,0.56471,0.41176,0.44118,0.58824,0.5,0.5,0.5,0.5,0.64267,0.65778,0.44356,0.40044,0.46489,0.47067,0.46578,0.46533,0.56471,0.49412,0.43529,0.57647,0.5,0.5,0.5,0.5,0.493,0.4705,0.4705,0.508,0.5,0.4975,0.4995,0.5055,0.029,-0.018,1.039
0.67289,0.62756,0.41156,0.44356,0.46444,0.46978,0.46489,0.46489,0.54118,0.42353,0.45294,0.58235,0.50588,0.5,0.5,0.5,0.4935,0.4615,0.4795,0.517,0.5055,0.501,0.5035,0.5055,0.036,-0.032,1.026,0.49412,0.58824,0.51176,0.51176,0.5,0.5,0.5,0.5,0.71689,0.56756,0.37644,0.50356,0.46311,0.47067,0.46622,0.46533,0.5,0.5,0.5,0.51765,0.5,0.5,0.5,0.50588,0.4895,0.494,0.499,0.498,0.506,0.4975,0.497,0.5035,-0.006,-0.014,1.053
0.71689,0.60356,0.38311,0.50889,0.46267,0.47111,0.46667,0.46578,0.50588,0.57647,0.51765,0.5,0.5,0.5,0.5,0.51176,0.4875,0.5055,0.4985,0.501,0.506,0.4955,0.4965,0.5035,-0.053,-0.003,1.027,0.48824,0.44706,0.57059,0.48824,0.5,0.5,0.5,0.5,0.71644,0.64222,0.40933,0.51156,0.464,0.47111,0.46622,0.46667,0.5,0.49412,0.55882,0.48824,0.49412,0.5,0.5,0.5,0.482,0.4925,0.5175,0.499,0.5035,0.4955,0.4975,0.4955,-0.079,-0.003,1.03
0.71244,0.63289,0.44,0.51111,0.46444,0.47111,0.46622,0.46667,0.48235,0.50588,0.56471,0.5,0.50588,0.5,0.5,0.50588,0.4815,0.482,0.543,0.476,0.5035,0.4955,0.498,0.4945,-0.079,0.005,1.028,0.39412,0.48824,0.54118,0.49412,0.5,0.5,0.5,0.5,0.66933,0.61733,0.49778,0.51111,0.46578,0.47111,0.46622,0.46667,0.41176,0.47647,0.52941,0.5,0.50588,0.5,0.5,0.5,0.479,0.466,0.5335,0.433,0.4945,0.4955,0.4975,0.4945,-0.044,0.038,1.028
0.61422,0.60489,0.52533,0.508,0.46578,0.47111,0.46622,0.46667,0.38824,0.46471,0.54706,0.5,0.51176,0.5,0.5,0.5,0.4805,0.474,0.5025,0.4335,0.494,0.4955,0.498,0.4945,-0.038,0.034,1.027,0.42941,0.49412,0.37647,0.48235,0.5,0.5,0.5,0.5,0.54311,0.58889,0.52044,0.49511,0.46756,0.47111,0.46667,0.46578,0.5,0.47647,0.39412,0.46471,0.50588,0.5,0.5,0.49412,0.4625,0.4795,0.4445,0.4495,0.4945,0.4955,0.496,0.5035,0.106,0.075,1.051
0.52667,0.58222,0.46133,0.48089,0.464,0.47156,0.46711,0.46578,0.32941,0.44118,0.36471,0.48235,0.50588,0.5,0.5,0.50588,0.452,0.4845,0.4255,0.4725,0.5055,0.4935,0.4945,0.5035,0.246,0.17,0.977,0.59412,0.60588,0.57059,0.52353,0.5,0.5,0.5,0.5,0.43867,0.58711,0.37644,0.47733,0.45867,0.47289,0.46489,0.46578,0.5,0.64118,0.51176,0.5,0.50588,0.5,0.50588,0.50588,0.5165,0.5055,0.592,0.4815,0.5055,0.487,0.504,0.5035,-0.052,-0.062,1.069
0.44,0.63689,0.40222,0.48711,0.45822,0.47556,0.46578,0.46533,0.55882,0.60588,0.54118,0.52353,0.50588,0.5,0.5,0.51176,0.5555,0.506,0.64,0.4915,0.505,0.4745,0.5005,0.5035,-0.068,0.059,1.021,0.48235,0.42941,0.52941,0.47647,0.5,0.5,0.5,0.5,0.53689,0.71111,0.46533,0.50089,0.46578,0.47556,0.46622,0.46578,0.50588,0.50588,0.55294,0.5,0.50588,0.5,0.5,0.5,0.51,0.474,0.5885,0.454,0.4945,0.4745,0.497,0.5035,-0.026,0.092,1.028
0.53778,0.70356,0.48267,0.50089,0.46622,0.47511,0.46667,0.46578,0.50588,0.46471,0.54118,0.5,0.50588,0.5,0.5,0.50588,0.5065,0.443,0.579,0.397,0.4945,0.476,0.4965,0.5035,-0.052,0.076,1.03,0.6,0.47059,0.48235,0.50588,0.5,0.5,0.5,0.5,0.57333,0.61556,0.51778,0.47333,0.464,0.47022,0.46578,0.46444,0.6,0.42353,0.5,0.5,0.49412,0.5,0.5,0.49412,0.5055,0.4855,0.466,0.4695,0.5055,0.4995,0.501,0.506,0.017,0.027,1.03
0.61111,0.61022,0.50133,0.47378,0.46489,0.47022,0.46533,0.46489,0.57647,0.50588,0.48824,0.5,0.51176,0.5,0.5,0.50588,0.5085,0.4755,0.498,0.484,0.5,0.4995,0.5015,0.5055,0.058,0.034,1.046,0.48824,0.57059,0.45882,0.48824,0.5,0.5,0.5,0.5,0.67378,0.60933,0.476,0.47467,0.46444,0.47022,0.46578,0.46533,0.47059,0.5,0.47059,0.5,0.50588,0.5,0.5,0.5,0.4935,0.487,0.5,0.478,0.5035,0.4995,0.501,0.506,0.063,0.04,1.006
0.66756,0.62178,0.45467,0.47156,0.46489,0.47022,0.46578,0.46533,0.48824,0.58235,0.46471,0.48824,0.50588,0.5,0.5,0.51176,0.4935,0.506,0.5,0.463,0.5,0.4995,0.501,0.503,0.032,0.042,1.023,0.44706,0.37059,0.51765,0.45882,0.5,0.5,0.5,0.5,0.67333,0.64933,0.43822,0.45289,0.46489,0.47022,0.46578,0.46578,0.5,0.45882,0.52353,0.48824,0.5,0.5,0.5,0.51176,0.4755,0.4715,0.5005,0.453,0.5,0.4995,0.501,0.503,0.093,0.061,1.007
0.648,0.61956,0.44711,0.44044,0.46489,0.47022,0.46533,0.46711,0.41765,0.42941,0.51765,0.47647,0.50588,0.5,0.5,0.51176,0.4785,0.43,0.5005,0.4115,0.5,0.4995,0.502,0.4945,0.231,0.05,1.009,0.44706,0.54706,0.53529,0.49412,0.5,0.5,0.5,0.5,0.58578,0.53778,0.46844,0.41822,0.46578,0.47022,0.46578,0.46711,0.45294,0.50588,0.53529,0.5,0.50588,0.5,0.5,0.50588,0.4865,0.4675,0.5035,0.3935,0.494,0.4995,0.5015,0.4945,0.253,0.048,1.007
0.55822,0.53778,0.48933,0.41156,0.46622,0.46978,0.46533,0.46711,0.45882,0.50588,0.54118,0.48824,0.50588,0.50588,0.5,0.5,0.487,0.488,0.4955,0.41,0.494,0.5015,0.5025,0.494,0.237,0.013,1.004,0.47647,0.51765,0.42353,0.55882,0.5,0.5,0.5,0.5,0.528,0.55956,0.49156,0.412,0.46711,0.47022,0.46667,0.46711,0.5,0.5,0.43529,0.54706,0.50588,0.5,0.50588,0.5,0.481,0.4925,0.4555,0.488,0.494,0.4995,0.497,0.494,0.236,0.042,1.0
0.52844,0.56444,0.46489,0.44178,0.46533,0.47111,0.46667,0.46578,0.50588,0.50588,0.5,0.55882,0.49412,0.5,0.5,0.49412,0.4685,0.4935,0.3995,0.5,0.4965,0.4955,0.4965,0.5035,0.25,0.062,1.014,0.51176,0.55882,0.49412,0.50588,0.5,0.5,0.5,0.5,0.52889,0.58622,0.41244,0.47556,0.46311,0.47067,0.46667,0.46622,0.50588,0.54706,0.48235,0.5,0.50588,0.5,0.5,0.50588,0.46,0.506,0.4225,0.5005,0.5055,0.496,0.4965,0.4965,0.217,0.127,1.0
0.52889,0.604,0.41022,0.47867,0.46311,0.47111,0.46667,0.46622,0.50588,0.55294,0.5,0.50588,0.5,0.5,0.5,0.5,0.467,0.51,0.419,0.501,0.5055,0.495,0.4965,0.5035,0.211,0.116,0.998,0.51765,0.55882,0.57647,0.44118,0.5,0.5,0.5,0.5,0.52889,0.66267,0.42,0.464,0.464,0.47111,0.46667,0.46533,0.50588,0.59412,0.59412,0.44706,0.52353,0.5,0.49412,0.5,0.4795,0.507,0.488,0.4915,0.5035,0.495,0.497,0.503,0.168,0.114,0.988
0.52844,0.70533,0.45822,0.43467,0.46533,0.47111,0.46622,0.46622,0.5,0.55294,0.58235,0.44706,0.49412,0.5,0.5,0.50588,0.487,0.504,0.492,0.489,0.494,0.495,0.497,0.4965,0.156,0.09,0.967,0.54706,0.37647,0.48824,0.51765,0.5,0.5,0.5,0.5,0.53556,0.71867,0.50178,0.40133,0.46489,0.47111,0.46533,0.46578,0.54118,0.47059,0.5,0.5,0.51176,0.5,0.5,0.48824,0.504,0.4775,0.471,0.51,0.494,0.495,0.5025,0.5035,0.135,0.049,1.024
0.55511,0.69111,0.50133,0.41333,0.46444,0.46978,0.46533,0.464,0.52941,0.41176,0.5,0.51765,0.49412,0.5,0.5,0.5,0.506,0.4445,0.4445,0.499,0.504,0.5,0.5025,0.5055,0.12,0.07,1.018,0.42941,0.52353,0.51176,0.55294,0.5,0.5,0.5,0.5,0.56444,0.62222,0.49067,0.44267,0.464,0.47022,0.46578,0.464,0.47059,0.5,0.5,0.54118,0.49412,0.5,0.5,0.50588,0.4935,0.4575,0.4805,0.4995,0.5035,0.498,0.501,0.5055,0.131,0.037,1.026
0.54667,0.612,0.49467,0.46933,0.46444,0.47067,0.46622,0.46444,0.47647,0.47059,0.52941,0.54118,0.50588,0.5,0.5,0.50588,0.483,0.4815,0.491,0.5,0.5035,0.4965,0.5,0.506,0.138,0.042,1.034,0.47647,0.49412,0.42353,0.41765,0.5,0.5,0.5,0.5,0.52311,0.60889,0.49422,0.47333,0.46444,0.47067,0.46622,0.46489,0.5,0.5,0.41765,0.41765,0.5,0.5,0.5,0.50588,0.4595,0.489,0.4025,0.4915,0.5035,0.4965,0.4995,0.5055,0.188,0.061,1.038
0.52356,0.60933,0.45511,0.43333,0.464,0.47067,0.46622,0.46489,0.50588,0.50588,0.43529,0.42353,0.5,0.5,0.5,0.50588,0.4445,0.4865,0.405,0.4805,0.5055,0.4965,0.4995,0.5055,0.292,0.117,0.977,0.60588,0.44706,0.54706,0.58235,0.5,0.5,0.5,0.5,0.504,0.60933,0.408,0.40844,0.46356,0.47067,0.46578,0.46444,0.50588,0.49412,0.51176,0.58824,0.5,0.5,0.49412,0.5,0.492,0.4665,0.4865,0.5005,0.506,0.4965,0.5005,0.5055,0.292,0.102,0.976
0.54533,0.58178,0.43289,0.45422,0.46311,0.46978,0.46578,0.46489,0.58824,0.46471,0.54706,0.58824,0.5,0.5,0.5,0.5,0.502,0.4675,0.486,0.4995,0.506,0.5,0.502,0.5055,0.157,0.053,1.002,0.47647,0.51765,0.52353,0.42353,0.5,0.5,0.5,0.5,0.59822,0.54489,0.46622,0.48933,0.46444,0.47022,0.46533,0.46489,0.5,0.50588,0.52353,0.44118,0.50588,0.5,0.5,0.5,0.4935,0.481,0.499,0.4215,0.502,0.499,0.5025,0.5055,0.207,0.063,1.009
0.58711,0.54533,0.47822,0.45689,0.46533,0.47022,0.46533,0.46667,0.48235,0.5,0.52353,0.42353,0.50588,0.5,0.5,0.50588,0.4935,0.487,0.5,0.392,0.4945,0.499,0.5035,0.4945,0.267,0.019,1.005,0.52353,0.47647,0.44706,0.48824,0.5,0.5,0.5,0.5,0.57022,0.55467,0.47556,0.40578,0.46489,0.46978,0.46533,0.46667,0.53529,0.50588,0.45882,0.48824,0.50588,0.5,0.5,0.5,0.506,0.4795,0.49,0.4005,0.4965,0.501,0.5035,0.4945,0.319,0.061,0.99
0.58444,0.55467,0.44933,0.39911,0.46489,0.46933,0.46533,0.46622,0.52941,0.50588,0.44706,0.5,0.5,0.5,0.5,0.50588,0.506,0.4685,0.485,0.405,0.4965,0.5015,0.5035,0.496,0.314,0.042,0.985,0.45294,0.50588,0.57059,0.52353,0.5,0.5,0.5,0.5,0.59556,0.55467,0.43778,0.39022,0.46444,0.46978,0.46533,0.46667,0.45294,0.50588,0.57059,0.5,0.5,0.5,0.5,0.5,0.492,0.4575,0.505,0.4505,0.5035,0.5015,0.5035,0.494,0.298,0.047,0.988
0.56978,0.55467,0.47378,0.39644,0.46578,0.46978,0.46533,0.46711,0.45294,0.50588,0.57059,0.51765,0.50588,0.5,0.5,0.5,0.4925,0.461,0.5055,0.4795,0.494,0.501,0.5035,0.4945,0.25,0.086,1.047,0.58235,0.47647,0.45294,0.52941,0.5,0.5,0.5,0.5,0.54578,0.55378,0.50489,0.41778,0.46489,0.46933,0.46578,0.46578,0.57059,0.47647,0.45294,0.51176,0.49412,0.5,0.5,0.5,0.5125,0.458,0.48,0.4905,0.5,0.5015,0.502,0.5035,0.25,0.022,1.015
0.58222,0.54089,0.47911,0.43244,0.46489,0.46933,0.46578,0.46533,0.59412,0.41765,0.44118,0.51765,0.5,0.5,0.5,0.50588,0.515,0.461,0.4875,0.491,0.5,0.502,0.5015,0.506,0.24,0.021,0.995,0.52941,0.47647,0.51176,0.48824,0.5,0.5,0.5,0.5,0.65822,0.51378,0.45289,0.44978,0.464,0.46933,0.46578,0.46578,0.54118,0.46471,0.51765,0.5,0.51176,0.5,0.5,0.50588,0.506,0.462,0.5,0.474,0.5035,0.5005,0.502,0.5035,0.228,0.023,1.016
0.67867,0.51333,0.45911,0.44978,0.46444,0.46978,0.46533,0.46667,0.52353,0.5,0.51176,0.5,0.50588,0.5,0.5,0.50588,0.506,0.448,0.5005,0.4455,0.5035,0.5005,0.5035,0.4945,0.243,0.011,1.008,0.48824,0.52941,0.44706,0.47059,0.5,0.5,0.5,0.5,0.69467,0.49956,0.44978,0.44178,0.46444,0.46978,0.46533,0.46667,0.50588,0.5,0.45294,0.44706,0.5,0.5,0.5,0.5,0.4935,0.4645,0.4915,0.4015,0.5035,0.501,0.5035,0.4945,0.298,0.026,0.993
0.69467,0.49956,0.42311,0.42578,0.46444,0.46933,0.46533,0.46667,0.51176,0.5,0.45882,0.46471,0.50588,0.5,0.5,0.50588,0.492,0.479,0.49,0.4075,0.5035,0.5005,0.5035,0.4965,0.306,0.025,0.975,0.38824,0.59412,0.48824,0.55294,0.5,0.5,0.5,0.5,0.65378,0.52089,0.38489,0.40978,0.464,0.46978,0.46578,0.46489,0.37059,0.6,0.48235,0.55882,0.48824,0.5,0.5,0.50588,0.4895,0.4975,0.4995,0.4885,0.5055,0.5005,0.502,0.5055,0.295,0.072,0.994
0.62533,0.56844,0.384,0.43644,0.46356,0.47067,0.46667,0.46533,0.5,0.58824,0.5,0.55294,0.50588,0.5,0.5,0.50588,0.4585,0.496,0.4795,0.4965,0.5055,0.4965,0.4975,0.5055,0.247,0.094,0.99,0.48235,0.47059,0.58235,0.53529,0.5,0.5,0.5,0.5,0.58222,0.60844,0.40489,0.47644,0.464,0.47111,0.46667,0.46578,0.5,0.47059,0.57647,0.54118,0.5,0.5,0.5,0.50588,0.4295,0.494,0.4925,0.502,0.5055,0.4945,0.4975,0.5035,0.185,0.08,1.024
0.55956,0.59289,0.44667,0.49556,0.46489,0.47111,0.46667,0.46578,0.38235,0.48235,0.58235,0.51765,0.50588,0.5,0.5,0.5,0.4575,0.494,0.4905,0.5,0.5,0.4945,0.4975,0.5035,0.172,0.078,1.001,0.54118,0.55882,0.43529,0.50588,0.5,0.5,0.5,0.5,0.532,0.58267,0.48667,0.51689,0.46578,0.47111,0.46667,0.46578,0.50588,0.54118,0.41176,0.50588,0.50588,0.5,0.5,0.50588,0.485,0.51,0.4155,0.501,0.494,0.494,0.497,0.5035,0.177,0.089,1.025
0.54222,0.60578,0.45556,0.52,0.46444,0.47111,0.46667,0.46578,0.53529,0.57059,0.44118,0.5,0.49412,0.5,0.5,0.50588,0.491,0.513,0.407,0.502,0.5035,0.494,0.497,0.5035,0.168,0.094,0.995,0.45294,0.38235,0.48235,0.4,0.5,0.5,0.5,0.5,0.57511,0.63022,0.408,0.49511,0.46311,0.47111,0.46667,0.46622,0.50588,0.39412,0.44118,0.41765,0.51176,0.5,0.5,0.5,0.4665,0.4915,0.421,0.4775,0.5055,0.494,0.497,0.4965,0.207,0.124,1.016
0.56489,0.58311,0.39422,0.44889,0.464,0.47067,0.46622,0.46489,0.45882,0.47059,0.44118,0.40588,0.51176,0.5,0.5,0.5,0.4525,0.481,0.4445,0.457,0.5035,0.4965,0.4985,0.5055,0.368,0.149,0.964,0.48824,0.60588,0.50588,0.54118,0.5,0.5,0.5,0.5,0.50667,0.54578,0.38044,0.39822,0.46489,0.47067,0.46667,0.46533,0.50588,0.5,0.5,0.50588,0.50588,0.5,0.50588,0.5,0.481,0.4925,0.4715,0.4815,0.4965,0.497,0.4985,0.506,0.37,0.122,0.973
0.50711,0.58444,0.38089,0.41778,0.464,0.47067,0.46667,0.46533,0.50588,0.57647,0.5,0.54706,0.5,0.5,0.5,0.5,0.4755,0.506,0.484,0.497,0.5055,0.4965,0.497,0.5055,0.301,0.16,0.967,0.5,0.53529,0.55882,0.49412,0.5,0.5,0.5,0.5,0.50711,0.64889,0.40444,0.43822,0.464,0.47067,0.46667,0.46578,0.5,0.56471,0.56471,0.5,0.5,0.5,0.5,0.5,0.4665,0.506,0.487,0.498,0.506,0.4965,0.497,0.501,0.249,0.133,0.997
0.50711,0.67511,0.43378,0.43644,0.46444,0.47067,0.46667,0.46533,0.5,0.53529,0.55882,0.5,0.50588,0.5,0.5,0.50588,0.467,0.504,0.495,0.4925,0.5035,0.4965,0.4985,0.5035,0.213,0.115,0.987,0.49412,0.38235,0.48235,0.54118,0.5,0.5,0.5,0.5,0.50711,0.68044,0.46756,0.44711,0.46578,0.47067,0.46578,0.46578,0.50588,0.39412,0.5,0.53529,0.50588,0.5,0.49412,0.50588,0.467,0.4825,0.463,0.4975,0.4945,0.4965,0.5,0.5035,0.216,0.112,0.987
0.49556,0.60933,0.46578,0.46844,0.46578,0.47067,0.46622,0.46533,0.47059,0.35294,0.5,0.53529,0.50588,0.5,0.5,0.5,0.4765,0.4905,0.4275,0.4955,0.494,0.4965,0.4995,0.5035,0.235,0.13,1.008,0.50588,0.46471,0.50588,0.5,0.5,0.5,0.5,0.5,0.49556,0.54622,0.45956,0.492,0.46533,0.47111,0.46622,0.46533,0.50588,0.50588,0.5,0.5,0.50588,0.5,0.5,0.5,0.4755,0.477,0.417,0.4925,0.4945,0.494,0.499,0.5055,0.23,0.125,0.998
0.49556,0.53422,0.45956,0.492,0.46578,0.47067,0.46622,0.46533,0.50588,0.47647,0.5,0.5,0.50588,0.5,0.5,0.5,0.478,0.471,0.432,0.4915,0.496,0.495,0.499,0.5055,0.247,0.122,1.0,0.65294,0.51765,0.52941,0.42353,0.5,0.5,0.5,0.5,0.52133,0.52044,0.45956,0.48489,0.46578,0.46978,0.46533,0.46533,0.64706,0.5,0.51176,0.42353,0.5,0.5,0.5,0.5,0.5055,0.473,0.494,0.4025,0.4945,0.4995,0.5025,0.5055,0.293,0.075,0.999
0.58178,0.52089,0.47156,0.45067,0.46533,0.46933,0.46533,0.46622,0.6,0.50588,0.5,0.4,0.5,0.49412,0.5,0.50588,0.5135,0.4805,0.5095,0.381,0.4965,0.501,0.503,0.4945,0.308,0.02,0.991,0.48824,0.56471,0.53529,0.5,0.5,0.5,0.5,0.5,0.68844,0.52533,0.51067,0.37689,0.46578,0.476,0.46533,0.46844,0.55294,0.50588,0.54118,0.45882,0.50588,0.51176,0.5,0.5,0.4925,0.506,0.4635,0.513,0.494,0.4715,0.503,0.4945,0.137,-0.099,1.025
0.70311,0.52578,0.52844,0.37333,0.46578,0.476,0.46533,0.468,0.50588,0.51176,0.53529,0.5,0.50588,0.5,0.5,0.5,0.4815,0.5205,0.4655,0.535,0.494,0.4705,0.503,0.494,0.176,-0.166,1.017,0.46471,0.6,0.47059,0.59412,0.5,0.5,0.5,0.5,0.70311,0.60978,0.54933,0.39111,0.46622,0.47511,0.46667,0.46533,0.50588,0.58235,0.5,0.60588,0.50588,0.5,0.5,0.51176,0.4605,0.5125,0.418,0.6005,0.4945,0.4725,0.497,0.5045,0.098,-0.152,1.004
0.70311,0.66578,0.54889,0.44711,0.46578,0.47511,0.47067,0.46667,0.5,0.62941,0.5,0.60588,0.5,0.5,0.5,0.5,0.4375,0.509,0.3475,0.562,0.4945,0.4745,0.478,0.4965,0.121,-0.102,1.041,0.49412,0.46471,0.46471,0.43529,0.5,0.5,0.5,0.5,0.70133,0.70756,0.52667,0.49111,0.46622,0.47467,0.47111,0.46667,0.5,0.50588,0.5,0.43529,0.50588,0.5,0.5,0.50588,0.412,0.509,0.3145,0.507,0.4945,0.476,0.4755,0.4965,0.092,-0.079,1.054
0.70133,0.704,0.508,0.45778,0.46578,0.47467,0.47111,0.46622,0.50588,0.44706,0.5,0.42941,0.5,0.5,0.5,0.50588,0.4075,0.506,0.317,0.5,0.4945,0.476,0.4755,0.4965,0.208,-0.073,1.016,0.39412,0.38235,0.44706,0.5,0.5,0.5,0.5,0.5,0.64356,0.66622,0.45733,0.42178,0.46533,0.47422,0.47156,0.46489,0.34118,0.34706,0.40588,0.5,0.5,0.49412,0.5,0.5,0.4425,0.4875,0.372,0.506,0.4965,0.479,0.474,0.5055,0.451,0.13,0.972
0.53111,0.60844,0.41467,0.42356,0.464,0.46933,0.47111,0.46489,0.41765,0.39412,0.47647,0.5,0.51176,0.50588,0.5,0.5,0.4885,0.483,0.448,0.4975,0.503,0.5015,0.4755,0.5055,0.487,0.093,0.914,0.5,0.60588,0.57647,0.57647,0.5,0.5,0.5,0.5,0.51111,0.55156,0.40311,0.448,0.46356,0.47022,0.47111,0.46533,0.5,0.53529,0.58824,0.55882,0.5,0.5,0.5,0.50588,0.456,0.5065,0.477,0.5035,0.506,0.4975,0.4755,0.5055,0.356,0.101,0.939
0.504,0.58356,0.44133,0.48444,0.464,0.46978,0.47111,0.46533,0.44118,0.59412,0.55882,0.57059,0.5,0.5,0.5,0.50588,0.467,0.5165,0.477,0.5125,0.506,0.499,0.4755,0.5055,0.307,0.094,0.959,0.60588,0.47647,0.47647,0.39412,0.5,0.5,0.5,0.5,0.49733,0.66844,0.48711,0.50711,0.46267,0.47022,0.47111,0.46622,0.54706,0.50588,0.5,0.42353,0.5,0.5,0.5,0.5,0.506,0.493,0.439,0.452,0.5055,0.497,0.476,0.4965,0.285,0.115,0.989
0.53467,0.66889,0.46978,0.46089,0.46444,0.46978,0.47022,0.46622,0.55294,0.50588,0.45882,0.40588,0.50588,0.49412,0.5,0.5,0.5115,0.4865,0.4625,0.4185,0.5035,0.5,0.4785,0.4965,0.336,0.124,0.97,0.58235,0.4,0.45294,0.48824,0.5,0.5,0.5,0.5,0.61289,0.62978,0.43689,0.38489,0.46533,0.46889,0.46933,0.46667,0.61765,0.34118,0.48235,0.44118,0.51176,0.49412,0.48824,0.50588,0.517,0.4835,0.4785,0.4585,0.4965,0.5015,0.4825,0.4945,0.408,0.019,0.955
0.68533,0.60667,0.42267,0.384,0.46489,0.46978,0.46933,0.46622,0.56471,0.42353,0.38824,0.5,0.5,0.5,0.5,0.50588,0.496,0.4505,0.4295,0.4375,0.5,0.4985,0.4835,0.4945,0.392,0.028,0.947,0.42353,0.54118,0.56471,0.55882,0.5,0.5,0.5,0.5,0.73511,0.54622,0.40622,0.38711,0.46489,0.46933,0.468,0.46667,0.50588,0.5,0.57059,0.55294,0.50588,0.5,0.5,0.49412,0.472,0.4715,0.493,0.485,0.4965,0.501,0.49,0.4965,0.369,-0.046,0.954
0.71556,0.54622,0.43956,0.41644,0.46533,0.46978,0.46844,0.46578,0.37059,0.5,0.55294,0.56471,0.50588,0.5,0.5,0.49412,0.456,0.4895,0.4835,0.493,0.4965,0.498,0.489,0.5025,0.356,-0.019,0.961,0.36471,0.51765,0.44706,0.49412,0.5,0.5,0.5,0.5,0.62044,0.55778,0.47778,0.44933,0.46533,0.47022,0.46889,0.46533,0.31176,0.51765,0.49412,0.5,0.51176,0.5,0.5,0.50588,0.465,0.4985,0.3965,0.486,0.495,0.4965,0.4865,0.5035,0.398,0.059,1.144
0.51422,0.56267,0.44089,0.44889,0.46578,0.46933,0.46889,0.46533,0.41765,0.52353,0.47647,0.49412,0.51176,0.49412,0.5,0.5,0.4885,0.506,0.443,0.4735,0.4945,0.5,0.486,0.5035,0.451,0.066,0.909,0.48235,0.52941,0.53529,0.52353,0.5,0.5,0.5,0.5,0.468,0.57244,0.42756,0.44844,0.46444,0.47022,0.46933,0.46533,0.48235,0.51765,0.5,0.51765,0.5,0.5,0.5,0.5,0.458,0.51,0.4125,0.5,0.5035,0.4975,0.4845,0.5055,0.427,0.114,0.921
0.468,0.58222,0.43511,0.45822,0.46444,0.47022,0.46889,0.46533,0.5,0.53529,0.54706,0.50588,0.50588,0.5,0.5,0.5,0.446,0.5125,0.464,0.506,0.5035,0.4975,0.485,0.5055,0.409,0.105,0.928,0.6,0.57647,0.44706,0.53529,0.5,0.5,0.5,0.5,0.45467,0.62933,0.45422,0.48089,0.464,0.46978,0.46933,0.46533,0.50588,0.58824,0.5,0.52941,0.5,0.5,0.5,0.5,0.4905,0.51,0.387,0.5185,0.5055,0.4985,0.4845,0.5035,0.381,0.212,0.862
0.49778,0.67822,0.42756,0.50444,0.46311,0.47111,0.46889,0.46622,0.61176,0.61765,0.41176,0.57059,0.5,0.5,0.5,0.50588,0.4925,0.506,0.3855,0.5015,0.5055,0.493,0.486,0.4965,0.264,0.281,0.956,0.56471,0.34118,0.5,0.50588,0.5,0.5,0.5,0.5,0.57956,0.71822,0.384,0.52933,0.46178,0.47111,0.46622,0.46533,0.53529,0.37647,0.5,0.53529,0.50588,0.5,0.49412,0.5,0.4915,0.4625,0.444,0.4845,0.5055,0.492,0.497,0.5055,0.256,0.273,0.954
0.60578,0.65156,0.37822,0.536,0.46444,0.46978,0.46533,0.46533,0.55294,0.35882,0.5,0.5,0.50588,0.5,0.5,0.5,0.4935,0.4515,0.471,0.466,0.5035,0.4985,0.503,0.5055,0.336,0.251,0.947,0.54118,0.47059,0.57059,0.42941,0.5,0.5,0.5,0.5,0.64489,0.52533,0.38711,0.53822,0.46533,0.46978,0.46533,0.46533,0.50588,0.5,0.57059,0.47059,0.5,0.5,0.5,0.5,0.5065,0.474,0.5425,0.36,0.4965,0.4985,0.5025,0.505,0.401,0.203,0.938
0.64622,0.50222,0.42222,0.49689,0.46533,0.46889,0.46667,0.46711,0.5,0.39412,0.58824,0.39412,0.5,0.5,0.5,0.5,0.518,0.485,0.546,0.384,0.4965,0.5025,0.4965,0.4945,0.445,0.088,0.957,0.47647,0.54706,0.50588,0.48824,0.5,0.5,0.5,0.5,0.70622,0.47911,0.47689,0.44089,0.46533,0.46889,0.468,0.46667,0.50588,0.51176,0.5,0.5,0.50588,0.5,0.5,0.50588,0.4865,0.4935,0.494,0.4355,0.4965,0.5025,0.4905,0.4965,0.395,-0.061,0.96
0.70622,0.50044,0.48222,0.43467,0.46533,0.46889,0.46844,0.46667,0.5,0.53529,0.5,0.5,0.5,0.5,0.5,0.5,0.477,0.496,0.483,0.436,0.4965,0.5025,0.489,0.4965,0.399,-0.076,0.95,0.39412,0.57647,0.45294,0.52353,0.5,0.5,0.5,0.5,0.69067,0.55467,0.48489,0.42711,0.46578,0.46978,0.47156,0.46578,0.31765,0.57059,0.5,0.5,0.50588,0.50588,0.5,0.5,0.439,0.504,0.4135,0.4745,0.4945,0.4995,0.4735,0.5035,0.391,0.001,0.953
0.63689,0.58667,0.48444,0.43467,0.46578,0.47022,0.472,0.46533,0.38235,0.51765,0.5,0.52353,0.50588,0.5,0.5,0.5,0.444,0.5065,0.301,0.5,0.4945,0.498,0.472,0.5055,0.443,0.062,0.909,0.54706,0.45294,0.55882,0.47647,0.5,0.5,0.5,0.5,0.52,0.62978,0.43689,0.44978,0.46489,0.46933,0.472,0.46622,0.49412,0.50588,0.51765,0.5,0.50588,0.5,0.5,0.5,0.5065,0.491,0.4865,0.4555,0.497,0.502,0.4715,0.5,0.414,0.158,0.92
0.51867,0.628,0.46667,0.448,0.46533,0.46889,0.472,0.46578,0.5,0.46471,0.54118,0.5,0.50588,0.5,0.5,0.5,0.523,0.478,0.4975,0.406,0.4965,0.5025,0.4715,0.5035,0.433,0.089,0.928,0.47647,0.5,0.50588,0.46471,0.5,0.5,0.5,0.5,0.58311,0.58044,0.50978,0.41422,0.46533,0.46978,0.472,0.46489,0.5,0.50588,0.5,0.49412,0.5,0.5,0.5,0.50588,0.4895,0.4915,0.457,0.4445,0.4965,0.499,0.4715,0.5055,0.417,-0.035,0.94
0.58222,0.58044,0.51022,0.39911,0.46533,0.46978,0.47156,0.46533,0.5,0.50588,0.5,0.46471,0.50588,0.5,0.5,0.50588,0.482,0.492,0.471,0.4305,0.494,0.499,0.473,0.5035,0.458,-0.023,0.928,0.44706,0.52941,0.46471,0.52353,0.5,0.5,0.5,0.5,0.54533,0.59022,0.51022,0.37911,0.46533,0.46978,0.472,0.46533,0.44706,0.52353,0.5,0.5,0.50588,0.5,0.5,0.5,0.4855,0.4925,0.433,0.463,0.495,0.499,0.472,0.506,0.475,-0.003,0.914
0.51689,0.59778,0.50978,0.38489,0.46578,0.46978,0.472,0.46533,0.44118,0.50588,0.5,0.53529,0.50588,0.5,0.5,0.50588,0.487,0.4935,0.349,0.495,0.4945,0.499,0.471,0.5055,0.471,0.024,0.908,0.66471,0.45294,0.45882,0.52941,0.5,0.5,0.5,0.5,0.49111,0.59378,0.46356,0.40844,0.46533,0.46933,0.47244,0.46533,0.64118,0.47059,0.48824,0.52941,0.50588,0.5,0.5,0.50588,0.524,0.494,0.402,0.5,0.496,0.501,0.4695,0.5055,0.485,0.049,0.909
0.60844,0.57956,0.44933,0.42356,0.46533,0.46978,0.472,0.46533,0.73529,0.48235,0.42941,0.52353,0.5,0.5,0.5,0.50588,0.5055,0.492,0.3685,0.499,0.4965,0.499,0.471,0.5055,0.42,0.026,0.917,0.47647,0.48235,0.51765,0.55294,0.5,0.5,0.5,0.5,0.72222,0.55022,0.42222,0.45956,0.46533,0.46933,0.47244,0.46533,0.50588,0.46471,0.5,0.53529,0.5,0.5,0.5,0.50588,0.4805,0.491,0.4105,0.4995,0.4965,0.5005,0.4705,0.5055,0.406,0.039,0.945
0.72222,0.532,0.42222,0.48578,0.46533,0.46978,0.47244,0.46533,0.50588,0.47059,0.5,0.54118,0.5,0.5,0.5,0.5,0.4685,0.494,0.4535,0.5,0.4965,0.5005,0.47,0.506,0.395,0.053,0.948,0.46471,0.58824,0.57059,0.44118,0.5,0.5,0.5,0.5,0.72222,0.53111,0.45111,0.50356,0.46533,0.46933,0.472,0.46533,0.50588,0.57647,0.56471,0.47059,0.5,0.5,0.5,0.5,0.435,0.5115,0.4785,0.464,0.495,0.5015,0.471,0.5055,0.361,-0.002,0.96
0.69644,0.57556,0.48667,0.47244,0.46533,0.46933,0.472,0.46533,0.42353,0.60588,0.55882,0.44118,0.5,0.5,0.5,0.50588,0.453,0.511,0.4785,0.47,0.496,0.501,0.4715,0.5035,0.316,-0.06,0.982,0.49412,0.42353,0.42353,0.50588,0.5,0.5,0.5,0.5,0.67689,0.62844,0.52756,0.43333,0.46578,0.47022,0.47111,0.46533,0.5,0.47059,0.47059,0.5,0.50588,0.5,0.5,0.51176,0.4455,0.491,0.3645,0.5005,0.4945,0.4965,0.4755,0.502,0.357,-0.062,0.969
0.67689,0.59911,0.48978,0.43733,0.46578,0.47022,0.47156,0.46533,0.5,0.41765,0.42353,0.51176,0.50588,0.5,0.5,0.5,0.442,0.487,0.3565,0.497,0.4945,0.497,0.4745,0.5035,0.437,0.009,0.947,0.47059,0.45882,0.52353,0.51765,0.5,0.5,0.5,0.5,0.67689,0.54756,0.44356,0.44711,0.46578,0.46978,0.47156,0.46533,0.5,0.47059,0.5,0.52353,0.5,0.5,0.5,0.50588,0.421,0.4815,0.3985,0.4935,0.4945,0.4985,0.474,0.5035,0.449,0.013,0.896
0.63156,0.524,0.44356,0.45644,0.46533,0.46978,0.47156,0.46578,0.39412,0.47059,0.5,0.51176,0.50588,0.5,0.5,0.50588,0.466,0.483,0.4555,0.4935,0.4965,0.4985,0.474,0.5035,0.465,0.065,0.92,0.42353,0.51176,0.51765,0.52353,0.5,0.5,0.5,0.5,0.56889,0.49644,0.45911,0.47511,0.46489,0.46978,0.47156,0.46533,0.34118,0.5,0.52353,0.52941,0.5,0.5,0.5,0.50588,0.4835,0.489,0.4775,0.4915,0.5,0.4975,0.474,0.5005,0.478,0.119,0.901
0.50622,0.49022,0.46578,0.48622,0.464,0.46978,0.47111,0.46578,0.41176,0.47059,0.5,0.51765,0.49412,0.5,0.5,0.5,0.494,0.494,0.4885,0.492,0.5055,0.4985,0.4755,0.5035,0.505,0.128,0.92,0.57059,0.61176,0.5,0.51176,0.5,0.5,0.5,0.5,0.46756,0.50711,0.47556,0.50356,0.464,0.46933,0.47111,0.46533,0.52353,0.59412,0.5,0.50588,0.5,0.5,0.5,0.5,0.5115,0.515,0.4915,0.495,0.5055,0.501,0.4755,0.5035,0.417,0.16,0.922
0.49067,0.58356,0.47556,0.51067,0.464,0.46978,0.47067,0.46578,0.58235,0.63529,0.5,0.51765,0.50588,0.5,0.5,0.50588,0.519,0.506,0.4915,0.4905,0.5055,0.498,0.4775,0.5035,0.339,0.194,0.946,0.48824,0.40588,0.45294,0.43529,0.5,0.5,0.5,0.5,0.53156,0.65867,0.46489,0.51333,0.46356,0.47022,0.46978,0.46533,0.50588,0.49412,0.44118,0.46471,0.5,0.5,0.49412,0.5,0.5145,0.466,0.465,0.4075,0.5055,0.4975,0.4805,0.5055,0.397,0.222,0.927
0.532,0.62267,0.44,0.48444,0.46578,0.46933,0.46667,0.46533,0.50588,0.4,0.44706,0.43529,0.50588,0.5,0.5,0.5,0.51,0.4595,0.4695,0.3875,0.4945,0.501,0.495,0.5035,0.493,0.194,0.897,0.58235,0.54118,0.48235,0.52353,0.5,0.5,0.5,0.5,0.54578,0.53422,0.40667,0.44178,0.46533,0.46889,0.46622,0.46533,0.58824,0.5,0.45294,0.5,0.50588,0.5,0.5,0.5,0.518,0.4965,0.4675,0.4475,0.4965,0.502,0.497,0.5055,0.507,0.183,0.869
0.468,0.46978,0.46889,0.47333,0.45822,0.46578,0.47156,0.46489,0.5,0.50588,0.5,0.5,0.50588,0.5,0.5,0.5,0.494,0.495,0.499,0.4995,0.506,0.4995,0.5,0.5035,0.057,0.023,1.03,0.57059,0.51765,0.64118,0.50588,0.5,0.5,0.5,0.5,0.48356,0.47644,0.512,0.476,0.46044,0.46622,0.47111,0.46622,0.55294,0.52353,0.63529,0.5,0.50588,0.5,0.5,0.5,0.5075,0.4935,0.518,0.497,0.494,0.498,0.502,0.494,-0.014,-0.028,1.02
0.52578,0.48533,0.59022,0.47822,0.45911,0.46578,0.47111,0.46622,0.6,0.52353,0.65294,0.5,0.55294,0.5,0.5,0.50588,0.5055,0.493,0.5,0.5005,0.494,0.5,0.5025,0.494,-0.023,-0.165,1.025,0.44706,0.52941,0.41765,0.54118,0.5,0.5,0.5,0.5,0.55867,0.49689,0.66667,0.48,0.46533,0.46711,0.47067,0.46489,0.50588,0.5,0.42941,0.5,0.50588,0.5,0.5,0.5,0.4925,0.5075,0.389,0.57,0.4945,0.4935,0.504,0.5035,-0.083,-0.143,1.014
0.55822,0.49644,0.63111,0.49156,0.46711,0.46667,0.47244,0.46444,0.5,0.5,0.43529,0.52353,0.50588,0.5,0.51176,0.51176,0.473,0.5165,0.358,0.617,0.494,0.495,0.4975,0.5035,-0.015,-0.111,1.028,0.61176,0.62941,0.45294,0.48235,0.5,0.5,0.5,0.5,0.528,0.57689,0.55022,0.53467,0.46,0.46711,0.47467,0.46622,0.60588,0.65294,0.45882,0.47647,0.5,0.49412,0.5,0.50588,0.506,0.507,0.4395,0.4985,0.4965,0.4925,0.4855,0.494,-0.026,-0.014,1.031
0.57822,0.636,0.52133,0.52533,0.45911,0.46578,0.47467,0.46578,0.68235,0.65882,0.44118,0.48824,0.51176,0.5,0.5,0.50588,0.5075,0.5095,0.461,0.4995,0.5035,0.498,0.485,0.494,-0.053,-0.015,1.077,0.51176,0.35294,0.58235,0.58824,0.5,0.5,0.5,0.5,0.65733,0.69378,0.50889,0.544,0.45911,0.46667,0.47511,0.46622,0.51176,0.36471,0.55882,0.58235,0.50588,0.5,0.5,0.50588,0.5035,0.485,0.519,0.502,0.5035,0.496,0.483,0.494,-0.142,0.006,1.037
0.66089,0.61422,0.55289,0.58978,0.46,0.46667,0.47511,0.46622,0.52353,0.41176,0.57647,0.58824,0.51176,0.5,0.5,0.50588,0.506,0.4865,0.509,0.5015,0.4955,0.497,0.483,0.494,-0.158,-0.001,1.022,0.38235,0.5,0.38824,0.48824,0.5,0.5,0.5,0.5,0.656,0.52533,0.57467,0.64178,0.46089,0.46711,0.47467,0.47333,0.38824,0.44706,0.39412,0.5,0.50588,0.5,0.5,0.5,0.4825,0.492,0.461,0.48,0.494,0.4945,0.4845,0.4935,-0.135,-0.009,1.058
0.59822,0.512,0.51911,0.63822,0.46089,0.46978,0.47467,0.47333,0.5,0.49412,0.39412,0.48235,0.51176,0.5,0.5,0.5,0.475,0.5065,0.4535,0.4655,0.4945,0.4815,0.4845,0.494,0.014,0.128,1.026,0.52941,0.52941,0.45294,0.37647,0.5,0.5,0.5,0.5,0.58356,0.51289,0.43778,0.59333,0.46,0.47111,0.47467,0.47244,0.5,0.5,0.44706,0.38235,0.50588,0.5,0.5,0.5,0.433,0.508,0.4495,0.4515,0.4965,0.475,0.4845,0.494,0.156,0.14,1.003
0.58311,0.53111,0.41156,0.53289,0.46044,0.47111,0.47467,0.472,0.50588,0.54706,0.45294,0.37647,0.50588,0.5,0.5,0.5,0.454,0.5065,0.462,0.442,0.494,0.475,0.4845,0.494,0.228,0.136,0.992,0.56471,0.53529,0.52941,0.44118,0.5,0.5,0.5,0.5,0.58311,0.56978,0.38622,0.44444,0.46,0.47111,0.47422,0.46844,0.5,0.53529,0.52353,0.45294,0.5,0.5,0.5,0.5,0.4915,0.493,0.4995,0.4225,0.4965,0.475,0.486,0.4945,0.303,0.107,0.975
0.60756,0.59022,0.40133,0.41511,0.46,0.46978,0.47422,0.46844,0.57647,0.57059,0.53529,0.44706,0.5,0.5,0.5,0.5,0.4935,0.493,0.5,0.419,0.494,0.481,0.487,0.494,0.26,0.084,0.992,0.51176,0.49412,0.62353,0.73529,0.5,0.5,0.5,0.5,0.63822,0.624,0.45467,0.44489,0.46,0.46844,0.47422,0.46756,0.50588,0.5,0.63529,0.71765,0.50588,0.5,0.5,0.5,0.506,0.4865,0.522,0.4985,0.4965,0.487,0.4865,0.494,-0.04,0.04,1.024
0.64356,0.60667,0.52,0.56222,0.45956,0.46844,0.47422,0.46756,0.52353,0.45294,0.61765,0.72941,0.50588,0.5,0.5,0.50588,0.506,0.493,0.5105,0.5,0.4965,0.4875,0.4865,0.4945,-0.167,0.082,0.986,0.4,0.52353,0.57059,0.4,0.5,0.5,0.5,0.5,0.63689,0.60533,0.62222,0.67556,0.46444,0.47156,0.47289,0.46756,0.41765,0.53529,0.55294,0.46471,0.5,0.5,0.5,0.50588,0.4875,0.4975,0.4965,0.4595,0.494,0.473,0.493,0.494,-0.14,0.049,1.0
0.57067,0.61956,0.65822,0.62978,0.46356,0.47067,0.47111,0.46533,0.37647,0.53529,0.57059,0.40588,0.5,0.49412,0.5,0.5,0.494,0.493,0.4995,0.4335,0.494,0.476,0.5005,0.5,-0.054,0.015,1.03,0.54118,0.40588,0.52353,0.52353,0.5,0.5,0.5,0.5,0.50756,0.61733,0.70533,0.56844,0.464,0.46489,0.47067,0.46444,0.57059,0.37059,0.52353,0.5,0.50588,0.49412,0.5,0.5,0.5095,0.4895,0.4975,0.4805,0.494,0.5015,0.503,0.5035,-0.097,-0.114,1.039
0.54667,0.58133,0.70889,0.57822,0.464,0.46533,0.47067,0.46489,0.54118,0.43529,0.50588,0.52353,0.50588,0.5,0.5,0.5,0.5055,0.4765,0.533,0.4925,0.494,0.502,0.5015,0.505,-0.039,-0.13,1.014,0.50588,0.58235,0.35882,0.56471,0.5,0.5,0.5,0.5,0.572,0.54,0.70089,0.61511,0.46844,0.46711,0.472,0.46622,0.51176,0.5,0.47059,0.56471,0.51765,0.5,0.5,0.5,0.494,0.492,0.4185,0.499,0.4935,0.4945,0.497,0.4965,-0.014,-0.075,1.035
0.58267,0.54578,0.63689,0.64178,0.46978,0.46711,0.472,0.46622,0.55882,0.51765,0.36471,0.52941,0.50588,0.5,0.5,0.50588,0.493,0.5155,0.376,0.5175,0.4935,0.4935,0.497,0.4945,0.096,0.11,1.057,0.57059,0.5,0.52353,0.53529,0.5,0.5,0.5,0.5,0.59556,0.61511,0.544,0.69689,0.46756,0.47644,0.47111,0.46489,0.50588,0.50588,0.47647,0.53529,0.5,0.5,0.50588,0.50588,0.507,0.493,0.4595,0.498,0.494,0.4495,0.5015,0.5005,-0.029,0.244,0.979
0.60933,0.61644,0.54844,0.71378,0.46711,0.476,0.47111,0.46622,0.58235,0.51176,0.51765,0.52941,0.5,0.5,0.5,0.50588,0.518,0.493,0.5005,0.5,0.494,0.451,0.5015,0.494,-0.072,0.236,1.001,0.46471,0.4,0.59412,0.44118,0.5,0.5,0.5,0.5,0.67689,0.61778,0.59378,0.716,0.46622,0.47111,0.47156,0.46711,0.50588,0.47647,0.58824,0.45294,0.48824,0.48235,0.5,0.50588,0.4915,0.47,0.5,0.4915,0.494,0.474,0.498,0.494,-0.026,0.014,1.043
0.67822,0.55022,0.64667,0.69511,0.46444,0.46622,0.47067,0.46356,0.50588,0.32353,0.6,0.5,0.48824,0.5,0.5,0.5,0.478,0.4865,0.4745,0.452,0.494,0.4975,0.5025,0.5055,0.311,-0.089,1.126,0.41176,0.49412,0.3,0.30588,0.5,0.5,0.5,0.5,0.63556,0.52089,0.64089,0.616,0.46,0.46622,0.47067,0.46356,0.45882,0.5,0.31765,0.29412,0.50588,0.5,0.5,0.51176,0.47,0.456,0.4465,0.352,0.4965,0.498,0.503,0.5055,0.655,-0.148,0.727
0.60978,0.49467,0.54711,0.50756,0.46044,0.46622,0.47156,0.46356,0.41176,0.41176,0.31765,0.3,0.50588,0.5,0.5,0.5,0.4525,0.4835,0.409,0.3995,0.4945,0.497,0.4985,0.5055,1.043,-0.178,0.521,0.56471,0.62353,0.53529,0.58824,0.5,0.5,0.5,0.5,0.55289,0.5,0.43556,0.40533,0.46044,0.46711,0.47244,0.46356,0.50588,0.61765,0.5,0.55882,0.50588,0.5,0.5,0.50588,0.4845,0.5065,0.431,0.4855,0.494,0.4935,0.4955,0.506,0.923,0.023,0.362
0.57067,0.56622,0.44622,0.45156,0.46,0.46533,0.47156,0.46533,0.57059,0.64118,0.53529,0.57059,0.5,0.49412,0.5,0.52941,0.4925,0.506,0.468,0.4835,0.4965,0.5005,0.498,0.494,0.971,0.094,0.418,0.50588,0.54706,0.54706,0.58235,0.5,0.5,0.5,0.5,0.60844,0.65644,0.47822,0.52,0.45956,0.46533,0.47156,0.46578,0.5,0.55294,0.54706,0.57647,0.49412,0.5,0.5,0.5,0.492,0.5065,0.4965,0.528,0.4965,0.502,0.498,0.4965,0.832,0.14,0.527
0.60844,0.66933,0.50222,0.55644,0.45911,0.46533,0.47156,0.46578,0.50588,0.52353,0.53529,0.56471,0.5,0.5,0.5,0.5,0.4935,0.509,0.4955,0.5515,0.5035,0.502,0.4985,0.4965,0.825,0.151,0.572,0.51176,0.37647,0.40588,0.51176,0.5,0.5,0.5,0.5,0.60933,0.66933,0.50711,0.60667,0.45956,0.46533,0.47156,0.46578,0.50588,0.38824,0.42941,0.5,0.48824,0.5,0.5,0.5,0.494,0.493,0.4485,0.563,0.5,0.5015,0.498,0.4965,0.832,0.146,0.563
0.47333,0.46667,0.46578,0.46578,0.46578,0.46578,0.46622,0.46667,0.50588,0.5,0.5,0.5,0.50588,0.5,0.5,0.5,0.4935,0.496,0.5,0.5,0.4995,0.5,0.5,0.5,0.062,0.018,1.034,0.61176,0.52353,0.53529,0.50588,0.5,0.5,0.5,0.5,0.50533,0.47511,0.47689,0.46844,0.46667,0.46578,0.46533,0.46756,0.61765,0.52353,0.52353,0.50588,0.50588,0.5,0.5,0.50588,0.507,0.5005,0.5035,0.4975,0.4965,0.5,0.502,0.4945,0.024,-0.005,1.044
0.56489,0.48844,0.496,0.47156,0.46622,0.46489,0.46489,0.46756,0.61765,0.51765,0.52941,0.5,0.50588,0.5,0.5,0.50588,0.5065,0.4955,0.5,0.496,0.4965,0.504,0.504,0.4945,0.085,-0.046,1.024,0.54706,0.51176,0.42941,0.5,0.5,0.5,0.5,0.5,0.63556,0.50578,0.49244,0.47467,0.46533,0.46489,0.46533,0.46578,0.56471,0.50588,0.44118,0.5,0.5,0.5,0.5,0.5,0.5095,0.4935,0.4995,0.497,0.5035,0.5045,0.503,0.5055,0.046,-0.043,1.039
0.66711,0.51244,0.45778,0.47467,0.46533,0.46489,0.46533,0.46578,0.56471,0.50588,0.43529,0.5,0.5,0.5,0.5,0.5,0.5065,0.4955,0.4965,0.497,0.5035,0.5035,0.503,0.5055,0.074,-0.062,1.031,0.44118,0.60588,0.72941,0.54118,0.5,0.5,0.5,0.5,0.68622,0.55911,0.48444,0.48933,0.46578,0.46533,0.46667,0.46756,0.39412,0.59412,0.73529,0.53529,0.50588,0.5,0.50588,0.50588,0.4935,0.5035,0.5345,0.497,0.5035,0.502,0.4985,0.4945,-0.118,-0.049,1.022
0.648,0.61422,0.60444,0.51067,0.46622,0.46622,0.46489,0.46711,0.44706,0.61765,0.74706,0.54118,0.5,0.5,0.48824,0.48235,0.494,0.4935,0.5185,0.4945,0.496,0.4975,0.503,0.5025,-0.222,-0.082,1.006,0.5,0.40588,0.30588,0.42941,0.5,0.5,0.5,0.5,0.632,0.66044,0.7,0.51111,0.47067,0.46667,0.46267,0.46622,0.50588,0.48824,0.38824,0.43529,0.51176,0.5,0.50588,0.5,0.49,0.482,0.4025,0.49,0.4945,0.497,0.516,0.503,0.101,-0.147,0.997
0.63244,0.632,0.612,0.476,0.47111,0.46667,0.46667,0.46622,0.50588,0.4,0.32353,0.44118,0.50588,0.5,0.5,0.51765,0.4895,0.4705,0.353,0.4885,0.4945,0.496,0.497,0.503,0.308,-0.049,0.969,0.44706,0.52941,0.45882,0.70588,0.5,0.5,0.5,0.5,0.63244,0.56222,0.48933,0.49867,0.47067,0.46711,0.46667,0.46622,0.5,0.41176,0.5,0.69412,0.5,0.5,0.5,0.50588,0.473,0.4925,0.3235,0.5065,0.4945,0.4945,0.497,0.503,0.283,0.05,0.98
0.62978,0.54756,0.45911,0.60444,0.46622,0.47422,0.46533,0.46489,0.5,0.50588,0.36471,0.73529,0.46471,0.51765,0.48824,0.5,0.4465,0.509,0.3625,0.505,0.5035,0.462,0.5015,0.5055,0.067,0.367,0.973,0.50588,0.46471,0.69412,0.45294,0.5,0.5,0.5,0.5,0.56933,0.58311,0.47289,0.71244,0.46667,0.46489,0.46489,0.45778,0.46471,0.50588,0.69412,0.45882,0.51176,0.5,0.5,0.50588,0.4825,0.487,0.5025,0.488,0.495,0.504,0.5045,0.506,0.263,0.397,0.801
0.54044,0.58356,0.57067,0.696,0.46533,0.46178,0.46578,0.46267,0.50588,0.50588,0.70588,0.48235,0.5,0.48824,0.51765,0.57647,0.5065,0.4725,0.5015,0.4555,0.506,0.5185,0.5025,0.505,0.65,0.301,0.902,0.56471,0.61176,0.51765,0.49412,0.5,0.5,0.5,0.5,0.57378,0.56978,0.69067,0.67289,0.46489,0.464,0.46489,0.46533,0.57647,0.64118,0.51176,0.5,0.5,0.5,0.5,0.5,0.506,0.4955,0.5005,0.4245,0.5055,0.5085,0.5055,0.5055,0.364,0.25,0.912
0.60311,0.61911,0.69378,0.67067,0.46489,0.46489,0.46489,0.46533,0.55294,0.57059,0.50588,0.48235,0.50588,0.5,0.5,0.5,0.506,0.5065,0.5275,0.4175,0.5055,0.5045,0.5055,0.505,0.352,0.228,0.938,0.51765,0.42941,0.27059,0.54118,0.5,0.5,0.5,0.5,0.64933,0.66667,0.63911,0.67022,0.46578,0.46622,0.46489,0.46578,0.51765,0.48235,0.30588,0.5,0.50588,0.5,0.5,0.50588,0.4935,0.4935,0.4745,0.4705,0.5035,0.498,0.5055,0.5055,0.37,0.246,0.924
-0.44444,0.47244,0.46667,0.46889,0.46133,0.47111,0.47556,0.46044,0.50588,0.5,0.5,0.5,0.50588,0.5,0.49412,0.50588,0.4935,0.493,0.4995,0.497,0.503,0.4995,0.5005,0.4995,0.029,0.057,0.828,0.66471,0.55294,0.47647,0.46471,0.5,0.5,0.5,0.5,0.51689,0.49111,0.46178,0.464,0.46222,0.47067,0.47644,0.46133,0.68235,0.57059,0.5,0.47647,0.50588,0.5,0.5,0.50588,0.508,0.5035,0.4855,0.463,0.495,0.501,0.4975,0.4945,0.112,0.009,1.03
0.60667,0.51911,0.44978,0.45022,0.46178,0.47022,0.47644,0.45956,0.67647,0.56471,0.48235,0.47647,0.5,0.5,0.5,0.50588,0.506,0.493,0.484,0.4425,0.503,0.5015,0.498,0.505,0.156,0.009,1.03,0.37647,0.49412,0.6,0.55882,0.5,0.5,0.5,0.5,0.67156,0.55911,0.46,0.44044,0.46267,0.47022,0.47689,0.46133,0.40588,0.5,0.61176,0.56471,0.50588,0.5,0.5,0.5,0.49,0.49,0.531,0.4895,0.4945,0.503,0.4955,0.4965,0.077,-0.019,1.023
0.61156,0.55867,0.51778,0.47022,0.46267,0.47067,0.47689,0.46089,0.36471,0.5,0.60588,0.55294,0.50588,0.5,0.5,0.5,0.4895,0.4885,0.501,0.4985,0.4945,0.5015,0.495,0.4945,0.084,0.008,1.027,0.58824,0.50588,0.43529,0.46471,0.5,0.5,0.5,0.5,0.53511,0.55867,0.56311,0.50178,0.46222,0.47067,0.47733,0.46089,0.53529,0.5,0.43529,0.48824,0.5,0.5,0.5,0.5,0.516,0.4885,0.4595,0.443,0.497,0.5015,0.4925,0.497,0.121,0.026,1.019
0.57644,0.55867,0.52667,0.48533,0.46178,0.47067,0.47733,0.46089,0.60588,0.5,0.44118,0.47647,0.5,0.5,0.5,0.5,0.517,0.49,0.4765,0.4345,0.503,0.5015,0.493,0.4965,0.166,0.041,1.02,0.4,0.52353,0.51765,0.54118,0.5,0.5,0.5,0.5,0.62489,0.56756,0.49067,0.46889,0.46133,0.47067,0.47733,0.46,0.40588,0.51765,0.53529,0.5,0.5,0.5,0.5,0.50588,0.4925,0.492,0.4955,0.48,0.503,0.501,0.4935,0.5035,0.171,0.061,1.012
0.57956,0.57111,0.5,0.48711,0.46178,0.47156,0.47778,0.46044,0.41765,0.50588,0.51765,0.53529,0.5,0.5,0.5,0.50588,0.4895,0.493,0.4955,0.498,0.503,0.498,0.4915,0.4965,0.133,0.051,1.003,0.56471,0.57647,0.46471,0.51176,0.5,0.5,0.5,0.5,0.53733,0.59378,0.50978,0.51378,0.46133,0.47111,0.47822,0.46089,0.51176,0.57059,0.49412,0.50588,0.48824,0.5,0.5,0.5,0.4935,0.5105,0.4395,0.501,0.505,0.4975,0.4915,0.4965,0.092,0.056,1.03
0.56756,0.63244,0.492,0.51956,0.46089,0.47156,0.47822,0.46089,0.57059,0.58824,0.46471,0.50588,0.49412,0.5,0.5,0.51176,0.5055,0.51,0.44,0.501,0.505,0.498,0.49,0.4945,0.074,0.074,1.026,0.47647,0.44706,0.57647,0.47059,0.5,0.5,0.5,0.5,0.60667,0.688,0.48622,0.51956,0.45956,0.47111,0.48089,0.46089,0.50588,0.48235,0.57059,0.49412,0.5,0.5,0.5,0.50588,0.491,0.489,0.499,0.487,0.505,0.498,0.4765,0.4945,0.062,0.074,1.029
0.59333,0.66889,0.52356,0.51378,0.46222,0.47111,0.48089,0.46089,0.47059,0.45882,0.57059,0.48824,0.52353,0.5,0.5,0.50588,0.492,0.484,0.5,0.444,0.497,0.4985,0.477,0.4945,0.073,0.063,1.028,0.55882,0.40588,0.4,0.49412,0.5,0.5,0.5,0.5,0.57111,0.61378,0.54044,0.49022,0.46133,0.47067,0.48044,0.46,0.53529,0.42353,0.40588,0.5,0.49412,0.5,0.5,0.51176,0.5125,0.4765,0.4715,0.464,0.505,0.501,0.478,0.503,0.153,0.073,1.026
0.60356,0.57733,0.48533,0.49022,0.46133,0.47067,0.48044,0.45956,0.56471,0.41765,0.38824,0.5,0.5,0.5,0.5,0.5,0.5105,0.466,0.492,0.4495,0.503,0.501,0.479,0.5055,0.199,0.095,1.0,0.49412,0.57647,0.55294,0.49412,0.5,0.5,0.5,0.5,0.65156,0.53378,0.43556,0.49067,0.46133,0.47156,0.47822,0.46,0.49412,0.5,0.55294,0.5,0.50588,0.5,0.5,0.51176,0.4935,0.485,0.532,0.4215,0.503,0.498,0.4895,0.503,0.185,0.074,1.007
0.64756,0.55378,0.46,0.49022,0.46178,0.47111,0.47867,0.46,0.5,0.57059,0.55882,0.5,0.50588,0.5,0.5,0.5,0.506,0.4925,0.5435,0.409,0.503,0.4975,0.4875,0.5035,0.14,0.083,1.033,0.38824,0.41765,0.52353,0.51176,0.5,0.5,0.5,0.5,0.60933,0.58711,0.508,0.48,0.46133,0.47111,0.47867,0.46133,0.40588,0.47647,0.54118,0.5,0.5,0.5,0.5,0.5,0.4935,0.4795,0.504,0.459,0.503,0.498,0.4865,0.497,0.173,0.09,1.03
0.56267,0.56933,0.52133,0.48222,0.46267,0.47111,0.47867,0.46133,0.40588,0.45294,0.50588,0.51765,0.51176,0.5,0.5,0.50588,0.489,0.4575,0.4965,0.4785,0.497,0.4985,0.4865,0.495,0.199,0.053,1.016,0.52353,0.50588,0.45882,0.43529,0.5,0.5,0.5,0.5,0.49733,0.51378,0.53422,0.48356,0.46311,0.47067,0.47867,0.46089,0.5,0.5,0.48824,0.42941,0.50588,0.49412,0.5,0.5,0.4935,0.471,0.436,0.401,0.495,0.4995,0.487,0.4945,0.291,0.072,0.994
0.50533,0.51378,0.508,0.44889,0.46311,0.47022,0.47867,0.46133,0.54118,0.5,0.45882,0.41176,0.5,0.5,0.5,0.50588,0.5035,0.4735,0.458,0.41,0.495,0.5015,0.4875,0.4945,0.347,0.04,0.976,0.49412,0.46471,0.5,0.48235,0.5,0.5,0.5,0.5,0.51556,0.51378,0.484,0.40267,0.46311,0.47022,0.47867,0.46133,0.5,0.5,0.5,0.49412,0.5,0.5,0.5,0.50588,0.4965,0.4605,0.4585,0.4205,0.495,0.5025,0.4875,0.495,0.403,0.016,0.945
0.51289,0.49467,0.484,0.39333,0.46267,0.47022,0.47689,0.46133,0.5,0.44706,0.5,0.45882,0.5,0.5,0.49412,0.50588,0.496,0.4665,0.458,0.4215,0.495,0.5025,0.494,0.495,0.432,-0.0,0.908,0.56471,0.54706,0.48235,0.6,0.5,0.5,0.5,0.5,0.51333,0.44844,0.48444,0.39778,0.46267,0.47067,0.47733,0.46089,0.55882,0.45882,0.5,0.6,0.51176,0.5,0.5,0.5,0.5125,0.506,0.4285,0.5105,0.4965,0.5005,0.494,0.4965,0.363,-0.005,0.967
0.55333,0.45867,0.47911,0.45067,0.46267,0.47067,0.47822,0.46044,0.6,0.57059,0.44118,0.61176,0.50588,0.5,0.50588,0.5,0.508,0.5075,0.4085,0.503,0.497,0.5,0.4895,0.5,0.334,-0.01,0.991,0.45882,0.53529,0.44118,0.54118,0.5,0.5,0.5,0.5,0.60267,0.50889,0.44356,0.52578,0.45867,0.472,0.48089,0.46,0.45882,0.52941,0.42353,0.52353,0.48824,0.5,0.5,0.5,0.49,0.5065,0.436,0.4925,0.505,0.494,0.477,0.5035,0.189,0.148,0.988
0.59244,0.51867,0.412,0.54667,0.46,0.47156,0.48089,0.46044,0.5,0.50588,0.45294,0.54706,0.49412,0.5,0.5,0.5,0.4815,0.5075,0.444,0.491,0.505,0.4965,0.4765,0.5,0.235,0.178,0.984,0.53529,0.61176,0.60588,0.45882,0.5,0.5,0.5,0.5,0.59289,0.57822,0.40267,0.56711,0.45867,0.47156,0.48044,0.46133,0.5,0.65294,0.6,0.48235,0.51176,0.5,0.5,0.5,0.475,0.507,0.498,0.4425,0.505,0.4965,0.478,0.4945,0.21,0.217,1.003
0.59111,0.64356,0.45422,0.55067,0.46044,0.47156,0.48044,0.46133,0.50588,0.64118,0.58824,0.45294,0.51176,0.5,0.5,0.50588,0.49,0.506,0.502,0.4175,0.505,0.4965,0.478,0.4945,0.175,0.192,0.99,0.51765,0.36471,0.54706,0.41176,0.5,0.5,0.5,0.5,0.58711,0.71422,0.52844,0.50533,0.46222,0.47022,0.48,0.46089,0.5,0.50588,0.53529,0.43529,0.49412,0.49412,0.5,0.50588,0.5095,0.444,0.521,0.3795,0.497,0.501,0.4805,0.495,0.245,0.065,0.976
0.58711,0.63911,0.56044,0.44756,0.46356,0.47156,0.47733,0.46044,0.51765,0.22941,0.56471,0.35294,0.52353,0.50588,0.49412,0.5,0.5135,0.4715,0.494,0.4395,0.495,0.4975,0.4915,0.5,0.354,-0.153,1.054,0.41176,0.45294,0.47059,0.55294,0.5,0.5,0.5,0.5,0.63378,0.52089,0.59156,0.39911,0.46444,0.47244,0.47644,0.46,0.50588,0.42353,0.5,0.54118,0.50588,0.5,0.5,0.51176,0.458,0.485,0.4225,0.509,0.495,0.4915,0.4965,0.503,0.393,-0.248,0.932
0.60311,0.48578,0.592,0.42533,0.46489,0.47289,0.47689,0.46,0.34706,0.42353,0.5,0.54706,0.50588,0.5,0.5,0.5,0.448,0.491,0.3495,0.5125,0.495,0.49,0.4955,0.505,0.43,-0.219,0.901,0.51176,0.55882,0.42353,0.46471,0.5,0.5,0.5,0.5,0.54311,0.44444,0.56711,0.44578,0.46533,0.47556,0.47822,0.45956,0.5,0.52353,0.5,0.46471,0.50588,0.5,0.50588,0.5,0.4645,0.5145,0.263,0.5025,0.4955,0.4765,0.4905,0.505,0.472,-0.149,0.916
0.54311,0.468,0.52578,0.42756,0.46533,0.47556,0.48133,0.45956,0.5,0.53529,0.41176,0.45294,0.50588,0.5,0.5,0.5,0.471,0.5195,0.2715,0.5015,0.495,0.4765,0.475,0.505,0.547,-0.101,0.878,0.61176,0.54118,0.42941,0.55882,0.5,0.5,0.5,0.5,0.55333,0.52267,0.44667,0.41867,0.46489,0.47556,0.48133,0.45911,0.56471,0.54706,0.42941,0.55882,0.50588,0.5,0.5,0.5,0.504,0.5135,0.3205,0.545,0.495,0.4765,0.4745,0.505,0.622,0.016,0.805
0.62578,0.54933,0.40756,0.45378,0.464,0.47556,0.48133,0.45911,0.65882,0.57059,0.39412,0.56471,0.50588,0.5,0.5,0.5,0.4895,0.5105,0.3355,0.5225,0.495,0.4765,0.4745,0.505,0.581,0.092,0.854,0.42941,0.55294,0.55882,0.46471,0.5,0.5,0.5,0.5,0.69644,0.60756,0.36578,0.49244,0.46,0.47511,0.48,0.45956,0.48824,0.64118,0.5,0.5,0.49412,0.5,0.5,0.49412,0.4585,0.496,0.4255,0.4465,0.505,0.479,0.481,0.505,0.421,0.297,0.85
0.62844,0.63867,0.38356,0.48578,0.45956,0.47511,0.48,0.45956,0.35294,0.57059,0.54706,0.5,0.5,0.5,0.5,0.50588,0.4895,0.493,0.4975,0.391,0.505,0.479,0.481,0.505,0.457,0.305,0.858,0.56471,0.46471,0.59412,0.5,0.5,0.5,0.5,0.5,0.56667,0.67911,0.44756,0.46978,0.46089,0.47467,0.47911,0.45956,0.5,0.50588,0.59412,0.5,0.51765,0.5,0.5,0.49412,0.5185,0.481,0.5,0.369,0.505,0.4805,0.485,0.5045,0.458,0.189,0.889
0.61378,0.67911,0.50089,0.46578,0.46267,0.47067,0.47644,0.46,0.7,0.50588,0.62941,0.41765,0.49412,0.5,0.48824,0.50588,0.5065,0.4635,0.4875,0.3855,0.497,0.4995,0.4955,0.5045,0.396,-0.094,0.949,0.41176,0.37059,0.37647,0.57647,0.5,0.5,0.5,0.5,0.67689,0.58978,0.544,0.47111,0.46356,0.47644,0.47689,0.45956,0.50588,0.32353,0.41765,0.58235,0.50588,0.51765,0.5,0.49412,0.4565,0.4885,0.337,0.4975,0.4955,0.4745,0.4955,0.5045,0.474,-0.067,0.931
0.67733,0.51289,0.48889,0.504,0.464,0.47644,0.47733,0.45956,0.51176,0.37647,0.35882,0.56471,0.50588,0.5,0.5,0.50588,0.3915,0.4915,0.299,0.511,0.495,0.4725,0.493,0.504,0.589,0.088,0.832,0.51176,0.61765,0.51765,0.48235,0.5,0.5,0.5,0.5,0.53422,0.46978,0.38311,0.556,0.45689,0.47556,0.47467,0.45911,0.45294,0.67059,0.5,0.5,0.51176,0.5,0.5,0.5,0.506,0.5065,0.4825,0.4495,0.505,0.4765,0.506,0.5055,0.506,0.414,0.769
0.54,0.53378,0.38933,0.55556,0.45733,0.47556,0.47467,0.45911,0.50588,0.63529,0.50588,0.5,0.5,0.5,0.5,0.5,0.506,0.505,0.496,0.409,0.505,0.4765,0.506,0.505,0.453,0.421,0.812,0.57647,0.42353,0.59412,0.40588,0.5,0.5,0.5,0.5,0.54578,0.60578,0.42889,0.52756,0.46267,0.472,0.47467,0.45867,0.57647,0.50588,0.58824,0.42353,0.55294,0.47059,0.5,0.5,0.5235,0.4715,0.5075,0.344,0.495,0.4915,0.506,0.505,0.505,0.278,0.79
0.60178,0.59378,0.48267,0.47156,0.46267,0.47244,0.47511,0.46044,0.7,0.38824,0.63529,0.32353,0.51176,0.52941,0.5,0.5,0.5085,0.4515,0.4975,0.3805,0.4965,0.4925,0.503,0.502,0.54,-0.169,0.845,0.38235,0.48235,0.38824,0.58824,0.5,0.5,0.5,0.5,0.67689,0.50133,0.53867,0.42578,0.46267,0.47733,0.47822,0.45867,0.50588,0.36471,0.5,0.59412,0.47647,0.5,0.5,0.49412,0.4415,0.49,0.3045,0.496,0.495,0.4685,0.4905,0.505,0.809,-0.208,0.483
0.61111,0.47156,0.47956,0.47111,0.46356,0.47689,0.47867,0.45911,0.4,0.48235,0.48824,0.58824,0.49412,0.5,0.49412,0.50588,0.4595,0.495,0.3165,0.489,0.495,0.47,0.487,0.505,0.883,-0.014,0.394,0.46471,0.64706,0.51765,0.42941,0.5,0.5,0.5,0.5,0.572,0.50533,0.41289,0.504,0.46267,0.47467,0.47822,0.45956,0.5,0.65882,0.5,0.43529,0.50588,0.5,0.5,0.50588,0.3975,0.5075,0.3415,0.453,0.495,0.4805,0.488,0.505,0.934,0.083,0.377
0.476,0.55156,0.46756,0.52889,0.42311,0.47822,0.48311,0.46,0.44118,0.5,0.5,0.5,0.50588,0.5,0.5,0.51176,0.4935,0.488,0.5075,0.461,0.506,0.49,0.499,0.5035,0.006,0.096,1.032,0.85882,0.75294,0.5,0.5,0.5,0.5,0.5,0.5,0.63867,0.64133,0.46933,0.52356,0.42933,0.476,0.48311,0.46089,0.92941,0.74118,0.5,0.48824,0.49412,0.5,0.50588,0.51176,0.5115,0.513,0.4985,0.4845,0.5035,0.501,0.5,0.4945,-0.283,-0.071,0.98
0.80667,0.78133,0.46356,0.52311,0.42978,0.47644,0.48311,0.46089,0.87647,0.77059,0.49412,0.5,0.5,0.5,0.5,0.5,0.52,0.508,0.5255,0.4895,0.4965,0.4985,0.499,0.4965,-0.486,-0.097,0.996,0.30588,0.0,0.5,0.5,0.5,0.5,0.5,0.5,0.85733,0.78756,0.47111,0.52711,0.42933,0.47689,0.48222,0.45911,-0.17647,-0.1,0.5,0.5,0.47059,0.5,0.49412,0.5,0.381,0.417,0.492,0.4705,0.505,0.4975,0.5015,0.5055,0.325,0.038,0.743
0.47733,0.47378,0.47111,0.52756,0.42889,0.47733,0.48356,0.45956,-0.07647,-0.14118,0.5,0.5,0.49412,0.5,0.5,0.5,0.4535,0.472,0.4915,0.469,0.5055,0.495,0.4965,0.5055,0.624,0.223,0.761,0.97059,0.97059,0.5,0.5,0.5,0.5,0.5,0.5,0.26578,0.35067,0.46356,0.532,0.43022,0.47689,0.48178,0.46,1.30588,1.18824,0.49412,0.50588,0.55882,0.48824,0.50588,0.49412,0.6535,0.521,0.5275,0.4465,0.4945,0.497,0.5045,0.5035,0.339,0.08,0.973
0.75378,0.62978,0.47644,0.53156,0.42978,0.47644,0.48222,0.46089,1.44118,1.01176,0.5,0.5,0.5,0.5,0.50588,0.52353,0.516,0.5205,0.466,0.4495,0.4965,0.4995,0.503,0.4945,0.293,-0.071,0.69,0.2,0.0,0.5,0.5,0.5,0.5,0.5,0.5,0.93111,0.78267,0.47022,0.52889,0.42978,0.476,0.48267,0.46089,-0.05882,-0.02941,0.50588,0.51765,0.50588,0.5,0.5,0.50588,0.437,0.4335,0.4955,0.465,0.4965,0.5015,0.5015,0.495,0.495,0.087,0.593
0.60356,0.51689,0.47778,0.52933,0.43022,0.476,0.48267,0.46044,0.00588,0.00588,0.5,0.5,0.50588,0.5,0.5,0.51176,0.381,0.4205,0.46,0.4605,0.4945,0.5015,0.5025,0.5,0.882,0.173,0.059,0.96471,0.97059,0.5,0.5,0.5,0.5,0.5,0.5,0.31511,0.33467,0.47778,0.52267,0.42844,0.47778,0.48311,0.46044,0.90588,1.01176,0.5,0.47059,0.5,0.5,0.5,0.50588,0.5105,0.5235,0.4595,0.49,0.5055,0.4935,0.499,0.5,0.954,0.181,0.259
0.55422,0.61644,0.46978,0.51867,0.42978,0.47644,0.48267,0.46044,0.92941,0.98824,0.42941,0.5,0.5,0.5,0.5,0.5,0.5205,0.5325,0.485,0.5095,0.4965,0.499,0.501,0.5,0.925,0.151,0.356,0.38235,0.0,0.5,0.5,0.5,0.5,0.5,0.5,0.79244,0.75689,0.46933,0.51867,0.42978,0.47644,0.48267,0.46044,0.37647,0.0,0.5,0.5,0.5,0.5,0.5,0.5,0.493,0.479,0.5,0.511,0.4965,0.499,0.5015,0.5,0.929,0.154,0.348
0.72178,0.51778,0.46889,0.52356,0.42978,0.476,0.48267,0.45911,0.36471,0.04706,0.5,0.51176,0.5,0.49412,0.5,0.51176,0.493,0.4605,0.501,0.488,0.4965,0.5005,0.5015,0.503,0.914,0.158,0.345,0.84118,0.97059,0.5,0.5,0.5,0.5,0.5,0.5,0.68044,0.39022,0.46933,0.52889,0.42978,0.47644,0.48267,0.46089,0.58824,0.88235,0.50588,0.44706,0.49412,0.5,0.5,0.50588,0.5085,0.513,0.501,0.461,0.4965,0.4995,0.5015,0.496,0.945,0.183,0.354
0.724,0.608,0.46978,0.51822,0.42978,0.47644,0.48267,0.46089,0.61765,0.94118,0.5,0.48824,0.50588,0.5,0.5,0.50588,0.5135,0.527,0.4975,0.511,0.4965,0.499,0.5015,0.4965,0.932,0.149,0.357,0.52941,0.01765,0.5,0.5,0.5,0.5,0.5,0.5,0.74044,0.70844,0.46978,0.51867,0.42978,0.47644,0.48311,0.46089,0.36471,0.01176,0.5,0.5,0.5,0.5,0.50588,0.50588,0.493,0.48,0.4975,0.511,0.4965,0.4985,0.5,0.4965,0.939,0.159,0.346
0.67422,0.484,0.46889,0.52711,0.42978,0.47689,0.48311,0.46,0.36471,0.11765,0.5,0.54706,0.5,0.50588,0.5,0.50588,0.49,0.4505,0.5015,0.4735,0.496,0.498,0.5,0.503,0.928,0.185,0.341,0.85294,0.97059,0.5,0.5,0.5,0.5,0.5,0.5,0.668,0.376,0.46933,0.53111,0.42978,0.47644,0.48311,0.46089,0.67059,0.88824,0.50588,0.45294,0.5,0.5,0.5,0.50588,0.512,0.511,0.501,0.4495,0.4965,0.4995,0.5,0.4965,0.931,0.169,0.354
0.76356,0.59067,0.46978,0.51911,0.42978,0.47644,0.48311,0.46089,0.71176,0.92353,0.5,0.49412,0.50588,0.5,0.5,0.50588,0.518,0.525,0.4975,0.5065,0.4965,0.4995,0.5,0.4965,0.928,0.184,0.358,0.45294,0.0,0.5,0.5,0.5,0.5,0.5,0.5,0.75733,0.68089,0.46978,0.51956,0.42978,0.47644,0.48311,0.46089,0.15294,0.00588,0.5,0.50588,0.50588,0.5,0.5,0.5,0.4855,0.4795,0.4975,0.5065,0.4965,0.4995,0.4985,0.4965,0.927,0.175,0.355
0.60711,0.45467,0.47022,0.52667,0.42978,0.47644,0.48267,0.45956,0.24706,0.11176,0.50588,0.50588,0.51176,0.5,0.5,0.49412,0.466,0.444,0.4945,0.474,0.4965,0.4985,0.5015,0.505,0.964,0.156,0.215,0.9,0.97059,0.5,0.5,0.5,0.5,0.5,0.5,0.55378,0.33111,0.46978,0.53378,0.42933,0.476,0.48311,0.46089,0.86471,0.93529,0.5,0.5,0.50588,0.5,0.50588,0.50588,0.516,0.509,0.4975,0.438,0.5035,0.501,0.5005,0.4965,0.944,0.167,0.346
0.74267,0.54667,0.46844,0.51956,0.42933,0.476,0.48311,0.46089,0.88824,0.94706,0.5,0.5,0.5,0.5,0.5,0.5,0.528,0.522,0.5035,0.505,0.5035,0.501,0.499,0.4965,0.933,0.165,0.357,0.34118,0.0,0.5,0.5,0.5,0.5,0.5,0.5,0.78844,0.63644,0.46889,0.52,0.42933,0.476,0.48311,0.46,-0.00588,0.08235,0.5,0.52353,0.50588,0.5,0.5,0.48824,0.4785,0.476,0.502,0.505,0.5035,0.5005,0.4995,0.503,0.921,0.157,0.332
0.55689,0.41867,0.47156,0.52933,0.43022,0.476,0.48267,0.45956,0.06471,0.11176,0.5,0.5,0.50588,0.5,0.5,0.5,0.451,0.4325,0.4895,0.461,0.494,0.5005,0.5015,0.505,0.991,0.181,0.08,0.94706,0.97059,0.5,0.5,0.5,0.5,0.5,0.5,0.41289,0.31244,0.47511,0.53289,0.42978,0.47689,0.48356,0.46089,0.91765,1.02353,0.5,0.5,0.49412,0.5,0.5,0.51176,0.5155,0.5165,0.472,0.4435,0.5,0.497,0.497,0.496,0.908,0.192,0.365
0.63467,0.588,0.468,0.51867,0.42933,0.476,0.48311,0.46044,0.91765,1.01765,0.5,0.48824,0.5,0.5,0.5,0.5,0.521,0.5285,0.505,0.51,0.5035,0.5005,0.499,0.5,0.921,0.17,0.354,0.37059,0.0,0.5,0.5,0.5,0.5,0.5,0.5,0.78711,0.73733,0.468,0.51778,0.42889,0.476,0.48311,0.46089,0.21765,-0.00588,0.5,0.5,0.5,0.5,0.5,0.50588,0.4875,0.479,0.505,0.515,0.5035,0.501,0.499,0.4965,0.941,0.18,0.357
0.64711,0.5,0.46978,0.524,0.43022,0.47644,0.48222,0.46,0.25882,0.06471,0.5,0.51765,0.51176,0.5,0.49412,0.50588,0.4795,0.4575,0.4975,0.486,0.4965,0.4995,0.502,0.503,0.954,0.184,0.188,0.89412,0.97059,0.5,0.5,0.5,0.5,0.5,0.5,0.62533,0.38089,0.46844,0.53111,0.42933,0.476,0.48311,0.46044,0.89412,0.91765,0.5,0.45294,0.50588,0.5,0.5,0.50588,0.519,0.512,0.5035,0.45,0.5035,0.5015,0.4995,0.4965,0.906,0.156,0.342
0.81333,0.59778,0.46889,0.51867,0.42933,0.47644,0.48311,0.46044,0.90588,0.94118,0.5,0.48824,0.50588,0.5,0.5,0.5,0.5265,0.527,0.5025,0.5095,0.5035,0.4995,0.5,0.4965,0.932,0.171,0.34,0.32353,0.0,0.5,0.5,0.5,0.5,0.5,0.5,0.79556,0.68933,0.46889,0.51867,0.42933,0.47689,0.48311,0.46089,-0.14118,0.0,0.5,0.5,0.50588,0.5,0.5,0.50588,0.4735,0.4795,0.5015,0.511,0.502,0.4985,0.5,0.4965,0.932,0.188,0.369
0.50889,0.45911,0.47644,0.52311,0.42978,0.47689,0.48267,0.46,0.0,0.07059,0.51176,0.50588,0.50588,0.5,0.5,0.5,0.4275,0.4535,0.4665,0.4905,0.4945,0.499,0.5015,0.503,0.998,0.196,0.036,0.97059,0.97059,0.5,0.5,0.5,0.5,0.5,0.5,0.29289,0.33333,0.48133,0.52267,0.42844,0.47778,0.48311,0.46044,0.94118,0.98235,0.5,0.47647,0.5,0.5,0.5,0.51176,0.511,0.523,0.442,0.49,0.5055,0.4935,0.4995,0.5,0.919,0.141,0.329
