0.47333,0.51244,0.46711,0.47956,0.46578,0.46622,0.46933,0.46622,0.50588,0.50588,0.5,0.5,0.50588,0.5,0.5,0.50588,0.4935,0.492,0.4955,0.4955,0.503,0.498,0.4975,0.5,0.021,0.032,1.032,0.37647,0.57059,0.51176,0.5,0.5,0.5,0.5,0.5,0.45244,0.52844,0.47156,0.47822,0.46533,0.46667,0.46978,0.46578,0.39412,0.58824,0.51765,0.5,0.49412,0.5,0.5,0.50588,0.4815,0.506,0.4945,0.5015,0.504,0.497,0.496,0.5025,0.054,0.057,1.018
0.388,0.56444,0.47778,0.47778,0.46533,0.46667,0.46978,0.46578,0.37647,0.55294,0.51176,0.5,0.50588,0.5,0.5,0.5,0.4825,0.5065,0.4925,0.503,0.503,0.497,0.496,0.5035,0.062,0.061,1.033,0.62941,0.51765,0.54706,0.51765,0.5,0.5,0.5,0.5,0.33156,0.61022,0.50178,0.47733,0.46489,0.46667,0.46978,0.46711,0.58235,0.54118,0.53529,0.50588,0.5,0.5,0.5,0.51176,0.508,0.495,0.4865,0.534,0.505,0.496,0.496,0.494,0.014,0.061,1.028
0.38489,0.62,0.52489,0.48622,0.46356,0.46667,0.47022,0.46711,0.61765,0.52353,0.54706,0.51765,0.5,0.5,0.5,0.50588,0.5145,0.495,0.498,0.5335,0.505,0.496,0.494,0.494,0.01,0.064,1.039,0.35882,0.40588,0.50588,0.51765,0.5,0.5,0.5,0.5,0.44044,0.62,0.55333,0.50933,0.46578,0.46667,0.47067,0.46667,0.37059,0.45882,0.5,0.51765,0.50588,0.5,0.5,0.5,0.4905,0.4815,0.4965,0.5005,0.503,0.496,0.492,0.4965,0.025,0.056,1.021
0.36533,0.58356,0.55689,0.51956,0.46533,0.46622,0.47022,0.46578,0.36471,0.45294,0.50588,0.53529,0.5,0.5,0.5,0.5,0.4915,0.4715,0.4945,0.497,0.505,0.498,0.4935,0.5035,0.037,0.045,1.028,0.65294,0.63529,0.37647,0.46471,0.5,0.5,0.5,0.5,0.32,0.54044,0.536,0.516,0.46489,0.46667,0.46978,0.46622,0.65294,0.60588,0.40588,0.44706,0.5,0.5,0.5,0.50588,0.5085,0.5065,0.414,0.4975,0.505,0.496,0.496,0.4995,0.031,0.08,1.034
0.40222,0.59956,0.47733,0.49733,0.46489,0.468,0.46978,0.46667,0.66471,0.58824,0.4,0.46471,0.5,0.51176,0.5,0.5,0.507,0.51,0.3945,0.5,0.505,0.4905,0.496,0.4965,0.054,0.08,1.04,0.55294,0.21176,0.57059,0.49412,0.5,0.5,0.5,0.5,0.53022,0.62044,0.40889,0.47644,0.46489,0.46978,0.46844,0.46533,0.54118,0.32941,0.52353,0.49412,0.50588,0.49412,0.5,0.5,0.49,0.4705,0.481,0.4985,0.5055,0.481,0.5025,0.506,0.078,0.053,1.038
0.544,0.52,0.44311,0.48133,0.46578,0.46533,0.46756,0.46489,0.56471,0.33529,0.55882,0.5,0.50588,0.5,0.5,0.5,0.5,0.4105,0.499,0.461,0.503,0.5015,0.5065,0.5055,0.127,0.032,1.054,0.43529,0.41176,0.56471,0.39412,0.5,0.5,0.5,0.5,0.54489,0.27911,0.47422,0.45378,0.46756,0.47422,0.46889,0.46667,0.43529,0.31765,0.61765,0.18235,0.50588,0.54706,0.5,0.53529,0.5065,0.4765,0.646,0.4035,0.495,0.4615,0.4995,0.4945,-0.052,0.142,0.987
0.52978,0.21111,0.53911,0.38578,0.46889,0.47511,0.46889,0.46578,0.51176,0.38235,0.59412,0.43529,0.50588,0.5,0.5,0.50588,0.4885,0.488,0.507,0.476,0.4945,0.456,0.5005,0.5035,0.048,0.141,1.036,0.61176,0.91765,0.47647,0.52353,0.5,0.5,0.5,0.5,0.52267,0.25911,0.57867,0.32622,0.47111,0.47511,0.46933,0.46667,0.55882,0.84706,0.5,0.52353,0.5,0.5,0.5,0.51176,0.506,0.522,0.4495,0.498,0.4945,0.4555,0.498,0.494,-0.064,0.124,1.031
0.56311,0.43511,0.56889,0.32533,0.47156,0.47467,0.46933,0.46756,0.56471,0.81765,0.49412,0.5,0.50588,0.5,0.5,0.50588,0.511,0.572,0.4385,0.555,0.495,0.457,0.4995,0.4945,-0.143,0.114,0.999,0.38235,0.34706,0.42941,0.65294,0.5,0.5,0.5,0.5,0.63644,0.64889,0.53822,0.33644,0.47244,0.47467,0.46933,0.46889,0.43529,0.50588,0.46471,0.69412,0.50588,0.5,0.5,0.5,0.47,0.5235,0.406,0.8165,0.495,0.458,0.498,0.495,-0.125,0.103,1.002
0.58978,0.57822,0.508,0.39244,0.47244,0.47111,0.46889,0.46889,0.45882,0.29412,0.34118,0.62353,0.5,0.5,0.5,0.50588,0.46,0.527,0.374,0.9215,0.495,0.474,0.4995,0.4955,-0.086,0.076,1.051,0.53529,0.70588,0.53529,0.5,0.5,0.5,0.5,0.5,0.56578,0.47778,0.48533,0.42533,0.472,0.47111,0.46889,0.46889,0.5,0.5,0.5,0.5,0.5,0.5,0.5,0.50588,0.418,0.67,0.342,0.9995,0.495,0.475,0.5,0.496,-0.12,0.08,1.067
0.56578,0.50978,0.48533,0.42533,0.47111,0.47111,0.46889,0.46889,0.5,0.51176,0.5,0.5,0.5,0.5,0.5,0.50588,0.444,0.8315,0.4275,0.9995,0.495,0.475,0.5,0.4955,-0.175,0.064,1.015,0.49412,0.40588,0.54118,0.5,0.5,0.5,0.5,0.5,0.55378,0.76711,0.50756,0.48,0.46578,0.46622,0.46889,0.46889,0.49412,0.65294,0.54706,0.50588,0.5,0.5,0.5,0.5,0.476,0.5105,0.49,0.737,0.503,0.4985,0.5,0.4945,-0.14,0.041,1.02
0.54089,0.75244,0.52711,0.48489,0.46578,0.46622,0.46889,0.46889,0.45294,0.45882,0.53529,0.58235,0.51176,0.5,0.5,0.50588,0.484,0.4905,0.5,0.7155,0.503,0.4985,0.5,0.4945,-0.11,0.063,1.025,0.58235,0.34118,0.38824,0.45294,0.5,0.5,0.5,0.5,0.54044,0.68489,0.51511,0.48933,0.46622,0.46578,0.46756,0.46667,0.57647,0.38235,0.39412,0.5,0.51176,0.5,0.5,0.49412,0.5065,0.4485,0.493,0.6175,0.497,0.5,0.5065,0.4965,-0.015,0.037,1.032
0.58,0.63289,0.46,0.48533,0.46622,0.46533,0.46133,0.46622,0.57059,0.33529,0.38824,0.47647,0.51765,0.5,0.48824,0.50588,0.5065,0.417,0.4845,0.5215,0.495,0.5025,0.534,0.5,-0.03,0.034,1.027,0.6,0.33529,0.55882,0.58235,0.5,0.5,0.5,0.5,0.64889,0.388,0.38978,0.46311,0.46667,0.46711,0.46311,0.46889,0.58235,0.32353,0.49412,0.57059,0.5,0.5,0.5,0.50588,0.513,0.5075,0.5945,0.6265,0.495,0.4945,0.5275,0.4945,0.011,0.055,1.028
0.68711,0.29867,0.41911,0.52044,0.46667,0.46667,0.46489,0.46933,0.62941,0.32941,0.57647,0.57647,0.5,0.5,0.51176,0.5,0.521,0.5075,0.6065,0.5595,0.497,0.4955,0.52,0.494,-0.064,0.036,1.046,0.42941,0.8,0.45294,0.43529,0.5,0.5,0.5,0.5,0.74933,0.21156,0.45289,0.55556,0.46667,0.46622,0.468,0.46889,0.47647,0.65294,0.5,0.43529,0.5,0.49412,0.5,0.5,0.494,0.6385,0.537,0.52,0.4965,0.497,0.5035,0.4945,-0.048,0.031,1.059
0.72178,0.31244,0.43467,0.50933,0.46622,0.46533,0.46711,0.46933,0.44118,0.73529,0.45882,0.42353,0.50588,0.5,0.5,0.50588,0.493,0.7325,0.501,0.583,0.497,0.502,0.508,0.4945,-0.074,0.024,1.05,0.42353,0.66471,0.44706,0.51176,0.5,0.5,0.5,0.5,0.65822,0.62533,0.39556,0.46489,0.46622,0.46622,0.46711,0.46711,0.42353,0.92353,0.44118,0.5,0.49412,0.51176,0.53529,0.51176,0.4915,0.5515,0.4765,0.6345,0.5025,0.498,0.5105,0.4945,-0.022,0.074,1.041
0.64311,0.75422,0.372,0.46844,0.46622,0.46711,0.46889,0.46711,0.5,0.54706,0.37647,0.5,0.51176,0.5,0.5,0.50588,0.472,0.5355,0.4595,0.6455,0.497,0.4935,0.4995,0.4945,-0.125,0.042,1.035,0.25294,0.18235,0.57647,0.5,0.5,0.5,0.5,0.5,0.55778,0.78978,0.36133,0.48133,0.46667,0.46578,0.46667,0.46622,0.11176,0.18824,0.58824,0.5,0.50588,0.49412,0.49412,0.5,0.442,0.4885,0.499,0.6155,0.497,0.498,0.5085,0.5,0.003,0.075,1.0
0.37556,0.66089,0.40133,0.49333,0.46578,0.46533,0.46089,0.464,0.22353,0.29412,0.58824,0.55294,0.50588,0.5,0.48824,0.5,0.483,0.4535,0.494,0.562,0.497,0.502,0.5355,0.5055,-0.008,0.028,1.022,0.84706,0.61765,0.52353,0.48824,0.5,0.5,0.5,0.5,0.30489,0.52178,0.44844,0.516,0.46578,0.46622,0.46089,0.45822,0.81176,0.5,0.5,0.5,0.5,0.50588,0.5,0.50588,0.521,0.465,0.508,0.433,0.503,0.499,0.5375,0.506,-0.041,0.014,1.016
0.44844,0.54444,0.44667,0.516,0.46578,0.46667,0.46222,0.46044,0.78235,0.61765,0.5,0.5,0.5,0.5,0.50588,0.50588,0.5605,0.491,0.572,0.4045,0.503,0.496,0.532,0.5055,-0.062,0.044,1.021,0.5,0.40588,0.52941,0.48824,0.5,0.5,0.5,0.5,0.69244,0.59156,0.48,0.49644,0.46578,0.46533,0.46178,0.46178,0.50588,0.50588,0.57059,0.5,0.5,0.5,0.5,0.5,0.511,0.4765,0.529,0.445,0.5025,0.502,0.5325,0.5055,0.012,0.019,1.037
0.69333,0.58267,0.492,0.49644,0.46578,0.46533,0.46133,0.46133,0.50588,0.49412,0.54706,0.5,0.50588,0.5,0.5,0.5,0.5105,0.4305,0.5435,0.417,0.502,0.5015,0.5345,0.505,0.018,0.018,1.044,0.18824,0.59412,0.43529,0.47059,0.5,0.5,0.5,0.5,0.62311,0.55022,0.5,0.48889,0.46622,0.46578,0.46133,0.46044,0.24118,0.5,0.45294,0.47647,0.5,0.5,0.5,0.5,0.483,0.4595,0.4845,0.3715,0.497,0.499,0.5345,0.5055,0.059,0.053,1.026
0.49956,0.56133,0.49111,0.46489,0.46667,0.46667,0.46178,0.46133,0.24118,0.57059,0.44706,0.41765,0.5,0.5,0.5,0.50588,0.443,0.4895,0.3705,0.4155,0.496,0.496,0.5325,0.5055,0.08,0.063,1.02,0.61176,0.42353,0.46471,0.51176,0.5,0.5,0.5,0.5,0.31244,0.60444,0.46,0.42889,0.46711,0.46667,0.46178,0.464,0.51176,0.48824,0.48235,0.5,0.5,0.5,0.5,0.50588,0.4935,0.4745,0.2815,0.525,0.495,0.496,0.5325,0.5055,0.046,0.056,1.002
0.36222,0.56267,0.42444,0.42889,0.46711,0.46622,0.46178,0.46578,0.64118,0.44706,0.37059,0.5,0.5,0.5,0.5,0.50588,0.5,0.478,0.3575,0.5535,0.495,0.498,0.533,0.5035,0.07,0.042,1.029,0.54706,0.59412,0.45882,0.47647,0.5,0.5,0.5,0.5,0.44178,0.52,0.38444,0.43111,0.46711,0.46622,0.46178,0.46711,0.54118,0.55882,0.41765,0.5,0.5,0.5,0.5,0.50588,0.4935,0.5065,0.3845,0.539,0.4945,0.498,0.5335,0.494,0.067,0.052,1.01
0.48044,0.55556,0.37378,0.42533,0.46667,0.46667,0.46178,0.46711,0.59412,0.61176,0.5,0.48235,0.5,0.5,0.5,0.50588,0.4885,0.5095,0.339,0.5085,0.495,0.496,0.5325,0.494,0.087,0.057,1.028,0.41765,0.35882,0.58824,0.52941,0.5,0.5,0.5,0.5,0.51556,0.59022,0.352,0.40889,0.46667,0.46667,0.46178,0.46667,0.50588,0.41176,0.52353,0.5,0.50588,0.5,0.5,0.5,0.4445,0.486,0.46,0.5665,0.495,0.4965,0.5325,0.4955,0.062,0.054,1.015
0.46267,0.53778,0.39511,0.42667,0.46667,0.46533,0.46133,0.46667,0.34118,0.37059,0.58824,0.52941,0.50588,0.5,0.5,0.51176,0.4675,0.4725,0.48,0.556,0.495,0.501,0.534,0.494,0.072,0.034,1.021,0.64118,0.37059,0.42941,0.54706,0.5,0.5,0.5,0.5,0.40711,0.38,0.42356,0.47156,0.46667,0.46578,0.46133,0.46756,0.62941,0.32353,0.42353,0.55294,0.5,0.5,0.5,0.5,0.5105,0.4925,0.474,0.501,0.495,0.5005,0.535,0.494,0.067,0.055,1.025
0.488,0.308,0.39022,0.49733,0.46711,0.46667,0.46133,0.46711,0.67647,0.36471,0.45294,0.55294,0.5,0.5,0.5,0.5,0.5065,0.4935,0.464,0.5,0.4945,0.4965,0.535,0.494,0.067,0.063,1.003,0.58824,0.82353,0.50588,0.53529,0.5,0.5,0.5,0.5,0.616,0.26711,0.34667,0.53422,0.46667,0.46578,0.45911,0.46711,0.55294,0.65882,0.5,0.52353,0.49412,0.50588,0.49412,0.50588,0.4935,0.5915,0.4785,0.502,0.4955,0.5005,0.544,0.4945,-0.01,0.003,1.028
0.64356,0.39689,0.34667,0.53689,0.46667,0.46578,0.45778,0.46444,0.56471,0.93529,0.5,0.5,0.5,0.5,0.5,0.5,0.5075,0.608,0.4925,0.574,0.497,0.5,0.552,0.5055,0.133,-0.097,1.367,0.54118,0.24706,0.55294,0.42941,0.5,0.5,0.5,0.5,0.71467,0.62622,0.364,0.54978,0.46578,0.46578,0.46044,0.464,0.54118,0.22941,0.51765,0.40588,0.49412,0.5,0.5,0.5,0.5065,0.4885,0.511,0.4955,0.503,0.5015,0.5385,0.5055,0.092,0.04,1.018
0.728,0.53822,0.38844,0.53422,0.46578,0.46578,0.45956,0.46133,0.56471,0.32353,0.54706,0.5,0.50588,0.5,0.5,0.5,0.507,0.4425,0.5255,0.406,0.503,0.5,0.542,0.5055,0.041,0.017,1.029,0.18235,0.68824,0.48824,0.48824,0.5,0.5,0.5,0.5,0.668,0.42489,0.42089,0.50622,0.46667,0.46578,0.45733,0.46133,0.2,0.5,0.48824,0.47059,0.5,0.5,0.5,0.51176,0.485,0.4905,0.501,0.3175,0.497,0.5,0.5535,0.5055,0.076,0.055,1.035
0.54311,0.50222,0.42089,0.476,0.46667,0.46711,0.46133,0.464,0.28824,0.7,0.5,0.42941,0.5,0.5,0.5,0.51176,0.4405,0.5055,0.4745,0.433,0.495,0.4945,0.535,0.5055,0.121,0.064,1.017,0.44706,0.34118,0.55882,0.42941,0.5,0.5,0.5,0.5,0.29556,0.59733,0.43067,0.43956,0.46533,0.46622,0.45778,0.46311,0.38824,0.5,0.55882,0.5,0.51176,0.5,0.5,0.51176,0.491,0.45,0.497,0.4655,0.503,0.4985,0.5505,0.505,0.032,0.011,1.06
0.26578,0.58711,0.45822,0.42356,0.46622,0.46578,0.456,0.46311,0.45882,0.33529,0.53529,0.48235,0.50588,0.5,0.49412,0.50588,0.4925,0.3655,0.501,0.3705,0.497,0.5,0.557,0.505,0.103,0.027,1.004,0.68235,0.67059,0.41176,0.55294,0.5,0.5,0.5,0.5,0.27156,0.52267,0.46133,0.38578,0.46667,0.46578,0.45556,0.46933,0.67059,0.5,0.41176,0.49412,0.51176,0.5,0.5,0.50588,0.5145,0.4255,0.5,0.431,0.497,0.5005,0.5635,0.494,0.054,0.013,1.031
0.36267,0.52844,0.416,0.39556,0.46578,0.46622,0.45556,0.46933,0.7,0.61176,0.42941,0.54706,0.5,0.5,0.5,0.50588,0.5145,0.506,0.5,0.5155,0.503,0.4985,0.562,0.4945,0.062,0.008,1.044,0.45294,0.53529,0.47647,0.48824,0.5,0.5,0.5,0.5,0.48356,0.64311,0.36133,0.416,0.46533,0.46667,0.45689,0.46889,0.48824,0.51765,0.5,0.5,0.5,0.5,0.50588,0.5,0.491,0.493,0.484,0.549,0.504,0.4965,0.557,0.494,0.026,0.031,1.04
0.46756,0.65422,0.35467,0.41556,0.46533,0.46667,0.45778,0.46889,0.46471,0.54706,0.49412,0.5,0.5,0.5,0.5,0.5,0.4865,0.495,0.457,0.522,0.505,0.4965,0.551,0.494,0.029,0.052,1.024,0.39412,0.29412,0.50588,0.57647,0.5,0.5,0.5,0.5,0.40667,0.66,0.33911,0.424,0.46578,0.46622,0.45733,0.46489,0.35882,0.50588,0.47647,0.63529,0.50588,0.5,0.5,0.5,0.4855,0.43,0.4735,0.572,0.501,0.499,0.553,0.5055,0.039,0.026,1.053
0.34622,0.59333,0.33911,0.48178,0.46578,0.46578,0.45689,0.46133,0.38235,0.22353,0.5,0.57647,0.5,0.5,0.5,0.5,0.488,0.4015,0.489,0.484,0.499,0.5,0.5555,0.505,0.064,0.007,1.031,0.67059,0.47059,0.64118,0.47059,0.5,0.5,0.5,0.5,0.31644,0.42489,0.38667,0.53156,0.46622,0.46533,0.45644,0.46044,0.65294,0.5,0.62941,0.5,0.50588,0.5,0.5,0.5,0.51,0.445,0.5065,0.411,0.497,0.5015,0.5575,0.5055,0.042,0.004,1.032
0.37511,0.42489,0.43733,0.532,0.46578,0.46578,0.45644,0.46044,0.56471,0.50588,0.57647,0.5,0.5,0.5,0.5,0.5,0.539,0.4245,0.606,0.3385,0.5025,0.5005,0.5575,0.505,0.005,0.038,1.03,0.44706,0.71765,0.55294,0.41176,0.5,0.5,0.5,0.5,0.42489,0.428,0.51867,0.50089,0.46578,0.46578,0.45644,0.46133,0.5,0.67059,0.52941,0.37647,0.5,0.5,0.5,0.50588,0.563,0.4915,0.703,0.2625,0.5025,0.5005,0.557,0.505,0.008,0.065,1.057
0.42489,0.54133,0.54444,0.44711,0.46622,0.46667,0.45822,0.46311,0.5,0.71176,0.51765,0.33529,0.51176,0.5,0.50588,0.50588,0.5295,0.49,0.709,0.3025,0.4955,0.4965,0.5505,0.505,-0.073,0.062,1.043,0.63529,0.52353,0.35294,0.47647,0.5,0.5,0.5,0.5,0.39911,0.66756,0.56178,0.36222,0.46711,0.46889,0.46489,0.46578,0.50588,0.51765,0.36471,0.44118,0.50588,0.5,0.5,0.50588,0.6065,0.4915,0.543,0.4205,0.495,0.486,0.518,0.5035,-0.089,0.033,1.027
0.48444,0.67378,0.48222,0.34044,0.46711,0.46889,0.46533,0.46578,0.71176,0.51765,0.35882,0.48824,0.5,0.5,0.5,0.50588,0.559,0.493,0.5635,0.4675,0.4945,0.486,0.5155,0.5035,-0.012,0.054,1.006,0.4,0.23529,0.55294,0.66471,0.5,0.5,0.5,0.5,0.60533,0.668,0.408,0.37022,0.46622,0.46667,0.46133,0.46667,0.38235,0.34706,0.56471,0.62941,0.5,0.47647,0.48824,0.50588,0.4925,0.414,0.5885,0.523,0.5,0.4935,0.5325,0.4965,0.021,0.017,1.053
0.54889,0.53067,0.43778,0.45378,0.46578,0.46489,0.45778,0.46578,0.4,0.17059,0.56471,0.68235,0.5,0.5,0.5,0.5,0.494,0.4355,0.5745,0.527,0.503,0.5045,0.551,0.5035,0.028,0.024,1.064,0.38824,0.74706,0.5,0.38824,0.5,0.5,0.5,0.5,0.44578,0.31511,0.47333,0.52044,0.46578,0.46533,0.45778,0.46667,0.41765,0.67059,0.51765,0.39412,0.5,0.49412,0.5,0.5,0.494,0.57,0.556,0.493,0.503,0.5015,0.5505,0.496,0.007,-0.001,1.034
0.39244,0.43956,0.47689,0.45911,0.46622,0.46578,0.45689,0.46756,0.41765,0.85882,0.52941,0.37647,0.50588,0.50588,0.5,0.51176,0.4935,0.5555,0.538,0.5,0.5,0.501,0.555,0.494,0.033,0.021,1.025,0.72941,0.27059,0.45294,0.51765,0.5,0.5,0.5,0.5,0.37333,0.62711,0.46622,0.39467,0.46578,0.46622,0.45911,0.46711,0.71765,0.28824,0.42941,0.5,0.5,0.5,0.5,0.50588,0.527,0.4565,0.504,0.5345,0.503,0.498,0.545,0.4945,0.033,0.027,1.043
0.47778,0.52933,0.43689,0.40844,0.46578,0.46533,0.45822,0.46711,0.67647,0.3,0.44706,0.52941,0.50588,0.5,0.5,0.50588,0.541,0.434,0.536,0.514,0.503,0.5025,0.548,0.494,0.02,0.017,1.027,0.50588,0.40588,0.49412,0.54118,0.5,0.5,0.5,0.5,0.63556,0.29733,0.40667,0.43733,0.46667,0.46933,0.46667,0.46756,0.61765,0.41176,0.5,0.52941,0.50588,0.51176,0.51765,0.5,0.5135,0.492,0.5405,0.4915,0.4965,0.484,0.5095,0.494,-0.019,0.048,1.05
0.66444,0.252,0.40711,0.45822,0.46711,0.47111,0.46889,0.46667,0.51176,0.41176,0.5,0.54118,0.5,0.5,0.5,0.5,0.4935,0.4915,0.5245,0.497,0.4945,0.475,0.499,0.496,-0.033,0.054,1.041,0.20588,0.55294,0.46471,0.48235,0.5,0.5,0.5,0.5,0.632,0.19911,0.39511,0.47644,0.46622,0.47156,0.46933,0.46622,0.31765,0.51765,0.47059,0.46471,0.49412,0.5,0.5,0.5,0.428,0.5075,0.5055,0.49,0.503,0.4745,0.4975,0.4965,0.027,0.089,1.001
0.45644,0.21111,0.38178,0.46356,0.46489,0.47067,0.468,0.46711,0.02941,0.5,0.5,0.47059,0.5,0.48235,0.5,0.5,0.4745,0.517,0.4855,0.5095,0.505,0.4775,0.5015,0.494,-0.15,-0.019,1.042,0.46471,0.88235,0.58235,0.58824,0.5,0.5,0.5,0.5,0.23022,0.23689,0.38267,0.44178,0.46667,0.46578,0.46711,0.46978,0.48824,0.77647,0.57647,0.5,0.50588,0.5,0.49412,0.53529,0.4935,0.724,0.512,0.7005,0.4965,0.501,0.5075,0.495,-0.011,0.018,0.984
0.21378,0.37733,0.42667,0.44178,0.46667,0.46533,0.46444,0.47289,0.51176,0.72941,0.57059,0.5,0.5,0.5,0.5,0.50588,0.494,0.83,0.504,0.915,0.495,0.5025,0.5195,0.496,-0.064,-0.017,1.02,0.87059,0.64706,0.48235,0.57647,0.5,0.5,0.5,0.5,0.27511,0.40533,0.46844,0.49956,0.46667,0.46489,0.46,0.472,0.81765,0.51765,0.48235,0.62941,0.50588,0.5,0.48824,0.5,0.543,0.8155,0.507,0.9355,0.495,0.504,0.539,0.4955,-0.104,-0.042,1.07
0.45778,0.41911,0.45911,0.56,0.46667,0.46533,0.46,0.46756,0.95882,0.64706,0.5,0.50588,0.5,0.5,0.55294,0.57647,0.541,0.744,0.511,0.8285,0.497,0.5025,0.5405,0.494,0.042,0.056,1.145,0.19412,0.4,0.46471,0.31765,0.5,0.5,0.5,0.5,0.68311,0.70978,0.42933,0.61511,0.46667,0.47556,0.46844,0.46533,0.21176,0.42941,0.49412,0.31765,0.5,0.5,0.50588,0.49412,0.4435,0.4895,0.5485,0.494,0.497,0.454,0.5015,0.5035,-0.103,-0.147,1.254
0.47289,0.67111,0.416,0.52889,0.46533,0.46622,0.46222,0.46267,0.04706,0.42353,0.49412,0.34706,0.5,0.5,0.5,0.5,0.491,0.4825,0.5255,0.464,0.504,0.4965,0.53,0.5055,0.149,0.041,1.076,0.73529,0.39412,0.61765,0.45294,0.5,0.5,0.5,0.5,0.33467,0.664,0.41956,0.44889,0.46667,0.46533,0.45867,0.46267,0.6,0.4,0.55882,0.5,0.50588,0.5,0.5,0.50588,0.532,0.378,0.594,0.258,0.497,0.5025,0.5475,0.505,0.115,0.154,1.166
0.39822,0.656,0.45156,0.44844,0.46667,0.46578,0.45867,0.46222,0.64118,0.5,0.5,0.5,0.50588,0.5,0.5,0.5,0.6045,0.279,0.7255,0.1455,0.498,0.501,0.547,0.5045,-0.005,0.034,0.97,0.42353,0.51765,0.44118,0.52353,0.5,0.5,0.5,0.5,0.52089,0.59067,0.508,0.40711,0.46667,0.46578,0.45911,0.46267,0.57059,0.5,0.5,0.5,0.5,0.5,0.5,0.50588,0.568,0.3145,0.7,0.245,0.497,0.501,0.5455,0.505,-0.042,0.039,1.029
0.52133,0.59022,0.50533,0.40667,0.46667,0.46578,0.45911,0.46267,0.5,0.5,0.46471,0.5,0.5,0.5,0.5,0.50588,0.5215,0.329,0.567,0.3035,0.497,0.501,0.5455,0.505,-0.007,0.031,1.035,0.64118,0.6,0.44706,0.46471,0.5,0.5,0.5,0.5,0.532,0.58356,0.46044,0.40578,0.46622,0.46533,0.45911,0.46356,0.64118,0.50588,0.42941,0.5,0.5,0.5,0.5,0.51176,0.5235,0.4225,0.531,0.3195,0.497,0.501,0.5455,0.505,0.019,0.02,1.029
0.59911,0.58622,0.42933,0.39156,0.46622,0.46533,0.45867,0.464,0.60588,0.59412,0.44706,0.5,0.5,0.5,0.5,0.50588,0.529,0.4725,0.55,0.3005,0.497,0.503,0.5465,0.5055,0.068,0.04,0.994,0.48824,0.45294,0.60588,0.6,0.5,0.5,0.5,0.5,0.7,0.65467,0.42667,0.36756,0.46667,0.46533,0.45911,0.46489,0.5,0.5,0.64706,0.54118,0.5,0.5,0.5,0.50588,0.508,0.437,0.584,0.4745,0.4965,0.502,0.5455,0.5055,0.06,0.021,1.018
0.7,0.65422,0.48533,0.41867,0.46622,0.46533,0.45956,0.46489,0.5,0.5,0.57647,0.60588,0.5,0.5,0.5,0.5,0.506,0.406,0.56,0.493,0.497,0.5015,0.544,0.5055,0.022,0.039,1.016,0.39412,0.3,0.39412,0.57059,0.5,0.5,0.5,0.5,0.67022,0.55511,0.52756,0.5,0.46622,0.46622,0.45911,0.46089,0.44118,0.34118,0.41765,0.56471,0.51176,0.5,0.5,0.49412,0.492,0.4115,0.4895,0.478,0.497,0.4985,0.5455,0.5055,0.083,0.014,1.056
0.63289,0.44844,0.48489,0.54178,0.46622,0.46622,0.45867,0.45867,0.44118,0.20588,0.41176,0.56471,0.50588,0.5,0.5,0.5,0.482,0.429,0.4365,0.4485,0.496,0.4985,0.547,0.5055,0.078,0.047,1.029,0.48235,0.76471,0.57059,0.32941,0.5,0.5,0.5,0.5,0.59467,0.30222,0.43556,0.54844,0.46711,0.46533,0.45778,0.45867,0.49412,0.74706,0.56471,0.36471,0.50588,0.5,0.5,0.5,0.4535,0.5275,0.492,0.345,0.4945,0.502,0.5505,0.5055,0.083,0.038,1.018
0.55644,0.48089,0.47156,0.46489,0.46622,0.46578,0.45822,0.45867,0.48235,0.85882,0.57059,0.33529,0.5,0.5,0.5,0.51176,0.4845,0.506,0.4975,0.333,0.5,0.5015,0.55,0.5055,0.089,0.037,1.041,0.57647,0.33529,0.44706,0.62353,0.5,0.5,0.5,0.5,0.55956,0.65378,0.49289,0.37778,0.46711,0.46622,0.45867,0.46133,0.57059,0.49412,0.48235,0.59412,0.50588,0.5,0.5,0.50588,0.493,0.405,0.495,0.465,0.495,0.4985,0.546,0.5055,0.041,0.011,1.063
0.59111,0.60311,0.47111,0.43956,0.46667,0.46578,0.45822,0.46044,0.56471,0.32941,0.43529,0.61176,0.50588,0.5,0.5,0.49412,0.506,0.3735,0.4725,0.4875,0.496,0.501,0.549,0.5055,0.097,0.028,1.026,0.50588,0.45882,0.45294,0.41176,0.5,0.5,0.5,0.5,0.63556,0.46178,0.42622,0.50933,0.46622,0.46578,0.45689,0.45867,0.50588,0.5,0.45882,0.46471,0.51176,0.5,0.48824,0.5,0.4955,0.415,0.4595,0.344,0.4955,0.501,0.554,0.505,0.108,0.012,1.037
0.63867,0.46133,0.40133,0.47244,0.46622,0.46533,0.45422,0.45867,0.50588,0.5,0.44706,0.41176,0.5,0.5,0.5,0.5,0.4955,0.3825,0.4635,0.304,0.4965,0.5015,0.5675,0.505,0.114,-0.006,1.029,0.44706,0.49412,0.54118,0.51176,0.5,0.5,0.5,0.5,0.62178,0.37467,0.37244,0.41111,0.46711,0.46667,0.45556,0.46889,0.44706,0.25882,0.5,0.44706,0.51176,0.50588,0.51176,0.50588,0.4935,0.4795,0.5345,0.365,0.495,0.4975,0.5615,0.494,-0.008,0.031,1.041
0.59511,0.32711,0.38,0.40044,0.46667,0.46667,0.46444,0.46756,0.46471,0.5,0.57059,0.5,0.49412,0.5,0.51765,0.48235,0.4935,0.503,0.6,0.4455,0.497,0.4965,0.5195,0.4945,0.022,0.069,1.063,0.52353,0.68235,0.61765,0.54706,0.5,0.5,0.5,0.5,0.59289,0.36267,0.44222,0.41111,0.46578,0.46978,0.46756,0.46711,0.5,0.64118,0.60588,0.54118,0.49412,0.5,0.5,0.5,0.488,0.52,0.6065,0.5035,0.5025,0.482,0.5045,0.494,-0.031,0.022,1.037
0.58089,0.45156,0.49778,0.42933,0.46578,0.46933,0.46667,0.46711,0.5,0.7,0.57647,0.50588,0.50588,0.5,0.49412,0.5,0.5065,0.5215,0.6275,0.5315,0.5025,0.4825,0.5085,0.4945,0.112,-0.002,1.176,0.28824,0.41176,0.35294,0.52353,0.5,0.5,0.5,0.5,0.54,0.55911,0.54844,0.432,0.46622,0.46622,0.45956,0.46622,0.32353,0.42941,0.37647,0.5,0.50588,0.5,0.5,0.5,0.487,0.493,0.4835,0.6875,0.497,0.498,0.5425,0.4965,0.016,0.017,1.034
0.46844,0.50933,0.50756,0.44,0.46622,0.46667,0.46,0.46667,0.37647,0.42941,0.49412,0.5,0.49412,0.5,0.5,0.50588,0.4495,0.5045,0.328,0.7075,0.4975,0.4965,0.5405,0.4945,0.091,0.032,1.003,0.55294,0.58235,0.40588,0.57059,0.5,0.5,0.5,0.5,0.40578,0.44089,0.43289,0.47778,0.46667,0.46711,0.46089,0.46711,0.5,0.5,0.24706,0.56471,0.50588,0.5,0.5,0.50588,0.405,0.543,0.11,0.705,0.4985,0.4945,0.536,0.4945,0.14,0.061,1.007
0.40578,0.46578,0.392,0.55022,0.46533,0.47467,0.46889,0.46578,0.5,0.77059,0.40588,0.73529,0.5,0.49412,0.49412,0.46471,0.4435,0.5345,0.0855,0.5455,0.5045,0.458,0.4995,0.506,-0.12,0.049,1.221,0.67647,0.62941,0.69412,0.47647,0.5,0.5,0.5,0.5,0.38978,0.66756,0.28,0.61956,0.45244,0.46711,0.46222,0.46711,0.5,0.64706,0.68235,0.5,0.50588,0.5,0.5,0.50588,0.544,0.4745,0.655,0.359,0.507,0.494,0.5305,0.4945,-0.061,-0.056,1.015
0.40978,0.72,0.34222,0.61911,0.45244,0.46711,0.46667,0.46667,0.71765,0.57059,0.75294,0.49412,0.5,0.5,0.5,0.5,0.6285,0.484,0.829,0.3055,0.5065,0.494,0.51,0.4945,-0.186,0.024,0.986,0.58235,0.32353,0.52353,0.47647,0.5,0.5,0.5,0.5,0.42,0.78222,0.40444,0.58044,0.452,0.46756,0.46889,0.46667,0.5,0.45882,0.5,0.5,0.5,0.5,0.5,0.49412,0.8655,0.4155,0.9995,0.3865,0.5055,0.4925,0.4995,0.4965,-0.117,0.021,1.033
0.42,0.72578,0.40444,0.57156,0.452,0.46756,0.46889,0.46622,0.49412,0.44118,0.5,0.5,0.5,0.5,0.5,0.5,0.857,0.366,0.9995,0.371,0.506,0.493,0.5,0.5,-0.083,0.001,1.012,0.51765,0.49412,0.6,0.39412,0.5,0.5,0.5,0.5,0.42,0.692,0.40444,0.56667,0.452,0.46711,0.46844,0.46533,0.50588,0.5,0.5,0.49412,0.5,0.5,0.5,0.5,0.839,0.25,0.9995,0.163,0.506,0.494,0.501,0.5045,-0.083,-0.034,1.034
0.42,0.69244,0.40444,0.54089,0.452,0.46711,0.46844,0.46489,0.50588,0.50588,0.5,0.33529,0.5,0.5,0.5,0.5,0.829,0.252,0.9995,0.035,0.506,0.4945,0.501,0.5035,-0.007,-0.065,1.067,0.65294,0.38235,0.5,0.51765,0.5,0.5,0.5,0.5,0.11733,0.69289,0.50756,0.50667,0.456,0.46667,0.468,0.46533,0.05882,0.5,0.71176,0.46471,0.50588,0.50588,0.5,0.50588,0.5,0.1465,0.63,0.0985,0.506,0.497,0.503,0.5045,0.155,-0.006,1.032
0.01022,0.69289,0.52,0.50667,0.45644,0.46667,0.468,0.46533,0.40588,0.51176,0.5,0.5,0.50588,0.5,0.5,0.50588,0.5,0.148,0.5635,0.1445,0.5055,0.4975,0.503,0.5045,0.126,-0.014,1.029,1.02353,0.55294,0.52941,0.49412,0.5,0.5,0.5,0.5,-0.02,0.69333,0.53556,0.50667,0.46,0.46622,0.468,0.46533,0.46471,0.50588,0.52353,0.5,0.51176,0.5,0.5,0.50588,0.5,0.194,0.5365,0.1855,0.505,0.4985,0.503,0.5045,0.142,-0.003,1.025
-0.032,0.69333,0.54933,0.50667,0.46489,0.46622,0.468,0.46533,0.47059,0.50588,0.51176,0.5,0.50588,0.5,0.5,0.5,0.5,0.255,0.542,0.171,0.505,0.4985,0.503,0.5045,0.109,-0.011,1.04,0.75294,0.21765,0.42941,0.54706,0.5,0.5,0.5,0.5,-0.04667,0.73733,0.54978,0.48578,0.464,0.46889,0.46978,0.46978,0.5,1.15882,0.41765,0.31176,0.49412,0.51765,0.48824,0.49412,0.5,0.5,0.5005,0.3175,0.505,0.4875,0.495,0.4945,0.034,0.072,1.025
-0.06844,0.90178,0.51689,0.48044,0.46578,0.46622,0.46933,0.468,0.50588,0.58824,0.45294,0.5,0.50588,0.5,0.5,0.5,0.5,0.5,0.4935,0.4665,0.503,0.4985,0.497,0.494,0.054,0.023,1.028,1.02941,0.26471,0.47059,0.48235,0.5,0.5,0.5,0.5,-0.06756,0.93822,0.47778,0.49556,0.46622,0.46667,0.46933,0.46711,0.50588,0.52941,0.49412,0.48824,0.49412,0.5,0.5,0.50588,0.5,0.5,0.436,0.4995,0.497,0.497,0.4965,0.4945,0.056,0.038,1.046
-0.06711,0.94844,0.46267,0.48667,0.46578,0.46667,0.46933,0.46711,0.50588,0.52941,0.48235,0.48824,0.50588,0.5,0.5,0.5,0.5,0.5,0.437,0.4995,0.503,0.497,0.4965,0.494,0.046,0.008,1.012,0.88824,0.34706,0.57647,0.49412,0.5,0.5,0.5,0.5,-0.06489,0.96533,0.46,0.47689,0.46578,0.46578,0.46933,0.46711,0.50588,0.51176,0.56471,0.5,0.5,0.5,0.5,0.5,0.5,0.5,0.499,0.49,0.503,0.501,0.497,0.494,0.04,0.031,1.038
-0.06489,0.96756,0.49289,0.47689,0.46533,0.46622,0.46889,0.46667,0.50588,0.50588,0.55882,0.5,0.5,0.5,0.5,0.5,0.5,0.5,0.515,0.476,0.505,0.4975,0.4985,0.4965,0.027,0.024,1.046,0.91765,0.23529,0.44706,0.50588,0.5,0.5,0.5,0.5,-0.06711,0.96933,0.52178,0.47689,0.46578,0.46533,0.46889,0.46667,0.50588,0.50588,0.45882,0.5,0.5,0.5,0.5,0.5,0.5,0.5,0.502,0.468,0.503,0.502,0.4975,0.4965,0.049,0.03,1.036
-0.06622,0.97244,0.49956,0.47644,0.46622,0.46533,0.46933,0.46667,0.50588,0.51176,0.45882,0.5,0.50588,0.5,0.5,0.5,0.5,0.5,0.4875,0.484,0.497,0.502,0.497,0.4965,0.05,0.028,1.033,0.92941,0.04118,0.49412,0.54706,0.5,0.5,0.5,0.5,-0.06578,0.97733,0.472,0.48978,0.46667,0.46533,0.46933,0.46622,0.50588,0.50588,0.5,0.54118,0.50588,0.5,0.5,0.50588,0.5,0.5,0.4595,0.5105,0.497,0.502,0.497,0.4965,0.047,0.029,1.035
-0.06578,0.97689,0.46933,0.50978,0.46667,0.46533,0.46933,0.46622,0.50588,0.49412,0.5,0.53529,0.51176,0.5,0.5,0.5,0.5,0.5,0.4575,0.53,0.497,0.502,0.4965,0.4965,0.038,0.038,1.033,0.76471,0.28235,0.55294,0.42941,0.5,0.5,0.5,0.5,-0.06711,0.972,0.47733,0.52222,0.46578,0.46533,0.46933,0.46622,0.5,0.51176,0.55294,0.45882,0.5,0.5,0.5,0.5,0.5,0.5,0.4985,0.4915,0.503,0.5015,0.4975,0.4965,0.042,0.033,1.041
-0.06711,0.97422,0.50356,0.48933,0.46533,0.46533,0.46889,0.46667,0.5,0.50588,0.54706,0.45294,0.5,0.5,0.5,0.50588,0.5,0.5,0.5,0.476,0.501,0.5005,0.4985,0.4965,0.029,0.038,1.029,0.77647,0.04118,0.46471,0.47059,0.5,0.5,0.5,0.5,-0.06711,0.992,0.51956,0.44667,0.46578,0.46533,0.46889,0.46667,0.5,0.51176,0.46471,0.48235,0.5,0.5,0.5,0.5,0.5,0.5,0.5015,0.4345,0.505,0.502,0.4985,0.4965,0.061,0.037,1.041
-0.06622,0.99244,0.50222,0.43333,0.46578,0.46533,0.46889,0.46667,0.50588,0.50588,0.47647,0.48824,0.50588,0.5,0.5,0.5,0.5,0.5,0.502,0.428,0.503,0.5005,0.4985,0.4965,0.06,0.025,1.042,0.78235,0.17647,0.45294,0.50588,0.5,0.5,0.5,0.5,-0.06489,0.99333,0.47022,0.41867,0.46622,0.46578,0.46844,0.46667,0.51176,0.5,0.46471,0.5,0.50588,0.5,0.5,0.5,0.5,0.5,0.481,0.4235,0.497,0.5,0.5,0.4965,0.067,0.031,1.03
-0.06178,0.99333,0.44933,0.41867,0.46667,0.46578,0.46844,0.46622,0.50588,0.50588,0.47647,0.5,0.5,0.5,0.5,0.5,0.5,0.5,0.468,0.438,0.497,0.5,0.5,0.5,0.067,0.037,1.034,0.76471,0.07059,0.5,0.58824,0.5,0.5,0.5,0.5,-0.05644,0.99289,0.42444,0.43822,0.46667,0.46578,0.46933,0.46667,0.50588,0.5,0.5,0.55882,0.50588,0.5,0.5,0.50588,0.5,0.5,0.453,0.5045,0.497,0.5,0.4965,0.4965,0.066,0.028,1.038
-0.05467,0.99289,0.42444,0.47956,0.46667,0.46578,0.46933,0.46622,0.50588,0.50588,0.5,0.55882,0.50588,0.5,0.5,0.5,0.5,0.5,0.453,0.5195,0.497,0.5,0.4965,0.5,0.039,0.042,1.036,1.0,0.30588,0.54118,0.38824,0.5,0.5,0.5,0.5,-0.05067,0.98889,0.43022,0.5,0.46622,0.46533,0.46889,0.46667,0.50588,0.53529,0.54118,0.38824,0.5,0.5,0.5,0.51176,0.5,0.5,0.4955,0.4915,0.4965,0.502,0.4975,0.4965,0.063,0.039,1.026
-0.04889,0.99244,0.45067,0.45111,0.46578,0.46533,0.46889,0.46622,0.50588,0.50588,0.53529,0.40588,0.50588,0.5,0.5,0.5,0.5,0.5,0.5,0.4555,0.503,0.502,0.4985,0.4965,0.086,0.028,1.022,0.94706,0.32941,0.44706,0.6,0.5,0.5,0.5,0.5,-0.04044,0.99422,0.45511,0.41289,0.46578,0.46533,0.46889,0.46622,0.51176,0.5,0.46471,0.59412,0.50588,0.5,0.5,0.50588,0.5,0.5,0.5,0.494,0.497,0.502,0.4975,0.5,0.065,0.039,1.033
-0.04267,0.99333,0.436,0.45822,0.46622,0.46533,0.46933,0.46622,0.5,0.5,0.45294,0.59412,0.5,0.5,0.5,0.50588,0.5,0.5,0.4665,0.5085,0.497,0.502,0.4965,0.5,0.021,0.034,1.051,0.94706,-0.03529,0.61176,0.47647,0.5,0.5,0.5,0.5,-0.03956,0.99289,0.43556,0.50711,0.46533,0.46533,0.46933,0.46578,0.48824,0.50588,0.61176,0.5,0.49412,0.5,0.5,0.50588,0.5,0.5,0.4995,0.518,0.5045,0.502,0.4975,0.5035,0.029,-0.002,1.036
-0.04044,0.99289,0.48711,0.49867,0.46578,0.46533,0.46889,0.46622,0.5,0.5,0.58235,0.49412,0.50588,0.5,0.5,0.5,0.5,0.5,0.522,0.498,0.5025,0.502,0.498,0.4955,0.009,0.027,1.018,0.75882,0.25882,0.52353,0.44706,0.5,0.5,0.5,0.5,-0.06311,0.99022,0.54844,0.47733,0.46578,0.46533,0.46889,0.46622,0.47647,0.51176,0.50588,0.45882,0.50588,0.5,0.5,0.51176,0.5,0.5,0.5825,0.4545,0.503,0.502,0.498,0.5,0.031,0.043,1.064
-0.07067,0.99333,0.56,0.45244,0.46578,0.46533,0.46889,0.46622,0.49412,0.50588,0.53529,0.44118,0.50588,0.5,0.50588,0.50588,0.5,0.5,0.588,0.4435,0.503,0.502,0.4985,0.5,0.026,0.011,1.051,1.08824,0.22941,0.5,0.5,0.5,0.5,0.5,0.5,-0.07644,0.99378,0.57156,0.42933,0.46578,0.46533,0.46844,0.46578,0.5,0.50588,0.5,0.5,0.50588,0.5,0.5,0.5,0.5,0.5,0.599,0.404,0.503,0.502,0.5,0.5035,0.038,0.023,1.037
-0.07644,0.99378,0.57111,0.42933,0.46578,0.46533,0.46844,0.46578,0.5,0.50588,0.5,0.5,0.50588,0.5,0.5,0.5,0.5,0.5,0.599,0.4045,0.503,0.502,0.5,0.5035,0.036,0.025,1.031,1.06471,0.28824,0.32941,0.57059,0.5,0.5,0.5,0.5,-0.07644,0.99378,0.53511,0.436,0.46622,0.46578,0.46889,0.46578,0.50588,0.50588,0.35882,0.55294,0.49412,0.5,0.5,0.50588,0.5,0.5,0.498,0.491,0.497,0.5015,0.4975,0.5035,0.077,0.039,1.037
-0.07556,0.99378,0.45778,0.46711,0.46622,0.46533,0.46933,0.46578,0.50588,0.50588,0.32353,0.57059,0.5,0.5,0.5,0.5,0.5,0.5,0.4535,0.509,0.497,0.5015,0.4965,0.5035,0.029,0.054,1.003,0.74118,0.18235,0.5,0.39412,0.5,0.5,0.5,0.5,-0.05156,0.99289,0.352,0.47689,0.46578,0.46533,0.468,0.46622,0.52941,0.51765,0.5,0.4,0.51176,0.5,0.5,0.50588,0.5,0.5,0.475,0.4915,0.498,0.502,0.502,0.5,0.076,0.029,1.039
-0.03822,0.99378,0.352,0.43244,0.46578,0.46533,0.468,0.46622,0.52941,0.50588,0.5,0.40588,0.5,0.5,0.5,0.5,0.5,0.5,0.4745,0.4485,0.503,0.502,0.502,0.5,0.107,0.013,1.034,0.90588,0.21176,0.63529,0.60588,0.5,0.5,0.5,0.5,-0.01644,0.99556,0.39022,0.4,0.46578,0.46533,0.46889,0.46622,0.52941,0.5,0.62941,0.61765,0.50588,0.5,0.5,0.50588,0.5,0.5,0.5095,0.494,0.503,0.5005,0.498,0.5,0.044,0.028,1.018
-0.00533,0.99422,0.45333,0.45289,0.46578,0.46578,0.46933,0.46622,0.48824,0.5,0.61765,0.59412,0.50588,0.5,0.5,0.50588,0.5,0.5,0.5365,0.5,0.5025,0.5005,0.496,0.5,0.01,0.027,1.033,0.97647,0.31176,0.40588,0.39412,0.5,0.5,0.5,0.5,-0.04222,0.98756,0.50578,0.48089,0.46578,0.46578,0.46933,0.46622,0.5,0.53529,0.40588,0.41176,0.5,0.5,0.5,0.50588,0.5,0.5,0.5015,0.471,0.503,0.5005,0.496,0.4965,0.043,0.029,1.03
-0.03822,0.99467,0.45956,0.43378,0.46578,0.46578,0.46844,0.46667,0.52353,0.50588,0.42353,0.41765,0.51176,0.5,0.5,0.50588,0.5,0.5,0.5,0.4405,0.503,0.5005,0.499,0.4965,0.084,0.026,1.023,0.72941,0.03529,0.50588,0.47647,0.5,0.5,0.5,0.5,-0.01378,0.99556,0.408,0.37156,0.46578,0.46578,0.46889,0.46667,0.53529,0.50588,0.5,0.46471,0.50588,0.5,0.5,0.5,0.5,0.5,0.5015,0.4005,0.503,0.5,0.498,0.4965,0.08,0.037,1.031
0.00133,0.996,0.40889,0.35644,0.46578,0.46533,0.46889,0.46622,0.53529,0.50588,0.5,0.46471,0.50588,0.5,0.5,0.5,0.5,0.5,0.51,0.413,0.503,0.5005,0.497,0.4965,0.061,0.027,1.026,0.88824,0.23529,0.51765,0.59412,0.5,0.5,0.5,0.5,0.00933,0.99644,0.41289,0.36133,0.46578,0.46533,0.46933,0.46622,0.50588,0.50588,0.51176,0.58824,0.50588,0.5,0.5,0.50588,0.5,0.5,0.536,0.4795,0.503,0.5015,0.496,0.5,0.062,0.03,1.036
0.00667,0.996,0.42844,0.40756,0.46533,0.46578,0.46933,0.46578,0.49412,0.5,0.53529,0.57647,0.5,0.5,0.5,0.49412,0.5,0.5,0.506,0.5,0.505,0.5005,0.496,0.503,0.041,0.024,1.03,0.91176,0.06471,0.56471,0.42941,0.5,0.5,0.5,0.5,-0.01156,0.99556,0.45733,0.43822,0.46533,0.46533,0.46933,0.46622,0.47647,0.5,0.54706,0.43529,0.5,0.5,0.5,0.51176,0.5,0.5,0.5195,0.49,0.503,0.5015,0.497,0.4945,0.03,0.033,1.038
-0.01733,0.99556,0.48311,0.41733,0.46578,0.46533,0.46889,0.46667,0.5,0.50588,0.54706,0.44706,0.50588,0.5,0.5,0.50588,0.5,0.5,0.556,0.419,0.503,0.502,0.4975,0.4955,-0.031,0.01,1.001,1.01176,0.25882,0.48824,0.60588,0.5,0.5,0.5,0.5,-0.04978,0.996,0.51911,0.39911,0.46533,0.46533,0.46978,0.46622,0.49412,0.49412,0.51176,0.60588,0.49412,0.5,0.5,0.5,0.5,0.5,0.5495,0.4945,0.505,0.502,0.494,0.5,0.046,0.027,1.034
-0.06044,0.99556,0.52311,0.44622,0.46578,0.46533,0.46978,0.46622,0.48824,0.5,0.5,0.6,0.50588,0.5,0.5,0.49412,0.5,0.5,0.5015,0.509,0.503,0.502,0.4935,0.5035,0.025,0.042,1.036,0.72941,0.08235,0.52941,0.4,0.5,0.5,0.5,0.5,-0.07156,0.99511,0.52711,0.47911,0.46578,0.46533,0.46933,0.46578,0.49412,0.50588,0.52941,0.41176,0.50588,0.5,0.5,0.50588,0.5,0.5,0.5,0.49,0.503,0.502,0.496,0.5035,0.039,0.028,1.036
-0.072,0.99556,0.53422,0.43644,0.46578,0.46533,0.46889,0.46667,0.5,0.50588,0.50588,0.42941,0.50588,0.5,0.5,0.50588,0.5,0.5,0.532,0.4515,0.503,0.502,0.498,0.4965,0.049,0.024,1.023,0.90588,0.31176,0.40588,0.47059,0.5,0.5,0.5,0.5,-0.072,0.99644,0.52444,0.37644,0.46578,0.46533,0.46889,0.46533,0.50588,0.50588,0.42941,0.48235,0.50588,0.5,0.5,0.50588,0.5,0.5,0.501,0.4095,0.503,0.502,0.498,0.505,0.057,0.042,1.037
-0.07022,0.99644,0.48178,0.35778,0.46667,0.46533,0.46889,0.46533,0.51176,0.50588,0.41765,0.48824,0.51176,0.5,0.5,0.50588,0.5,0.5,0.4875,0.424,0.4965,0.502,0.4975,0.505,0.085,0.043,1.026,0.87059,0.0,0.58824,0.52941,0.5,0.5,0.5,0.5,-0.06533,0.99778,0.45422,0.34667,0.46533,0.46533,0.46889,0.46533,0.50588,0.50588,0.57059,0.5,0.49412,0.5,0.5,0.5,0.5,0.5,0.4995,0.4395,0.505,0.502,0.4975,0.5055,0.072,0.041,1.034
-0.06667,0.99778,0.496,0.35422,0.46578,0.46533,0.46933,0.46578,0.5,0.5,0.58235,0.51765,0.51176,0.5,0.5,0.50588,0.5,0.5,0.509,0.4755,0.503,0.502,0.4975,0.5035,0.059,0.032,1.035,0.80588,0.33529,0.36471,0.57647,0.5,0.5,0.5,0.5,-0.07022,0.99689,0.50667,0.396,0.46622,0.46533,0.46889,0.46622,0.50588,0.5,0.37647,0.57647,0.5,0.5,0.5,0.50588,0.5,0.5,0.492,0.4995,0.497,0.502,0.4965,0.5,0.065,0.041,1.013
-0.06889,0.99689,0.44444,0.42978,0.46667,0.46533,0.46933,0.46578,0.51176,0.5,0.37059,0.57059,0.49412,0.5,0.5,0.5,0.5,0.5,0.4595,0.51,0.497,0.502,0.4965,0.5035,0.04,0.073,1.06,1.08824,-0.02353,0.47647,0.42941,0.5,0.5,0.5,0.5,-0.04889,0.996,0.35556,0.45511,0.46578,0.46533,0.46844,0.46578,0.52941,0.5,0.45882,0.43529,0.51176,0.5,0.5,0.5,0.5,0.5,0.4605,0.4905,0.497,0.502,0.5005,0.5035,0.063,0.018,1.032
-0.03511,0.99644,0.34222,0.42978,0.46622,0.46578,0.468,0.46622,0.52941,0.50588,0.48235,0.44706,0.51765,0.5,0.5,0.50588,0.5,0.5,0.467,0.44,0.497,0.502,0.503,0.5,0.064,0.019,1.043,0.82941,0.07059,0.65882,0.60588,0.5,0.5,0.5,0.5,-0.01244,0.99689,0.37422,0.41467,0.46578,0.46533,0.46844,0.46667,0.52941,0.5,0.64706,0.58824,0.5,0.5,0.5,0.5,0.5,0.5,0.505,0.4985,0.5025,0.502,0.5005,0.496,0.052,0.021,1.032
0.0,0.996,0.44889,0.46444,0.46533,0.46533,0.46889,0.46667,0.50588,0.5,0.62941,0.58824,0.5,0.5,0.5,0.50588,0.5,0.5,0.534,0.503,0.503,0.502,0.4975,0.496,0.019,0.021,1.035,0.77647,0.04706,0.53529,0.38824,0.5,0.5,0.5,0.5,-0.05333,0.99111,0.54622,0.49289,0.46533,0.46533,0.46933,0.46667,0.45882,0.5,0.52941,0.42353,0.50588,0.5,0.5,0.5,0.5,0.5,0.574,0.485,0.505,0.502,0.498,0.4965,0.007,0.025,1.036
-0.068,0.99556,0.56311,0.44444,0.46533,0.46533,0.46844,0.46622,0.47647,0.51176,0.54118,0.41765,0.5,0.5,0.49412,0.5,0.5,0.5,0.581,0.448,0.503,0.502,0.4995,0.5,0.043,0.035,1.061,1.02353,0.15882,0.5,0.51765,0.5,0.5,0.5,0.5,-0.07733,0.99689,0.57822,0.38622,0.46578,0.46533,0.46933,0.46533,0.5,0.5,0.5,0.5,0.50588,0.5,0.5,0.5,0.5,0.5,0.6085,0.4365,0.5025,0.502,0.497,0.5035,0.033,0.023,1.04
-0.07733,0.99689,0.57822,0.38711,0.46578,0.46533,0.46933,0.46578,0.5,0.5,0.5,0.51176,0.50588,0.5,0.5,0.51176,0.5,0.5,0.6085,0.475,0.503,0.502,0.497,0.5035,0.027,0.019,1.036,1.06471,0.25294,0.49412,0.55882,0.5,0.5,0.5,0.5,-0.07822,0.99689,0.58044,0.41467,0.46578,0.46533,0.46889,0.46578,0.5,0.5,0.5,0.55882,0.50588,0.5,0.5,0.50588,0.5,0.5,0.5875,0.4985,0.503,0.502,0.4975,0.5035,0.018,0.02,1.034
0.49111,0.47067,0.46622,0.47467,0.46622,0.46756,0.47733,0.46667,0.5,0.50588,0.5,0.5,0.50588,0.5,0.5,0.5,0.493,0.5,0.5,0.501,0.5,0.5,0.5,0.4995,0.023,0.021,1.038,0.42941,0.35294,0.40588,0.55294,0.5,0.5,0.5,0.5,0.48489,0.432,0.44178,0.49156,0.46622,0.46844,0.47733,0.46667,0.5,0.35294,0.42353,0.54118,0.5,0.5,0.5,0.50588,0.4785,0.4895,0.4655,0.504,0.5,0.497,0.5,0.4965,0.061,0.036,1.031
0.45467,0.35244,0.39911,0.51244,0.46667,0.46844,0.47822,0.46667,0.42941,0.34706,0.41765,0.51176,0.50588,0.5,0.5,0.5,0.4775,0.4915,0.4425,0.5315,0.4965,0.4955,0.4955,0.5,0.083,0.041,1.012,0.41765,0.74706,0.63529,0.38824,0.5,0.5,0.5,0.5,0.36,0.26133,0.37289,0.51511,0.46711,0.46667,0.47422,0.46667,0.37647,0.56471,0.60588,0.38824,0.50588,0.5,0.5,0.50588,0.493,0.5995,0.516,0.4905,0.4955,0.5035,0.512,0.5,0.059,-0.044,1.039
0.30711,0.38133,0.432,0.45644,0.46711,0.46667,0.47156,0.46711,0.42941,0.84118,0.61765,0.38824,0.5,0.5,0.5,0.51176,0.4955,0.5755,0.561,0.4995,0.494,0.5035,0.5265,0.4965,0.016,-0.06,1.06,0.61176,0.26471,0.45882,0.55294,0.5,0.5,0.5,0.5,0.26444,0.61822,0.50622,0.41067,0.46622,0.46711,0.47244,0.46489,0.56471,0.41765,0.5,0.54118,0.5,0.5,0.5,0.5,0.532,0.4095,0.5255,0.4965,0.496,0.502,0.522,0.5055,0.041,-0.036,1.019
0.31467,0.49067,0.48622,0.43911,0.46622,0.46711,0.47156,0.46533,0.59412,0.17647,0.45882,0.56471,0.5,0.5,0.5,0.51176,0.5375,0.433,0.519,0.483,0.5,0.503,0.5275,0.5055,0.014,-0.034,1.039,0.44706,0.54706,0.55294,0.44118,0.5,0.5,0.5,0.5,0.35111,0.28044,0.45733,0.46844,0.46533,0.46844,0.47467,0.46622,0.50588,0.51176,0.5,0.49412,0.50588,0.5,0.5,0.51176,0.542,0.5085,0.626,0.3985,0.5055,0.4975,0.512,0.499,0.045,-0.036,1.032
0.35111,0.29867,0.47067,0.44578,0.46533,0.46844,0.47822,0.46578,0.50588,0.55294,0.58824,0.41765,0.5,0.5,0.50588,0.51176,0.516,0.51,0.693,0.3625,0.5055,0.496,0.496,0.5035,0.023,0.052,1.003,0.64706,0.67647,0.45882,0.57059,0.5,0.5,0.5,0.5,0.31333,0.38489,0.50933,0.40356,0.46489,0.47067,0.47778,0.46711,0.5,0.65882,0.5,0.54706,0.5,0.5,0.5,0.49412,0.6075,0.514,0.5915,0.5105,0.506,0.4845,0.4985,0.496,-0.051,0.023,1.03
0.35822,0.45778,0.49778,0.42,0.46489,0.47067,0.47733,0.46667,0.81765,0.64706,0.47059,0.52941,0.5,0.5,0.5,0.50588,0.6315,0.5295,0.544,0.6015,0.5055,0.4845,0.4975,0.4965,-0.06,0.014,1.027,0.48235,0.54706,0.45882,0.46471,0.5,0.5,0.5,0.5,0.54667,0.58756,0.46267,0.46044,0.46489,0.47067,0.47733,0.46667,0.59412,0.57059,0.45882,0.5,0.5,0.5,0.5,0.5,0.506,0.5195,0.529,0.555,0.506,0.4845,0.498,0.5,-0.043,0.006,1.041
0.55333,0.60756,0.44578,0.45067,0.46489,0.47067,0.47733,0.46667,0.50588,0.54706,0.47647,0.48235,0.5,0.5,0.5,0.50588,0.492,0.5215,0.5115,0.5155,0.506,0.4845,0.4985,0.499,-0.053,0.021,1.019,0.34118,0.45294,0.46471,0.49412,0.5,0.5,0.5,0.5,0.50711,0.64133,0.41022,0.42444,0.46533,0.47022,0.47733,0.46667,0.31176,0.5,0.46471,0.47059,0.50588,0.5,0.5,0.5,0.48,0.5065,0.503,0.528,0.5055,0.4865,0.4985,0.5,0.014,0.011,1.041
0.41111,0.62533,0.40222,0.42178,0.46533,0.468,0.476,0.46622,0.34706,0.44706,0.49412,0.5,0.50588,0.5,0.5,0.5,0.489,0.493,0.46,0.5285,0.506,0.497,0.5045,0.5055,-0.001,-0.039,1.039,0.77647,0.60588,0.52353,0.59412,0.5,0.5,0.5,0.5,0.37956,0.63689,0.38089,0.42489,0.46533,0.46711,0.47333,0.46711,0.74118,0.6,0.51176,0.51176,0.49412,0.5,0.51765,0.5,0.5185,0.5065,0.4985,0.645,0.5035,0.5015,0.517,0.4965,-0.011,0.021,1.076
0.51867,0.66711,0.38311,0.49378,0.46489,0.47156,0.47689,0.46667,0.82353,0.56471,0.5,0.74706,0.5,0.5,0.5,0.5,0.5175,0.5165,0.544,0.553,0.506,0.481,0.5,0.5,-0.169,-0.032,1.04,0.39412,0.46471,0.46471,0.5,0.5,0.5,0.5,0.5,0.68578,0.73467,0.38222,0.55467,0.46533,0.47422,0.47733,0.46711,0.50588,0.50588,0.49412,0.5,0.50588,0.5,0.5,0.5,0.483,0.507,0.5605,0.5195,0.506,0.4675,0.4985,0.4965,-0.093,0.025,1.031
0.64044,0.71867,0.36711,0.55422,0.46533,0.47422,0.47733,0.46667,0.35882,0.46471,0.46471,0.5,0.50588,0.5,0.5,0.5,0.4815,0.507,0.546,0.521,0.506,0.4675,0.4985,0.5,-0.04,0.032,1.024,0.27059,0.22941,0.61176,0.42353,0.5,0.5,0.5,0.5,0.49289,0.62267,0.384,0.53467,0.46533,0.47111,0.47556,0.46489,0.13529,0.23529,0.64118,0.42353,0.5,0.5,0.5,0.49412,0.4865,0.488,0.5465,0.4935,0.506,0.4815,0.507,0.5055,0.117,0.021,1.036
0.35689,0.52889,0.44311,0.52,0.46533,0.46756,0.47022,0.46222,0.25882,0.35294,0.59412,0.49412,0.50588,0.5,0.5,0.5,0.493,0.435,0.5325,0.38,0.506,0.497,0.532,0.505,0.144,0.007,1.042,0.64706,0.45882,0.47059,0.54118,0.5,0.5,0.5,0.5,0.22222,0.39644,0.49733,0.51378,0.46578,0.46667,0.468,0.46178,0.50588,0.42941,0.5,0.5,0.51176,0.5,0.5,0.50588,0.5525,0.393,0.5445,0.2555,0.5035,0.503,0.5425,0.505,0.097,-0.015,1.015
0.264,0.38356,0.47956,0.51422,0.46578,0.46667,0.468,0.46178,0.59412,0.5,0.45294,0.5,0.50588,0.5,0.5,0.5,0.5945,0.366,0.5555,0.355,0.5035,0.503,0.5425,0.505,0.068,-0.024,1.038,0.45294,0.77647,0.42941,0.45294,0.5,0.5,0.5,0.5,0.344,0.36133,0.44089,0.52933,0.46533,0.46711,0.46844,0.46178,0.60588,0.65882,0.47647,0.5,0.49412,0.5,0.5,0.5,0.5625,0.4925,0.5465,0.3265,0.5055,0.5025,0.541,0.5055,0.169,0.005,1.003
0.36489,0.49156,0.41111,0.49289,0.46578,0.46756,0.46933,0.46356,0.51176,0.76471,0.42941,0.38235,0.50588,0.49412,0.50588,0.50588,0.515,0.506,0.5015,0.383,0.5035,0.499,0.538,0.5055,0.116,0.001,1.023,0.69412,0.4,0.52941,0.45882,0.5,0.5,0.5,0.5,0.41244,0.636,0.37644,0.44222,0.46533,0.468,0.47022,0.46578,0.64706,0.46471,0.5,0.48235,0.5,0.5,0.5,0.49412,0.517,0.4835,0.527,0.431,0.5055,0.498,0.5325,0.5055,0.038,-0.017,1.037
0.476,0.62222,0.37511,0.43556,0.46533,0.468,0.46978,0.46578,0.6,0.45882,0.49412,0.5,0.5,0.5,0.5,0.5,0.553,0.4415,0.604,0.3625,0.5055,0.4975,0.5345,0.505,0.006,0.0,1.018,0.38235,0.52941,0.62941,0.48824,0.5,0.5,0.5,0.5,0.55689,0.61111,0.40044,0.43156,0.46489,0.468,0.47022,0.46578,0.50588,0.50588,0.61765,0.5,0.5,0.5,0.5,0.5,0.528,0.402,0.775,0.246,0.505,0.4975,0.5325,0.505,-0.032,0.007,1.008
0.512,0.61067,0.46089,0.41556,0.46489,0.468,0.47022,0.46578,0.38824,0.5,0.59412,0.5,0.5,0.5,0.5,0.5,0.5195,0.425,0.7995,0.2935,0.505,0.4975,0.5325,0.505,-0.091,0.007,1.005,0.41176,0.56471,0.46471,0.48235,0.5,0.5,0.5,0.5,0.39333,0.61067,0.53289,0.39156,0.46489,0.468,0.47022,0.46667,0.45882,0.5,0.5,0.49412,0.5,0.5,0.5,0.50588,0.535,0.4755,0.7675,0.3455,0.5055,0.4975,0.5325,0.5,-0.052,-0.005,1.01
0.36133,0.62622,0.53333,0.37778,0.46489,0.468,0.47067,0.46711,0.41176,0.58824,0.5,0.49412,0.5,0.5,0.5,0.50588,0.5245,0.4855,0.68,0.3695,0.5055,0.4975,0.5305,0.4965,-0.047,-0.025,1.015,0.68824,0.58235,0.51176,0.54118,0.5,0.5,0.5,0.5,0.32089,0.68222,0.53378,0.35822,0.46533,0.46889,0.47689,0.46667,0.5,0.55294,0.5,0.5,0.50588,0.5,0.5,0.5,0.6215,0.492,0.5955,0.474,0.505,0.494,0.502,0.5,-0.099,0.021,1.043
0.36356,0.70933,0.53333,0.376,0.46578,0.47289,0.47778,0.46622,0.51176,0.52353,0.5,0.53529,0.5,0.5,0.5,0.5,0.724,0.5065,0.626,0.4995,0.503,0.4745,0.4975,0.5035,-0.138,0.003,1.059,0.41765,0.46471,0.39412,0.53529,0.5,0.5,0.5,0.5,0.50933,0.75644,0.51733,0.412,0.46578,0.47289,0.47778,0.46622,0.50588,0.48235,0.38824,0.52941,0.50588,0.5,0.5,0.50588,0.575,0.492,0.5675,0.499,0.5035,0.4745,0.4975,0.503,-0.098,0.021,1.026
0.52311,0.728,0.46178,0.424,0.46622,0.47289,0.47778,0.46578,0.5,0.47647,0.41765,0.50588,0.50588,0.5,0.5,0.5,0.5135,0.495,0.5775,0.5225,0.5,0.4745,0.4975,0.5035,-0.019,0.034,1.04,0.42941,0.37647,0.47647,0.53529,0.5,0.5,0.5,0.5,0.47378,0.68222,0.40533,0.44267,0.46489,0.47156,0.47644,0.46578,0.44118,0.41176,0.48235,0.52941,0.50588,0.49412,0.5,0.5,0.4935,0.4865,0.5065,0.5885,0.506,0.4785,0.503,0.506,-0.011,0.012,1.027
0.44222,0.64578,0.39467,0.46222,0.46489,0.46844,0.47511,0.46533,0.47059,0.41176,0.47647,0.54706,0.5,0.5,0.49412,0.5,0.4935,0.464,0.4995,0.5835,0.506,0.4945,0.508,0.5055,0.012,0.008,1.036,0.49412,0.30588,0.56471,0.52353,0.5,0.5,0.5,0.5,0.40178,0.52222,0.40489,0.50578,0.46578,0.46711,0.46889,0.46311,0.47059,0.32353,0.56471,0.54706,0.51176,0.5,0.5,0.5,0.4935,0.45,0.499,0.5115,0.5035,0.5015,0.5385,0.5055,0.075,-0.011,1.035
0.39289,0.39111,0.43244,0.52222,0.46578,0.46667,0.46844,0.46222,0.5,0.27059,0.54706,0.51765,0.50588,0.5,0.5,0.50588,0.504,0.482,0.5155,0.49,0.5035,0.502,0.5405,0.5055,0.034,-0.013,1.029,0.77647,0.64706,0.58824,0.41176,0.5,0.5,0.5,0.5,0.40267,0.26489,0.45511,0.53467,0.46533,0.46711,0.46889,0.46622,0.71765,0.64706,0.50588,0.46471,0.51176,0.5,0.5,0.5,0.589,0.5235,0.7285,0.357,0.503,0.5015,0.5395,0.503,-0.031,-0.024,1.02
0.52489,0.37556,0.48089,0.50578,0.46533,0.46667,0.46311,0.46578,0.79412,0.71176,0.52941,0.49412,0.5,0.49412,0.41176,0.5,0.6045,0.506,0.8155,0.281,0.503,0.5025,0.563,0.505,0.031,-0.041,0.951,0.45882,0.34706,0.41765,0.47059,0.5,0.5,0.5,0.5,0.76844,0.44933,0.57022,0.41067,0.46489,0.46711,0.46178,0.468,0.5,0.28824,0.42941,0.48824,0.49412,0.5,0.5,0.50588,0.5065,0.4755,0.5025,0.439,0.506,0.5015,0.5735,0.4945,0.1,-0.023,1.03
0.75511,0.336,0.53244,0.39689,0.46711,0.46844,0.47867,0.46489,0.5,0.33529,0.42941,0.42353,0.51765,0.50588,0.56471,0.5,0.4935,0.4925,0.4945,0.4315,0.494,0.495,0.501,0.5055,0.126,0.04,0.981,0.27059,0.85882,0.47647,0.47647,0.5,0.5,0.5,0.5,0.76222,0.30756,0.52444,0.35022,0.476,0.47511,0.47733,0.46622,0.50588,0.79412,0.5,0.45294,0.51176,0.5,0.5,0.50588,0.338,0.552,0.264,0.53,0.494,0.4635,0.499,0.5035,0.116,0.026,1.021
0.68711,0.44489,0.52533,0.324,0.47689,0.47511,0.47689,0.46667,0.35294,0.77647,0.5,0.46471,0.50588,0.5,0.5,0.50588,0.2865,0.62,0.2025,0.5975,0.494,0.4635,0.5005,0.5,0.156,0.035,1.011,0.55882,0.25882,0.5,0.64706,0.5,0.5,0.5,0.5,0.54444,0.65067,0.52578,0.31556,0.47733,0.47333,0.47689,0.46667,0.5,0.47059,0.5,0.60588,0.50588,0.5,0.5,0.5,0.359,0.508,0.134,0.803,0.4935,0.471,0.501,0.5,0.107,0.015,1.057
0.544,0.532,0.52533,0.384,0.47733,0.47333,0.47689,0.46667,0.49412,0.21176,0.5,0.61176,0.50588,0.5,0.5,0.5,0.409,0.51,0.1355,0.84,0.4935,0.4715,0.501,0.497,0.094,-0.031,1.039,0.37647,0.73529,0.39412,0.42353,0.5,0.5,0.5,0.5,0.54444,0.36578,0.50933,0.46489,0.47733,0.47289,0.47689,0.46667,0.50588,0.5,0.5,0.5,0.50588,0.5,0.5,0.5,0.3775,0.68,0.045,0.7495,0.494,0.473,0.501,0.497,0.007,0.023,1.064
0.50578,0.43022,0.492,0.44844,0.47733,0.46889,0.47644,0.46711,0.05882,0.91765,0.28235,0.44118,0.5,0.5,0.5,0.50588,0.364,0.7065,0.0495,0.6395,0.494,0.4915,0.503,0.4965,0.062,-0.059,1.078,0.43529,0.39412,0.5,0.53529,0.5,0.5,0.5,0.5,0.428,0.71244,0.48311,0.436,0.47644,0.47644,0.47733,0.46622,0.33529,0.41176,0.5,0.53529,0.5,0.5,0.5,0.5,0.358,0.4935,0.002,0.5405,0.494,0.457,0.4995,0.5035,0.164,0.068,1.009
0.32089,0.66267,0.48311,0.45378,0.47644,0.47644,0.47644,0.46667,0.32353,0.4,0.5,0.53529,0.5,0.5,0.49412,0.51176,0.444,0.4935,0.002,0.5425,0.494,0.457,0.5015,0.4965,0.0,0.013,1.114,0.77647,0.28824,0.38824,0.48824,0.5,0.5,0.5,0.5,0.28889,0.56489,0.62533,0.48933,0.47244,0.46756,0.47689,0.46667,0.74118,0.37647,0.52353,0.5,0.5,0.5,0.5,0.49412,0.5175,0.4645,0.486,0.4515,0.494,0.4985,0.5015,0.5035,0.144,0.044,1.049
0.41067,0.52622,0.62667,0.49244,0.46756,0.46667,0.47289,0.46622,0.8,0.5,0.47647,0.5,0.44706,0.49412,0.48824,0.5,0.5315,0.346,0.5035,0.4085,0.496,0.5015,0.517,0.503,0.119,-0.013,1.036,0.52941,0.5,0.38824,0.47059,0.5,0.5,0.5,0.5,0.60444,0.39467,0.59733,0.49244,0.46578,0.46711,0.46889,0.46622,0.50588,0.4,0.48235,0.5,0.51176,0.5,0.5,0.5,0.5115,0.3905,0.505,0.329,0.5035,0.501,0.5385,0.503,0.161,0.002,1.024
0.624,0.39111,0.58889,0.49244,0.46533,0.46711,0.46889,0.46667,0.54118,0.5,0.48824,0.5,0.50588,0.5,0.5,0.50588,0.509,0.393,0.503,0.2575,0.5035,0.501,0.5385,0.5,0.156,-0.005,1.029,0.25882,0.42353,0.35882,0.49412,0.5,0.5,0.5,0.5,0.58711,0.36044,0.58267,0.49244,0.46622,0.46756,0.46889,0.46667,0.27647,0.35294,0.5,0.5,0.50588,0.5,0.5,0.50588,0.4865,0.41,0.4995,0.1645,0.5,0.4995,0.5385,0.5,0.244,0.027,1.015
0.46133,0.25067,0.584,0.46844,0.46844,0.472,0.47778,0.46622,0.22941,0.30588,0.5,0.36471,0.52941,0.55882,0.5,0.50588,0.487,0.4875,0.4995,0.2635,0.494,0.4795,0.4985,0.4975,0.25,0.118,1.143,0.78824,0.78235,0.38235,0.49412,0.5,0.5,0.5,0.5,0.38178,0.21511,0.69956,0.41111,0.47244,0.47467,0.47689,0.46667,0.66471,0.79412,0.50588,0.48235,0.5,0.48824,0.49412,0.51765,0.5235,0.553,0.492,0.5115,0.494,0.4645,0.4995,0.4965,0.036,0.05,0.957
0.51111,0.32489,0.69867,0.4,0.47067,0.46933,0.47644,0.468,0.84118,0.59412,0.5,0.45882,0.49412,0.47647,0.5,0.50588,0.5295,0.6265,0.5,0.55,0.494,0.489,0.5025,0.4945,0.052,-0.016,1.094,0.35294,0.73529,0.39412,0.62941,0.5,0.5,0.5,0.5,0.68044,0.47067,0.684,0.384,0.46622,0.46711,0.476,0.46933,0.38235,0.77059,0.5,0.5,0.48824,0.5,0.5,0.50588,0.4905,0.733,0.5,0.8125,0.503,0.501,0.5045,0.4955,-0.112,-0.019,1.012
0.61111,0.68,0.68533,0.392,0.46622,0.46711,0.476,0.46756,0.36471,1.04706,0.5,0.63529,0.5,0.5,0.49412,0.49412,0.4875,0.5745,0.499,0.9825,0.5,0.5015,0.504,0.4945,0.019,0.014,0.961,0.45882,0.18235,0.28235,0.49412,0.5,0.5,0.5,0.5,0.548,0.84444,0.70533,0.56933,0.48356,0.46667,0.47689,0.46667,0.5,0.21765,0.5,0.47059,0.5,0.5,0.5,0.5,0.4525,0.476,0.4995,0.4635,0.4895,0.503,0.5005,0.5,0.185,0.089,1.079
0.548,0.74489,0.70533,0.57067,0.48356,0.46622,0.47644,0.46578,0.50588,0.35294,0.5,0.5,0.5,0.5,0.5,0.5,0.424,0.3875,0.5,0.446,0.4895,0.5045,0.502,0.505,0.177,0.096,1.023,0.34706,0.55294,0.39412,0.49412,0.5,0.5,0.5,0.5,0.508,0.67244,0.70533,0.57822,0.48356,0.46578,0.47644,0.46533,0.47647,0.42353,0.5,0.5,0.50588,0.5,0.5,0.5,0.354,0.2505,0.5,0.3835,0.4895,0.5065,0.5025,0.505,0.186,0.088,0.978
0.44489,0.66444,0.70533,0.57778,0.48356,0.46578,0.47644,0.46578,0.42941,0.5,0.5,0.5,0.5,0.5,0.5,0.50588,0.329,0.319,0.5,0.371,0.4895,0.5065,0.5025,0.5055,0.225,0.096,1.005,0.69412,0.32941,0.28824,0.4,0.5,0.5,0.5,0.5,0.33689,0.63289,0.70533,0.57156,0.48356,0.46578,0.47644,0.46578,0.50588,0.5,0.5,0.47647,0.5,0.5,0.5,0.50588,0.4825,0.2995,0.5,0.2275,0.4895,0.5065,0.5025,0.502,0.209,0.093,1.014
0.39556,0.63067,0.70622,0.56178,0.48267,0.46533,0.47644,0.46578,0.69412,0.51176,0.5,0.40588,0.49412,0.5,0.5,0.5,0.506,0.154,0.4995,0.029,0.49,0.508,0.5025,0.504,0.162,0.068,1.017,0.32941,0.29412,0.28235,0.40588,0.5,0.5,0.5,0.5,0.49067,0.63156,0.708,0.56,0.47822,0.46533,0.476,0.46533,0.40588,0.50588,0.5,0.5,0.50588,0.5,0.5,0.5,0.465,0.1645,0.5,0.0,0.4925,0.5085,0.5025,0.504,0.199,0.061,1.017
0.44311,0.63156,0.70756,0.55911,0.47867,0.46533,0.47644,0.46533,0.44118,0.49412,0.5,0.5,0.50588,0.5,0.5,0.51176,0.4145,0.1695,0.5,0.0,0.4925,0.5085,0.503,0.504,0.214,0.094,1.059,0.60588,0.58824,0.39412,0.39412,0.5,0.5,0.5,0.5,0.34933,0.63156,0.70756,0.53867,0.47867,0.46533,0.476,0.46533,0.50588,0.5,0.5,0.5,0.50588,0.5,0.5,0.5,0.4695,0.2405,0.5,0.0005,0.492,0.5085,0.504,0.5045,0.214,0.069,1.013
0.36578,0.63156,0.70756,0.53867,0.47822,0.46533,0.476,0.46533,0.57647,0.5,0.5,0.5,0.5,0.5,0.5,0.5,0.4935,0.324,0.5,0.0,0.4925,0.5085,0.5035,0.5045,0.222,0.085,1.019,0.43529,0.27647,0.26471,0.47647,0.5,0.5,0.5,0.5,0.41689,0.632,0.708,0.53867,0.47822,0.46533,0.47644,0.46622,0.47647,0.50588,0.5,0.5,0.5,0.5,0.50588,0.51176,0.483,0.235,0.5,0.0,0.4925,0.5085,0.5025,0.503,0.146,0.113,0.987
0.40667,0.79867,0.70711,0.45022,0.47911,0.46622,0.47644,0.46667,0.50588,0.89412,0.49412,0.38824,0.50588,0.5,0.5,0.5,0.4585,0.5,0.5,0.3865,0.492,0.505,0.502,0.4965,0.145,0.094,1.018,0.45294,0.35294,0.38824,0.52353,0.5,0.5,0.5,0.5,0.40711,0.92222,0.70711,0.42489,0.47911,0.46622,0.47644,0.46711,0.5,0.55294,0.5,0.5,0.50588,0.5,0.5,0.50588,0.382,0.5,0.5,0.4795,0.492,0.505,0.502,0.4965,0.156,0.082,1.004
0.40711,0.93956,0.70711,0.43378,0.47956,0.46622,0.47689,0.46711,0.5,0.51765,0.5,0.51176,0.50588,0.5,0.5,0.5,0.341,0.5,0.5,0.4985,0.492,0.505,0.5,0.4965,0.182,0.083,1.015,0.41765,0.21765,0.35294,0.57059,0.5,0.5,0.5,0.5,0.36222,0.94533,0.70667,0.46844,0.47956,0.46622,0.47689,0.46667,0.28824,0.50588,0.5,0.54706,0.50588,0.5,0.5,0.5,0.3435,0.5,0.5,0.512,0.4915,0.505,0.5,0.5,0.206,0.099,1.007
0.27111,0.93778,0.70667,0.50044,0.48,0.46622,0.47689,0.46667,0.34706,0.48235,0.5,0.56471,0.50588,0.5,0.5,0.50588,0.4225,0.5,0.5,0.529,0.4915,0.504,0.4995,0.5,0.196,0.099,0.959,0.85294,0.39412,0.28235,0.40588,0.5,0.5,0.5,0.5,0.27022,0.91111,0.70667,0.51822,0.48,0.46622,0.47689,0.46667,0.64706,0.48824,0.5,0.42941,0.5,0.5,0.5,0.5,0.506,0.5,0.5,0.492,0.4915,0.504,0.5,0.4995,0.165,0.115,0.999
0.45689,0.91956,0.70711,0.48444,0.47911,0.46578,0.47644,0.46711,0.97059,0.54118,0.5,0.5,0.5,0.5,0.5,0.51176,0.492,0.5,0.5,0.428,0.492,0.5065,0.5025,0.494,0.051,0.056,0.993,0.44118,0.18235,0.28824,0.55882,0.5,0.5,0.5,0.5,0.64267,0.99244,0.70933,0.43644,0.47422,0.46711,0.47644,0.46756,0.5,0.50588,0.5,0.54706,0.50588,0.5,0.50588,0.5,0.486,0.5,0.5,0.4885,0.4935,0.501,0.5035,0.494,0.072,0.047,1.024
0.63156,0.99244,0.70933,0.46089,0.47422,0.46667,0.47644,0.46711,0.47647,0.50588,0.5,0.55294,0.50588,0.5,0.5,0.50588,0.471,0.5,0.5,0.5105,0.4935,0.502,0.5025,0.496,0.067,0.05,1.03,0.27647,0.17059,0.26471,0.52941,0.5,0.5,0.5,0.5,0.56978,0.98933,0.70844,0.49467,0.47511,0.46578,0.47644,0.46711,0.34706,0.48824,0.5,0.50588,0.50588,0.5,0.5,0.5,0.4015,0.5,0.5,0.56,0.4935,0.5045,0.5015,0.4965,0.141,0.106,1.031
0.50133,0.98756,0.70756,0.512,0.47556,0.46622,0.47733,0.46711,0.38235,0.49412,0.5,0.55882,0.50588,0.5,0.5,0.5,0.327,0.5,0.5,0.5525,0.494,0.504,0.4985,0.4965,0.235,0.112,1.042,0.6,0.29412,0.25294,0.39412,0.5,0.5,0.5,0.5,0.39333,0.96311,0.70711,0.50533,0.476,0.46622,0.47733,0.46711,0.5,0.46471,0.5,0.42353,0.50588,0.5,0.5,0.5,0.3675,0.5,0.5,0.4955,0.493,0.503,0.499,0.4965,0.201,0.107,1.012
0.39333,0.964,0.70711,0.45467,0.476,0.46667,0.47733,0.46711,0.5,0.50588,0.5,0.41765,0.50588,0.5,0.5,0.5,0.444,0.5,0.5,0.4825,0.4935,0.503,0.4985,0.4965,0.162,0.085,1.0,0.39412,0.08235,0.32941,0.61765,0.5,0.5,0.5,0.5,0.42222,0.99289,0.70711,0.42578,0.476,0.46622,0.47733,0.46667,0.5,0.50588,0.5,0.61176,0.50588,0.5,0.5,0.50588,0.4145,0.5,0.5,0.5075,0.4935,0.504,0.498,0.5,0.189,0.096,1.011
0.42267,0.99111,0.70711,0.48178,0.476,0.46667,0.47733,0.46667,0.49412,0.48824,0.5,0.61765,0.50588,0.5,0.5,0.5,0.326,0.5,0.5,0.525,0.4935,0.5035,0.498,0.5,0.214,0.134,0.975,0.74118,0.17647,0.34706,0.35882,0.5,0.5,0.5,0.5,0.39244,0.96667,0.70711,0.508,0.476,0.46622,0.47733,0.46667,0.50588,0.47647,0.5,0.37059,0.50588,0.5,0.5,0.5,0.4445,0.5,0.5,0.4995,0.493,0.503,0.498,0.5,0.195,0.142,1.091
0.47289,0.96533,0.70756,0.44889,0.47556,0.46622,0.47644,0.46667,0.77059,0.51765,0.5,0.35294,0.5,0.5,0.5,0.50588,0.48,0.5,0.4995,0.447,0.493,0.504,0.501,0.5,0.128,0.085,0.987,0.27059,0.18824,0.28824,0.62941,0.5,0.5,0.5,0.5,0.56,0.99511,0.70889,0.40267,0.47556,0.46578,0.47733,0.46622,0.35882,0.5,0.5,0.60588,0.50588,0.5,0.5,0.5,0.4335,0.5,0.5,0.496,0.4935,0.5055,0.4995,0.5035,0.115,0.069,1.006
0.50178,0.99511,0.70756,0.45644,0.47556,0.46622,0.47733,0.46622,0.40588,0.5,0.5,0.63529,0.51176,0.5,0.50588,0.51176,0.347,0.5,0.5,0.534,0.4935,0.5055,0.499,0.5035,0.167,0.11,1.008,0.36471,0.21765,0.35294,0.51765,0.5,0.5,0.5,0.5,0.32978,0.97689,0.70711,0.53644,0.47644,0.46622,0.47733,0.46667,0.32353,0.48235,0.5,0.52353,0.50588,0.5,0.5,0.50588,0.351,0.5,0.5,0.543,0.493,0.504,0.4985,0.5035,0.162,0.156,0.944
0.24978,0.96267,0.70711,0.54489,0.47644,0.46622,0.47733,0.46622,0.50588,0.47059,0.5,0.50588,0.50588,0.5,0.5,0.5,0.3455,0.5,0.5,0.5435,0.4935,0.504,0.499,0.5035,0.247,0.105,0.979,0.57059,0.22353,0.27059,0.47059,0.5,0.5,0.5,0.5,0.232,0.93422,0.70711,0.55333,0.47644,0.46622,0.47733,0.46622,0.5,0.47059,0.5,0.47647,0.50588,0.5,0.5,0.5,0.3075,0.5,0.5,0.505,0.493,0.504,0.499,0.5035,0.23,0.108,0.999
0.232,0.92044,0.70667,0.53867,0.47644,0.46622,0.47733,0.46622,0.5,0.48235,0.5,0.47647,0.50588,0.5,0.5,0.5,0.3715,0.5,0.5,0.5015,0.493,0.504,0.499,0.5035,0.227,0.112,1.004,0.86471,0.33529,0.38235,0.44706,0.5,0.5,0.5,0.5,0.28,0.91156,0.70711,0.50578,0.476,0.46622,0.47733,0.46667,0.74118,0.51765,0.5,0.45882,0.50588,0.5,0.5,0.50588,0.5085,0.5,0.5,0.4955,0.493,0.504,0.4985,0.5,0.354,0.104,1.084
0.49378,0.91511,0.70756,0.496,0.47511,0.46578,0.47644,0.46711,0.90588,0.53529,0.50588,0.48824,0.5,0.5,0.49412,0.49412,0.4915,0.5,0.4995,0.4165,0.4935,0.5065,0.502,0.4965,0.081,0.059,1.037,0.59412,0.11765,0.31765,0.54706,0.5,0.5,0.5,0.5,0.704,0.97378,0.70356,0.46933,0.46622,0.46711,0.47644,0.46844,0.58824,0.54118,0.48824,0.5,0.50588,0.5,0.5,0.5,0.5075,0.5,0.5025,0.468,0.5,0.5,0.503,0.494,0.051,0.031,1.048
0.74622,0.97422,0.69556,0.48933,0.46578,0.46711,0.47644,0.468,0.59412,0.48824,0.48235,0.55882,0.5,0.5,0.5,0.5,0.51,0.5,0.5035,0.4965,0.5035,0.5,0.503,0.494,0.053,0.043,1.03,0.18824,0.25882,0.40588,0.43529,0.5,0.5,0.5,0.5,0.732,0.96267,0.68356,0.50667,0.46622,0.46711,0.47644,0.46622,0.30588,0.48235,0.52353,0.43529,0.5,0.5,0.5,0.5,0.474,0.5,0.496,0.432,0.5,0.5,0.503,0.503,0.049,0.059,1.046
0.60622,0.96933,0.70711,0.47378,0.46667,0.46622,0.47689,0.46578,0.28824,0.54118,0.5,0.45294,0.51176,0.5,0.5,0.5,0.4375,0.5,0.4945,0.4345,0.4945,0.504,0.5015,0.5045,0.116,0.062,1.032,0.48824,0.16471,0.35882,0.54118,0.5,0.5,0.5,0.5,0.48489,0.99333,0.70711,0.43822,0.46667,0.46622,0.47689,0.46711,0.50588,0.50588,0.5,0.5,0.50588,0.5,0.5,0.5,0.3505,0.5,0.5,0.4865,0.4965,0.504,0.501,0.4965,0.113,0.06,1.019
0.48489,0.99333,0.70711,0.456,0.46667,0.46622,0.47689,0.46711,0.5,0.50588,0.5,0.52941,0.50588,0.5,0.5,0.50588,0.3405,0.5,0.5,0.502,0.4965,0.504,0.501,0.4965,0.122,0.054,1.024,0.41176,0.06471,0.27059,0.55294,0.5,0.5,0.5,0.5,0.48489,0.992,0.70711,0.48933,0.46667,0.46622,0.47733,0.46756,0.50588,0.5,0.5,0.54706,0.50588,0.5,0.5,0.50588,0.263,0.5,0.5,0.5425,0.4965,0.504,0.5,0.4965,0.138,0.07,1.032
0.46933,0.98622,0.70667,0.50844,0.46667,0.46622,0.47733,0.46711,0.5,0.49412,0.5,0.54118,0.50588,0.5,0.5,0.50588,0.2035,0.5,0.5,0.58,0.497,0.504,0.4995,0.4965,0.131,0.021,1.031,0.44706,0.06471,0.4,0.4,0.5,0.5,0.5,0.5,0.46933,0.97022,0.70667,0.52489,0.46667,0.46622,0.47733,0.46711,0.5,0.5,0.5,0.41765,0.50588,0.5,0.5,0.5,0.155,0.5,0.5,0.4905,0.497,0.504,0.4995,0.496,0.133,0.073,1.021
0.46933,0.97244,0.70711,0.48089,0.46667,0.46622,0.47644,0.46711,0.5,0.52353,0.5,0.43529,0.50588,0.5,0.49412,0.5,0.16,0.5,0.5,0.4585,0.497,0.504,0.5015,0.495,0.168,0.064,0.966,0.73529,0.11176,0.25294,0.5,0.5,0.5,0.5,0.5,0.44622,0.98356,0.70667,0.428,0.46667,0.46622,0.47689,0.46756,0.5,0.51176,0.5,0.5,0.50588,0.5,0.5,0.51176,0.369,0.5,0.5,0.43,0.4965,0.504,0.501,0.494,0.11,0.062,0.988
0.48533,0.99289,0.70756,0.42756,0.46667,0.46622,0.47644,0.468,0.58824,0.54118,0.5,0.5,0.50588,0.5,0.5,0.5,0.47,0.5,0.4995,0.431,0.494,0.504,0.503,0.494,0.105,0.056,1.03,0.6,-0.01176,0.25882,0.54706,0.5,0.5,0.5,0.5,0.60622,0.99556,0.70844,0.43156,0.46578,0.46667,0.47644,0.468,0.59412,0.50588,0.5,0.54706,0.5,0.5,0.5,0.50588,0.506,0.5,0.5,0.4885,0.5035,0.502,0.503,0.494,0.058,0.029,1.037
0.65067,0.99511,0.70711,0.45333,0.46578,0.46667,0.47644,0.468,0.57059,0.5,0.49412,0.53529,0.50588,0.5,0.5,0.50588,0.5065,0.5,0.5005,0.5005,0.5035,0.502,0.503,0.494,0.056,0.028,1.034,0.37647,0.34118,0.36471,0.5,0.5,0.5,0.5,0.5,0.67956,0.99511,0.70356,0.48,0.46622,0.46756,0.47644,0.468,0.39412,0.5,0.5,0.5,0.50588,0.5,0.5,0.50588,0.49,0.5,0.5,0.502,0.4965,0.4985,0.503,0.494,0.059,0.037,1.039
0.64444,0.99467,0.70889,0.48044,0.46667,0.46667,0.47644,0.46756,0.42353,0.50588,0.5,0.50588,0.5,0.5,0.5,0.5,0.469,0.5,0.499,0.499,0.496,0.5015,0.5025,0.494,0.064,0.04,1.04,0.51176,0.08235,0.29412,0.49412,0.5,0.5,0.5,0.5,0.604,0.992,0.70933,0.47911,0.46667,0.46667,0.47644,0.46711,0.5,0.5,0.5,0.5,0.5,0.5,0.5,0.50588,0.4435,0.5,0.5,0.498,0.4965,0.5025,0.5025,0.4965,0.073,0.041,1.03
0.604,0.99156,0.70889,0.476,0.46667,0.46667,0.47644,0.46711,0.5,0.5,0.5,0.49412,0.5,0.5,0.5,0.50588,0.451,0.5,0.5,0.4985,0.4965,0.5025,0.5025,0.494,0.071,0.04,1.035,0.27059,-0.00588,0.32941,0.51176,0.5,0.5,0.5,0.5,0.58089,0.99022,0.70889,0.47733,0.46622,0.46667,0.47644,0.46711,0.5,0.5,0.5,0.52353,0.48824,0.5,0.51176,0.50588,0.354,0.5,0.5,0.4975,0.5,0.5025,0.5025,0.4965,0.165,0.06,1.022
0.50311,0.98444,0.70844,0.48267,0.46667,0.46667,0.47733,0.46711,0.5,0.5,0.5,0.5,0.49412,0.5,0.5,0.5,0.284,0.5,0.5,0.4965,0.4965,0.5025,0.4995,0.4965,0.14,0.079,1.019,0.44706,0.32941,0.35882,0.47647,0.5,0.5,0.5,0.5,0.45867,0.97778,0.70756,0.48489,0.46622,0.46667,0.47733,0.46756,0.5,0.50588,0.5,0.5,0.5,0.5,0.5,0.50588,0.155,0.5,0.5,0.481,0.5,0.5025,0.4985,0.496,0.132,0.075,1.02
0.45867,0.97822,0.70756,0.47822,0.46622,0.46667,0.47733,0.46711,0.50588,0.50588,0.5,0.48824,0.5,0.5,0.5,0.5,0.161,0.5,0.5,0.4585,0.5,0.5025,0.499,0.4965,0.108,0.072,1.015,0.42353,0.02941,0.24706,0.43529,0.5,0.5,0.5,0.5,0.45867,0.98311,0.70756,0.44889,0.46622,0.46667,0.47689,0.46756,0.5,0.50588,0.5,0.43529,0.5,0.5,0.5,0.50588,0.1695,0.5,0.5,0.4285,0.497,0.5025,0.501,0.496,0.1,0.08,1.04
0.45867,0.98889,0.70756,0.41911,0.46667,0.46667,0.47644,0.46667,0.5,0.52941,0.5,0.45294,0.50588,0.5,0.5,0.49412,0.173,0.5,0.5,0.4145,0.497,0.5025,0.502,0.5,0.113,0.104,1.151,0.6,0.01765,0.24706,0.54118,0.5,0.5,0.5,0.5,0.58667,0.99733,0.70978,0.37956,0.46622,0.46711,0.47644,0.468,0.58235,0.5,0.5,0.5,0.5,0.5,0.5,0.50588,0.5,0.5,0.5,0.4835,0.5,0.501,0.503,0.494,0.077,0.043,1.053
0.61689,0.99733,0.70978,0.39956,0.46578,0.46711,0.47644,0.468,0.55294,0.50588,0.5,0.54118,0.50588,0.5,0.5,0.50588,0.5,0.5,0.5,0.4955,0.5035,0.5005,0.503,0.494,0.052,0.035,1.042,0.27059,0.28824,0.33529,0.44706,0.5,0.5,0.5,0.5,0.64267,0.99689,0.70933,0.41467,0.46578,0.46711,0.47644,0.46756,0.51765,0.50588,0.5,0.48235,0.50588,0.5,0.5,0.5,0.5,0.5,0.5,0.4485,0.5035,0.5005,0.503,0.4945,0.072,0.035,1.033
0.64933,0.99733,0.70844,0.39511,0.46578,0.46711,0.47644,0.46711,0.51176,0.50588,0.5,0.46471,0.5,0.5,0.5,0.5,0.5,0.5,0.5,0.4145,0.5035,0.5005,0.503,0.4965,0.077,0.035,1.031,0.27059,0.14118,0.36471,0.47059,0.5,0.5,0.5,0.5,0.66489,0.99867,0.70844,0.35733,0.46622,0.46711,0.47689,0.46622,0.52353,0.50588,0.5,0.49412,0.50588,0.5,0.5,0.5,0.5,0.5,0.5,0.3945,0.5,0.5005,0.5015,0.5035,0.091,0.028,1.041
0.67022,0.99867,0.708,0.34622,0.46578,0.46711,0.47689,0.46578,0.50588,0.50588,0.5,0.45882,0.5,0.5,0.5,0.5,0.5,0.5,0.5,0.376,0.5035,0.5005,0.501,0.5055,0.078,0.035,1.034,0.41765,0.27059,0.38235,0.65294,0.5,0.5,0.5,0.5,0.67067,0.99956,0.708,0.36133,0.46667,0.46711,0.47689,0.46711,0.50588,0.5,0.5,0.63529,0.51176,0.5,0.5,0.51176,0.5,0.5,0.5,0.4905,0.496,0.5005,0.501,0.4965,0.068,0.029,1.042
0.67378,0.99867,0.708,0.43111,0.46578,0.46711,0.47644,0.46711,0.51176,0.49412,0.5,0.64706,0.50588,0.5,0.5,0.5,0.5,0.5,0.5,0.505,0.5035,0.5005,0.5025,0.4965,0.046,0.036,1.025,0.30588,0.28235,0.37059,0.51765,0.5,0.5,0.5,0.5,0.68356,0.99689,0.708,0.51644,0.46578,0.46711,0.47644,0.46667,0.51176,0.49412,0.5,0.53529,0.50588,0.5,0.5,0.49412,0.5,0.5,0.5,0.5565,0.5035,0.5005,0.5025,0.4965,0.028,0.019,1.035
0.68622,0.99556,0.70844,0.52356,0.46578,0.46711,0.47644,0.46711,0.50588,0.49412,0.5,0.50588,0.50588,0.5,0.5,0.50588,0.5,0.5,0.5,0.567,0.5035,0.5005,0.5025,0.4965,0.027,0.023,1.036,0.3,0.16471,0.32941,0.45882,0.5,0.5,0.5,0.5,0.688,0.98444,0.708,0.532,0.46578,0.46711,0.47644,0.46667,0.50588,0.5,0.5,0.45882,0.51176,0.5,0.5,0.5,0.5,0.5,0.5,0.504,0.5035,0.5005,0.5025,0.5,0.035,0.018,1.037
0.68933,0.98933,0.708,0.51467,0.46533,0.46711,0.47644,0.46667,0.51176,0.52353,0.5,0.47059,0.5,0.5,0.5,0.5,0.5,0.5,0.5,0.491,0.5035,0.5005,0.5025,0.5,0.03,0.026,1.035,0.37647,0.32353,0.36471,0.39412,0.5,0.5,0.5,0.5,0.69156,0.99644,0.708,0.46178,0.46622,0.46711,0.47644,0.46667,0.50588,0.51765,0.5,0.39412,0.51176,0.5,0.5,0.5,0.5,0.5,0.5,0.4615,0.4995,0.5005,0.5025,0.5035,0.084,0.036,1.039
0.54089,0.47244,0.48356,0.47956,0.464,0.48089,0.47156,0.46578,0.50588,0.50588,0.5,0.51176,0.5,0.5,0.5,0.50588,0.4905,0.493,0.494,0.479,0.503,0.501,0.501,0.5035,0.02,0.015,1.039,0.58235,0.34706,0.42353,0.43529,0.5,0.5,0.5,0.5,0.55778,0.45911,0.46267,0.47556,0.464,0.48089,0.47067,0.46578,0.62353,0.38235,0.42353,0.47647,0.5,0.5,0.5,0.50588,0.4935,0.465,0.472,0.394,0.503,0.501,0.5035,0.5035,0.084,0.016,1.023
0.59956,0.38533,0.41422,0.44844,0.46533,0.48044,0.47067,0.46578,0.57059,0.34118,0.4,0.45294,0.5,0.5,0.5,0.48235,0.5045,0.4625,0.4985,0.366,0.4945,0.5025,0.5035,0.5035,0.022,-0.079,1.142,0.21765,0.71765,0.60588,0.62941,0.5,0.5,0.5,0.5,0.65556,0.30489,0.41333,0.424,0.464,0.48267,0.47244,0.46667,0.28824,0.67647,0.6,0.62941,0.50588,0.5,0.5,0.50588,0.3695,0.5155,0.489,0.5065,0.5045,0.4925,0.496,0.4965,0.002,0.059,1.028
0.51333,0.38933,0.47333,0.46533,0.46444,0.48267,0.472,0.46667,0.14118,0.65294,0.64706,0.59412,0.50588,0.5,0.5,0.5,0.3905,0.543,0.4475,0.6215,0.497,0.4925,0.4975,0.497,0.008,0.033,1.016,0.68824,0.46471,0.39412,0.42353,0.5,0.5,0.5,0.5,0.30978,0.44,0.52667,0.49511,0.46444,0.48178,0.47111,0.46711,0.56471,0.50588,0.38235,0.5,0.49412,0.5,0.5,0.5,0.5055,0.6245,0.3205,0.724,0.5,0.4965,0.5035,0.496,-0.0,0.042,1.053
0.40756,0.44044,0.47422,0.49022,0.464,0.48178,0.47111,0.46711,0.72941,0.5,0.39412,0.44706,0.49412,0.5,0.5,0.5,0.4935,0.596,0.3125,0.559,0.502,0.4965,0.502,0.494,0.016,0.049,1.039,0.45882,0.41176,0.54118,0.49412,0.5,0.5,0.5,0.5,0.53556,0.45244,0.40711,0.44978,0.464,0.48222,0.47156,0.46711,0.50588,0.5,0.5,0.5,0.50588,0.5,0.5,0.49412,0.4675,0.5155,0.399,0.529,0.503,0.4945,0.5,0.495,0.03,0.056,1.032
0.53556,0.43289,0.41244,0.44844,0.46356,0.48222,0.472,0.46711,0.5,0.4,0.51765,0.5,0.5,0.5,0.5,0.5,0.442,0.5035,0.4745,0.5215,0.505,0.4945,0.498,0.4955,0.017,0.057,1.018,0.28824,0.44706,0.54118,0.52941,0.5,0.5,0.5,0.5,0.44889,0.36489,0.45378,0.45067,0.464,0.48311,0.47244,0.46622,0.21176,0.43529,0.52353,0.5,0.50588,0.5,0.5,0.5,0.438,0.495,0.4585,0.5405,0.503,0.491,0.496,0.5,0.068,0.067,1.035
0.29511,0.33378,0.47778,0.45067,0.46444,0.48311,0.47156,0.46667,0.22941,0.41176,0.54706,0.5,0.5,0.5,0.5,0.50588,0.481,0.507,0.4465,0.6125,0.5,0.491,0.4995,0.4965,-0.067,0.073,0.92,0.71176,0.74118,0.45294,0.45294,0.5,0.5,0.5,0.5,0.17467,0.27778,0.47956,0.46533,0.464,0.48089,0.472,0.46667,0.62941,0.59412,0.45294,0.48824,0.50588,0.5,0.5,0.5,0.54,0.6455,0.477,0.5515,0.503,0.5005,0.4975,0.4965,-0.004,0.045,1.038
0.26844,0.39378,0.45644,0.436,0.46444,0.48089,0.472,0.46667,0.69412,0.78824,0.46471,0.47059,0.5,0.5,0.5,0.5,0.551,0.641,0.4745,0.5765,0.5,0.501,0.498,0.4965,-0.015,0.048,1.014,0.54706,0.62941,0.45882,0.47059,0.5,0.5,0.5,0.5,0.46533,0.65333,0.42089,0.40622,0.46311,0.48178,0.47244,0.46667,0.61176,0.70588,0.48824,0.47647,0.5,0.5,0.5,0.5,0.5045,0.534,0.446,0.5365,0.505,0.497,0.497,0.4965,-0.002,0.077,1.036
0.49067,0.74622,0.38578,0.39689,0.46267,0.48178,0.472,0.46667,0.51765,0.64118,0.45882,0.47059,0.50588,0.5,0.5,0.50588,0.506,0.5145,0.508,0.509,0.505,0.4965,0.4975,0.4965,0.002,0.08,1.034,0.38235,0.47647,0.50588,0.61176,0.5,0.5,0.5,0.5,0.50178,0.82267,0.36267,0.40178,0.46356,0.48178,0.472,0.46667,0.38824,0.50588,0.5,0.57647,0.5,0.5,0.5,0.5,0.483,0.508,0.5125,0.582,0.505,0.4965,0.4985,0.4965,0.062,0.09,1.031
0.432,0.82222,0.36978,0.45822,0.46356,0.48178,0.47244,0.46667,0.37647,0.49412,0.5,0.60588,0.5,0.5,0.5,0.5,0.4885,0.5025,0.4965,0.5845,0.505,0.4965,0.498,0.4965,-0.111,-0.009,1.136,0.74118,0.31765,0.57647,0.46471,0.5,0.5,0.5,0.5,0.36533,0.80489,0.376,0.54,0.46133,0.48178,0.47156,0.46622,0.64706,0.37647,0.55882,0.5,0.50588,0.5,0.5,0.5,0.568,0.445,0.605,0.451,0.505,0.4965,0.5005,0.4965,0.012,0.087,1.019
0.46,0.73956,0.38311,0.54044,0.46178,0.48178,0.47156,0.46622,0.67059,0.42941,0.5,0.5,0.50588,0.5,0.5,0.5,0.6105,0.3985,0.754,0.3635,0.504,0.4965,0.501,0.5,-0.083,0.045,1.063,0.45882,0.35294,0.48824,0.37647,0.5,0.5,0.5,0.5,0.51822,0.64,0.40444,0.52889,0.46222,0.48178,0.47067,0.46533,0.5,0.33529,0.5,0.36471,0.50588,0.5,0.5,0.5,0.7015,0.33,0.8515,0.1225,0.504,0.4965,0.504,0.5045,0.028,0.046,1.032
0.51867,0.56622,0.40489,0.50711,0.46222,0.48133,0.46844,0.46533,0.50588,0.31176,0.5,0.5,0.50588,0.5,0.49412,0.5,0.6605,0.344,0.822,0.005,0.5045,0.4985,0.5145,0.5045,0.066,0.114,0.981,0.32941,0.41176,0.52353,0.44706,0.5,0.5,0.5,0.5,0.51867,0.508,0.40489,0.47778,0.46222,0.48044,0.46667,0.46533,0.50588,0.5,0.5,0.5,0.50588,0.5,0.5,0.5,0.533,0.193,0.8245,0.0,0.5045,0.503,0.523,0.504,0.043,0.026,1.077
0.46222,0.47778,0.42978,0.47778,0.46267,0.48044,0.46622,0.46533,0.36471,0.49412,0.55882,0.5,0.50588,0.5,0.5,0.5,0.5135,0.1525,0.7645,0.0,0.5045,0.503,0.525,0.504,0.129,0.056,1.019,0.55882,0.53529,0.56471,0.55882,0.5,0.5,0.5,0.5,0.36844,0.47778,0.46533,0.47778,0.46267,0.48044,0.46622,0.46533,0.5,0.5,0.5,0.5,0.50588,0.5,0.5,0.5,0.532,0.1795,0.762,0.091,0.5045,0.503,0.525,0.5045,0.088,0.061,0.976
0.368,0.47778,0.49156,0.47778,0.46267,0.48044,0.46622,0.46533,0.5,0.5,0.5,0.5,0.5,0.5,0.5,0.5,0.568,0.2205,0.795,0.234,0.5045,0.503,0.525,0.505,0.064,0.011,1.032,0.71765,0.54118,0.37059,0.44118,0.5,0.5,0.5,0.5,0.39867,0.47733,0.52844,0.48222,0.46267,0.48044,0.46667,0.46533,0.85882,0.5,0.4,0.5,0.50588,0.5,0.5,0.5,0.6605,0.2925,0.599,0.287,0.505,0.503,0.5235,0.505,0.012,0.024,1.04
0.56267,0.47733,0.46089,0.48089,0.46267,0.48044,0.46667,0.46533,0.81765,0.50588,0.40588,0.48824,0.50588,0.5,0.5,0.5,0.5935,0.3325,0.6065,0.1495,0.505,0.503,0.524,0.505,0.075,0.062,1.045,0.31176,0.48235,0.47059,0.54706,0.5,0.5,0.5,0.5,0.73289,0.47689,0.396,0.43822,0.46444,0.48133,0.46356,0.46578,0.34118,0.5,0.48235,0.5,0.50588,0.5,0.5,0.5,0.49,0.3535,0.4995,0.262,0.5,0.499,0.5385,0.503,0.133,0.014,1.014
0.65111,0.47689,0.392,0.43822,0.46444,0.48089,0.46356,0.46533,0.4,0.5,0.49412,0.5,0.5,0.5,0.5,0.5,0.4785,0.3375,0.4495,0.3755,0.5,0.499,0.538,0.5055,0.123,0.023,1.026,0.4,0.39412,0.59412,0.54118,0.5,0.5,0.5,0.5,0.556,0.34889,0.39911,0.46667,0.46489,0.48178,0.46444,0.46578,0.31176,0.36471,0.57647,0.54118,0.5,0.5,0.5,0.50588,0.434,0.455,0.498,0.4405,0.497,0.497,0.5345,0.5035,0.058,0.047,1.048
0.49556,0.268,0.44889,0.47733,0.46489,0.48667,0.472,0.46578,0.39412,0.3,0.6,0.5,0.5,0.5,0.5,0.50588,0.4415,0.482,0.486,0.488,0.497,0.474,0.4985,0.5035,0.098,0.085,1.048,0.36471,0.73529,0.42353,0.45882,0.5,0.5,0.5,0.5,0.38667,0.23378,0.51156,0.48356,0.46444,0.48711,0.472,0.46667,0.31765,0.68235,0.5,0.44706,0.5,0.5,0.5,0.49412,0.453,0.5175,0.3215,0.498,0.499,0.4715,0.498,0.4965,0.075,0.058,1.055
0.288,0.32667,0.49422,0.45867,0.46356,0.48667,0.47156,0.46711,0.41765,0.7,0.5,0.42353,0.50588,0.5,0.5,0.5,0.4755,0.542,0.211,0.5235,0.5045,0.474,0.5,0.494,0.122,0.067,1.045,0.48824,0.57059,0.45882,0.43529,0.5,0.5,0.5,0.5,0.18178,0.46711,0.38267,0.41422,0.46489,0.48089,0.46133,0.47333,0.53529,0.51176,0.5,0.43529,0.52353,0.5,0.5,0.50588,0.4925,0.565,0.46,0.517,0.497,0.501,0.549,0.494,0.009,-0.043,1.001
0.17956,0.54933,0.35867,0.37822,0.46444,0.48089,0.46178,0.47333,0.5,0.64706,0.47647,0.44118,0.50588,0.5,0.5,0.50588,0.4915,0.5185,0.4715,0.531,0.5,0.501,0.548,0.494,0.075,-0.052,1.045,0.59412,0.54118,0.51176,0.6,0.5,0.5,0.5,0.5,0.19467,0.65156,0.33644,0.34622,0.46489,0.48089,0.46178,0.47289,0.61176,0.50588,0.5,0.52353,0.5,0.5,0.5,0.5,0.5055,0.4915,0.48,0.656,0.497,0.501,0.5465,0.4945,0.006,-0.038,1.044
0.24356,0.67156,0.33956,0.39511,0.46444,0.48089,0.46178,0.46711,0.59412,0.55294,0.51176,0.62941,0.5,0.5,0.5,0.47059,0.5055,0.4905,0.4945,0.6705,0.5,0.501,0.5465,0.497,0.077,-0.037,1.038,0.46471,0.45294,0.55882,0.45882,0.5,0.5,0.5,0.5,0.28089,0.69289,0.368,0.46267,0.464,0.48089,0.46222,0.46578,0.5,0.45882,0.55882,0.5,0.50588,0.5,0.5,0.50588,0.494,0.4815,0.5,0.5665,0.503,0.501,0.545,0.5035,0.02,-0.023,1.039
0.26311,0.69022,0.39378,0.45289,0.464,0.48089,0.46222,0.46578,0.48235,0.5,0.54706,0.45294,0.50588,0.5,0.5,0.50588,0.494,0.4595,0.5085,0.508,0.503,0.501,0.545,0.5035,0.033,-0.029,1.028,0.59412,0.48235,0.60588,0.45294,0.5,0.5,0.5,0.5,0.24311,0.69067,0.44978,0.41867,0.46444,0.48044,0.46222,0.46711,0.5,0.50588,0.57647,0.45294,0.50588,0.5,0.5,0.51176,0.5275,0.418,0.575,0.4845,0.5,0.502,0.545,0.4945,-0.004,-0.015,1.048
0.24222,0.69067,0.48711,0.40222,0.464,0.48089,0.46489,0.46711,0.5,0.50588,0.58824,0.47647,0.50588,0.5,0.5,0.5,0.589,0.4055,0.6545,0.4485,0.5025,0.5015,0.532,0.4955,-0.054,-0.028,1.052,0.84118,0.37059,0.52941,0.51765,0.5,0.5,0.5,0.5,0.28133,0.66844,0.53111,0.38622,0.46356,0.48089,0.46711,0.46667,0.62941,0.5,0.5,0.5,0.50588,0.5,0.5,0.50588,0.8325,0.3435,0.789,0.419,0.5015,0.501,0.521,0.497,-0.008,0.0,1.007
0.28756,0.62933,0.53422,0.38711,0.46356,0.48089,0.46622,0.46711,0.5,0.43529,0.5,0.5,0.5,0.5,0.48824,0.50588,0.8455,0.309,0.847,0.4575,0.5015,0.501,0.5255,0.4945,-0.011,-0.029,1.031,0.63529,0.41765,0.47647,0.57059,0.5,0.5,0.5,0.5,0.288,0.45378,0.556,0.41867,0.464,0.48089,0.46444,0.46756,0.5,0.3,0.5,0.57059,0.5,0.5,0.5,0.50588,0.838,0.4355,0.79,0.471,0.5015,0.501,0.5335,0.4945,-0.014,-0.01,1.036
0.288,0.372,0.55644,0.45422,0.464,0.48089,0.46444,0.46756,0.50588,0.36471,0.5,0.55294,0.50588,0.5,0.5,0.5,0.836,0.474,0.7325,0.472,0.502,0.501,0.5335,0.494,-0.035,-0.005,1.035,0.52353,0.63529,0.36471,0.51765,0.5,0.5,0.5,0.5,0.24178,0.30578,0.54044,0.49556,0.464,0.48089,0.46311,0.46889,-0.05294,0.49412,0.43529,0.5,0.50588,0.5,0.5,0.50588,0.5,0.521,0.5255,0.5,0.503,0.5015,0.54,0.494,0.069,-0.031,1.042
0.17822,0.30533,0.47733,0.49867,0.464,0.48133,0.46311,0.46978,0.5,0.5,0.37647,0.5,0.50588,0.5,0.5,0.5,0.5,0.609,0.498,0.5275,0.503,0.499,0.539,0.4945,0.067,-0.035,1.014,0.72353,0.44118,0.57647,0.39412,0.5,0.5,0.5,0.5,0.19378,0.34178,0.42356,0.47733,0.464,0.48089,0.46311,0.47022,0.51765,0.50588,0.54118,0.41765,0.5,0.5,0.5,0.50588,0.5,0.624,0.501,0.5015,0.503,0.5005,0.5405,0.4945,0.07,-0.018,1.019
0.18933,0.34222,0.45556,0.42622,0.464,0.48089,0.46489,0.46933,0.48235,0.50588,0.56471,0.40588,0.49412,0.50588,0.51176,0.5,0.5,0.577,0.5275,0.499,0.504,0.5005,0.533,0.4945,0.058,-0.006,1.023,0.84706,0.71765,0.42353,0.6,0.5,0.5,0.5,0.5,0.08133,0.36667,0.48222,0.35733,0.46178,0.48133,0.472,0.46622,0.48235,0.57059,0.45294,0.5,0.51176,0.5,0.5,0.5,0.5,0.6255,0.495,0.6825,0.505,0.499,0.498,0.5,0.0,-0.004,1.041
0.08044,0.40222,0.44578,0.37556,0.46533,0.48089,0.47067,0.46711,0.51765,0.50588,0.41765,0.6,0.51765,0.5,0.5,0.5,0.5,0.773,0.4825,0.845,0.4965,0.5005,0.5035,0.4955,-0.03,-0.042,1.028,0.72353,0.37647,0.60588,0.47647,0.5,0.5,0.5,0.5,0.10933,0.55156,0.43333,0.39244,0.46489,0.48089,0.46578,0.46667,0.53529,0.50588,0.59412,0.5,0.49412,0.5,0.5,0.5,0.5,0.608,0.5,0.9165,0.497,0.501,0.5275,0.497,-0.045,-0.048,1.047
0.12089,0.55156,0.48533,0.39244,0.464,0.48089,0.46578,0.46667,0.50588,0.50588,0.60588,0.5,0.5,0.5,0.5,0.5,0.5,0.5305,0.505,0.859,0.503,0.501,0.5275,0.497,-0.018,-0.044,1.026,0.60588,0.60588,0.35882,0.58235,0.5,0.5,0.5,0.5,0.11022,0.50533,0.504,0.39422,0.46444,0.48133,0.46578,0.46711,0.5,0.5,0.36471,0.51176,0.5,0.5,0.5,0.50588,0.5,0.557,0.4905,0.9135,0.5,0.4995,0.5275,0.4955,-0.049,-0.048,1.04
0.11778,0.50533,0.43467,0.41156,0.464,0.48133,0.46578,0.46667,0.52941,0.5,0.36471,0.56471,0.48235,0.5,0.5,0.5,0.5,0.6335,0.477,0.988,0.503,0.4995,0.5275,0.498,-0.006,-0.042,1.032,0.82353,0.41176,0.55882,0.44118,0.5,0.5,0.5,0.5,0.148,0.50578,0.36844,0.42222,0.46444,0.48133,0.46578,0.46667,0.54706,0.50588,0.54706,0.5,0.48235,0.5,0.5,0.5,0.5,0.6645,0.4965,0.9085,0.503,0.4995,0.5275,0.497,-0.045,-0.037,1.021
0.16489,0.50578,0.39822,0.42222,0.46489,0.48133,0.46578,0.46711,0.53529,0.50588,0.55294,0.5,0.50588,0.5,0.5,0.50588,0.5,0.594,0.4975,0.7655,0.497,0.4995,0.5275,0.4965,-0.032,-0.061,1.023,0.61176,0.48235,0.57647,0.59412,0.5,0.5,0.5,0.5,0.17822,0.50533,0.45422,0.41733,0.464,0.48089,0.46578,0.46667,0.48824,0.5,0.57059,0.5,0.50588,0.5,0.5,0.50588,0.5,0.529,0.509,0.767,0.503,0.501,0.5275,0.497,-0.052,-0.048,1.031
0.17378,0.50356,0.48978,0.42578,0.464,0.48089,0.46578,0.46667,0.48824,0.45882,0.57059,0.55882,0.50588,0.5,0.5,0.5,0.5,0.5245,0.526,0.9605,0.5025,0.501,0.5275,0.4975,-0.051,-0.05,1.0,0.68235,0.42941,0.39412,0.49412,0.5,0.5,0.5,0.5,0.11467,0.496,0.49956,0.29289,0.46311,0.48178,0.47244,0.46444,0.35882,0.44706,0.41176,0.29412,0.5,0.5,0.5,0.5,0.5,0.507,0.512,0.5615,0.505,0.4965,0.496,0.5055,0.014,0.046,1.063
0.03378,0.46133,0.44711,0.19289,0.46089,0.48222,0.47244,0.45733,0.33529,0.45294,0.41765,0.35294,0.5,0.5,0.5,0.5,0.5,0.507,0.5,0.5485,0.505,0.495,0.4955,0.5065,0.025,0.129,1.017,0.8,0.42353,0.49412,0.75882,0.5,0.5,0.5,0.5,0.02089,0.39867,0.38622,0.16489,0.46222,0.48222,0.472,0.45778,0.52941,0.42941,0.49412,0.5,0.51176,0.5,0.5,0.50588,0.5,0.493,0.4995,0.5,0.505,0.495,0.498,0.506,0.069,0.14,1.019
0.03111,0.36267,0.38311,0.16533,0.46311,0.48178,0.472,0.45822,0.5,0.44706,0.48235,0.5,0.5,0.5,0.5,0.50588,0.5,0.493,0.5005,0.5,0.505,0.4965,0.498,0.506,0.038,0.118,1.032,0.8,0.74706,0.57647,0.67059,0.5,0.5,0.5,0.5,0.03556,0.37111,0.39822,0.16489,0.46311,0.48178,0.472,0.46,0.50588,0.73529,0.55882,0.48824,0.5,0.5,0.5,0.51176,0.5,0.522,0.5355,0.5015,0.505,0.4965,0.498,0.506,-0.009,0.11,1.023
0.02889,0.48267,0.432,0.13244,0.46311,0.48178,0.472,0.46089,0.46471,0.74706,0.56471,0.41765,0.5,0.5,0.5,0.5,0.5,0.535,0.56,0.5215,0.505,0.4965,0.4975,0.5055,-0.024,0.099,1.023,0.82353,0.52941,0.52353,0.7,0.5,0.5,0.5,0.5,-0.03067,0.65733,0.488,0.06889,0.46267,0.48178,0.47244,0.46044,0.47059,0.53529,0.51765,0.48235,0.50588,0.5,0.5,0.5,0.5,0.5175,0.547,0.506,0.505,0.4965,0.496,0.506,-0.025,0.105,1.026
-0.03822,0.67644,0.49822,0.06133,0.46267,0.48178,0.47244,0.46044,0.48235,0.54118,0.51176,0.49412,0.5,0.5,0.5,0.5,0.5,0.5145,0.554,0.502,0.505,0.4965,0.4965,0.5055,-0.032,0.102,1.03,0.74118,0.55882,0.42353,0.79412,0.5,0.5,0.5,0.5,-0.05022,0.70667,0.49556,0.05022,0.46311,0.48178,0.47244,0.46044,0.49412,0.53529,0.43529,0.48235,0.50588,0.5,0.5,0.5,0.5,0.5215,0.501,0.5045,0.505,0.4965,0.4965,0.506,-0.004,0.117,1.022
-0.04889,0.73022,0.46622,0.03778,0.46444,0.48178,0.47244,0.46044,0.50588,0.54118,0.43529,0.48824,0.50588,0.5,0.5,0.5,0.5,0.5275,0.4655,0.504,0.5,0.4965,0.497,0.5055,-0.002,0.104,1.033,0.72941,0.45882,0.51765,0.75294,0.5,0.5,0.5,0.5,-0.03289,0.75156,0.42844,0.03067,0.464,0.48178,0.472,0.46089,0.51765,0.50588,0.5,0.5,0.5,0.5,0.5,0.50588,0.5,0.5215,0.458,0.5,0.503,0.4965,0.498,0.506,-0.0,0.112,1.026
-0.03067,0.75111,0.42978,0.03067,0.46356,0.48178,0.472,0.46089,0.51176,0.5,0.51176,0.5,0.5,0.5,0.5,0.50588,0.5,0.508,0.496,0.5,0.505,0.4965,0.498,0.506,-0.008,0.113,1.027,1.04706,0.2,0.45882,0.73529,0.5,0.5,0.5,0.5,-0.028,0.66133,0.42933,0.03111,0.46267,0.48178,0.47156,0.46133,0.52941,0.22353,0.44706,0.5,0.49412,0.5,0.5,0.50588,0.5,0.4825,0.4815,0.4995,0.505,0.4965,0.4995,0.5055,-0.012,0.103,1.033
-0.01333,0.51467,0.40356,0.05511,0.464,0.48178,0.47156,0.464,0.52941,0.22353,0.46471,0.56471,0.51176,0.5,0.5,0.50588,0.5,0.4775,0.5,0.483,0.503,0.496,0.5,0.5055,0.037,0.127,1.014,0.66471,0.58235,0.58824,0.8,0.5,0.5,0.5,0.5,0.01511,0.33689,0.404,0.116,0.46311,0.48178,0.47156,0.46578,0.53529,0.58235,0.58235,0.57059,0.5,0.5,0.5,0.50588,0.5,0.5065,0.527,0.483,0.5055,0.496,0.5,0.5015,-0.001,0.11,1.026
0.004,0.36978,0.44489,0.132,0.46311,0.48222,0.47156,0.46667,0.47647,0.55294,0.56471,0.5,0.50588,0.5,0.5,0.5,0.5,0.508,0.546,0.4975,0.505,0.4955,0.5005,0.4965,-0.015,0.112,1.028,0.75882,0.58824,0.45294,0.79412,0.5,0.5,0.5,0.5,-0.03733,0.43956,0.48844,0.132,0.46311,0.48178,0.472,0.46622,0.48824,0.58235,0.45882,0.5,0.50588,0.5,0.5,0.5,0.5,0.5125,0.508,0.5,0.505,0.4965,0.499,0.5,-0.003,0.116,1.025
-0.03822,0.47911,0.46844,0.12756,0.464,0.48178,0.472,0.46578,0.50588,0.56471,0.47647,0.48824,0.50588,0.5,0.5,0.5,0.5,0.5165,0.4915,0.5025,0.503,0.4965,0.498,0.5035,0.002,0.114,1.027,0.84706,0.33529,0.54706,0.65882,0.5,0.5,0.5,0.5,-0.03378,0.504,0.456,0.11244,0.464,0.48178,0.472,0.46578,0.50588,0.38235,0.52941,0.5,0.5,0.5,0.5,0.50588,0.5,0.4915,0.4985,0.4995,0.5045,0.4965,0.4985,0.5035,-0.011,0.111,1.026
-0.03333,0.42622,0.47156,0.11867,0.46356,0.48178,0.47156,0.46533,0.50588,0.34706,0.52941,0.52941,0.50588,0.5,0.5,0.5,0.5,0.489,0.5355,0.494,0.505,0.4965,0.5005,0.504,-0.005,0.111,1.03,0.72941,0.6,0.47059,0.78235,0.5,0.5,0.5,0.5,-0.04978,0.34356,0.49467,0.15156,0.46356,0.48178,0.47156,0.46622,0.49412,0.54118,0.5,0.5,0.5,0.5,0.5,0.5,0.5,0.508,0.5115,0.4985,0.505,0.4965,0.5005,0.5,-0.012,0.121,1.024
-0.05067,0.38178,0.48133,0.15111,0.464,0.48178,0.472,0.46622,0.50588,0.58235,0.48235,0.5,0.51176,0.5,0.5,0.5,0.5,0.514,0.4995,0.5,0.503,0.4965,0.499,0.5,-0.0,0.119,1.027,0.77647,0.61176,0.46471,0.71765,0.5,0.5,0.5,0.5,-0.04711,0.46667,0.46133,0.13689,0.46444,0.48178,0.472,0.46622,0.51176,0.57647,0.45882,0.47059,0.50588,0.5,0.5,0.5,0.5,0.524,0.458,0.508,0.5,0.4965,0.498,0.5,0.008,0.124,1.029
-0.04533,0.51644,0.44533,0.11422,0.46444,0.48178,0.472,0.46622,0.50588,0.6,0.44118,0.45294,0.5,0.5,0.5,0.5,0.5,0.529,0.447,0.512,0.5,0.4965,0.4985,0.5,0.002,0.108,1.032,0.87647,0.55882,0.51765,0.74706,0.5,0.5,0.5,0.5,-0.028,0.60622,0.42667,0.07111,0.46356,0.48178,0.472,0.46622,0.51176,0.56471,0.5,0.47647,0.50588,0.5,0.5,0.5,0.5,0.5255,0.4655,0.5085,0.5025,0.4965,0.4985,0.5,-0.0,0.12,1.026
-0.02711,0.63822,0.42978,0.05644,0.46356,0.48178,0.472,0.46622,0.5,0.56471,0.52941,0.47647,0.5,0.5,0.5,0.5,0.5,0.523,0.495,0.5065,0.5045,0.497,0.4985,0.5,0.006,0.113,1.029,0.86471,0.28824,0.42353,0.78235,0.5,0.5,0.5,0.5,-0.028,0.64267,0.42133,0.04533,0.464,0.48178,0.472,0.46622,0.52941,0.32353,0.42941,0.5,0.49412,0.5,0.5,0.50588,0.5,0.49,0.462,0.4995,0.505,0.4965,0.4985,0.5,0.035,0.124,1.025
-0.01378,0.54133,0.38044,0.05244,0.46311,0.48178,0.47156,0.46578,0.52941,0.30588,0.42353,0.52941,0.5,0.5,0.5,0.50588,0.5,0.4875,0.471,0.4935,0.505,0.4955,0.501,0.5035,0.056,0.125,1.02,1.02941,0.35294,0.55882,0.72353,0.5,0.5,0.5,0.5,0.01156,0.36533,0.324,0.08756,0.46356,0.48178,0.47156,0.46578,0.52353,0.36471,0.5,0.54118,0.51176,0.5,0.5,0.51176,0.5,0.4875,0.615,0.4905,0.5025,0.4965,0.501,0.5035,-0.08,0.162,1.046
0.02178,0.29956,0.33244,0.11733,0.464,0.48178,0.47156,0.46578,0.50588,0.36471,0.53529,0.56471,0.50588,0.5,0.5,0.51176,0.5,0.4825,0.716,0.4835,0.5025,0.4965,0.501,0.5035,-0.024,0.184,1.038,0.69412,0.54706,0.53529,0.66471,0.5,0.5,0.5,0.5,0.04356,0.20711,0.38444,0.15422,0.46444,0.48178,0.47156,0.46578,0.53529,0.5,0.5,0.51765,0.50588,0.5,0.5,0.51176,0.5,0.4935,0.6955,0.4955,0.5,0.4965,0.501,0.501,-0.069,0.205,1.014
0.05822,0.23022,0.41022,0.16578,0.46444,0.48178,0.47156,0.46622,0.52941,0.55882,0.54118,0.51765,0.50588,0.5,0.5,0.50588,0.5,0.5045,0.6605,0.495,0.5,0.4965,0.501,0.5,-0.07,0.17,1.019,0.66471,0.84118,0.58824,0.68824,0.5,0.5,0.5,0.5,0.06667,0.33911,0.45556,0.16933,0.46489,0.48178,0.472,0.46711,0.49412,0.83529,0.57059,0.47059,0.5,0.5,0.5,0.50588,0.5,0.5245,0.685,0.504,0.4975,0.4965,0.499,0.4945,-0.122,0.186,1.025
0.03556,0.49111,0.49956,0.12622,0.46489,0.48178,0.47244,0.46711,0.42353,0.82353,0.57647,0.38235,0.50588,0.5,0.5,0.50588,0.5,0.5505,0.6885,0.5305,0.4975,0.4965,0.4975,0.496,-0.139,0.167,1.001,0.74118,0.54118,0.5,0.77647,0.5,0.5,0.5,0.5,-0.05867,0.72444,0.57111,0.03378,0.46533,0.48178,0.47244,0.46533,0.45294,0.54706,0.5,0.48824,0.50588,0.5,0.5,0.5,0.5,0.529,0.5965,0.5075,0.495,0.4965,0.4965,0.5055,-0.117,0.162,1.006
-0.06978,0.73733,0.57111,0.03022,0.46533,0.48178,0.47244,0.46533,0.49412,0.55294,0.5,0.49412,0.5,0.5,0.5,0.5,0.5,0.5385,0.5965,0.5005,0.495,0.4965,0.496,0.5055,-0.114,0.169,1.007,1.08235,0.45294,0.34706,0.88824,0.5,0.5,0.5,0.5,-0.07022,0.74844,0.53867,0.02667,0.46489,0.48133,0.47244,0.46578,0.51176,0.5,0.35294,0.49412,0.50588,0.5,0.5,0.50588,0.5,0.529,0.5015,0.5005,0.497,0.4965,0.4975,0.5035,-0.08,0.181,1.023
-0.05867,0.74756,0.46844,0.02444,0.46444,0.48178,0.47244,0.46578,0.53529,0.48824,0.36471,0.5,0.49412,0.5,0.5,0.50588,0.5,0.5115,0.47,0.5,0.503,0.4965,0.497,0.5035,-0.049,0.168,1.021,0.68824,0.37647,0.54706,0.78824,0.5,0.5,0.5,0.5,-0.032,0.68711,0.37378,0.02267,0.464,0.48178,0.47244,0.46667,0.53529,0.41176,0.50588,0.5,0.49412,0.5,0.5,0.5,0.5,0.507,0.562,0.5,0.505,0.4965,0.4975,0.4965,-0.034,0.195,1.011
-0.02133,0.63422,0.392,0.02311,0.464,0.48178,0.472,0.46667,0.52353,0.41176,0.5,0.50588,0.5,0.5,0.5,0.50588,0.5,0.493,0.5915,0.4995,0.5025,0.4965,0.499,0.496,-0.059,0.192,1.012,0.91765,0.46471,0.58235,0.83529,0.5,0.5,0.5,0.5,0.00267,0.55911,0.44178,0.02978,0.464,0.48178,0.472,0.46578,0.53529,0.47059,0.60588,0.52353,0.50588,0.5,0.5,0.5,0.5,0.492,0.619,0.495,0.5025,0.4965,0.5,0.5035,-0.063,0.185,1.008
0.00444,0.54311,0.484,0.04178,0.46444,0.48178,0.47156,0.46578,0.45882,0.46471,0.57059,0.52353,0.50588,0.5,0.5,0.5,0.5,0.4915,0.6185,0.4935,0.497,0.4965,0.501,0.5035,-0.079,0.184,1.005,0.70588,0.64706,0.53529,0.70588,0.5,0.5,0.5,0.5,-0.05156,0.54622,0.54578,0.05378,0.46533,0.48178,0.472,0.46578,0.46471,0.60588,0.54706,0.5,0.50588,0.5,0.5,0.5,0.5,0.5135,0.6145,0.5,0.495,0.4965,0.499,0.5035,-0.12,0.18,1.007
-0.06578,0.61422,0.56444,0.05156,0.46533,0.48178,0.47244,0.46533,0.48824,0.64118,0.51176,0.48824,0.50588,0.5,0.5,0.50588,0.5,0.517,0.6105,0.502,0.495,0.4965,0.4975,0.5035,-0.122,0.177,1.016,0.86471,0.41765,0.45882,0.84706,0.5,0.5,0.5,0.5,-0.07556,0.68533,0.58356,0.03511,0.46533,0.48178,0.47244,0.46578,0.5,0.50588,0.5,0.5,0.50588,0.5,0.5,0.50588,0.5,0.5065,0.554,0.5,0.495,0.4965,0.4975,0.5045,-0.106,0.184,1.008
-0.07511,0.65467,0.57067,0.03511,0.46533,0.48178,0.47244,0.46533,0.51176,0.44118,0.47059,0.5,0.50588,0.5,0.5,0.50588,0.5,0.493,0.5145,0.5,0.495,0.4965,0.4975,0.5055,-0.091,0.184,1.009,0.72353,0.6,0.35294,0.86471,0.5,0.5,0.5,0.5,-0.06756,0.616,0.50089,0.03556,0.46533,0.48178,0.47244,0.46578,0.52941,0.58235,0.37059,0.5,0.5,0.5,0.5,0.51176,0.5,0.517,0.496,0.5,0.495,0.4965,0.4975,0.4975,-0.033,0.201,1.004
-0.05244,0.64711,0.42844,0.03156,0.46356,0.48178,0.47244,0.46711,0.53529,0.54118,0.35294,0.49412,0.49412,0.5,0.5,0.50588,0.5,0.5355,0.4845,0.502,0.5045,0.4965,0.498,0.494,-0.068,0.226,0.992,0.94118,0.40588,0.48824,0.75882,0.5,0.5,0.5,0.5,-0.03022,0.67644,0.33111,0.02133,0.46489,0.48178,0.47244,0.46711,0.51765,0.5,0.5,0.5,0.50588,0.5,0.5,0.50588,0.5,0.5225,0.513,0.5005,0.4965,0.4965,0.4975,0.496,-0.083,0.193,1.005
-0.02311,0.65422,0.32489,0.02133,0.46489,0.48178,0.47289,0.46667,0.52353,0.45294,0.47647,0.5,0.49412,0.5,0.5,0.5,0.5,0.5075,0.513,0.5,0.497,0.4965,0.4955,0.4965,-0.068,0.197,1.007,0.92941,0.58235,0.52941,0.82353,0.5,0.5,0.5,0.5,-0.00889,0.61067,0.316,0.02133,0.46489,0.48178,0.47289,0.46622,0.51765,0.52353,0.5,0.5,0.50588,0.5,0.5,0.5,0.5,0.524,0.5675,0.5,0.495,0.4965,0.496,0.5,-0.062,0.189,1.006
0.00089,0.632,0.324,0.02089,0.46489,0.48178,0.47289,0.46622,0.52353,0.54118,0.51765,0.5,0.50588,0.5,0.5,0.5,0.5,0.5455,0.603,0.5,0.495,0.4965,0.496,0.5,-0.098,0.184,1.008,0.72353,0.52353,0.64118,0.72353,0.5,0.5,0.5,0.5,0.01867,0.68089,0.37911,0.02044,0.46533,0.48178,0.47244,0.46622,0.51765,0.52353,0.62353,0.5,0.50588,0.5,0.5,0.5,0.5,0.55,0.649,0.5,0.495,0.4965,0.497,0.5,-0.115,0.168,1.008
0.03022,0.72133,0.45022,0.02044,0.46533,0.48178,0.47289,0.46578,0.52941,0.59412,0.63529,0.5,0.49412,0.5,0.5,0.5,0.5,0.5175,0.655,0.5,0.495,0.497,0.496,0.5035,-0.145,0.182,1.006,0.63529,0.27647,0.42941,0.80588,0.5,0.5,0.5,0.5,0.00978,0.70889,0.51956,0.02089,0.46533,0.48178,0.47244,0.46622,0.46471,0.27059,0.5,0.5,0.50588,0.5,0.5,0.50588,0.5,0.4855,0.6115,0.5,0.495,0.497,0.498,0.5,-0.104,0.197,1.005
0.00489,0.59422,0.496,0.02489,0.46533,0.48178,0.47156,0.46533,0.5,0.29412,0.44118,0.52941,0.50588,0.5,0.5,0.49412,0.5,0.4855,0.5505,0.494,0.495,0.497,0.5015,0.5045,-0.094,0.197,1.0,1.02941,0.47647,0.51176,0.7,0.5,0.5,0.5,0.5,0.02444,0.44844,0.45689,0.06844,0.46533,0.48178,0.47156,0.46622,0.52941,0.46471,0.5,0.52353,0.50588,0.5,0.5,0.50588,0.5,0.491,0.5575,0.492,0.4945,0.497,0.5015,0.498,-0.086,0.21,1.008
0.02844,0.43111,0.45644,0.07956,0.46578,0.48178,0.47156,0.46622,0.5,0.47647,0.5,0.51176,0.50588,0.5,0.5,0.50588,0.5,0.493,0.586,0.496,0.495,0.497,0.5015,0.5,-0.097,0.206,1.006,0.94706,0.44706,0.51176,0.72941,0.5,0.5,0.5,0.5,0.02844,0.39956,0.45689,0.096,0.46533,0.48178,0.47156,0.46622,0.5,0.46471,0.5,0.52353,0.5,0.5,0.5,0.50588,0.5,0.492,0.6365,0.495,0.495,0.497,0.5015,0.5,-0.093,0.201,1.009
0.02844,0.37422,0.45867,0.108,0.46533,0.48178,0.47156,0.46622,0.5,0.45882,0.5,0.52353,0.5,0.5,0.5,0.5,0.5,0.491,0.6575,0.494,0.495,0.497,0.5015,0.4995,-0.095,0.203,1.003,0.95882,0.60588,0.58235,0.75882,0.5,0.5,0.5,0.5,0.02444,0.35733,0.49422,0.128,0.46533,0.48178,0.47156,0.46667,0.48824,0.58235,0.57059,0.5,0.5,0.5,0.5,0.50588,0.5,0.51,0.651,0.499,0.495,0.497,0.5015,0.4965,-0.155,0.205,1.002
0.008,0.40444,0.52978,0.128,0.46533,0.48178,0.472,0.46667,0.44706,0.58235,0.58824,0.5,0.5,0.5,0.5,0.50588,0.5,0.5135,0.6815,0.5,0.495,0.4965,0.4995,0.4965,-0.121,0.217,0.93,0.85882,0.67059,0.46471,0.79412,0.5,0.5,0.5,0.5,-0.072,0.50622,0.58933,0.10844,0.46578,0.48178,0.47244,0.46578,0.48235,0.64118,0.5,0.44706,0.5,0.5,0.5,0.51176,0.5,0.531,0.576,0.512,0.4945,0.4975,0.4975,0.5035,-0.139,0.207,1.0
-0.07556,0.58533,0.584,0.07244,0.46578,0.48178,0.47244,0.46667,0.5,0.66471,0.45294,0.42353,0.50588,0.5,0.5,0.51176,0.5,0.5385,0.512,0.5195,0.495,0.4975,0.4975,0.4965,-0.146,0.205,1.006,0.78824,0.34118,0.35294,0.86471,0.5,0.5,0.5,0.5,-0.07511,0.67289,0.516,0.02978,0.46533,0.48178,0.472,0.46667,0.52353,0.35882,0.35882,0.5,0.50588,0.5,0.5,0.5,0.5,0.4935,0.5,0.501,0.4955,0.4975,0.498,0.495,-0.038,0.231,0.99
-0.05867,0.60178,0.44178,0.03022,0.46489,0.48178,0.472,0.46667,0.53529,0.36471,0.34118,0.5,0.5,0.5,0.5,0.5,0.5,0.492,0.499,0.5,0.497,0.497,0.499,0.496,-0.044,0.22,0.992,0.88235,0.28824,0.64706,0.75882,0.5,0.5,0.5,0.5,-0.03733,0.44889,0.37333,0.044,0.46444,0.48178,0.47156,0.46533,0.51765,0.32353,0.62941,0.55882,0.50588,0.5,0.5,0.49412,0.5,0.485,0.647,0.487,0.5,0.497,0.5015,0.5055,-0.067,0.246,0.982
-0.02667,0.34889,0.45822,0.076,0.46489,0.48178,0.47156,0.46533,0.52353,0.29412,0.64706,0.56471,0.50588,0.5,0.5,0.50588,0.5,0.4795,0.6,0.483,0.4965,0.497,0.5015,0.504,-0.082,0.251,1.01,0.94706,0.61765,0.45882,0.81765,0.5,0.5,0.5,0.5,-0.05067,0.23333,0.54089,0.13067,0.46533,0.48178,0.47156,0.46578,0.47059,0.59412,0.5,0.57059,0.50588,0.5,0.5,0.51176,0.5,0.507,0.5565,0.4835,0.495,0.497,0.5015,0.5035,-0.107,0.261,0.997
0.49644,0.48,0.46622,0.468,0.46489,0.46711,0.46667,0.46667,0.50588,0.50588,0.5,0.5,0.5,0.5,0.5,0.50588,0.493,0.493,0.4995,0.4955,0.504,0.5,0.4995,0.5,0.024,0.025,1.031,0.61176,0.68824,0.5,0.53529,0.5,0.5,0.5,0.5,0.52578,0.53156,0.46622,0.47778,0.46489,0.468,0.46711,0.46711,0.62353,0.68235,0.5,0.52353,0.50588,0.5,0.5,0.50588,0.506,0.51,0.4995,0.5055,0.4975,0.4955,0.497,0.496,0.043,0.044,1.057
0.59067,0.62667,0.46667,0.49378,0.46533,0.46844,0.46756,0.46711,0.62353,0.65882,0.5,0.52941,0.50588,0.5,0.5,0.5,0.493,0.5105,0.497,0.5125,0.5,0.493,0.4955,0.496,-0.032,0.036,1.048,0.5,0.15882,0.49412,0.47647,0.5,0.5,0.5,0.5,0.652,0.65422,0.46356,0.50844,0.46489,0.468,0.46711,0.46622,0.50588,0.17647,0.49412,0.48235,0.5,0.5,0.5,0.5,0.4935,0.4825,0.5015,0.5035,0.5035,0.4955,0.497,0.5035,0.123,0.032,1.039
0.65156,0.53644,0.46133,0.50667,0.46489,0.46711,0.46578,0.46578,0.5,0.26471,0.5,0.5,0.50588,0.5,0.5,0.5,0.4935,0.414,0.498,0.4575,0.5015,0.499,0.503,0.5055,0.1,0.012,1.02,0.34706,0.45882,0.55882,0.41765,0.5,0.5,0.5,0.5,0.61422,0.26889,0.456,0.46889,0.46711,0.47467,0.46622,0.46622,0.37059,0.45882,0.5,0.28235,0.51176,0.51765,0.48824,0.5,0.4865,0.4825,0.598,0.436,0.494,0.4655,0.5005,0.5035,0.024,0.061,1.009
0.57911,0.23511,0.51067,0.42311,0.46756,0.47467,0.46667,0.46622,0.44706,0.43529,0.55882,0.41765,0.50588,0.5,0.5,0.5,0.435,0.4895,0.489,0.458,0.494,0.464,0.4995,0.5035,-0.047,0.065,1.046,0.34118,0.62941,0.46471,0.62353,0.5,0.5,0.5,0.5,0.43689,0.23333,0.548,0.40533,0.46933,0.47511,0.46667,0.46711,0.31765,0.56471,0.5,0.61765,0.50588,0.5,0.5,0.51176,0.4445,0.5085,0.4165,0.5075,0.494,0.4615,0.4995,0.4965,0.036,0.087,1.022
0.31733,0.27156,0.548,0.45067,0.46978,0.47511,0.46622,0.46711,0.24706,0.50588,0.5,0.57059,0.50588,0.5,0.5,0.50588,0.4845,0.532,0.329,0.591,0.4945,0.4615,0.5005,0.4945,0.008,0.093,1.049,0.83529,0.54706,0.44706,0.56471,0.5,0.5,0.5,0.5,0.28533,0.27022,0.51156,0.52222,0.46978,0.47467,0.46578,0.46711,0.81765,0.50588,0.45294,0.54118,0.5,0.5,0.5,0.49412,0.5215,0.661,0.32,0.6985,0.494,0.4635,0.5025,0.4955,0.047,0.062,1.007
0.48089,0.28,0.46444,0.55022,0.46889,0.46978,0.46578,0.46756,0.87647,0.5,0.41765,0.5,0.5,0.49412,0.5,0.50588,0.5085,0.6875,0.4135,0.72,0.494,0.486,0.503,0.495,-0.054,0.01,1.048,0.43529,0.46471,0.51765,0.51176,0.5,0.5,0.5,0.5,0.66978,0.27911,0.42267,0.57511,0.46533,0.46711,0.46533,0.46756,0.47647,0.5,0.52941,0.53529,0.5,0.5,0.5,0.50588,0.4915,0.7025,0.4955,0.8055,0.4965,0.499,0.5045,0.495,-0.035,0.006,1.024
0.63822,0.27911,0.43067,0.57556,0.46533,0.46711,0.46533,0.46756,0.41176,0.50588,0.51176,0.5,0.5,0.5,0.5,0.50588,0.492,0.668,0.4985,0.8305,0.5,0.499,0.5045,0.495,-0.05,0.009,1.02,0.37647,0.67059,0.57647,0.5,0.5,0.5,0.5,0.5,0.57333,0.27911,0.47022,0.59111,0.46489,0.46711,0.46533,0.46756,0.37647,0.50588,0.57647,0.54706,0.5,0.5,0.5,0.50588,0.481,0.7695,0.5,0.794,0.5035,0.499,0.5045,0.4955,-0.05,0.011,1.044
0.50978,0.27911,0.50844,0.59378,0.46489,0.46667,0.46533,0.46756,0.37647,0.50588,0.56471,0.5,0.5,0.5,0.5,0.50588,0.4815,0.851,0.5,0.7775,0.5035,0.5005,0.5045,0.4955,-0.045,0.015,1.027,0.59412,0.51176,0.41765,0.36471,0.5,0.5,0.5,0.5,0.44,0.27911,0.53067,0.59289,0.46489,0.46667,0.46533,0.46756,0.59412,0.50588,0.43529,0.44706,0.49412,0.5,0.5,0.50588,0.5065,0.846,0.4625,0.572,0.5035,0.501,0.505,0.495,-0.233,-0.023,1.037
0.49778,0.36178,0.49867,0.52622,0.46444,0.46667,0.46489,0.46667,0.66471,0.94706,0.43529,0.44118,0.47647,0.5,0.5,0.51176,0.493,0.648,0.4175,0.5615,0.5055,0.5,0.5065,0.4995,-0.084,0.012,0.983,0.32353,0.58235,0.56471,0.54706,0.5,0.5,0.5,0.5,0.54844,0.48356,0.45778,0.44978,0.46578,0.468,0.46667,0.46711,0.35882,0.65294,0.56471,0.5,0.5,0.5,0.5,0.5,0.442,0.554,0.4855,0.616,0.4965,0.4945,0.4985,0.4965,-0.011,0.034,1.033
0.46178,0.50311,0.49689,0.45289,0.46622,0.468,0.46667,0.46711,0.25294,0.52941,0.57647,0.5,0.51176,0.5,0.5,0.5,0.443,0.578,0.453,0.716,0.494,0.4945,0.4985,0.4965,-0.005,0.042,1.03,0.75882,0.39412,0.53529,0.5,0.5,0.5,0.5,0.5,0.38044,0.52533,0.53911,0.47289,0.46578,0.46711,0.46578,0.46667,0.71176,0.50588,0.5,0.57647,0.5,0.5,0.5,0.5,0.5075,0.562,0.488,0.7565,0.4965,0.4985,0.5025,0.5,-0.044,0.02,1.047
0.49644,0.52533,0.55467,0.47467,0.46489,0.46711,0.46533,0.46667,0.74118,0.50588,0.51765,0.5,0.50588,0.5,0.5,0.5,0.5155,0.5115,0.503,0.746,0.5035,0.4985,0.5045,0.5,-0.032,0.014,1.027,0.44706,0.58235,0.42353,0.52353,0.5,0.5,0.5,0.5,0.64578,0.46711,0.55156,0.47956,0.46578,0.46711,0.46533,0.46667,0.51176,0.50588,0.42941,0.51765,0.50588,0.5,0.5,0.50588,0.4935,0.543,0.493,0.761,0.4965,0.4985,0.5045,0.497,-0.049,0.004,1.039
0.62978,0.46756,0.51778,0.48,0.46578,0.46711,0.46533,0.46711,0.47647,0.5,0.45294,0.5,0.50588,0.5,0.5,0.50588,0.492,0.596,0.469,0.812,0.4965,0.4985,0.5045,0.4975,-0.026,0.013,1.034,0.41176,0.56471,0.53529,0.48824,0.5,0.5,0.5,0.5,0.57644,0.51422,0.48,0.48356,0.46533,0.46667,0.46533,0.46667,0.43529,0.63529,0.53529,0.5,0.50588,0.5,0.5,0.5,0.488,0.6105,0.491,0.844,0.5,0.501,0.5045,0.5,-0.065,0.014,1.014
0.54044,0.57644,0.49822,0.48356,0.46489,0.46667,0.46533,0.46667,0.44118,0.65882,0.54706,0.5,0.50588,0.5,0.5,0.5,0.481,0.575,0.49,0.8155,0.496,0.501,0.5045,0.5,-0.049,0.0,1.028,0.35882,0.52941,0.38824,0.5,0.5,0.5,0.5,0.5,0.472,0.67911,0.50089,0.532,0.46578,0.47244,0.46667,0.46711,0.41176,0.55294,0.38235,0.52353,0.49412,0.5,0.5,0.50588,0.4495,0.5205,0.397,0.553,0.4945,0.474,0.4985,0.4965,0.045,0.116,1.015
0.372,0.70356,0.44933,0.53333,0.46578,0.47244,0.46667,0.46667,0.28235,0.54706,0.38235,0.5,0.50588,0.5,0.5,0.5,0.4815,0.513,0.3705,0.545,0.4945,0.4725,0.4995,0.5,-0.175,0.002,1.075,0.62353,0.45882,0.61176,0.4,0.5,0.5,0.5,0.5,0.27778,0.76667,0.37644,0.54578,0.46178,0.46756,0.46667,0.46978,0.48824,0.59412,0.54118,0.49412,0.51176,0.5,0.5,0.5,0.522,0.468,0.5775,0.327,0.5055,0.4965,0.497,0.495,0.069,0.091,1.043
0.27822,0.77156,0.41289,0.52578,0.46356,0.46711,0.46711,0.46933,0.5,0.51176,0.53529,0.42353,0.50588,0.5,0.5,0.5,0.6025,0.4445,0.678,0.178,0.505,0.4975,0.497,0.495,0.001,0.053,1.08,0.63529,0.11765,0.47059,0.43529,0.5,0.5,0.5,0.5,0.27689,0.76978,0.44667,0.46978,0.46533,0.46578,0.46622,0.46844,0.50588,0.42353,0.5,0.41176,0.50588,0.5,0.5,0.49412,0.7855,0.163,0.7875,0.0685,0.4995,0.5045,0.4995,0.496,0.017,0.018,1.022
0.33822,0.65422,0.44667,0.468,0.46533,0.46578,0.46489,0.46756,0.50588,0.25882,0.5,0.5,0.50588,0.5,0.5,0.5,0.8265,0.222,0.7165,0.0005,0.5,0.505,0.507,0.496,0.01,0.042,1.01,0.54706,0.46471,0.48235,0.48824,0.5,0.5,0.5,0.5,0.42133,0.432,0.44622,0.468,0.46489,0.46533,0.464,0.46711,0.5,0.38824,0.5,0.5,0.5,0.5,0.5,0.50588,0.761,0.25,0.6075,0.0,0.503,0.507,0.5115,0.495,0.05,0.013,0.98
0.45156,0.34356,0.44044,0.59422,0.46489,0.46978,0.468,0.46711,1.05882,-0.04118,0.5,0.88824,0.51176,0.55882,0.51176,0.48824,0.6775,0.4195,0.591,0.368,0.4995,0.49,0.494,0.4965,0.025,0.073,1.021,0.38824,0.57059,0.51765,0.40588,0.5,0.5,0.5,0.5,0.62444,0.22622,0.43289,0.69156,0.46622,0.47067,0.46711,0.46667,0.42353,0.5,0.5,0.5,0.50588,0.5,0.5,0.5,0.4935,0.507,0.6055,0.499,0.494,0.482,0.498,0.496,-0.056,0.07,1.029
0.57067,0.24133,0.43333,0.69067,0.46578,0.47067,0.46711,0.46667,0.38235,0.51765,0.5,0.5,0.5,0.5,0.5,0.5,0.4925,0.5155,0.6465,0.5,0.4965,0.482,0.498,0.5,-0.03,0.069,1.031,0.54118,0.7,0.41765,0.37647,0.5,0.5,0.5,0.5,0.49556,0.30978,0.44222,0.688,0.46444,0.47022,0.46711,0.46756,0.50588,0.70588,0.39412,0.48824,0.50588,0.5,0.51176,0.5,0.513,0.553,0.5165,0.5015,0.5045,0.484,0.4975,0.4965,0.004,0.083,1.017
0.536,0.44356,0.4,0.67822,0.46489,0.47022,0.46667,0.46667,0.52353,0.71176,0.42941,0.48235,0.5,0.5,0.5,0.5,0.506,0.522,0.5225,0.5045,0.5035,0.483,0.4985,0.5,-0.046,0.104,1.033,0.36471,0.58824,0.49412,0.38235,0.5,0.5,0.5,0.5,0.53911,0.6,0.35244,0.66178,0.46444,0.47067,0.46711,0.46711,0.32353,0.61176,0.5,0.49412,0.5,0.5,0.5,0.5,0.4835,0.515,0.507,0.5025,0.506,0.482,0.4975,0.4945,-0.058,0.071,1.008
0.44044,0.664,0.34889,0.66267,0.46356,0.47067,0.46711,0.47156,0.32353,0.61176,0.48824,0.5,0.5,0.5,0.5,0.52941,0.4945,0.507,0.508,0.4995,0.506,0.482,0.4965,0.494,0.025,0.132,1.042,0.57059,0.21176,0.64118,0.3,0.5,0.5,0.5,0.5,0.34533,0.68933,0.348,0.69867,0.46089,0.47111,0.46667,0.468,0.5,0.28824,0.62353,0.5,0.5,0.5,0.5,0.48235,0.5355,0.4325,0.7205,0.4985,0.505,0.48,0.4975,0.4945,-0.053,0.112,1.021
0.34489,0.62222,0.40178,0.69822,0.46089,0.47111,0.46667,0.46178,0.5,0.37647,0.60588,0.5,0.5,0.5,0.5,0.5,0.5805,0.2865,0.809,0.5,0.505,0.48,0.4985,0.505,-0.105,0.148,1.009,0.69412,0.47059,0.45882,0.37059,0.5,0.5,0.5,0.5,0.344,0.51467,0.46178,0.69867,0.46133,0.47111,0.46667,0.45956,0.5,0.50588,0.5,0.5,0.50588,0.5,0.5,0.5,0.7925,0.182,0.858,0.5,0.5045,0.48,0.4985,0.505,-0.072,0.129,0.999
0.344,0.51467,0.46178,0.69867,0.46133,0.47111,0.46667,0.45956,0.5,0.50588,0.5,0.5,0.50588,0.5,0.5,0.5,0.847,0.163,0.7585,0.5,0.5045,0.48,0.4985,0.505,-0.071,0.119,1.011,0.61176,0.35294,0.48235,0.32941,0.5,0.5,0.5,0.5,0.344,0.51467,0.46133,0.69911,0.46133,0.47111,0.46667,0.45911,0.5,0.5,0.48824,0.5,0.50588,0.5,0.5,0.5,0.8395,0.169,0.618,0.5,0.505,0.48,0.4985,0.505,-0.053,0.097,1.041
0.36133,0.50133,0.44578,0.69867,0.46178,0.47111,0.46667,0.45867,0.50588,0.5,0.5,0.5,0.50588,0.5,0.5,0.5,0.8345,0.173,0.6455,0.5,0.505,0.48,0.4985,0.505,-0.062,0.126,1.012,0.53529,0.48235,0.51176,0.38235,0.5,0.5,0.5,0.5,0.36178,0.54178,0.44089,0.70044,0.46178,0.47111,0.46667,0.46667,0.51176,0.92353,0.5,0.5,0.50588,0.5,0.5,0.48235,0.785,0.5,0.637,0.4985,0.5055,0.48,0.498,0.5,-0.027,0.163,0.938
0.19867,0.648,0.44267,0.70044,0.45556,0.47289,0.46711,0.46578,0.1,0.67059,0.5,0.5,0.48235,0.5,0.5,0.52353,0.5,0.5,0.6575,0.5,0.5065,0.4715,0.497,0.4965,0.019,0.263,0.963,0.88235,0.29412,0.51765,0.30588,0.5,0.5,0.5,0.5,0.01467,0.71378,0.468,0.70044,0.46133,0.47067,0.46667,0.46578,0.49412,0.51176,0.51176,0.5,0.50588,0.5,0.5,0.5,0.5,0.5,0.5995,0.5,0.5055,0.4815,0.498,0.5055,0.012,0.181,1.012
0.01244,0.71467,0.47422,0.70044,0.46178,0.47067,0.46667,0.46578,0.49412,0.50588,0.51765,0.5,0.50588,0.5,0.5,0.5,0.5,0.5,0.612,0.5,0.5055,0.4815,0.498,0.506,0.008,0.191,1.021,0.72941,0.24706,0.41765,0.27059,0.5,0.5,0.5,0.5,-0.00933,0.71689,0.47689,0.70044,0.46267,0.47067,0.46711,0.46533,0.49412,0.50588,0.42353,0.5,0.51176,0.5,0.5,0.5,0.5,0.5,0.507,0.5,0.5055,0.4815,0.498,0.506,0.014,0.189,1.017
-0.01244,0.71733,0.44089,0.70044,0.46444,0.46756,0.46667,0.46533,0.51176,0.50588,0.42941,0.5,0.5,0.5,0.5,0.5,0.5,0.5,0.4895,0.5,0.5035,0.497,0.4985,0.506,0.024,0.17,1.017,0.73529,0.27059,0.52941,0.39412,0.5,0.5,0.5,0.5,-0.01111,0.71867,0.40089,0.70089,0.46444,0.46711,0.46667,0.46533,0.5,0.50588,0.50588,0.5,0.50588,0.5,0.5,0.5,0.5,0.5,0.494,0.5,0.506,0.498,0.4985,0.5055,0.024,0.187,1.018
-0.01289,0.71867,0.41556,0.70044,0.46444,0.46711,0.46667,0.46533,0.5,0.50588,0.51765,0.5,0.49412,0.5,0.5,0.50588,0.5,0.5,0.5,0.5,0.5035,0.4985,0.4985,0.506,0.023,0.181,1.011,0.77647,0.49412,0.46471,0.27647,0.5,0.5,0.5,0.5,-0.01289,0.71911,0.42089,0.70089,0.46489,0.46756,0.46711,0.46533,0.5,0.5,0.48235,0.5,0.51176,0.5,0.5,0.50588,0.5,0.5,0.496,0.5,0.5035,0.498,0.498,0.506,0.028,0.177,1.02
-0.01289,0.71911,0.40844,0.70089,0.46444,0.46711,0.46667,0.46533,0.5,0.50588,0.47059,0.5,0.5,0.5,0.5,0.5,0.5,0.5,0.47,0.5,0.5055,0.4975,0.4985,0.506,0.03,0.177,1.019,0.87059,0.28235,0.62353,0.36471,0.5,0.5,0.5,0.5,-0.012,0.71956,0.42222,0.70089,0.46489,0.46711,0.46667,0.46578,0.48824,0.50588,0.60588,0.5,0.51176,0.5,0.5,0.50588,0.5,0.5,0.502,0.5,0.5025,0.4985,0.4985,0.506,0.009,0.173,1.021
-0.01556,0.72089,0.47422,0.70044,0.46489,0.46756,0.46711,0.46578,0.48824,0.50588,0.58824,0.5,0.50588,0.5,0.5,0.50588,0.5,0.5,0.564,0.5,0.5035,0.4965,0.4975,0.5055,-0.011,0.164,1.021,0.88235,0.35882,0.38824,0.34706,0.5,0.5,0.5,0.5,-0.06133,0.72311,0.52178,0.70089,0.46578,0.46756,0.46667,0.46533,0.48824,0.51176,0.41765,0.5,0.51176,0.5,0.5,0.49412,0.5,0.5,0.5025,0.5,0.494,0.497,0.4975,0.5055,0.014,0.175,1.01
-0.06267,0.72444,0.472,0.70089,0.46444,0.46711,0.46667,0.46533,0.5,0.50588,0.41765,0.5,0.5,0.5,0.5,0.50588,0.5,0.5,0.475,0.5,0.504,0.498,0.4985,0.5055,0.007,0.169,0.982,1.05882,0.35882,0.54118,0.24118,0.5,0.5,0.5,0.5,-0.05244,0.72711,0.41644,0.70089,0.46444,0.46711,0.46667,0.46622,0.51765,0.5,0.54706,0.5,0.5,0.5,0.5,0.50588,0.5,0.5,0.4895,0.5,0.506,0.4985,0.498,0.5035,0.027,0.173,1.014
-0.05244,0.72711,0.43689,0.70089,0.46444,0.46711,0.46711,0.46622,0.50588,0.5,0.52941,0.5,0.49412,0.5,0.5,0.5,0.5,0.5,0.498,0.5,0.5035,0.4985,0.4975,0.5035,0.025,0.18,1.018,0.86471,0.48235,0.41765,0.38824,0.5,0.5,0.5,0.5,-0.052,0.72667,0.43778,0.70089,0.46489,0.46756,0.46711,0.46578,0.5,0.50588,0.42941,0.5,0.5,0.5,0.5,0.50588,0.5,0.5,0.4725,0.5,0.5035,0.4975,0.4975,0.5055,0.039,0.192,1.02
-0.04978,0.72756,0.40578,0.70089,0.46444,0.46756,0.46667,0.46578,0.51765,0.50588,0.46471,0.5,0.50588,0.5,0.5,0.50588,0.5,0.5,0.427,0.5,0.506,0.497,0.498,0.5035,0.055,0.134,0.943,0.85294,0.32353,0.61176,0.34706,0.5,0.5,0.5,0.5,-0.02533,0.72622,0.37733,0.70089,0.46489,0.46711,0.46711,0.46578,0.52941,0.48235,0.60588,0.5,0.50588,0.5,0.5,0.49412,0.5,0.5,0.506,0.5,0.5035,0.499,0.4975,0.506,0.022,0.172,1.016
0.51511,0.47733,0.48089,0.46978,0.46356,0.47422,0.46578,0.46533,0.50588,0.50588,0.5,0.5,0.5,0.5,0.5,0.50588,0.4915,0.494,0.4965,0.493,0.503,0.5,0.5,0.5,0.018,0.014,1.038,0.48824,0.54118,0.50588,0.54706,0.5,0.5,0.5,0.5,0.51511,0.48933,0.48222,0.48444,0.46356,0.47422,0.46622,0.46533,0.50588,0.56471,0.5,0.53529,0.5,0.5,0.5,0.50588,0.4895,0.504,0.498,0.4995,0.503,0.5,0.497,0.5,0.028,0.027,1.035
0.51556,0.51067,0.48578,0.50533,0.46356,0.47511,0.46667,0.46533,0.5,0.54706,0.50588,0.54706,0.5,0.5,0.5,0.50588,0.4855,0.506,0.496,0.5105,0.503,0.4955,0.496,0.5,0.009,0.021,1.039,0.62353,0.51176,0.42353,0.36471,0.5,0.5,0.5,0.5,0.53467,0.53556,0.47422,0.49111,0.46311,0.47511,0.46622,0.46489,0.6,0.54706,0.43529,0.37059,0.49412,0.5,0.5,0.5,0.504,0.506,0.446,0.494,0.505,0.4955,0.497,0.5035,0.056,0.023,1.015
0.59778,0.54667,0.428,0.43289,0.46356,0.47422,0.46489,0.46489,0.63529,0.52941,0.41176,0.38235,0.50588,0.5,0.5,0.50588,0.502,0.4935,0.4795,0.4465,0.503,0.499,0.5035,0.503,0.084,-0.0,1.019,0.48824,0.35294,0.61765,0.60588,0.5,0.5,0.5,0.5,0.66311,0.56978,0.40533,0.38222,0.464,0.47422,0.46489,0.46578,0.48235,0.49412,0.60588,0.61176,0.49412,0.5,0.5,0.5,0.4935,0.4285,0.5585,0.4955,0.497,0.499,0.504,0.4965,0.089,-0.001,1.041
0.65378,0.51644,0.46178,0.43867,0.46356,0.47378,0.46444,0.46578,0.48235,0.35294,0.57647,0.61176,0.50588,0.49412,0.5,0.50588,0.5,0.409,0.5755,0.4615,0.503,0.5,0.506,0.4965,0.073,-0.002,0.998,0.34706,0.43529,0.41176,0.4,0.5,0.5,0.5,0.5,0.60222,0.31644,0.51822,0.48044,0.464,0.47467,0.46533,0.46578,0.37059,0.42353,0.41176,0.41765,0.50588,0.5,0.5,0.5,0.491,0.494,0.497,0.3995,0.497,0.4985,0.502,0.4945,0.124,0.021,1.034
0.55911,0.304,0.48356,0.42311,0.46489,0.47911,0.46578,0.46489,0.39412,0.50588,0.44118,0.21176,0.50588,0.54118,0.5,0.50588,0.462,0.4835,0.4495,0.426,0.495,0.478,0.4995,0.5035,0.198,0.047,1.012,0.61765,0.84706,0.46471,0.63529,0.5,0.5,0.5,0.5,0.532,0.33244,0.46578,0.38311,0.46444,0.48,0.46578,0.46578,0.51176,0.77647,0.5,0.54118,0.51176,0.5,0.5,0.49412,0.4535,0.5255,0.23,0.5555,0.497,0.4715,0.499,0.4955,0.084,0.016,1.053
0.55689,0.43244,0.452,0.41733,0.46444,0.47956,0.46533,0.46622,0.6,0.75294,0.4,0.75882,0.5,0.5,0.5,0.5,0.485,0.6105,0.204,0.729,0.4975,0.4735,0.5015,0.495,-0.102,-0.016,1.034,0.49412,0.59412,0.45294,0.57059,0.5,0.5,0.5,0.5,0.63822,0.768,0.39022,0.55956,0.46222,0.48533,0.46622,0.46533,0.50588,0.58235,0.31176,0.52941,0.50588,0.5,0.5,0.50588,0.467,0.5085,0.324,0.538,0.505,0.4445,0.498,0.5,-0.014,0.069,1.035
0.63778,0.80444,0.34044,0.59511,0.46222,0.48489,0.46622,0.46533,0.5,0.59412,0.44118,0.57647,0.50588,0.5,0.5,0.50588,0.4635,0.5145,0.448,0.537,0.505,0.446,0.498,0.503,0.08,0.086,1.024,0.31765,0.11176,0.64706,0.33529,0.5,0.5,0.5,0.5,0.63778,0.76711,0.352,0.58844,0.46178,0.48489,0.46533,0.46356,0.5,0.11765,0.63529,0.35294,0.5,0.5,0.49412,0.49412,0.3475,0.486,0.498,0.499,0.505,0.446,0.5005,0.5055,0.066,0.139,0.982
0.52489,0.62311,0.43022,0.54222,0.46311,0.48267,0.46356,0.464,0.18824,0.34118,0.62941,0.42353,0.51176,0.47059,0.49412,0.50588,0.422,0.409,0.5,0.3285,0.5025,0.456,0.509,0.5045,0.268,0.108,0.909,0.51176,0.42941,0.42353,0.52941,0.5,0.5,0.5,0.5,0.31511,0.42533,0.48533,0.47111,0.46356,0.47422,0.46044,0.46489,0.5,0.50588,0.44118,0.5,0.50588,0.5,0.5,0.50588,0.509,0.3395,0.5015,0.2495,0.503,0.498,0.524,0.503,0.143,0.021,1.019
0.32489,0.37156,0.44978,0.47111,0.46356,0.47422,0.46044,0.46489,0.54706,0.35294,0.42353,0.5,0.50588,0.5,0.5,0.50588,0.507,0.3875,0.4955,0.32,0.503,0.499,0.5245,0.5035,0.172,0.035,1.0,0.51176,0.78235,0.45294,0.55294,0.5,0.5,0.5,0.5,0.34578,0.30756,0.392,0.48133,0.464,0.47422,0.46089,0.46533,0.51176,0.63529,0.47059,0.54118,0.50588,0.5,0.5,0.50588,0.504,0.5105,0.4805,0.438,0.497,0.499,0.523,0.4965,0.11,0.033,0.987
0.35289,0.45689,0.37333,0.49956,0.46311,0.47467,0.46533,0.46489,0.51176,0.79412,0.42941,0.51765,0.5,0.50588,0.53529,0.5,0.496,0.507,0.455,0.4805,0.505,0.498,0.505,0.5035,0.098,0.019,1.029,0.59412,0.35882,0.52353,0.44706,0.5,0.5,0.5,0.5,0.38311,0.60356,0.344,0.52667,0.46356,0.47422,0.46533,0.46533,0.57647,0.41765,0.52353,0.49412,0.5,0.5,0.50588,0.5,0.508,0.482,0.498,0.415,0.503,0.499,0.5015,0.5,0.083,0.032,1.036
0.42667,0.53067,0.34889,0.51733,0.46311,0.47422,0.46489,0.46444,0.57647,0.38824,0.5,0.5,0.49412,0.5,0.5,0.51176,0.5105,0.481,0.5305,0.332,0.503,0.499,0.5035,0.503,0.096,0.042,1.026,0.51176,0.33529,0.64118,0.43529,0.5,0.5,0.5,0.5,0.46133,0.50133,0.38444,0.50622,0.46311,0.47422,0.46444,0.46489,0.5,0.48824,0.57647,0.5,0.5,0.5,0.5,0.51176,0.526,0.333,0.6545,0.1335,0.504,0.499,0.505,0.5025,0.1,0.043,1.038
0.46044,0.45022,0.436,0.49822,0.46311,0.47422,0.46444,0.46444,0.49412,0.28235,0.64118,0.46471,0.50588,0.5,0.5,0.50588,0.5325,0.297,0.7535,0.02,0.5025,0.499,0.5055,0.5025,0.016,0.092,0.763,0.45294,0.59412,0.37647,0.48235,0.5,0.5,0.5,0.5,0.49067,0.21289,0.54889,0.35422,0.47022,0.48933,0.46578,0.46533,0.74118,0.54118,0.48824,0.50588,0.50588,0.5,0.50588,0.5,0.493,0.506,0.42,0.489,0.495,0.4245,0.5005,0.4965,0.012,0.132,0.96
0.504,0.25778,0.49556,0.34756,0.47156,0.48978,0.46578,0.46533,0.5,0.58235,0.41176,0.47059,0.50588,0.5,0.5,0.5,0.475,0.507,0.371,0.48,0.495,0.423,0.499,0.4965,0.037,0.155,1.0,0.35882,0.75882,0.43529,0.61176,0.5,0.5,0.5,0.5,0.504,0.37511,0.42089,0.35244,0.472,0.48933,0.46578,0.46622,0.50588,0.67647,0.5,0.50588,0.50588,0.5,0.5,0.51176,0.3665,0.5285,0.2765,0.581,0.495,0.4235,0.499,0.4945,0.092,0.152,1.026
0.41156,0.44844,0.40711,0.37156,0.46222,0.47644,0.456,0.47378,0.32353,0.68235,0.5,0.55882,0.50588,0.35882,0.39412,0.50588,0.4045,0.6065,0.185,0.7595,0.5045,0.4705,0.5415,0.4945,-0.06,-0.021,0.949,0.73529,0.47647,0.54706,0.60588,0.5,0.5,0.5,0.5,0.31111,0.65556,0.32,0.47689,0.46311,0.47422,0.45422,0.46311,0.77647,0.67647,0.54706,0.75294,0.53529,0.5,0.5,0.5,0.509,0.5115,0.495,0.755,0.4965,0.499,0.554,0.5055,0.061,-0.004,1.043
0.42756,0.67422,0.34267,0.53644,0.46356,0.47422,0.45422,0.46356,0.74706,0.54118,0.52941,0.50588,0.5,0.5,0.5,0.50588,0.512,0.4935,0.5,0.7175,0.503,0.499,0.554,0.505,-0.011,0.04,1.044,0.44706,0.31765,0.62353,0.38235,0.5,0.5,0.5,0.5,0.55867,0.604,0.38933,0.60133,0.46311,0.47422,0.45822,0.46444,0.45294,0.42941,0.58235,0.44706,0.50588,0.5,0.5,0.50588,0.5,0.4915,0.603,0.5235,0.505,0.4985,0.5355,0.5055,-0.097,-0.002,1.03
0.51822,0.556,0.43467,0.55733,0.46356,0.47422,0.45822,0.46356,0.44118,0.34706,0.57647,0.45294,0.50588,0.5,0.5,0.5,0.509,0.4575,0.686,0.4455,0.5025,0.4985,0.5345,0.505,-0.053,0.018,1.05,0.58235,0.52353,0.44118,0.45882,0.5,0.5,0.5,0.5,0.47467,0.472,0.49733,0.48444,0.46356,0.47422,0.45733,0.46489,0.51176,0.40588,0.5,0.45882,0.5,0.5,0.5,0.50588,0.554,0.454,0.6465,0.3965,0.5025,0.4985,0.539,0.5035,-0.031,-0.002,1.051
0.50622,0.46133,0.48756,0.45556,0.46311,0.47422,0.45689,0.46622,0.65294,0.54706,0.47647,0.38824,0.50588,0.5,0.5,0.51176,0.56,0.468,0.548,0.4305,0.503,0.4985,0.5405,0.494,0.02,0.031,1.027,0.33529,0.37647,0.54118,0.45294,0.5,0.5,0.5,0.5,0.55911,0.40978,0.45422,0.41778,0.46356,0.47467,0.45778,0.46622,0.32941,0.37647,0.5,0.5,0.50588,0.5,0.5,0.49412,0.4945,0.486,0.605,0.4255,0.503,0.4975,0.537,0.494,-0.002,0.069,1.06
0.47156,0.348,0.45911,0.388,0.46489,0.47556,0.46356,0.46622,0.32353,0.36471,0.50588,0.44118,0.50588,0.5,0.51176,0.50588,0.5065,0.485,0.6835,0.4525,0.495,0.493,0.511,0.494,-0.022,0.027,1.058,0.77647,0.45882,0.45882,0.57059,0.5,0.5,0.5,0.5,0.35956,0.25289,0.48089,0.37689,0.46311,0.48,0.46578,0.46578,0.61765,0.45882,0.5,0.57059,0.5,0.5,0.5,0.5,0.6645,0.4905,0.631,0.4995,0.505,0.4715,0.4995,0.4965,-0.082,0.056,1.035
0.49511,0.23778,0.468,0.41289,0.46311,0.48,0.46578,0.46578,0.94706,0.46471,0.47647,0.56471,0.50588,0.5,0.5,0.5,0.622,0.4865,0.592,0.5,0.505,0.4715,0.4995,0.4965,-0.125,0.031,0.962,0.16471,0.51765,0.52941,0.58824,0.5,0.5,0.5,0.5,0.72044,0.19244,0.456,0.47778,0.46489,0.48,0.46533,0.46578,0.38235,0.51176,0.5,0.57647,0.50588,0.5,0.5,0.5,0.4365,0.506,0.5775,0.514,0.495,0.47,0.501,0.4965,-0.044,0.102,1.077
0.62,0.19244,0.48444,0.51467,0.46489,0.48,0.46622,0.46578,0.25294,0.5,0.54706,0.55882,0.50588,0.5,0.5,0.50588,0.358,0.5095,0.515,0.5495,0.496,0.47,0.498,0.4945,-0.016,0.127,1.004,0.53529,0.70588,0.45294,0.44118,0.5,0.5,0.5,0.5,0.292,0.18444,0.49422,0.53422,0.46267,0.48,0.46578,0.46622,0.5,0.51176,0.5,0.5,0.50588,0.5,0.5,0.50588,0.514,0.6365,0.4765,0.615,0.505,0.471,0.499,0.495,-0.061,0.071,1.023
0.30133,0.21733,0.47556,0.51111,0.46311,0.48,0.46533,0.46622,0.60588,0.59412,0.45294,0.45882,0.50588,0.5,0.5,0.50588,0.518,0.7565,0.451,0.582,0.505,0.4715,0.5015,0.495,-0.087,0.063,1.008,0.48824,0.69412,0.58824,0.55882,0.5,0.5,0.5,0.5,0.33689,0.28178,0.46533,0.47822,0.46311,0.47822,0.46489,0.46667,0.50588,0.50588,0.57647,0.5,0.49412,0.5,0.5,0.50588,0.5065,0.855,0.5075,0.665,0.5035,0.481,0.5035,0.4955,-0.05,0.065,1.019
0.33556,0.28178,0.49956,0.48222,0.46356,0.47822,0.46489,0.46667,0.48824,0.50588,0.57059,0.54118,0.50588,0.5,0.5,0.50588,0.5065,0.8435,0.558,0.7885,0.503,0.48,0.5035,0.495,-0.228,0.047,0.997,0.44118,0.68235,0.46471,0.4,0.5,0.5,0.5,0.5,0.31733,0.46,0.55778,0.51156,0.464,0.47422,0.46222,0.46667,0.5,0.59412,0.47059,0.5,0.5,0.5,0.5,0.51176,0.493,0.7345,0.4735,0.6585,0.497,0.5,0.516,0.495,-0.139,0.04,1.054
0.30178,0.58044,0.54267,0.464,0.464,0.47422,0.46222,0.46667,0.43529,0.88824,0.47647,0.41765,0.50588,0.5,0.5,0.5,0.487,0.6265,0.4605,0.6405,0.497,0.5,0.516,0.4945,0.102,0.091,1.075,0.84118,0.25294,0.50588,0.6,0.5,0.5,0.5,0.5,0.31778,0.764,0.51244,0.43867,0.46311,0.47511,0.46622,0.46622,0.75294,0.28824,0.5,0.67647,0.51176,0.5,0.5,0.5,0.548,0.483,0.512,0.641,0.503,0.4955,0.497,0.4945,-0.097,0.068,1.001
0.476,0.65733,0.51067,0.50844,0.46311,0.47511,0.46489,0.46444,0.85882,0.3,0.49412,0.64118,0.5,0.5,0.5,0.48235,0.558,0.4645,0.5345,0.5475,0.5025,0.4955,0.502,0.506,0.052,0.034,1.109,0.45294,0.37647,0.42941,0.39412,0.5,0.5,0.5,0.5,0.71689,0.49289,0.49733,0.55289,0.46356,0.47333,0.45778,0.45822,0.50588,0.31765,0.43529,0.48235,0.50588,0.5,0.5,0.5,0.5065,0.4495,0.5,0.4495,0.503,0.503,0.536,0.5055,0.066,0.011,1.015
0.69733,0.39511,0.45911,0.51067,0.464,0.47378,0.45689,0.46756,0.43529,0.25294,0.44118,0.42353,0.50588,0.5,0.5,0.51176,0.496,0.485,0.5,0.394,0.497,0.502,0.541,0.494,0.074,0.036,1.045,0.28235,0.8,0.55882,0.44706,0.5,0.5,0.5,0.5,0.63911,0.33778,0.42756,0.416,0.46444,0.47644,0.464,0.46844,0.34118,0.77647,0.58824,0.39412,0.50588,0.5,0.5,0.5,0.465,0.544,0.5595,0.463,0.4945,0.489,0.5075,0.494,-0.03,0.042,1.024
0.52578,0.51689,0.46578,0.37778,0.46444,0.47644,0.46533,0.46711,0.27647,0.82353,0.59412,0.44706,0.50588,0.5,0.5,0.5,0.4685,0.5215,0.52,0.513,0.495,0.489,0.5015,0.494,0.032,0.085,1.044,0.61765,0.52941,0.45294,0.57647,0.5,0.5,0.5,0.5,0.37867,0.70844,0.50933,0.36222,0.46267,0.47956,0.46578,0.46622,0.55882,0.52353,0.49412,0.58235,0.5,0.5,0.5,0.5,0.516,0.516,0.405,0.561,0.505,0.4745,0.498,0.494,-0.013,0.091,1.034
0.45378,0.72489,0.47867,0.40489,0.46222,0.47956,0.46578,0.46622,0.68824,0.54706,0.45294,0.57647,0.5,0.5,0.5,0.5,0.507,0.515,0.435,0.5455,0.505,0.4745,0.4985,0.494,0.009,0.084,1.029,0.29412,0.37059,0.55294,0.45882,0.5,0.5,0.5,0.5,0.54044,0.72444,0.45956,0.44089,0.46267,0.48,0.46578,0.46578,0.42353,0.41765,0.51176,0.5,0.50588,0.5,0.5,0.50588,0.4095,0.494,0.477,0.5255,0.505,0.4725,0.499,0.4945,0.025,0.082,1.04
0.40222,0.67556,0.49022,0.42222,0.46311,0.47956,0.46489,0.46533,0.15882,0.42353,0.55882,0.45294,0.50588,0.5,0.5,0.5,0.4645,0.4855,0.46,0.512,0.505,0.4745,0.5035,0.5,0.039,0.053,1.046,0.48824,0.4,0.43529,0.52941,0.5,0.5,0.5,0.5,0.24578,0.63956,0.51333,0.4,0.46356,0.47467,0.45822,0.46578,0.5,0.44706,0.43529,0.5,0.51176,0.5,0.5,0.50588,0.4885,0.4035,0.396,0.5485,0.5025,0.4975,0.534,0.4965,0.044,0.028,1.018
0.24044,0.612,0.464,0.416,0.46311,0.47422,0.45556,0.46489,0.5,0.42353,0.4,0.54118,0.48824,0.5,0.49412,0.49412,0.4885,0.3635,0.4735,0.5445,0.503,0.499,0.547,0.503,0.049,0.021,1.025,0.68235,0.29412,0.53529,0.45882,0.5,0.5,0.5,0.5,0.26889,0.45289,0.43244,0.44444,0.464,0.47378,0.45333,0.46978,0.66471,0.18824,0.52941,0.5,0.5,0.50588,0.50588,0.53529,0.5095,0.43,0.502,0.4285,0.5,0.5005,0.5585,0.494,0.01,0.077,1.003
0.32489,0.264,0.43289,0.41378,0.46222,0.47867,0.46667,0.46444,0.49412,0.32353,0.49412,0.41765,0.5,0.53529,0.5,0.51176,0.55,0.492,0.5795,0.4725,0.5045,0.4795,0.496,0.5055,0.074,0.146,1.079,0.67647,0.69412,0.44706,0.62941,0.5,0.5,0.5,0.5,0.36133,0.18267,0.432,0.42444,0.45378,0.48267,0.46489,0.46622,0.53529,0.62353,0.49412,0.6,0.5,0.5,0.5,0.50588,0.716,0.5155,0.6015,0.511,0.5055,0.4575,0.5015,0.4945,-0.074,0.096,1.029
0.53067,0.24356,0.41067,0.47244,0.45378,0.48267,0.46489,0.46667,0.84706,0.65882,0.45294,0.57059,0.5,0.5,0.5,0.50588,0.582,0.553,0.5745,0.5945,0.506,0.4575,0.503,0.4945,-0.047,0.12,0.952,0.41176,0.49412,0.55882,0.37059,0.5,0.5,0.5,0.5,0.70089,0.29733,0.38933,0.51511,0.45511,0.48222,0.46222,0.46667,0.44706,0.5,0.50588,0.41765,0.50588,0.5,0.5,0.5,0.494,0.6315,0.618,0.55,0.5055,0.4595,0.516,0.4945,-0.13,0.057,1.048
0.66044,0.34267,0.40044,0.45467,0.45511,0.48222,0.46222,0.46622,0.41176,0.61765,0.58235,0.4,0.50588,0.5,0.5,0.5,0.4935,0.556,0.7105,0.508,0.505,0.4595,0.516,0.4945,-0.082,0.063,1.027,0.55294,0.65294,0.49412,0.61765,0.5,0.5,0.5,0.5,0.60178,0.43333,0.42133,0.40667,0.45511,0.48222,0.46311,0.46667,0.5,0.57059,0.5,0.55882,0.50588,0.5,0.5,0.50588,0.5155,0.5235,0.768,0.5755,0.505,0.4595,0.5115,0.4945,-0.092,0.068,1.025
0.60667,0.45378,0.42889,0.43956,0.45556,0.48178,0.46178,0.46622,0.50588,0.50588,0.5,0.55294,0.50588,0.5,0.5,0.5,0.534,0.5995,0.718,0.7065,0.505,0.4605,0.5165,0.495,-0.151,0.044,1.006,0.22941,0.41176,0.44118,0.54118,0.5,0.5,0.5,0.5,0.60578,0.49156,0.45111,0.48,0.45733,0.47467,0.46044,0.46622,0.25294,0.50588,0.46471,0.5,0.49412,0.5,0.5,0.50588,0.4845,0.6045,0.503,0.91,0.505,0.4975,0.524,0.4955,-0.107,0.045,1.046
0.50578,0.49111,0.44267,0.49378,0.45911,0.47511,0.46044,0.46622,0.27059,0.5,0.49412,0.5,0.50588,0.5,0.5,0.49412,0.4505,0.544,0.401,0.9425,0.505,0.4955,0.524,0.496,-0.174,0.008,1.11,0.47059,0.32941,0.58824,0.41176,0.5,0.5,0.5,0.5,0.296,0.41333,0.41822,0.54,0.46311,0.47378,0.45422,0.46578,0.44706,0.34706,0.58235,0.5,0.51176,0.5,0.5,0.50588,0.49,0.5165,0.5,0.7005,0.502,0.501,0.5535,0.4965,-0.051,0.002,1.044
0.26444,0.31467,0.45644,0.52667,0.46311,0.47467,0.45511,0.46622,0.42941,0.42941,0.55882,0.44706,0.50588,0.5,0.50588,0.5,0.504,0.521,0.5215,0.5505,0.505,0.498,0.551,0.494,-0.045,0.032,1.002,0.71765,0.56471,0.40588,0.56471,0.5,0.5,0.5,0.5,0.23156,0.23511,0.47156,0.48356,0.46222,0.476,0.46356,0.46622,0.50588,0.5,0.40588,0.54118,0.5,0.5,0.5,0.50588,0.618,0.5345,0.5505,0.6085,0.505,0.4915,0.5095,0.4945,-0.061,0.049,1.063
0.34133,0.23467,0.42,0.51333,0.46178,0.47556,0.46356,0.46622,0.76471,0.5,0.42353,0.52941,0.5,0.5,0.5,0.50588,0.5895,0.576,0.567,0.624,0.505,0.4925,0.5095,0.4945,-0.06,0.042,1.034,0.69412,0.87059,0.51765,0.47059,0.5,0.5,0.5,0.5,0.57022,0.27822,0.36889,0.53111,0.46311,0.47422,0.46267,0.46622,0.71765,0.67059,0.5,0.5,0.50588,0.5,0.5,0.49412,0.5465,0.806,0.5725,0.675,0.5025,0.499,0.5125,0.495,-0.045,0.032,1.027
0.69689,0.32044,0.37733,0.53067,0.46311,0.47422,0.46089,0.46578,0.71765,0.50588,0.52353,0.49412,0.51176,0.5,0.5,0.50588,0.5225,0.85,0.5745,0.605,0.502,0.5,0.5225,0.495,-0.07,0.024,1.036,0.34706,0.44118,0.47059,0.37059,0.5,0.5,0.5,0.5,0.79156,0.34133,0.392,0.47244,0.46356,0.47422,0.46044,0.46622,0.37647,0.77647,0.45882,0.36471,0.50588,0.5,0.5,0.50588,0.493,0.7145,0.5065,0.595,0.503,0.5,0.523,0.4945,-0.017,0.065,1.013
0.73556,0.39733,0.37644,0.41644,0.464,0.47511,0.46089,0.46622,0.41176,0.64706,0.47059,0.39412,0.50588,0.5,0.5,0.51176,0.479,0.5935,0.5085,0.5475,0.497,0.4955,0.521,0.4945,-0.001,0.069,1.03,0.31765,0.51176,0.62941,0.52941,0.5,0.5,0.5,0.5,0.67022,0.45956,0.39156,0.35511,0.46356,0.47556,0.46578,0.46578,0.37647,0.55294,0.65294,0.53529,0.5,0.5,0.5,0.5,0.3755,0.508,0.5615,0.5215,0.5025,0.493,0.4985,0.4965,-0.023,0.099,1.022
0.54533,0.46978,0.46489,0.368,0.46311,0.47956,0.46622,0.46533,0.17647,0.5,0.65294,0.50588,0.49412,0.5,0.5,0.5,0.435,0.507,0.5265,0.532,0.503,0.477,0.4965,0.5,-0.044,0.126,0.995,0.45882,0.61765,0.52941,0.62941,0.5,0.5,0.5,0.5,0.33244,0.46933,0.55822,0.39644,0.46311,0.47911,0.46578,0.46533,0.49412,0.5,0.52353,0.51765,0.51176,0.5,0.5,0.5,0.5075,0.5535,0.498,0.6805,0.5025,0.4765,0.4985,0.5,-0.078,0.079,1.023
0.31867,0.47156,0.57378,0.43778,0.46356,0.47644,0.46489,0.46578,0.50588,0.5,0.54118,0.6,0.51176,0.48824,0.5,0.50588,0.506,0.635,0.494,0.8045,0.5005,0.4875,0.502,0.4975,-0.061,0.073,1.037,0.81765,0.42353,0.38824,0.57059,0.5,0.5,0.5,0.5,0.38844,0.47556,0.556,0.51289,0.464,0.47422,0.46044,0.46444,0.84118,0.50588,0.39412,0.55882,0.52353,0.5,0.5,0.50588,0.5155,0.6745,0.4795,0.916,0.4965,0.5,0.5225,0.5045,-0.129,0.028,1.011
0.55067,0.47556,0.49778,0.55778,0.46489,0.47378,0.46,0.46444,0.8,0.50588,0.4,0.6,0.54706,0.5,0.5,0.5,0.517,0.6115,0.4875,0.878,0.496,0.501,0.5255,0.505,-0.123,0.0,1.035,0.39412,0.66471,0.52941,0.32353,0.5,0.5,0.5,0.5,0.752,0.54622,0.43956,0.61689,0.46311,0.47378,0.46356,0.464,0.5,0.81176,0.51176,0.28235,0.45882,0.50588,0.5,0.5,0.483,0.54,0.4975,0.498,0.505,0.5005,0.508,0.5055,0.049,0.045,1.021
0.67556,0.64267,0.45467,0.52844,0.464,0.47378,0.46222,0.46489,0.37647,0.75294,0.52941,0.31765,0.50588,0.5,0.5,0.51176,0.4915,0.5255,0.5,0.499,0.497,0.5015,0.515,0.5035,-0.038,0.072,1.021,0.58235,0.33529,0.5,0.51765,0.5,0.5,0.5,0.5,0.64267,0.78667,0.47067,0.43244,0.464,0.47467,0.46444,0.46489,0.51176,0.44706,0.5,0.51765,0.5,0.5,0.5,0.5,0.4935,0.4485,0.5025,0.5005,0.497,0.4975,0.504,0.5035,0.015,0.037,1.011
0.67333,0.71022,0.46978,0.44133,0.464,0.47378,0.46356,0.46489,0.55882,0.3,0.5,0.51176,0.5,0.5,0.5,0.50588,0.506,0.445,0.506,0.4995,0.497,0.5015,0.5075,0.5035,-0.002,0.014,1.053,0.4,0.29412,0.52941,0.44706,0.5,0.5,0.5,0.5,0.68933,0.61911,0.47467,0.45378,0.46356,0.47333,0.45867,0.46311,0.42941,0.45294,0.51176,0.5,0.5,0.5,0.5,0.5,0.494,0.329,0.5305,0.4065,0.5025,0.503,0.5295,0.505,0.072,0.028,1.03
0.64267,0.54578,0.48711,0.45333,0.46356,0.47333,0.45378,0.46267,0.39412,0.27647,0.51176,0.5,0.50588,0.5,0.48824,0.50588,0.4935,0.2815,0.542,0.28,0.503,0.503,0.5525,0.505,0.17,0.042,0.976,0.49412,0.71765,0.41176,0.58235,0.5,0.5,0.5,0.5,0.592,0.30356,0.48267,0.40311,0.46978,0.48222,0.46444,0.46622,0.55882,0.63529,0.46471,0.59412,0.48824,0.42941,0.5,0.50588,0.4895,0.515,0.5015,0.5015,0.495,0.455,0.5035,0.4945,-0.03,0.044,1.006
0.59378,0.37733,0.46444,0.42133,0.46578,0.48178,0.46444,0.46578,0.5,0.68235,0.49412,0.5,0.51176,0.5,0.5,0.50588,0.4875,0.55,0.383,0.608,0.495,0.461,0.503,0.497,0.006,0.045,1.06,0.59412,0.70588,0.42941,0.6,0.5,0.5,0.5,0.5,0.62889,0.46267,0.40178,0.44756,0.464,0.47778,0.46444,0.46622,0.55294,0.50588,0.49412,0.58235,0.49412,0.46471,0.5,0.5,0.487,0.7425,0.3195,0.8795,0.4975,0.48,0.5035,0.4955,-0.176,0.005,1.013
0.644,0.61644,0.33111,0.47422,0.46356,0.47422,0.464,0.46578,0.53529,1.0,0.45882,0.67059,0.52353,0.50588,0.49412,0.50588,0.508,0.5935,0.4795,0.9385,0.5025,0.5,0.5045,0.4945,0.145,0.138,0.916,0.17647,0.17059,0.58235,0.34706,0.5,0.5,0.5,0.5,0.61022,0.78667,0.27867,0.59067,0.456,0.48489,0.46489,0.46578,-0.11765,0.40588,0.49412,0.4,0.46471,0.5,0.5,0.50588,0.491,0.4545,0.66,0.413,0.505,0.446,0.5015,0.497,0.041,0.194,1.036
0.41289,0.73867,0.30667,0.56133,0.45156,0.48489,0.46444,0.46089,0.16471,0.42941,0.64118,0.44118,0.5,0.5,0.5,0.49412,0.498,0.2665,0.732,0.1835,0.5065,0.446,0.5035,0.5045,0.114,0.13,1.05,0.80588,0.39412,0.61765,0.47647,0.5,0.5,0.5,0.5,0.22444,0.72978,0.38,0.53511,0.45156,0.48489,0.46444,0.45867,0.52941,0.5,0.67059,0.5,0.50588,0.5,0.5,0.50588,0.672,0.185,0.8015,0.0,0.5055,0.446,0.5035,0.504,-0.038,0.118,1.082
0.29956,0.73022,0.39956,0.53467,0.45244,0.48444,0.46444,0.45911,0.75294,0.50588,0.53529,0.5,0.50588,0.5,0.5,0.50588,0.759,0.1955,0.975,0.0,0.5045,0.447,0.5035,0.504,-0.083,0.087,1.011,0.46471,0.24118,0.49412,0.52941,0.5,0.5,0.5,0.5,0.42178,0.72978,0.41156,0.52178,0.456,0.48444,0.46444,0.45911,0.5,0.5,0.5,0.5,0.50588,0.5,0.5,0.50588,0.81,0.197,0.9905,0.053,0.5035,0.448,0.5035,0.5045,-0.04,0.107,1.031
0.42178,0.72978,0.41156,0.52178,0.456,0.48444,0.46444,0.45911,0.50588,0.5,0.5,0.5,0.5,0.5,0.5,0.5,0.7685,0.1955,0.976,0.124,0.5035,0.448,0.5035,0.5045,-0.058,0.117,1.026,0.58824,0.31176,0.45294,0.39412,0.5,0.5,0.5,0.5,0.42178,0.72978,0.41156,0.52178,0.45644,0.48444,0.46489,0.45911,0.50588,0.5,0.5,0.5,0.50588,0.5,0.5,0.50588,0.805,0.2005,0.8855,0.043,0.5035,0.448,0.5025,0.505,-0.068,0.13,1.053
0.42178,0.90489,0.41156,0.39778,0.45689,0.48444,0.46489,0.46222,0.5,0.8,0.5,0.35294,0.50588,0.5,0.5,0.50588,0.837,0.5,0.7715,0.4015,0.504,0.448,0.5015,0.5055,-0.068,0.12,1.008,0.41765,0.15294,0.44706,0.50588,0.5,0.5,0.5,0.5,0.42222,0.99333,0.39911,0.33556,0.45733,0.48444,0.46489,0.46311,0.50588,0.50588,0.5,0.5,0.50588,0.5,0.5,0.50588,0.7685,0.5,0.6135,0.4085,0.5045,0.4475,0.502,0.5055,-0.07,0.147,1.036
0.42267,0.99422,0.37333,0.33244,0.45733,0.48444,0.46489,0.46356,0.50588,0.50588,0.45294,0.5,0.50588,0.5,0.5,0.50588,0.6875,0.5,0.6055,0.437,0.505,0.4465,0.502,0.5055,-0.038,0.117,1.048,0.51765,0.07647,0.61765,0.54706,0.5,0.5,0.5,0.5,0.42311,0.996,0.35022,0.34133,0.45733,0.48489,0.46578,0.46578,0.5,0.50588,0.5,0.52941,0.50588,0.5,0.5,0.48824,0.627,0.5,0.7475,0.487,0.5045,0.446,0.4985,0.4965,-0.06,0.123,1.061
0.42267,0.99556,0.37422,0.36444,0.45733,0.48489,0.46578,0.46533,0.5,0.5,0.5,0.54118,0.50588,0.5,0.5,0.52353,0.639,0.5,0.9215,0.4955,0.504,0.446,0.498,0.4945,-0.115,0.122,1.007,0.47647,0.06471,0.49412,0.55294,0.5,0.5,0.5,0.5,0.42222,0.99511,0.40178,0.41067,0.45733,0.48489,0.46578,0.46533,0.50588,0.5,0.5,0.54118,0.50588,0.5,0.5,0.50588,0.638,0.5,0.99,0.4995,0.5035,0.446,0.4975,0.498,-0.109,0.133,1.024
0.42222,0.99467,0.40178,0.43822,0.45733,0.48489,0.46578,0.46533,0.50588,0.5,0.5,0.55882,0.50588,0.5,0.5,0.50588,0.62,0.5,0.9755,0.5,0.504,0.446,0.498,0.5,-0.105,0.122,1.021,0.51765,0.04706,0.51176,0.44118,0.5,0.5,0.5,0.5,0.42222,0.99422,0.40178,0.45067,0.45778,0.48489,0.46578,0.46578,0.50588,0.5,0.5,0.46471,0.50588,0.5,0.5,0.50588,0.6135,0.5,0.977,0.4835,0.505,0.4455,0.498,0.494,-0.148,-0.266,1.168
0.47111,0.99644,0.24311,0.42756,0.45733,0.48089,0.46444,0.46444,0.62353,0.49412,0.31765,0.5,0.50588,0.5,0.5,0.5,0.5565,0.5,0.5725,0.452,0.505,0.465,0.5045,0.5055,0.043,0.109,1.024,0.43529,0.07647,0.70588,0.47647,0.5,0.5,0.5,0.5,0.52889,0.99644,0.192,0.39644,0.45733,0.47822,0.464,0.46444,0.43529,0.5,0.5,0.47059,0.50588,0.5,0.5,0.5,0.494,0.5,0.5015,0.394,0.505,0.4795,0.506,0.5055,0.061,0.118,1.026
0.5,0.99689,0.192,0.38622,0.45778,0.47689,0.464,0.46444,0.44706,0.50588,0.5,0.49412,0.50588,0.5,0.5,0.50588,0.494,0.5,0.5,0.3865,0.505,0.485,0.506,0.5055,0.061,0.112,1.028,0.71765,0.21176,0.71176,0.51765,0.5,0.5,0.5,0.5,0.51156,0.99689,0.18489,0.37378,0.45822,0.47422,0.464,0.46489,0.66471,0.50588,0.45294,0.5,0.5,0.5,0.5,0.50588,0.519,0.5,0.509,0.407,0.505,0.4975,0.506,0.5035,0.044,0.118,0.994
0.60756,0.99689,0.14667,0.37378,0.45867,0.47422,0.464,0.46444,0.69412,0.50588,0.42353,0.5,0.50588,0.5,0.5,0.5,0.531,0.5,0.5205,0.4495,0.505,0.498,0.506,0.5055,0.058,0.105,1.026,0.34706,0.07059,0.8,0.58824,0.5,0.5,0.5,0.5,0.72933,0.99644,0.11422,0.40711,0.46311,0.47422,0.46489,0.46533,0.39412,0.5,0.5,0.57647,0.5,0.5,0.5,0.5,0.49,0.5,0.5,0.497,0.5035,0.4985,0.502,0.4995,0.03,0.109,1.035
0.66444,0.996,0.11511,0.44844,0.46356,0.47422,0.46489,0.46533,0.34706,0.5,0.50588,0.56471,0.50588,0.5,0.5,0.50588,0.483,0.5,0.499,0.502,0.503,0.4985,0.502,0.5,0.05,0.114,1.024,0.61765,0.33529,0.8,0.44118,0.5,0.5,0.5,0.5,0.58711,0.99511,0.11689,0.48267,0.46356,0.47422,0.46489,0.46533,0.59412,0.5,0.5,0.44706,0.5,0.5,0.5,0.5,0.5075,0.5,0.5,0.4875,0.5,0.4985,0.503,0.5,0.022,0.101,1.018
0.64133,0.99556,0.11556,0.45867,0.46356,0.47422,0.46444,0.46533,0.59412,0.5,0.5,0.47059,0.5,0.5,0.5,0.5,0.5105,0.5,0.501,0.464,0.503,0.4985,0.5035,0.5,0.024,0.108,1.025,0.21176,0.08824,0.74706,0.51176,0.5,0.5,0.5,0.5,0.64267,0.99644,0.11422,0.43289,0.464,0.47422,0.46444,0.46489,0.24118,0.50588,0.51176,0.5,0.5,0.5,0.5,0.50588,0.483,0.5,0.499,0.4385,0.5,0.4985,0.5035,0.5035,0.054,0.104,1.026
0.50133,0.99644,0.124,0.43289,0.464,0.47422,0.46444,0.46489,0.22353,0.50588,0.53529,0.5,0.49412,0.5,0.5,0.5,0.4795,0.5,0.492,0.467,0.503,0.4985,0.5035,0.5035,0.051,0.101,1.027,0.72353,0.29412,0.71176,0.54706,0.5,0.5,0.5,0.5,0.37556,0.996,0.17244,0.45022,0.46356,0.47422,0.46444,0.46533,0.69412,0.5,0.50588,0.53529,0.50588,0.5,0.5,0.50588,0.51,0.5,0.4935,0.5,0.503,0.4985,0.5035,0.4985,0.023,0.104,1.035
0.47733,0.99556,0.16844,0.47022,0.46356,0.47422,0.46444,0.46533,0.69412,0.49412,0.48824,0.54706,0.5,0.5,0.5,0.50588,0.5175,0.5,0.5025,0.512,0.503,0.4985,0.5035,0.5,0.011,0.099,1.033,0.30588,0.1,0.66471,0.47647,0.5,0.5,0.5,0.5,0.56933,0.99511,0.14756,0.492,0.46356,0.47422,0.46489,0.46533,0.34706,0.50588,0.5,0.48235,0.50588,0.5,0.5,0.50588,0.491,0.5,0.5,0.5,0.503,0.4985,0.5025,0.5,0.035,0.099,1.029
0.47644,0.99556,0.15067,0.48,0.46356,0.47422,0.46444,0.46533,0.31765,0.50588,0.5,0.48235,0.5,0.5,0.5,0.50588,0.488,0.5,0.4995,0.5,0.503,0.4985,0.5035,0.5,0.036,0.095,1.028,0.76471,-0.03529,0.67647,0.52353,0.5,0.5,0.5,0.5,0.42222,0.99556,0.17422,0.47556,0.46356,0.47422,0.46489,0.46533,0.75294,0.50588,0.5,0.52353,0.51176,0.5,0.5,0.50588,0.5145,0.5,0.4995,0.4995,0.503,0.4985,0.5035,0.5,0.016,0.1,1.034
0.54267,0.99422,0.16267,0.48711,0.46356,0.47422,0.46489,0.46533,0.73529,0.5,0.45294,0.52353,0.50588,0.5,0.5,0.5,0.529,0.5,0.509,0.5,0.503,0.4985,0.5035,0.5,0.009,0.084,1.02,0.44706,0.3,0.67059,0.4,0.5,0.5,0.5,0.5,0.69244,0.98489,0.11333,0.47778,0.46356,0.47422,0.46444,0.46489,0.50588,0.52353,0.49412,0.42353,0.50588,0.5,0.5,0.5,0.51,0.5,0.503,0.4495,0.503,0.4985,0.503,0.5035,0.026,0.119,1.018
0.68222,0.99556,0.11244,0.43244,0.464,0.47422,0.464,0.46444,0.42941,0.51176,0.5,0.44706,0.50588,0.5,0.5,0.5,0.502,0.5,0.5,0.4245,0.497,0.4985,0.5035,0.5055,0.08,0.108,1.018,0.32353,0.15294,0.77647,0.48824,0.5,0.5,0.5,0.5,0.60356,0.99689,0.11378,0.37689,0.464,0.47422,0.464,0.46489,0.34706,0.5,0.5,0.5,0.51176,0.5,0.5,0.5,0.4905,0.5,0.4995,0.3865,0.496,0.4985,0.5055,0.502,0.07,0.104,1.025
0.51956,0.99689,0.11689,0.372,0.46356,0.47422,0.464,0.46489,0.34706,0.50588,0.51176,0.5,0.5,0.5,0.5,0.50588,0.4865,0.5,0.498,0.3805,0.503,0.4985,0.5055,0.5035,0.072,0.107,1.028,0.55294,0.31765,0.67059,0.51765,0.5,0.5,0.5,0.5,0.41911,0.99689,0.14667,0.36711,0.46356,0.47422,0.464,0.46489,0.52353,0.5,0.50588,0.5,0.50588,0.5,0.5,0.50588,0.506,0.5,0.497,0.398,0.503,0.4985,0.5055,0.5035,0.069,0.101,1.022
0.44133,0.99733,0.14667,0.36756,0.46356,0.47422,0.464,0.46444,0.54118,0.50588,0.5,0.5,0.50588,0.5,0.5,0.5,0.506,0.5,0.5,0.4405,0.5,0.4985,0.5055,0.5035,0.072,0.103,1.026,0.68235,0.18235,0.71176,0.60588,0.5,0.5,0.5,0.5,0.51867,0.99689,0.14356,0.40578,0.46311,0.47422,0.46444,0.46533,0.65294,0.5,0.49412,0.58824,0.49412,0.5,0.5,0.50588,0.516,0.5,0.5015,0.4995,0.503,0.4985,0.5035,0.5,0.061,0.11,1.027
0.60889,0.99556,0.13689,0.45467,0.46311,0.47422,0.46444,0.46578,0.65294,0.49412,0.47647,0.55882,0.5,0.5,0.5,0.50588,0.52,0.5,0.5055,0.506,0.5045,0.4985,0.503,0.4965,0.016,0.1,1.033,0.45882,-0.00588,0.77647,0.52353,0.5,0.5,0.5,0.5,0.71289,0.98889,0.11244,0.52089,0.46356,0.47422,0.46489,0.46578,0.50588,0.48235,0.5,0.51176,0.51176,0.5,0.5,0.5,0.507,0.5,0.5,0.52,0.5025,0.4985,0.5025,0.4965,0.02,0.099,1.03
0.70222,0.98133,0.11244,0.53022,0.46311,0.47467,0.46489,0.46622,0.45882,0.48824,0.5,0.51176,0.51176,0.5,0.5,0.50588,0.4935,0.5,0.5,0.531,0.5015,0.4985,0.502,0.4965,0.019,0.094,1.022,0.45294,0.15294,0.76471,0.42353,0.5,0.5,0.5,0.5,0.67511,0.96489,0.11244,0.52756,0.46311,0.47422,0.46489,0.46578,0.46471,0.5,0.5,0.42353,0.50588,0.5,0.5,0.5,0.491,0.5,0.5,0.489,0.503,0.4985,0.5015,0.4965,0.036,0.102,1.028
0.65289,0.96978,0.11244,0.49333,0.46356,0.47422,0.46444,0.46533,0.44706,0.52941,0.5,0.43529,0.50588,0.5,0.5,0.5,0.491,0.5,0.5,0.466,0.503,0.4985,0.503,0.5,0.039,0.101,1.024,0.44706,0.32941,0.75294,0.48235,0.5,0.5,0.5,0.5,0.6,0.99556,0.11378,0.44578,0.46356,0.47422,0.46444,0.46533,0.45294,0.50588,0.5,0.49412,0.50588,0.5,0.5,0.5,0.493,0.5,0.5,0.452,0.503,0.4985,0.503,0.5,0.046,0.106,1.027
0.57956,0.996,0.11467,0.43822,0.464,0.47422,0.46444,0.46533,0.46471,0.50588,0.50588,0.48824,0.50588,0.5,0.5,0.5,0.49,0.5,0.4995,0.444,0.497,0.4985,0.503,0.5,0.069,0.101,1.025,0.34118,0.25882,0.72941,0.55294,0.5,0.5,0.5,0.5,0.49956,0.996,0.12089,0.43644,0.464,0.47422,0.46444,0.46533,0.34706,0.5,0.52353,0.54706,0.49412,0.5,0.5,0.50588,0.4865,0.5,0.4945,0.4925,0.497,0.4985,0.503,0.4965,0.062,0.099,1.025
0.42178,0.99556,0.14578,0.45867,0.46356,0.47422,0.46444,0.46578,0.34118,0.5,0.55882,0.54706,0.5,0.5,0.5,0.50588,0.483,0.5,0.485,0.5115,0.503,0.4985,0.503,0.496,0.043,0.104,1.021,0.55882,0.01765,0.67647,0.48824,0.5,0.5,0.5,0.5,0.32889,0.99511,0.19467,0.488,0.46311,0.47422,0.46444,0.46578,0.55882,0.5,0.51765,0.5,0.5,0.5,0.5,0.50588,0.506,0.5,0.491,0.5005,0.505,0.4985,0.503,0.4965,0.043,0.098,1.034
0.35156,0.99556,0.19556,0.48178,0.46356,0.47422,0.46444,0.46578,0.54706,0.50588,0.5,0.48824,0.50588,0.5,0.5,0.5,0.5065,0.5,0.5,0.499,0.503,0.4985,0.503,0.496,0.039,0.098,1.025,0.58824,0.03529,0.65882,0.56471,0.5,0.5,0.5,0.5,0.40844,0.99556,0.19378,0.49244,0.46356,0.47422,0.46444,0.46578,0.58235,0.50588,0.49412,0.54118,0.51176,0.5,0.5,0.50588,0.5105,0.5,0.5005,0.52,0.5025,0.4985,0.503,0.494,0.021,0.099,1.028
0.45067,0.99289,0.19244,0.52178,0.46311,0.47422,0.46489,0.46578,0.6,0.48824,0.5,0.56471,0.5,0.5,0.5,0.5,0.5115,0.5,0.5,0.5375,0.504,0.4985,0.502,0.496,0.005,0.094,1.029,0.41176,0.1,0.74118,0.38235,0.5,0.5,0.5,0.5,0.49067,0.968,0.18489,0.53022,0.46311,0.47422,0.46444,0.46533,0.44706,0.48235,0.5,0.38235,0.50588,0.5,0.5,0.5,0.4935,0.5,0.5,0.4915,0.505,0.4985,0.5025,0.5,0.054,0.102,1.025
0.44889,0.97289,0.18622,0.48,0.46356,0.47422,0.46444,0.46489,0.41176,0.52941,0.5,0.39412,0.50588,0.5,0.5,0.5,0.493,0.5,0.499,0.449,0.503,0.4985,0.503,0.5035,-0.002,0.086,1.033,0.56471,0.30588,0.67647,0.43529,0.5,0.5,0.5,0.5,0.40489,0.99644,0.188,0.40533,0.464,0.47422,0.464,0.46444,0.54706,0.50588,0.5,0.44706,0.51176,0.5,0.5,0.5,0.508,0.5,0.5,0.369,0.497,0.4985,0.5055,0.5055,0.062,0.104,1.013
0.42667,0.99689,0.18533,0.37556,0.464,0.47378,0.464,0.46444,0.54706,0.50588,0.5,0.45294,0.5,0.5,0.5,0.5,0.514,0.5,0.5,0.355,0.497,0.501,0.5055,0.5055,0.042,0.096,1.007,0.64118,0.34118,0.62353,0.64706,0.5,0.5,0.5,0.5,0.5,0.99778,0.168,0.36222,0.46444,0.47333,0.46489,0.46489,0.62941,0.5,0.46471,0.62941,0.50588,0.5,0.5,0.50588,0.5265,0.5,0.5105,0.491,0.497,0.502,0.5015,0.5035,0.052,0.093,1.026
0.57556,0.99644,0.14578,0.43333,0.46311,0.47422,0.46533,0.46489,0.65882,0.5,0.45882,0.64118,0.50588,0.5,0.5,0.50588,0.521,0.5,0.511,0.5,0.503,0.498,0.5,0.5035,0.018,0.091,1.028,0.57647,0.30588,0.72353,0.43529,0.5,0.5,0.5,0.5,0.68844,0.99244,0.11333,0.49822,0.46356,0.47422,0.46533,0.46533,0.58235,0.48824,0.47647,0.43529,0.5,0.5,0.5,0.5,0.518,0.5,0.5075,0.488,0.5025,0.498,0.5,0.5,0.039,0.087,1.024
0.72978,0.99467,0.10356,0.47156,0.46356,0.47422,0.46533,0.46533,0.58235,0.51176,0.48235,0.44706,0.50588,0.5,0.5,0.5,0.5155,0.5,0.5045,0.458,0.503,0.498,0.5,0.5,0.025,0.087,1.027,0.21765,-0.00588,0.77059,0.47059,0.5,0.5,0.5,0.5,0.72089,0.99644,0.09733,0.43022,0.464,0.47422,0.46489,0.46489,0.24706,0.50588,0.5,0.47647,0.51176,0.5,0.5,0.5,0.483,0.5,0.5,0.4265,0.495,0.498,0.5015,0.5035,0.048,0.103,1.03
0.58178,0.99689,0.10178,0.41822,0.46311,0.47422,0.46444,0.46489,0.21176,0.50588,0.51176,0.48235,0.50588,0.5,0.5,0.50588,0.4805,0.5,0.4975,0.412,0.503,0.498,0.5035,0.5035,0.076,0.094,1.017,0.55882,0.28824,0.70588,0.58824,0.5,0.5,0.5,0.5,0.41289,0.99689,0.14178,0.41556,0.46356,0.47422,0.46444,0.46622,0.53529,0.5,0.51765,0.57647,0.50588,0.5,0.5,0.50588,0.506,0.5,0.491,0.4945,0.503,0.498,0.5035,0.4965,0.086,0.108,1.02
0.44356,0.996,0.144,0.45467,0.46356,0.47422,0.46489,0.46578,0.55294,0.5,0.5,0.57647,0.50588,0.5,0.5,0.5,0.506,0.5,0.5,0.51,0.503,0.498,0.503,0.4965,0.026,0.082,1.03,0.58824,-0.01176,0.64706,0.44118,0.5,0.5,0.5,0.5,0.49911,0.99556,0.144,0.49111,0.46311,0.47422,0.46444,0.46578,0.58235,0.50588,0.5,0.45882,0.5,0.5,0.5,0.5,0.508,0.5,0.5,0.49,0.503,0.498,0.5035,0.4965,0.022,0.08,1.024
0.536,0.996,0.14089,0.46489,0.46311,0.47422,0.46444,0.46578,0.57059,0.50588,0.5,0.46471,0.49412,0.5,0.5,0.5,0.512,0.5,0.5005,0.4745,0.505,0.498,0.5035,0.4965,0.038,0.083,1.025,0.49412,0.17647,0.73529,0.5,0.5,0.5,0.5,0.5,0.57867,0.99644,0.13689,0.43867,0.46311,0.47422,0.46444,0.46578,0.5,0.50588,0.5,0.5,0.5,0.5,0.5,0.50588,0.514,0.5,0.5,0.4335,0.503,0.498,0.5035,0.4965,0.042,0.088,1.027
0.57867,0.99644,0.13689,0.43867,0.46356,0.47422,0.46444,0.46533,0.5,0.50588,0.5,0.5,0.50588,0.5,0.5,0.5,0.512,0.5,0.5,0.433,0.503,0.498,0.5035,0.5,0.034,0.083,1.029,0.28235,0.27647,0.64118,0.47647,0.5,0.5,0.5,0.5,0.532,0.99644,0.13822,0.432,0.464,0.47422,0.46444,0.46533,0.3,0.50588,0.5,0.47647,0.51176,0.5,0.5,0.50588,0.4885,0.5,0.499,0.4265,0.497,0.498,0.5035,0.5,0.042,0.085,1.023
0.42711,0.99689,0.14667,0.42311,0.46356,0.47422,0.464,0.46489,0.30588,0.50588,0.53529,0.48235,0.50588,0.5,0.5,0.5,0.4845,0.5,0.492,0.4115,0.501,0.498,0.505,0.502,0.062,0.097,1.035,0.47059,-0.02353,0.65294,0.53529,0.5,0.5,0.5,0.5,0.29378,0.99689,0.19733,0.412,0.46356,0.47422,0.464,0.46489,0.45294,0.50588,0.55294,0.5,0.51176,0.5,0.5,0.50588,0.4865,0.5,0.485,0.453,0.503,0.498,0.5055,0.5035,0.049,0.088,1.018
0.272,0.99689,0.21956,0.42178,0.46356,0.47422,0.464,0.46533,0.47647,0.5,0.52941,0.52941,0.51176,0.5,0.5,0.50588,0.4895,0.5,0.491,0.496,0.503,0.498,0.505,0.5,0.067,0.089,1.027,0.62941,0.0,0.64706,0.42353,0.5,0.5,0.5,0.5,0.27289,0.99644,0.23556,0.42978,0.46311,0.47422,0.464,0.46444,0.61765,0.50588,0.5,0.45294,0.51176,0.5,0.5,0.51176,0.5095,0.5,0.4995,0.4335,0.503,0.498,0.504,0.5035,0.043,0.093,1.034
0.32933,0.99689,0.23111,0.39867,0.46356,0.47378,0.464,0.46489,0.60588,0.50588,0.49412,0.44706,0.50588,0.5,0.5,0.51176,0.5155,0.5,0.502,0.396,0.503,0.5,0.5055,0.5035,0.063,0.087,1.026,0.64706,0.16471,0.72353,0.64706,0.5,0.5,0.5,0.5,0.43778,0.99733,0.19911,0.38356,0.464,0.47333,0.46533,0.46489,0.65882,0.5,0.44118,0.61765,0.5,0.5,0.5,0.50588,0.529,0.5,0.5155,0.4965,0.497,0.501,0.5,0.5035,0.029,0.09,1.034
0.52,0.99644,0.16933,0.45511,0.46311,0.47422,0.46533,0.46533,0.65882,0.49412,0.44706,0.61765,0.50588,0.5,0.5,0.50588,0.5235,0.5,0.515,0.503,0.503,0.4975,0.5,0.5,-0.022,0.077,1.034,0.32353,0.08235,0.75882,0.48235,0.5,0.5,0.5,0.5,0.58667,0.98667,0.14133,0.53467,0.46311,0.47422,0.46533,0.46578,0.37059,0.46471,0.5,0.5,0.49412,0.5,0.5,0.50588,0.4895,0.5,0.5,0.508,0.505,0.4975,0.5,0.4965,0.03,0.086,1.039
0.50178,0.98533,0.14356,0.52667,0.46356,0.47422,0.46533,0.46533,0.32941,0.52353,0.5,0.48824,0.50588,0.5,0.5,0.5,0.4875,0.5,0.499,0.5005,0.503,0.4975,0.5,0.5,0.037,0.081,1.024,0.4,0.31765,0.74706,0.38824,0.5,0.5,0.5,0.5,0.36622,0.98978,0.17467,0.484,0.46356,0.47422,0.46444,0.46444,0.40588,0.50588,0.54706,0.42353,0.50588,0.5,0.5,0.49412,0.4865,0.5,0.4875,0.4785,0.503,0.4975,0.5035,0.5035,0.05,0.082,1.042
0.31467,0.996,0.19644,0.432,0.46356,0.47422,0.46444,0.46444,0.4,0.50588,0.54118,0.40588,0.50588,0.5,0.5,0.50588,0.487,0.5,0.489,0.4565,0.503,0.4975,0.504,0.5035,0.098,0.081,1.022,0.82353,0.30588,0.62353,0.57647,0.5,0.5,0.5,0.5,0.32711,0.99689,0.21689,0.38667,0.46356,0.47333,0.46444,0.46578,0.77647,0.5,0.47647,0.57647,0.50588,0.5,0.5,0.50588,0.5205,0.5,0.5035,0.487,0.503,0.5,0.504,0.496,0.033,0.076,1.027
0.47156,0.99644,0.18622,0.42578,0.46356,0.47378,0.46444,0.46533,0.79412,0.5,0.39412,0.58824,0.5,0.5,0.49412,0.50588,0.5395,0.5,0.525,0.494,0.503,0.5,0.5025,0.5,0.054,0.077,1.031,0.38824,0.28824,0.74118,0.57059,0.5,0.5,0.5,0.5,0.65778,0.996,0.11422,0.48622,0.46356,0.47422,0.46489,0.46533,0.49412,0.50588,0.5,0.54118,0.50588,0.5,0.5,0.50588,0.5065,0.5,0.503,0.517,0.504,0.4975,0.5025,0.5,0.021,0.078,1.026
0.61822,0.99511,0.11422,0.51556,0.46311,0.47422,0.46489,0.46533,0.39412,0.49412,0.5,0.56471,0.5,0.5,0.5,0.5,0.4915,0.5,0.5,0.5475,0.503,0.4975,0.502,0.496,0.007,0.071,1.035,0.56471,0.21176,0.68824,0.39412,0.5,0.5,0.5,0.5,0.56844,0.97333,0.116,0.53378,0.464,0.47422,0.46444,0.46533,0.57059,0.47059,0.5,0.39412,0.51176,0.5,0.5,0.5,0.506,0.5,0.5,0.4905,0.5,0.4975,0.5025,0.5,0.052,0.069,1.038
0.59067,0.97467,0.116,0.48889,0.46311,0.47422,0.46444,0.46444,0.55294,0.51176,0.5,0.41176,0.51176,0.5,0.5,0.50588,0.508,0.5,0.5,0.4505,0.503,0.4975,0.5035,0.502,0.038,0.083,1.018,0.38235,0.33529,0.82353,0.45294,0.5,0.5,0.5,0.5,0.60133,0.996,0.11422,0.42089,0.46356,0.47378,0.464,0.46444,0.41765,0.51176,0.5,0.47647,0.5,0.5,0.5,0.49412,0.493,0.5,0.5,0.4015,0.503,0.5,0.5055,0.5055,0.068,0.076,1.032
0.54489,0.99689,0.116,0.39822,0.464,0.47378,0.464,0.46489,0.38824,0.50588,0.5,0.47059,0.5,0.5,0.5,0.5,0.492,0.5,0.4995,0.395,0.5,0.5,0.5055,0.5035,0.071,0.083,1.032,0.44118,0.07647,0.81176,0.52941,0.5,0.5,0.5,0.5,0.45689,0.99733,0.12533,0.37422,0.464,0.47378,0.464,0.46489,0.45294,0.50588,0.51765,0.5,0.5,0.5,0.5,0.5,0.492,0.5,0.4965,0.4225,0.497,0.5,0.5055,0.502,0.077,0.078,1.035
0.42889,0.99733,0.13556,0.37556,0.464,0.47378,0.464,0.46489,0.45294,0.50588,0.51765,0.5,0.50588,0.5,0.5,0.50588,0.491,0.5,0.4945,0.488,0.497,0.5,0.5055,0.5035,0.064,0.08,1.034,0.55294,0.11176,0.76471,0.53529,0.5,0.5,0.5,0.5,0.40222,0.99689,0.15378,0.404,0.464,0.47378,0.46444,0.46578,0.55882,0.5,0.5,0.52941,0.5,0.5,0.5,0.50588,0.506,0.5,0.4995,0.4995,0.4995,0.5,0.5035,0.4965,0.065,0.074,1.033
0.50222,0.46711,0.46667,0.46756,0.46489,0.46889,0.46622,0.46622,0.50588,0.50588,0.5,0.5,0.51176,0.5,0.5,0.5,0.4925,0.493,0.4995,0.496,0.496,0.5,0.5,0.5,0.024,0.016,1.033,0.44706,0.48235,0.52353,0.47059,0.5,0.5,0.5,0.5,0.49556,0.46711,0.47511,0.46444,0.46444,0.46889,0.46622,0.46622,0.46471,0.50588,0.52353,0.47647,0.5,0.5,0.5,0.5,0.485,0.493,0.4995,0.464,0.5,0.5,0.5,0.5,0.041,0.024,1.031
0.45867,0.46756,0.48711,0.45022,0.46444,0.46889,0.46578,0.46622,0.41765,0.50588,0.51176,0.47059,0.5,0.5,0.5,0.5,0.491,0.4885,0.4995,0.458,0.5,0.5,0.5015,0.5,0.052,0.011,1.033,0.41176,0.41765,0.38824,0.52941,0.5,0.5,0.5,0.5,0.38222,0.43867,0.47333,0.43644,0.46444,0.46889,0.46578,0.46667,0.42941,0.39412,0.41176,0.5,0.5,0.5,0.5,0.50588,0.4935,0.484,0.4505,0.488,0.5,0.5,0.5015,0.4965,0.092,0.017,1.017
0.34311,0.37467,0.42356,0.45022,0.464,0.46933,0.46578,0.46711,0.41765,0.41176,0.4,0.52941,0.5,0.5,0.5,0.5,0.4935,0.493,0.416,0.5,0.5035,0.4965,0.5015,0.4945,0.14,-0.022,1.144,0.48824,0.45882,0.54706,0.44118,0.5,0.5,0.5,0.5,0.288,0.292,0.35733,0.44933,0.464,0.46889,0.46667,0.46667,0.45882,0.47647,0.55294,0.44706,0.50588,0.5,0.50588,0.5,0.494,0.509,0.4995,0.4885,0.5035,0.5,0.4985,0.4945,0.107,0.007,1.014
0.27822,0.27556,0.37822,0.42533,0.46356,0.46933,0.46711,0.46533,0.48235,0.45882,0.52353,0.41765,0.49412,0.5,0.5,0.49412,0.4955,0.5075,0.5075,0.4595,0.506,0.4985,0.4955,0.5055,0.081,0.01,1.084,0.74706,0.57059,0.50588,0.58235,0.5,0.5,0.5,0.5,0.28578,0.25689,0.38889,0.40089,0.45467,0.47244,0.46756,0.46533,0.69412,0.51176,0.5,0.57059,0.48824,0.5,0.5,0.50588,0.573,0.522,0.597,0.5405,0.5065,0.4835,0.495,0.505,0.004,0.027,1.024
0.36667,0.27111,0.388,0.432,0.45289,0.47289,0.46756,0.46578,0.93529,0.57647,0.5,0.55882,0.5,0.5,0.5,0.50588,0.6165,0.5415,0.6155,0.593,0.507,0.4825,0.493,0.505,-0.05,0.031,1.012,0.62941,0.69412,0.61176,0.55294,0.5,0.5,0.5,0.5,0.59689,0.33911,0.39778,0.49733,0.45244,0.472,0.46533,0.46533,0.64118,0.64118,0.64706,0.52941,0.5,0.5,0.5,0.50588,0.571,0.6005,0.7655,0.5965,0.507,0.4835,0.504,0.503,-0.114,-0.03,0.925
0.676,0.44533,0.50178,0.51111,0.45733,0.46844,0.46222,0.46489,0.92941,0.68824,0.82941,0.58235,0.51176,0.5,0.5,0.5,0.534,0.595,0.563,0.66,0.5055,0.501,0.517,0.505,-0.083,-0.06,1.006,0.17647,0.45882,0.38235,0.45882,0.5,0.5,0.5,0.5,0.74044,0.62844,0.55422,0.56267,0.46489,0.46844,0.46489,0.46533,0.3,0.50588,0.44706,0.46471,0.50588,0.5,0.5,0.50588,0.461,0.5,0.4185,0.499,0.4965,0.5015,0.5055,0.5035,-0.043,-0.021,1.005
0.61556,0.61067,0.53244,0.53867,0.46578,0.46933,0.46667,0.46578,0.22353,0.4,0.5,0.45882,0.51176,0.5,0.5,0.50588,0.421,0.4935,0.2395,0.5065,0.495,0.4975,0.498,0.5035,0.219,-0.024,1.096,0.51765,0.38235,0.44118,0.48235,0.5,0.5,0.5,0.5,0.45867,0.57289,0.524,0.51067,0.46622,0.47022,0.46622,0.46622,0.5,0.41765,0.5,0.48235,0.50588,0.5,0.5,0.5,0.3905,0.4795,0.0,0.499,0.4955,0.493,0.499,0.5,0.154,0.013,1.022
0.45867,0.53244,0.524,0.50711,0.46622,0.46978,0.46533,0.46533,0.5,0.44706,0.5,0.5,0.50588,0.5,0.5,0.49412,0.404,0.461,0.0,0.476,0.4955,0.495,0.503,0.505,0.233,-0.023,1.011,0.67647,0.33529,0.52941,0.54706,0.5,0.5,0.5,0.5,0.46133,0.40222,0.48311,0.51333,0.46622,0.46933,0.46489,0.46578,0.59412,0.35294,0.34706,0.55294,0.49412,0.5,0.5,0.50588,0.486,0.467,0.162,0.4715,0.495,0.4955,0.5055,0.497,0.158,-0.013,1.033
0.53111,0.30978,0.46889,0.53778,0.46533,0.46933,0.46622,0.46711,0.63529,0.31176,0.35294,0.52941,0.49412,0.5,0.50588,0.50588,0.506,0.474,0.3,0.4655,0.4945,0.497,0.5,0.4945,0.073,0.023,1.017,0.41765,0.85294,0.52941,0.37059,0.5,0.5,0.5,0.5,0.62711,0.264,0.46578,0.53556,0.46533,0.468,0.46311,0.46711,0.50588,0.78235,0.5,0.37059,0.50588,0.5,0.48824,0.50588,0.4775,0.528,0.4525,0.406,0.4965,0.503,0.5125,0.4945,0.084,-0.033,1.018
0.58667,0.43333,0.47333,0.45689,0.46489,0.468,0.46089,0.46667,0.40588,0.92941,0.54118,0.33529,0.5,0.5,0.5,0.49412,0.48,0.529,0.4885,0.4685,0.4965,0.5035,0.525,0.4965,0.131,0.008,1.05,0.34118,0.44118,0.47647,0.55294,0.5,0.5,0.5,0.5,0.52222,0.67644,0.50089,0.38978,0.46533,0.47111,0.46667,0.46622,0.50588,0.48235,0.5,0.54706,0.50588,0.5,0.5,0.49412,0.4225,0.491,0.403,0.5085,0.4945,0.489,0.498,0.4965,0.133,0.013,1.017
0.49556,0.65556,0.50133,0.416,0.46578,0.47067,0.46667,0.46578,0.42941,0.47059,0.5,0.54706,0.49412,0.5,0.5,0.5,0.3405,0.4865,0.3435,0.511,0.495,0.49,0.498,0.503,0.175,0.019,1.022,0.52941,0.58235,0.50588,0.46471,0.5,0.5,0.5,0.5,0.44622,0.62933,0.50178,0.43644,0.46578,0.47067,0.46622,0.46578,0.5,0.55882,0.5,0.47059,0.50588,0.5,0.5,0.50588,0.3,0.5065,0.2835,0.5045,0.4945,0.4905,0.499,0.5035,0.131,0.021,1.026
0.44622,0.65956,0.50178,0.41867,0.46578,0.47156,0.46622,0.46578,0.5,0.57059,0.5,0.45882,0.50588,0.5,0.5,0.50588,0.329,0.51,0.298,0.5005,0.4945,0.487,0.499,0.5035,0.12,0.014,1.018,0.61765,0.44706,0.41176,0.48235,0.5,0.5,0.5,0.5,0.44622,0.70222,0.50178,0.39289,0.46578,0.47244,0.46622,0.46622,0.5,0.44706,0.5,0.48824,0.50588,0.5,0.5,0.50588,0.431,0.4935,0.1775,0.4995,0.495,0.483,0.499,0.5,0.141,0.015,1.017
0.464,0.67911,0.47378,0.384,0.46578,0.47244,0.46622,0.46578,0.81176,0.42941,0.44118,0.48824,0.50588,0.5,0.49412,0.5,0.4635,0.4935,0.093,0.4995,0.495,0.4825,0.4985,0.5,0.126,0.028,1.054,0.41765,0.55882,0.48824,0.58824,0.5,0.5,0.5,0.5,0.54,0.65644,0.42222,0.39378,0.46578,0.47422,0.46667,0.46533,0.50588,0.52353,0.5,0.55882,0.50588,0.5,0.5,0.49412,0.4225,0.508,0.0715,0.5435,0.495,0.4745,0.4975,0.505,0.171,0.025,1.022
0.54,0.67067,0.42267,0.43867,0.46578,0.47467,0.46667,0.46578,0.5,0.55882,0.5,0.58235,0.50588,0.5,0.5,0.50588,0.3595,0.516,0.042,0.5445,0.4955,0.47,0.4985,0.503,0.173,0.038,1.023,0.44706,0.44118,0.48235,0.43529,0.5,0.5,0.5,0.5,0.54,0.70933,0.42222,0.48,0.46578,0.47511,0.46622,0.46578,0.5,0.49412,0.5,0.44706,0.50588,0.5,0.5,0.50588,0.2455,0.4935,0.0,0.492,0.4955,0.47,0.499,0.5035,0.172,0.038,1.027
0.53956,0.69067,0.42222,0.452,0.46578,0.47511,0.46533,0.46622,0.5,0.44706,0.5,0.46471,0.5,0.5,0.5,0.50588,0.192,0.491,0.0,0.47,0.496,0.47,0.5015,0.5,0.168,0.036,1.021,0.64706,0.31765,0.60588,0.53529,0.5,0.5,0.5,0.5,0.53956,0.62356,0.42222,0.42756,0.46578,0.47511,0.46578,0.46667,0.5,0.14706,0.5,0.5,0.50588,0.5,0.5,0.5,0.283,0.4785,0.165,0.458,0.495,0.47,0.5015,0.4965,0.148,0.024,1.028
0.53956,0.54356,0.42444,0.44,0.46578,0.47422,0.46489,0.46667,0.5,0.36471,0.54706,0.52941,0.50588,0.5,0.49412,0.5,0.4035,0.4525,0.412,0.4865,0.494,0.4735,0.504,0.497,0.184,0.008,1.029,0.54706,0.34118,0.43529,0.56471,0.5,0.5,0.5,0.5,0.54222,0.42089,0.47156,0.49556,0.46533,0.46844,0.46311,0.46667,0.51765,0.31765,0.47059,0.54706,0.5,0.5,0.5,0.5,0.4935,0.4105,0.3865,0.423,0.494,0.5,0.514,0.497,0.134,0.016,1.036
0.57067,0.308,0.43822,0.52533,0.46533,0.46978,0.464,0.46667,0.57647,0.27647,0.41765,0.54706,0.50588,0.5,0.50588,0.50588,0.4925,0.449,0.3855,0.4375,0.494,0.4955,0.511,0.4965,0.125,0.02,1.03,0.27647,0.78235,0.51765,0.36471,0.5,0.5,0.5,0.5,0.59022,0.22489,0.42756,0.512,0.46533,0.47467,0.46489,0.46667,0.41765,0.75882,0.5,0.40588,0.50588,0.49412,0.5,0.50588,0.407,0.5175,0.2835,0.4685,0.4945,0.4725,0.503,0.4965,0.158,0.027,1.018
0.54444,0.34356,0.428,0.44489,0.46578,0.47378,0.46489,0.46711,0.39412,0.79412,0.5,0.32941,0.50588,0.5,0.5,0.50588,0.3085,0.5365,0.3245,0.4615,0.4945,0.476,0.5055,0.495,0.21,0.039,1.009,0.61765,0.48824,0.6,0.64118,0.5,0.5,0.5,0.5,0.43333,0.55778,0.46,0.39778,0.46578,0.47422,0.46533,0.46667,0.5,0.49412,0.6,0.61176,0.50588,0.5,0.5,0.5,0.365,0.493,0.381,0.5295,0.494,0.474,0.503,0.4965,0.111,0.011,1.025
0.43333,0.55778,0.50444,0.45333,0.46533,0.472,0.46489,0.46622,0.5,0.5,0.57647,0.60588,0.5,0.5,0.5,0.49412,0.45,0.4925,0.413,0.608,0.494,0.4825,0.505,0.5,0.047,-0.014,1.021,0.51765,0.44118,0.35882,0.51765,0.5,0.5,0.5,0.5,0.46,0.54667,0.54844,0.56444,0.46533,0.472,0.46667,0.46578,0.52353,0.44118,0.40588,0.5,0.50588,0.50588,0.5,0.5,0.4885,0.483,0.262,0.5025,0.4945,0.4855,0.498,0.5035,0.056,0.012,1.025
0.48489,0.508,0.49378,0.56978,0.46578,0.472,0.46578,0.46533,0.50588,0.44706,0.38824,0.53529,0.50588,0.50588,0.5,0.5,0.477,0.49,0.178,0.5195,0.495,0.485,0.501,0.5045,0.062,0.015,1.047,0.44706,0.38235,0.54118,0.41765,0.5,0.5,0.5,0.5,0.528,0.42711,0.43644,0.55867,0.46578,0.47422,0.46578,0.46667,0.5,0.43529,0.5,0.41765,0.50588,0.5,0.5,0.49412,0.412,0.491,0.1175,0.49,0.495,0.4735,0.5005,0.4965,0.138,0.028,1.025
0.52756,0.38178,0.43644,0.53467,0.46578,0.47378,0.46578,0.46667,0.49412,0.44118,0.5,0.45882,0.50588,0.5,0.5,0.5,0.3715,0.481,0.217,0.4085,0.495,0.4755,0.5025,0.497,0.148,0.036,1.039,0.65882,0.67059,0.52941,0.50588,0.5,0.5,0.5,0.5,0.51867,0.35067,0.43556,0.50044,0.46578,0.47333,0.46533,0.46756,0.5,0.55294,0.5,0.49412,0.50588,0.5,0.5,0.50588,0.4395,0.506,0.384,0.3455,0.4945,0.477,0.503,0.4945,0.135,0.017,1.027
0.544,0.43067,0.436,0.49511,0.46578,0.46844,0.46489,0.46756,0.61176,0.67647,0.5,0.5,0.50588,0.49412,0.5,0.5,0.4885,0.5065,0.4535,0.3855,0.494,0.4995,0.5045,0.4945,0.102,0.002,1.049,0.53529,0.55882,0.44706,0.41765,0.5,0.5,0.5,0.5,0.62756,0.55867,0.44533,0.46444,0.46444,0.46933,0.46533,0.46711,0.55294,0.56471,0.47647,0.42353,0.5,0.5,0.5,0.50588,0.4935,0.493,0.41,0.42,0.5,0.497,0.502,0.4945,0.077,0.011,1.033
0.64533,0.59778,0.416,0.42133,0.46444,0.46933,0.46578,0.46667,0.52353,0.57647,0.41765,0.41765,0.5,0.5,0.5,0.5,0.494,0.492,0.418,0.4255,0.5,0.497,0.501,0.4945,0.134,0.012,1.006,0.19412,0.36471,0.46471,0.61176,0.5,0.5,0.5,0.5,0.64844,0.63244,0.38311,0.396,0.46489,0.46933,0.46578,0.46667,0.48235,0.45294,0.50588,0.61176,0.50588,0.5,0.5,0.49412,0.388,0.4495,0.3715,0.4975,0.497,0.497,0.5005,0.4965,0.157,0.014,1.044
0.59022,0.54933,0.38444,0.44933,0.46533,0.46933,0.46578,0.46667,0.27059,0.24118,0.5,0.60588,0.5,0.5,0.5,0.5,0.2425,0.474,0.2805,0.5095,0.495,0.497,0.5005,0.4965,0.199,0.062,0.983,0.47059,0.65294,0.57647,0.51176,0.5,0.5,0.5,0.5,0.22044,0.44533,0.348,0.52267,0.46222,0.46889,0.45422,0.46489,0.44118,0.75882,0.59412,0.52941,0.49412,0.5,0.5,0.5,0.4925,0.517,0.483,0.492,0.506,0.499,0.556,0.5055,0.258,-0.059,1.054
0.19644,0.56622,0.37867,0.54178,0.46489,0.468,0.45467,0.46667,0.49412,0.58824,0.57647,0.5,0.51176,0.5,0.5,0.50588,0.496,0.493,0.515,0.426,0.4965,0.5015,0.5535,0.4965,0.056,-0.07,0.999,0.72353,0.55882,0.58824,0.42353,0.5,0.5,0.5,0.5,0.19644,0.67111,0.43067,0.528,0.46311,0.46889,0.46,0.46622,0.63529,0.54706,0.5,0.43529,0.50588,0.5,0.5,0.51176,0.557,0.493,0.6205,0.4055,0.5055,0.4975,0.528,0.498,0.043,-0.06,1.035
0.22844,0.71467,0.448,0.50578,0.46267,0.46933,0.46178,0.46711,0.51765,0.58824,0.5,0.5,0.5,0.5,0.5,0.5,0.658,0.4885,0.752,0.3285,0.5045,0.497,0.5195,0.495,-0.018,-0.062,1.074,0.75294,0.3,0.51765,0.53529,0.5,0.5,0.5,0.5,0.33644,0.76133,0.46356,0.47467,0.46178,0.46933,0.46222,0.46711,0.50588,0.5,0.5,0.5,0.50588,0.5,0.5,0.50588,0.83,0.3735,0.9575,0.3145,0.504,0.497,0.518,0.495,0.015,-0.02,1.0
0.33644,0.71111,0.46844,0.47689,0.46222,0.46933,0.46178,0.46711,0.50588,0.40588,0.60588,0.53529,0.50588,0.5,0.5,0.50588,0.8225,0.3025,0.9785,0.3915,0.5045,0.497,0.5195,0.495,-0.032,-0.047,1.035,0.8,0.61765,0.42941,0.44118,0.5,0.5,0.5,0.5,0.33644,0.55956,0.49422,0.49156,0.46222,0.46933,0.46178,0.46711,0.5,0.5,0.5,0.49412,0.50588,0.5,0.5,0.50588,0.8245,0.4395,0.794,0.327,0.505,0.4975,0.5195,0.495,-0.004,-0.052,1.016
0.33644,0.57067,0.49289,0.47333,0.46222,0.46933,0.46178,0.46711,0.5,0.58824,0.46471,0.43529,0.50588,0.5,0.5,0.50588,0.8235,0.486,0.629,0.271,0.505,0.4975,0.5195,0.495,-0.065,-0.039,1.034,0.54118,0.45882,0.41765,0.60588,0.5,0.5,0.5,0.5,0.44356,0.63244,0.42089,0.43378,0.46222,0.46889,0.46311,0.46667,0.88824,0.5,0.44118,0.57059,0.50588,0.5,0.51765,0.49412,0.681,0.474,0.639,0.4615,0.5055,0.4985,0.5135,0.496,-0.043,-0.039,1.055
0.54756,0.61689,0.38311,0.48222,0.46222,0.46889,0.46578,0.46667,0.71765,0.42941,0.40588,0.58824,0.50588,0.5,0.5,0.51176,0.594,0.473,0.618,0.4995,0.506,0.4975,0.501,0.4965,-0.026,-0.022,1.04,0.35882,0.51765,0.5,0.40588,0.5,0.5,0.5,0.5,0.63911,0.57422,0.34178,0.51422,0.46178,0.46933,0.46533,0.46489,0.41176,0.5,0.5,0.43529,0.5,0.5,0.5,0.49412,0.4915,0.49,0.5825,0.483,0.5055,0.4965,0.503,0.5055,0.001,-0.054,1.031
0.56444,0.58089,0.34267,0.476,0.46133,0.46889,0.46444,0.46444,0.35294,0.52353,0.5,0.42941,0.51176,0.5,0.49412,0.49412,0.493,0.4905,0.578,0.44,0.506,0.4985,0.5055,0.5055,0.059,-0.041,1.025,0.47059,0.55882,0.65882,0.6,0.5,0.5,0.5,0.5,0.45956,0.61956,0.38044,0.44622,0.46311,0.46844,0.46311,0.46622,0.39412,0.50588,0.65294,0.60588,0.5,0.5,0.51765,0.50588,0.5065,0.4885,0.6525,0.4875,0.5055,0.5005,0.5135,0.5,-0.009,-0.043,1.032
0.41867,0.62889,0.43644,0.48933,0.46311,0.46933,0.46578,0.46622,0.47647,0.56471,0.58235,0.59412,0.50588,0.5,0.5,0.50588,0.519,0.5065,0.77,0.509,0.505,0.4965,0.501,0.4965,-0.052,-0.037,1.022,0.45294,0.27059,0.46471,0.39412,0.5,0.5,0.5,0.5,0.38089,0.6,0.50711,0.52178,0.46356,0.46978,0.46533,0.46533,0.5,0.28235,0.5,0.45294,0.50588,0.5,0.5,0.49412,0.5215,0.4865,0.827,0.4695,0.505,0.495,0.502,0.505,0.005,-0.041,1.044
0.33467,0.54622,0.50756,0.49911,0.46311,0.46933,0.46489,0.46533,0.5,0.47059,0.5,0.44118,0.5,0.5,0.5,0.5,0.5425,0.3985,0.74,0.318,0.5055,0.4965,0.5045,0.5045,0.004,-0.039,1.031,0.72353,0.56471,0.37647,0.45294,0.5,0.5,0.5,0.5,0.33244,0.49956,0.47733,0.44489,0.46356,0.46756,0.45733,0.46578,0.52353,0.51176,0.38235,0.46471,0.50588,0.5,0.5,0.50588,0.639,0.3255,0.5865,0.204,0.5055,0.505,0.54,0.5,0.064,-0.062,1.03
0.43244,0.5,0.41111,0.42889,0.46356,0.46756,0.45733,0.46622,0.74706,0.51176,0.37647,0.48824,0.50588,0.5,0.5,0.50588,0.6315,0.383,0.602,0.166,0.5055,0.5055,0.5405,0.5,0.071,-0.036,0.993,0.44706,0.30588,0.53529,0.48824,0.5,0.5,0.5,0.5,0.60044,0.5,0.34089,0.40044,0.46356,0.46756,0.45556,0.46711,0.50588,0.50588,0.5,0.5,0.50588,0.5,0.5,0.50588,0.5545,0.301,0.6395,0.1505,0.5055,0.5045,0.548,0.4955,0.084,-0.081,1.058
0.60044,0.45511,0.34089,0.39067,0.46311,0.47733,0.464,0.46844,0.50588,0.01176,0.5,0.24118,0.49412,0.60588,0.45882,0.48824,0.526,0.288,0.7255,0.1695,0.5055,0.461,0.5075,0.4945,0.052,0.132,0.95,0.42941,0.54706,0.52353,0.54706,0.5,0.5,0.5,0.5,0.60978,0.16267,0.36444,0.33111,0.46222,0.48489,0.46578,0.46622,0.47059,0.50588,0.5,0.52941,0.50588,0.5,0.5,0.50588,0.486,0.493,0.7525,0.495,0.5055,0.42,0.5,0.5,0.003,0.043,1.027
0.54756,0.18356,0.36889,0.35556,0.46178,0.48489,0.46622,0.46578,0.40588,0.52941,0.5,0.54118,0.5,0.5,0.50588,0.5,0.5065,0.5065,0.7905,0.4965,0.505,0.42,0.499,0.5,0.014,0.034,1.042,0.48235,0.66471,0.58824,0.57647,0.5,0.5,0.5,0.5,0.47911,0.25156,0.41822,0.40533,0.46089,0.48489,0.46533,0.46667,0.5,0.64706,0.61765,0.57059,0.5,0.5,0.5,0.50588,0.515,0.5115,0.764,0.5085,0.505,0.42,0.501,0.4965,-0.04,0.061,1.069
0.46489,0.32578,0.46222,0.436,0.46089,0.48489,0.46533,0.46622,0.47647,0.64706,0.54706,0.54118,0.5,0.5,0.5,0.5,0.5205,0.5195,0.768,0.5475,0.5055,0.42,0.5015,0.4965,-0.086,0.03,1.025,0.42353,0.55294,0.51176,0.40588,0.5,0.5,0.5,0.5,0.432,0.44311,0.54044,0.45689,0.46089,0.48489,0.46533,0.46622,0.48824,0.57647,0.5,0.39412,0.5,0.5,0.5,0.50588,0.5135,0.5145,0.66,0.502,0.5055,0.42,0.502,0.4965,-0.085,0.013,1.03
0.38222,0.47511,0.54044,0.41067,0.46089,0.48489,0.46489,0.46622,0.5,0.61765,0.5,0.42941,0.5,0.5,0.5,0.5,0.521,0.5115,0.6905,0.4995,0.5055,0.42,0.502,0.5,-0.03,0.018,1.025,0.68824,0.67647,0.5,0.52941,0.5,0.5,0.5,0.5,0.33333,0.56889,0.54489,0.35822,0.46089,0.48489,0.46622,0.46667,0.5,0.64706,0.50588,0.5,0.49412,0.5,0.5,0.50588,0.633,0.5145,0.702,0.5345,0.505,0.42,0.498,0.4965,-0.071,0.039,1.022
0.37378,0.65022,0.54933,0.37422,0.46133,0.48489,0.46578,0.46622,0.54118,0.69412,0.5,0.52353,0.51176,0.5,0.5,0.5,0.7325,0.5185,0.682,0.533,0.505,0.42,0.4995,0.5,-0.149,-0.014,1.024,0.60588,0.21176,0.4,0.51176,0.5,0.5,0.5,0.5,0.65378,0.72933,0.54933,0.40533,0.46622,0.484,0.46578,0.46667,0.84706,0.43529,0.5,0.5,0.5,0.5,0.5,0.49412,0.516,0.4565,0.527,0.4875,0.494,0.424,0.4995,0.4965,-0.055,-0.031,1.029
0.704,0.63022,0.49733,0.40844,0.46489,0.46933,0.46044,0.46578,0.54118,0.29412,0.41765,0.50588,0.5,0.46471,0.47059,0.50588,0.5275,0.395,0.526,0.5005,0.4965,0.492,0.523,0.504,0.129,-0.026,1.016,0.27059,0.65294,0.47647,0.49412,0.5,0.5,0.5,0.5,0.73867,0.38844,0.42667,0.41289,0.46489,0.47378,0.46444,0.46667,0.41765,0.54118,0.5,0.5,0.5,0.5,0.5,0.5,0.4775,0.522,0.544,0.503,0.4965,0.4735,0.505,0.4965,0.083,0.015,1.014
0.67422,0.46178,0.42711,0.40889,0.464,0.47289,0.46578,0.46667,0.46471,0.62353,0.49412,0.48824,0.49412,0.5,0.5,0.5,0.413,0.5255,0.485,0.5065,0.5035,0.4795,0.5005,0.4965,0.035,0.019,1.03,0.43529,0.35882,0.43529,0.62353,0.5,0.5,0.5,0.5,0.58133,0.54222,0.42356,0.42489,0.46356,0.47289,0.46578,0.46533,0.49412,0.35294,0.41176,0.58235,0.50588,0.5,0.5,0.50588,0.333,0.493,0.3335,0.611,0.505,0.479,0.5,0.503,0.035,0.031,1.046
0.58133,0.45733,0.40667,0.47867,0.464,0.47333,0.46578,0.46578,0.5,0.36471,0.5,0.60588,0.5,0.5,0.5,0.50588,0.276,0.5045,0.2575,0.655,0.5045,0.4775,0.5,0.503,0.054,0.011,1.038,0.47647,0.77647,0.47647,0.38235,0.5,0.5,0.5,0.5,0.58178,0.37778,0.37067,0.53333,0.464,0.47378,0.46578,0.46578,0.49412,0.74118,0.45882,0.37647,0.5,0.5,0.5,0.50588,0.2055,0.5925,0.2065,0.555,0.5025,0.475,0.5,0.503,0.08,0.028,1.003
0.552,0.56444,0.35422,0.48356,0.46222,0.47911,0.46622,0.46578,0.5,0.94118,0.34706,0.41176,0.5,0.5,0.5,0.5,0.235,0.53,0.2215,0.502,0.505,0.4505,0.4975,0.503,0.131,0.073,0.997,0.36471,0.34706,0.62941,0.58824,0.5,0.5,0.5,0.5,0.30578,0.77644,0.32667,0.44578,0.46356,0.46889,0.46133,0.46533,0.28824,0.5,0.62353,0.61176,0.46471,0.5,0.51176,0.50588,0.4915,0.45,0.5015,0.5115,0.506,0.4985,0.5215,0.5025,0.184,-0.001,1.098
0.224,0.77422,0.38311,0.50356,0.46178,0.46889,0.46222,0.46667,0.33529,0.50588,0.61765,0.56471,0.5,0.49412,0.5,0.5,0.494,0.331,0.5435,0.433,0.506,0.4965,0.5165,0.497,0.055,-0.049,1.057,0.8,0.54118,0.48824,0.50588,0.5,0.5,0.5,0.5,0.164,0.668,0.44978,0.55467,0.46178,0.46933,0.46222,0.46667,0.73529,0.5,0.5,0.5,0.5,0.5,0.5,0.50588,0.593,0.407,0.573,0.445,0.5055,0.496,0.5165,0.495,0.107,-0.035,1.055
0.26578,0.668,0.44044,0.56178,0.46133,0.46933,0.46356,0.46711,0.78235,0.5,0.5,0.5,0.5,0.5,0.50588,0.50588,0.661,0.4375,0.5885,0.4255,0.5055,0.496,0.5115,0.4945,-0.074,-0.02,1.033,0.45882,0.22353,0.49412,0.42941,0.5,0.5,0.5,0.5,0.37689,0.64533,0.42756,0.56533,0.46133,0.46933,0.46489,0.46667,0.50588,0.31176,0.5,0.5,0.5,0.5,0.5,0.5,0.7385,0.349,0.6075,0.3165,0.505,0.496,0.504,0.4975,0.049,0.009,1.022
0.37689,0.53333,0.41956,0.56533,0.46178,0.46844,0.46444,0.46667,0.50588,0.13529,0.42941,0.5,0.50588,0.48824,0.5,0.5,0.696,0.3365,0.628,0.145,0.505,0.499,0.5055,0.498,0.064,-0.02,1.031,0.67059,0.52353,0.45882,0.48824,0.5,0.5,0.5,0.5,0.37733,0.41333,0.408,0.55644,0.46178,0.46844,0.464,0.46667,0.5,0.5,0.44706,0.5,0.50588,0.5,0.5,0.5,0.783,0.258,0.606,0.0,0.505,0.5,0.508,0.4985,0.052,-0.013,1.08
0.47467,0.41333,0.38133,0.55467,0.46178,0.46844,0.464,0.46667,0.9,0.5,0.5,0.5,0.50588,0.5,0.5,0.5,0.718,0.284,0.6315,0.001,0.505,0.5,0.508,0.498,0.02,-0.028,1.076,0.5,0.66471,0.63529,0.40588,0.5,0.5,0.5,0.5,0.632,0.41333,0.35511,0.544,0.46178,0.46844,0.464,0.46667,0.50588,0.5,0.5,0.5,0.50588,0.5,0.5,0.5,0.6395,0.416,0.8505,0.0,0.5045,0.5,0.508,0.498,0.01,-0.04,1.03
0.632,0.43378,0.36711,0.52844,0.46133,0.46844,0.464,0.46711,0.50588,0.61176,0.5,0.46471,0.49412,0.5,0.5,0.50588,0.6375,0.477,0.997,0.029,0.5045,0.5,0.508,0.4975,0.002,-0.027,1.044,0.25882,0.31765,0.52353,0.50588,0.5,0.5,0.5,0.5,0.63111,0.54089,0.36711,0.47378,0.46178,0.46844,0.464,0.46667,0.48235,0.50588,0.5,0.5,0.50588,0.5,0.5,0.50588,0.5235,0.366,0.9995,0.038,0.505,0.5,0.508,0.4955,0.046,-0.007,1.039
0.52622,0.52311,0.40356,0.46489,0.46178,0.46711,0.46222,0.46711,0.25294,0.44706,0.68235,0.5,0.50588,0.49412,0.47647,0.50588,0.514,0.226,0.8725,0.0945,0.505,0.5055,0.5145,0.495,0.053,-0.007,0.947,0.44118,0.78235,0.48824,0.42353,0.5,0.5,0.5,0.5,0.37244,0.29911,0.44889,0.63956,0.46178,0.46933,0.46578,0.46578,0.5,0.70588,0.5,0.51765,0.5,0.5,0.5,0.51176,0.512,0.521,0.6975,0.4885,0.506,0.496,0.5,0.4965,0.049,-0.025,1.023
0.33422,0.42667,0.464,0.636,0.46133,0.46933,0.46578,0.46578,0.41765,0.82353,0.5,0.47059,0.5,0.5,0.5,0.49412,0.518,0.5285,0.599,0.5035,0.5055,0.496,0.498,0.503,-0.084,-0.088,1.066,0.64118,0.28824,0.57059,0.42353,0.5,0.5,0.5,0.5,0.30667,0.56622,0.46889,0.61956,0.46089,0.46933,0.46622,0.46667,0.5,0.33529,0.5,0.51176,0.50588,0.5,0.5,0.50588,0.578,0.4925,0.6505,0.499,0.505,0.4955,0.498,0.4965,0.005,-0.03,1.061
0.30622,0.47422,0.48844,0.62578,0.46044,0.46978,0.46578,0.46667,0.49412,0.32353,0.5,0.52941,0.5,0.5,0.5,0.5,0.6895,0.4855,0.7295,0.494,0.505,0.4935,0.499,0.4965,-0.0,-0.016,1.024,0.70588,0.6,0.46471,0.38824,0.5,0.5,0.5,0.5,0.32178,0.364,0.50267,0.664,0.46044,0.46978,0.46578,0.46667,0.50588,0.54706,0.5,0.5,0.5,0.5,0.5,0.5,0.8235,0.5065,0.807,0.499,0.5045,0.4935,0.499,0.4965,-0.048,0.003,1.028
0.32222,0.4,0.50267,0.664,0.46044,0.46978,0.46622,0.46667,0.5,0.57647,0.5,0.5,0.5,0.5,0.5,0.5,0.8215,0.5115,0.7215,0.5,0.505,0.4935,0.4975,0.4965,-0.03,0.005,1.033,0.6,0.44118,0.44118,0.41765,0.5,0.5,0.5,0.5,0.32222,0.45333,0.49244,0.66267,0.46044,0.46978,0.46622,0.46622,0.50588,0.45882,0.47059,0.5,0.5,0.5,0.5,0.51176,0.8185,0.4935,0.577,0.5,0.505,0.4935,0.4975,0.5,-0.055,0.029,1.001
0.38311,0.42533,0.456,0.66311,0.46044,0.46978,0.46622,0.46622,0.7,0.44706,0.38235,0.5,0.5,0.5,0.5,0.5,0.7305,0.4935,0.6035,0.4995,0.505,0.4935,0.4975,0.4965,-0.029,-0.002,0.986,0.5,0.38824,0.51765,0.40588,0.5,0.5,0.5,0.5,0.48311,0.36533,0.42444,0.66356,0.46044,0.46978,0.46622,0.46667,0.5,0.40588,0.5,0.5,0.5,0.5,0.5,0.50588,0.6615,0.4885,0.6175,0.5,0.5055,0.4935,0.4975,0.4965,-0.04,0.011,1.041
0.48267,0.31378,0.42444,0.66978,0.46044,0.46978,0.46578,0.46667,0.5,0.4,0.5,0.51765,0.5,0.5,0.5,0.5,0.661,0.485,0.6605,0.496,0.505,0.4935,0.498,0.4965,-0.038,0.009,1.031,0.52941,0.58235,0.57647,0.37647,0.5,0.5,0.5,0.5,0.48267,0.25378,0.42489,0.67822,0.46044,0.46978,0.46578,0.46667,0.5,0.54706,0.5,0.5,0.5,0.5,0.5,0.50588,0.678,0.5065,0.828,0.5,0.5045,0.4935,0.499,0.4965,-0.017,0.019,1.045
0.48267,0.28844,0.45111,0.67822,0.46044,0.472,0.46578,0.46667,0.5,0.59412,0.55294,0.5,0.5,0.51765,0.5,0.50588,0.7005,0.508,0.892,0.5,0.5045,0.485,0.498,0.4965,-0.054,0.029,1.035,0.38824,0.57647,0.55882,0.37647,0.5,0.5,0.5,0.5,0.48267,0.36089,0.51067,0.67778,0.46089,0.47511,0.46578,0.46622,0.50588,0.58824,0.57059,0.5,0.50588,0.5,0.5,0.51176,0.65,0.5085,0.919,0.5,0.505,0.469,0.499,0.5,-0.158,0.032,1.036
0.48267,0.40267,0.53644,0.67778,0.46089,0.47511,0.46578,0.46622,0.50588,0.58824,0.5,0.5,0.50588,0.5,0.5,0.50588,0.5725,0.5085,0.9355,0.5,0.505,0.469,0.499,0.5,-0.148,0.026,1.001,0.41176,0.60588,0.48235,0.38824,0.5,0.5,0.5,0.5,0.42933,0.47911,0.58978,0.67689,0.46133,0.47556,0.46622,0.46622,0.5,0.61176,0.5,0.48824,0.50588,0.5,0.5,0.50588,0.529,0.5105,0.8205,0.5005,0.505,0.4685,0.498,0.5,-0.155,0.018,1.031
0.38133,0.52356,0.59022,0.66533,0.46133,0.47511,0.46622,0.46578,0.48824,0.61176,0.5,0.48824,0.50588,0.5,0.5,0.5,0.5385,0.517,0.7765,0.504,0.5055,0.4685,0.499,0.4975,-0.121,-0.001,1.03,0.43529,0.52941,0.39412,0.34706,0.5,0.5,0.5,0.5,0.29778,0.60222,0.58844,0.64756,0.46178,0.47556,0.46622,0.46622,0.50588,0.53529,0.45882,0.47647,0.50588,0.5,0.5,0.50588,0.5435,0.512,0.569,0.505,0.506,0.467,0.498,0.5,-0.023,0.032,1.06
0.28,0.61956,0.53778,0.63911,0.46178,0.47556,0.46578,0.46578,0.45294,0.51765,0.4,0.5,0.50588,0.5,0.5,0.51176,0.532,0.5115,0.55,0.502,0.5055,0.4675,0.4995,0.5025,0.027,0.049,1.021,0.65882,0.42941,0.42941,0.4,0.5,0.5,0.5,0.5,0.27022,0.62622,0.46356,0.62489,0.46133,0.47467,0.46533,0.46578,0.58824,0.41765,0.43529,0.5,0.50588,0.5,0.5,0.51176,0.5695,0.4955,0.4915,0.5,0.5055,0.4705,0.5015,0.5035,0.02,0.03,1.027
0.34578,0.58933,0.42222,0.624,0.46089,0.47467,0.46533,0.46578,0.67647,0.41176,0.42941,0.5,0.5,0.5,0.5,0.5,0.57,0.5045,0.506,0.5,0.5055,0.471,0.502,0.5035,0.014,0.03,1.043,0.42353,0.28824,0.49412,0.34706,0.5,0.5,0.5,0.5,0.45244,0.48978,0.376,0.62622,0.46044,0.47467,0.46622,0.46622,0.50588,0.32941,0.5,0.51176,0.5,0.5,0.5,0.50588,0.5215,0.489,0.5295,0.499,0.5055,0.4705,0.4975,0.5,0.048,0.025,1.025
0.44,0.39378,0.376,0.64711,0.46044,0.47467,0.46533,0.46578,0.42353,0.31176,0.5,0.57059,0.50588,0.5,0.5,0.5,0.507,0.4815,0.5155,0.485,0.506,0.471,0.5015,0.5035,0.05,0.047,1.043,0.64118,0.61176,0.61176,0.27059,0.5,0.5,0.5,0.5,0.39689,0.26711,0.38667,0.69511,0.46044,0.47511,0.46622,0.46667,0.49412,0.59412,0.57059,0.5,0.5,0.5,0.5,0.5,0.558,0.5115,0.624,0.4985,0.505,0.469,0.4975,0.4965,-0.002,0.042,1.026
0.39689,0.31956,0.42311,0.69556,0.46,0.47511,0.46667,0.46711,0.50588,0.58235,0.65294,0.5,0.49412,0.5,0.5,0.49412,0.6615,0.5145,0.725,0.5,0.505,0.469,0.4955,0.4965,-0.07,0.042,1.019,0.48235,0.41765,0.50588,0.37647,0.5,0.5,0.5,0.5,0.42133,0.38533,0.46222,0.69467,0.45956,0.47556,0.46622,0.46622,0.50588,0.44118,0.5,0.5,0.5,0.5,0.5,0.5,0.728,0.492,0.8615,0.5,0.5045,0.467,0.4975,0.5,-0.029,0.051,1.031
0.42133,0.34356,0.46222,0.69467,0.45956,0.47556,0.46578,0.46622,0.5,0.42941,0.5,0.5,0.5,0.5,0.5,0.50588,0.7095,0.4915,0.876,0.5,0.5045,0.467,0.499,0.5,-0.034,0.044,1.03,0.48235,0.52353,0.47059,0.24706,0.5,0.5,0.5,0.5,0.42133,0.3,0.46222,0.69511,0.45956,0.47556,0.46578,0.46622,0.5,0.5,0.5,0.5,0.5,0.5,0.5,0.50588,0.6805,0.493,0.847,0.5,0.505,0.467,0.499,0.5,-0.054,0.041,1.037
0.42133,0.30578,0.46222,0.69511,0.45956,0.47556,0.46578,0.46578,0.5,0.52353,0.5,0.5,0.5,0.5,0.5,0.5,0.6665,0.507,0.776,0.5,0.505,0.467,0.499,0.503,-0.055,0.039,1.034,0.37059,0.56471,0.48824,0.35882,0.5,0.5,0.5,0.5,0.42133,0.32933,0.46222,0.69467,0.45956,0.47556,0.46622,0.46578,0.5,0.54118,0.5,0.5,0.5,0.5,0.5,0.50588,0.5765,0.5105,0.6735,0.5,0.5055,0.467,0.499,0.5035,-0.061,0.032,1.016
0.41156,0.35511,0.46267,0.69422,0.45956,0.47556,0.46578,0.46578,0.31765,0.54118,0.50588,0.5,0.50588,0.5,0.5,0.50588,0.5245,0.5155,0.6435,0.5,0.5055,0.467,0.5,0.5035,-0.016,0.026,1.066,0.66471,0.67059,0.57647,0.37059,0.5,0.5,0.5,0.5,0.33333,0.44533,0.47067,0.68978,0.45956,0.47556,0.46622,0.46578,0.5,0.64706,0.55294,0.48235,0.5,0.5,0.5,0.5,0.608,0.5205,0.694,0.504,0.505,0.467,0.498,0.503,-0.02,0.011,1.062
0.33289,0.53422,0.49289,0.68178,0.45956,0.47556,0.46622,0.46578,0.5,0.7,0.5,0.48824,0.5,0.5,0.5,0.51176,0.7475,0.519,0.771,0.504,0.5045,0.467,0.498,0.4985,-0.096,0.059,1.043,0.68824,0.31176,0.37647,0.42941,0.5,0.5,0.5,0.5,0.33289,0.61378,0.52444,0.67333,0.45956,0.47556,0.46533,0.46578,0.50588,0.34706,0.5,0.5,0.50588,0.5,0.5,0.50588,0.816,0.4865,0.646,0.4995,0.505,0.467,0.5015,0.5025,-0.062,0.029,1.004
0.37911,0.52,0.464,0.67556,0.45911,0.47556,0.46533,0.46533,0.85294,0.3,0.35294,0.51176,0.50588,0.5,0.5,0.5,0.743,0.4855,0.63,0.4975,0.505,0.467,0.5015,0.5055,-0.064,0.013,1.018,0.48824,0.56471,0.58824,0.41765,0.5,0.5,0.5,0.5,0.63511,0.41156,0.392,0.68978,0.45911,0.47556,0.46533,0.46622,0.61765,0.55294,0.5,0.5,0.50588,0.5,0.5,0.50588,0.5335,0.5065,0.7625,0.5,0.505,0.467,0.502,0.5,-0.123,0.017,1.031
0.65067,0.43644,0.40356,0.69022,0.45911,0.47556,0.46533,0.46622,0.5,0.55882,0.60588,0.5,0.5,0.5,0.5,0.5,0.5195,0.5075,0.9235,0.5,0.505,0.467,0.5015,0.5025,-0.123,0.018,1.019,0.20588,0.43529,0.46471,0.31765,0.5,0.5,0.5,0.5,0.60356,0.46711,0.47067,0.68933,0.45956,0.47556,0.46667,0.46667,0.29412,0.44118,0.5,0.5,0.50588,0.5,0.5,0.5,0.476,0.493,0.799,0.5,0.5055,0.467,0.4975,0.4965,-0.206,0.03,1.059
0.39244,0.42622,0.47733,0.68444,0.45956,0.47556,0.46622,0.46667,0.07059,0.45294,0.5,0.5,0.50588,0.5,0.5,0.5,0.5165,0.4935,0.6815,0.5,0.5055,0.467,0.4975,0.4965,0.021,0.063,1.038,0.7,0.42353,0.48824,0.25294,0.5,0.5,0.5,0.5,0.23689,0.37022,0.47867,0.69378,0.45822,0.47556,0.46622,0.46667,0.50588,0.44118,0.5,0.51176,0.5,0.5,0.5,0.51176,0.5975,0.492,0.556,0.4965,0.5055,0.467,0.4975,0.4945,0.055,0.044,1.087
0.27244,0.33689,0.47422,0.696,0.45689,0.47556,0.46667,0.46667,0.66471,0.46471,0.47647,0.5,0.5,0.5,0.5,0.5,0.6815,0.4885,0.5475,0.5,0.5055,0.467,0.4965,0.4945,0.005,0.059,1.02,0.66471,0.63529,0.49412,0.35294,0.5,0.5,0.5,0.5,0.40933,0.31822,0.45556,0.69644,0.456,0.47556,0.46622,0.46622,0.51176,0.58824,0.5,0.5,0.50588,0.5,0.5,0.5,0.7635,0.508,0.595,0.5,0.5055,0.467,0.4985,0.5,-0.12,0.044,1.025
0.52489,0.38222,0.44444,0.696,0.456,0.476,0.46578,0.46578,0.74118,0.64706,0.5,0.5,0.5,0.5,0.5,0.50588,0.663,0.5095,0.633,0.5,0.506,0.465,0.5,0.4985,-0.133,0.006,1.008,0.22353,0.68824,0.50588,0.29412,0.5,0.5,0.5,0.5,0.74444,0.51867,0.44622,0.69644,0.464,0.47733,0.46578,0.46667,0.42941,0.62941,0.5,0.5,0.51176,0.5,0.5,0.50588,0.4385,0.5165,0.617,0.5,0.4965,0.4585,0.4995,0.4965,-0.041,0.074,1.043
0.69378,0.61022,0.45511,0.68711,0.46489,0.47733,0.46622,0.46622,0.38824,0.68824,0.5,0.48235,0.50588,0.5,0.5,0.5,0.3065,0.5175,0.59,0.5045,0.497,0.4585,0.4975,0.5,-0.003,0.133,0.895,0.31765,0.32941,0.46471,0.34706,0.5,0.5,0.5,0.5,0.28978,0.70489,0.45111,0.67067,0.45644,0.48,0.46622,0.46622,0.22941,0.43529,0.44706,0.54118,0.48824,0.5,0.5,0.49412,0.515,0.484,0.5675,0.4955,0.506,0.445,0.4975,0.4995,0.043,0.181,0.984
0.19778,0.64311,0.44578,0.69467,0.45467,0.47956,0.46667,0.46533,0.37059,0.4,0.47059,0.55294,0.50588,0.5,0.50588,0.50588,0.5125,0.4625,0.5065,0.483,0.5065,0.447,0.496,0.505,0.056,0.16,1.001,0.89412,0.47647,0.57647,0.37647,0.5,0.5,0.5,0.5,0.13244,0.62044,0.42489,0.69733,0.45422,0.47956,0.46667,0.46533,0.68235,0.5,0.49412,0.5,0.5,0.5,0.5,0.5,0.6475,0.343,0.627,0.5,0.506,0.447,0.4955,0.505,-0.011,0.134,1.045
0.27689,0.59867,0.42444,0.69733,0.45422,0.47956,0.46667,0.46533,0.82941,0.5,0.50588,0.5,0.5,0.5,0.5,0.5,0.7145,0.3625,0.816,0.5,0.5055,0.447,0.4955,0.505,-0.027,0.146,1.005,0.77647,0.24706,0.45294,0.25882,0.5,0.5,0.5,0.5,0.32889,0.50711,0.45689,0.69778,0.45467,0.47956,0.46622,0.46044,0.50588,0.23529,0.5,0.5,0.50588,0.5,0.5,0.49412,0.8095,0.346,0.806,0.5,0.5055,0.447,0.497,0.505,-0.005,0.148,1.006
0.32889,0.47822,0.45644,0.69778,0.45467,0.47956,0.46622,0.45956,0.50588,0.49412,0.5,0.5,0.50588,0.5,0.5,0.50588,0.8055,0.142,0.6935,0.5,0.5055,0.447,0.497,0.5045,-0.006,0.142,1.009,0.51765,0.61765,0.5,0.39412,0.5,0.5,0.5,0.5,0.32889,0.47778,0.448,0.69778,0.45467,0.47956,0.46622,0.45867,0.50588,0.5,0.5,0.5,0.5,0.5,0.5,0.5,0.804,0.251,0.6,0.5,0.506,0.447,0.497,0.505,0.002,0.155,1.02
0.32889,0.47778,0.448,0.69778,0.45467,0.47956,0.46622,0.45867,0.50588,0.5,0.5,0.5,0.5,0.5,0.5,0.50588,0.803,0.362,0.6,0.5,0.506,0.447,0.497,0.5055,0.007,0.157,1.02,0.52941,0.48824,0.46471,0.27647,0.5,0.5,0.5,0.5,0.32933,0.47822,0.44089,0.69778,0.45467,0.47956,0.46622,0.45689,0.50588,0.50588,0.5,0.5,0.50588,0.5,0.5,0.49412,0.8005,0.4415,0.578,0.5,0.506,0.447,0.497,0.5065,0.081,0.166,0.985
0.26089,0.47778,0.43333,0.69822,0.45689,0.476,0.46622,0.45467,0.14118,0.50588,0.5,0.5,0.50588,0.5,0.5,0.5,0.5,0.4335,0.5285,0.5,0.506,0.4635,0.497,0.507,0.162,0.173,0.979,0.95294,0.61765,0.57647,0.4,0.5,0.5,0.5,0.5,0.06267,0.5,0.43867,0.69822,0.45644,0.47556,0.46622,0.46178,0.35882,0.57059,0.56471,0.5,0.50588,0.5,0.5,0.52353,0.5,0.452,0.5235,0.5,0.506,0.4665,0.497,0.5055,0.069,0.139,0.973
-0.02622,0.56,0.47378,0.69822,0.45822,0.47422,0.46622,0.46978,0.3,0.65882,0.57059,0.5,0.50588,0.5,0.5,0.50588,0.5,0.4475,0.542,0.5,0.506,0.4725,0.496,0.4945,0.037,0.171,1.025,0.95882,0.37059,0.39412,0.28824,0.5,0.5,0.5,0.5,-0.06178,0.60533,0.49422,0.69822,0.46178,0.47422,0.46667,0.46756,0.50588,0.50588,0.42353,0.5,0.50588,0.5,0.5,0.5,0.5,0.4095,0.492,0.5,0.506,0.4725,0.4955,0.495,0.057,0.166,0.994
-0.06044,0.59644,0.44889,0.69822,0.46311,0.47467,0.46667,0.46533,0.50588,0.47647,0.42353,0.5,0.50588,0.5,0.5,0.5,0.5,0.318,0.451,0.5,0.506,0.472,0.496,0.505,0.154,0.182,0.994,0.94118,0.55882,0.50588,0.31765,0.5,0.5,0.5,0.5,-0.04844,0.57467,0.39467,0.69822,0.46356,0.47422,0.46622,0.46533,0.51176,0.50588,0.5,0.5,0.50588,0.5,0.5,0.5,0.5,0.2805,0.42,0.5,0.5055,0.4725,0.497,0.505,0.095,0.187,1.015
-0.048,0.57422,0.39467,0.69822,0.46356,0.47422,0.46622,0.46533,0.50588,0.50588,0.5,0.5,0.50588,0.5,0.5,0.5,0.5,0.3365,0.434,0.5,0.5055,0.4725,0.497,0.505,0.103,0.181,1.01,1.00588,0.38824,0.56471,0.25294,0.5,0.5,0.5,0.5,-0.04978,0.57422,0.40844,0.69822,0.46311,0.472,0.46622,0.46533,0.48824,0.50588,0.54706,0.5,0.5,0.5,0.5,0.5,0.5,0.3075,0.4985,0.5,0.5055,0.482,0.497,0.505,0.091,0.174,1.015
-0.05067,0.57467,0.43778,0.69822,0.464,0.47156,0.46622,0.46533,0.50588,0.5,0.54118,0.5,0.50588,0.5,0.5,0.5,0.5,0.193,0.506,0.5,0.5035,0.4855,0.497,0.5045,0.092,0.173,1.013,0.74118,0.58235,0.42353,0.35294,0.5,0.5,0.5,0.5,-0.05111,0.57467,0.45022,0.69822,0.464,0.47156,0.46622,0.46533,0.50588,0.49412,0.45294,0.5,0.50588,0.5,0.5,0.5,0.5,0.2285,0.5,0.5,0.5035,0.4855,0.497,0.505,0.099,0.186,1.009
-0.05022,0.57467,0.42089,0.69822,0.464,0.472,0.46622,0.46533,0.50588,0.50588,0.44706,0.5,0.49412,0.5,0.5,0.5,0.5,0.311,0.4615,0.5,0.5055,0.4845,0.497,0.505,0.104,0.18,1.009,0.87647,0.54118,0.53529,0.27647,0.5,0.5,0.5,0.5,-0.04222,0.57422,0.38578,0.69822,0.46311,0.472,0.46622,0.46533,0.50588,0.5,0.5,0.5,0.49412,0.5,0.5,0.5,0.5,0.406,0.468,0.5,0.506,0.4835,0.497,0.5055,0.099,0.189,1.014
-0.04444,0.57422,0.39911,0.69822,0.46311,0.47156,0.46622,0.46533,0.5,0.51176,0.51765,0.5,0.50588,0.5,0.5,0.5,0.5,0.4335,0.495,0.5,0.506,0.485,0.497,0.5055,0.102,0.186,1.012,0.69412,0.38235,0.53529,0.34706,0.5,0.5,0.5,0.5,-0.04489,0.57511,0.43067,0.69822,0.46356,0.47111,0.46622,0.46578,0.5,0.50588,0.51765,0.5,0.5,0.5,0.5,0.5,0.5,0.395,0.5005,0.5,0.5035,0.4875,0.497,0.505,0.094,0.179,1.01
-0.04489,0.57511,0.44356,0.69822,0.464,0.47111,0.46622,0.46533,0.5,0.50588,0.52353,0.5,0.50588,0.5,0.5,0.5,0.5,0.2955,0.5215,0.5,0.5035,0.4875,0.497,0.505,0.096,0.173,1.011,0.95294,0.32941,0.52941,0.29412,0.5,0.5,0.5,0.5,-0.04756,0.57467,0.46578,0.69822,0.464,0.47111,0.46622,0.46578,0.5,0.5,0.52353,0.5,0.50588,0.5,0.5,0.50588,0.5,0.168,0.561,0.5,0.5035,0.4875,0.497,0.5025,0.088,0.172,1.005
-0.04889,0.57467,0.47733,0.69822,0.464,0.47111,0.46622,0.46533,0.5,0.5,0.51765,0.5,0.50588,0.5,0.5,0.51176,0.5,0.172,0.5785,0.5,0.5035,0.4875,0.497,0.5025,0.078,0.168,1.01,1.05882,0.52353,0.48824,0.28235,0.5,0.5,0.5,0.5,-0.05733,0.57467,0.49156,0.69822,0.46444,0.47111,0.46622,0.46533,0.49412,0.5,0.5,0.5,0.50588,0.5,0.5,0.5,0.5,0.199,0.573,0.5,0.5,0.4875,0.497,0.505,0.086,0.171,1.011
-0.05822,0.57467,0.49156,0.69822,0.46444,0.47111,0.46622,0.46533,0.5,0.5,0.5,0.5,0.50588,0.5,0.5,0.5,0.5,0.2155,0.545,0.5,0.5,0.4875,0.497,0.505,0.085,0.176,1.011,1.07059,0.47647,0.38824,0.25294,0.5,0.5,0.5,0.5,-0.05778,0.57467,0.45822,0.69822,0.464,0.47111,0.46622,0.46533,0.50588,0.5,0.40588,0.5,0.5,0.5,0.5,0.5,0.5,0.2235,0.493,0.5,0.5035,0.4875,0.497,0.505,0.102,0.179,1.02
-0.05511,0.58978,0.41378,0.69911,0.46311,0.47156,0.46667,0.46756,0.50588,0.88824,0.45294,0.5,0.5,0.5,0.5,0.5,0.5,0.5,0.4345,0.499,0.5055,0.4855,0.495,0.4945,0.048,0.207,0.994,0.95294,0.50588,0.57059,0.31765,0.5,0.5,0.5,0.5,-0.03022,0.69244,0.36044,0.69956,0.46356,0.47111,0.46667,0.46756,0.52941,0.51765,0.57647,0.5,0.51176,0.5,0.5,0.5,0.5,0.5,0.4975,0.5,0.5035,0.4875,0.495,0.4945,0.048,0.189,1.016
-0.016,0.7,0.392,0.69956,0.464,0.47067,0.46667,0.46667,0.53529,0.51176,0.56471,0.5,0.50588,0.5,0.5,0.5,0.5,0.5,0.5065,0.5,0.5035,0.489,0.4955,0.4965,0.028,0.182,1.006,0.72941,0.19412,0.54706,0.25882,0.5,0.5,0.5,0.5,-0.00933,0.70667,0.44133,0.69956,0.46356,0.47067,0.46667,0.46533,0.5,0.51176,0.54118,0.5,0.5,0.5,0.5,0.50588,0.5,0.5,0.5435,0.5,0.5035,0.489,0.496,0.505,0.007,0.189,1.007
-0.01822,0.71067,0.46089,0.69956,0.464,0.47067,0.46622,0.46533,0.47059,0.51176,0.54118,0.5,0.5,0.5,0.5,0.5,0.5,0.5,0.567,0.5,0.5035,0.489,0.496,0.5055,0.006,0.182,0.999,0.72941,0.24706,0.40588,0.28235,0.5,0.5,0.5,0.5,-0.04489,0.71467,0.47022,0.69956,0.46444,0.47067,0.46622,0.46533,0.5,0.50588,0.43529,0.5,0.51176,0.5,0.5,0.5,0.5,0.5,0.5005,0.5,0.5,0.489,0.4965,0.5055,0.029,0.185,1.008
-0.04356,0.71511,0.43111,0.7,0.46356,0.47067,0.46622,0.46578,0.50588,0.50588,0.43529,0.5,0.5,0.5,0.5,0.50588,0.5,0.5,0.462,0.5,0.506,0.489,0.4975,0.5035,0.048,0.192,1.0,0.83529,0.35882,0.49412,0.28235,0.5,0.5,0.5,0.5,-0.02533,0.72133,0.37867,0.70044,0.46311,0.47111,0.46578,0.46578,0.52353,0.51176,0.5,0.5,0.5,0.5,0.5,0.5,0.5,0.5,0.437,0.5,0.506,0.4885,0.498,0.5035,0.042,0.182,1.014
-0.01156,0.72222,0.37733,0.70044,0.46311,0.47111,0.46622,0.46578,0.51176,0.50588,0.49412,0.5,0.5,0.5,0.5,0.50588,0.5,0.5,0.428,0.5,0.506,0.4885,0.4975,0.503,0.045,0.187,1.015,1.02353,0.41176,0.47059,0.25882,0.5,0.5,0.5,0.5,-0.00667,0.72222,0.36311,0.70044,0.46356,0.46844,0.46622,0.46533,0.52353,0.5,0.40588,0.5,0.5,0.49412,0.5,0.50588,0.5,0.5,0.428,0.5,0.506,0.4965,0.497,0.5055,0.036,0.182,1.01
0.00933,0.71956,0.34222,0.70044,0.464,0.46844,0.46622,0.46533,0.53529,0.5,0.48824,0.5,0.50588,0.5,0.5,0.5,0.5,0.5,0.4585,0.5,0.5035,0.499,0.497,0.5055,0.063,0.178,1.007,0.69412,0.23529,0.60588,0.34118,0.5,0.5,0.5,0.5,0.036,0.71911,0.34978,0.70044,0.464,0.46844,0.46622,0.46533,0.53529,0.50588,0.6,0.5,0.5,0.5,0.5,0.5,0.5,0.5,0.5085,0.5,0.5035,0.499,0.497,0.505,0.047,0.171,1.024
0.05022,0.72,0.388,0.70044,0.46444,0.46844,0.46622,0.46533,0.50588,0.50588,0.57059,0.5,0.50588,0.5,0.5,0.5,0.5,0.5,0.584,0.5,0.5,0.499,0.497,0.5055,0.023,0.162,1.034,0.91765,0.22353,0.46471,0.31765,0.5,0.5,0.5,0.5,0.03289,0.72578,0.44089,0.70044,0.46444,0.46889,0.46622,0.46533,0.5,0.50588,0.5,0.5,0.50588,0.5,0.5,0.5,0.5,0.5,0.5775,0.5,0.5,0.499,0.497,0.5055,0.013,0.162,1.019
0.03244,0.72578,0.436,0.70044,0.46444,0.46844,0.46622,0.46533,0.5,0.50588,0.48235,0.5,0.50588,0.5,0.5,0.5,0.5,0.5,0.5135,0.5,0.5,0.499,0.497,0.5055,0.016,0.175,1.03,0.69412,0.25882,0.5,0.34706,0.5,0.5,0.5,0.5,0.02711,0.72533,0.41689,0.70044,0.46444,0.46889,0.46622,0.46533,0.49412,0.5,0.5,0.5,0.5,0.5,0.5,0.5,0.5,0.5,0.505,0.5,0.4965,0.4975,0.497,0.5055,0.029,0.177,1.021
0.02667,0.72533,0.41689,0.70044,0.46444,0.46889,0.46622,0.46533,0.50588,0.5,0.5,0.5,0.5,0.5,0.5,0.5,0.5,0.5,0.505,0.5,0.4965,0.4975,0.497,0.5055,0.03,0.175,1.016,0.7,0.43529,0.48824,0.28824,0.5,0.5,0.5,0.5,0.02711,0.72533,0.41289,0.70044,0.46444,0.46889,0.46622,0.46533,0.50588,0.50588,0.48824,0.5,0.50588,0.5,0.5,0.5,0.5,0.5,0.5035,0.5,0.496,0.4975,0.497,0.505,0.034,0.173,1.022
0.02756,0.72489,0.40711,0.70044,0.46444,0.46889,0.46622,0.46533,0.50588,0.5,0.49412,0.5,0.5,0.5,0.5,0.5,0.5,0.5,0.5005,0.5,0.4975,0.4975,0.497,0.505,0.029,0.167,1.025,0.93529,0.51176,0.52353,0.40588,0.5,0.5,0.5,0.5,0.02844,0.72444,0.40356,0.70044,0.46444,0.46889,0.46622,0.46533,0.5,0.5,0.50588,0.5,0.5,0.5,0.5,0.5,0.5,0.5,0.525,0.5,0.5,0.4975,0.497,0.5055,0.031,0.174,1.016
0.48756,0.46578,0.46622,0.46667,0.46533,0.47289,0.46622,0.46622,0.50588,0.50588,0.5,0.5,0.5,0.5,0.5,0.50588,0.494,0.5,0.5,0.4985,0.5,0.5,0.499,0.5,0.034,0.015,1.036,0.43529,0.44118,0.42353,0.47647,0.5,0.5,0.5,0.5,0.48489,0.45422,0.44844,0.46,0.46533,0.47333,0.46622,0.46622,0.5,0.44706,0.45294,0.48824,0.49412,0.5,0.5,0.50588,0.4815,0.492,0.4615,0.4915,0.502,0.498,0.498,0.5,0.067,0.029,1.035
0.45822,0.41911,0.41511,0.44533,0.46444,0.47378,0.46667,0.46667,0.44706,0.44706,0.42353,0.48235,0.50588,0.5,0.5,0.50588,0.4775,0.493,0.4335,0.499,0.503,0.4955,0.497,0.4965,0.086,0.037,1.038,0.58235,0.54706,0.62941,0.53529,0.5,0.5,0.5,0.5,0.41689,0.38533,0.40089,0.44267,0.464,0.47378,0.46667,0.46667,0.55294,0.52941,0.60588,0.52941,0.50588,0.5,0.5,0.50588,0.5055,0.509,0.4975,0.5065,0.505,0.4955,0.4965,0.496,0.058,0.032,1.029
0.42622,0.40578,0.46133,0.46356,0.46489,0.47333,0.46622,0.46622,0.55882,0.55294,0.60588,0.53529,0.50588,0.5,0.5,0.50588,0.5245,0.5105,0.5195,0.5,0.5025,0.4965,0.4975,0.4955,-0.001,0.019,1.028,0.57059,0.39412,0.52941,0.51765,0.5,0.5,0.5,0.5,0.504,0.43511,0.53867,0.49156,0.46444,0.47378,0.46578,0.46533,0.65294,0.50588,0.51765,0.53529,0.5,0.5,0.5,0.50588,0.516,0.479,0.5645,0.485,0.505,0.4955,0.5,0.5035,-0.023,-0.003,1.038
0.53956,0.396,0.53956,0.50444,0.46489,0.47378,0.46578,0.46578,0.52941,0.38824,0.5,0.52353,0.50588,0.5,0.5,0.50588,0.52,0.472,0.629,0.4685,0.5025,0.4955,0.5,0.5035,0.007,0.003,1.05,0.46471,0.45882,0.35882,0.44118,0.5,0.5,0.5,0.5,0.58711,0.27822,0.53556,0.49778,0.46622,0.47378,0.46667,0.46667,0.57059,0.48235,0.37059,0.42941,0.50588,0.5,0.5,0.5,0.5055,0.5,0.499,0.4535,0.495,0.4955,0.496,0.4965,0.173,0.007,1.036
0.59511,0.26267,0.47733,0.48,0.46578,0.47378,0.46667,0.46578,0.50588,0.5,0.38235,0.41176,0.50588,0.5,0.5,0.49412,0.488,0.493,0.444,0.397,0.497,0.496,0.497,0.506,0.08,0.048,1.033,0.57647,0.82353,0.55882,0.44706,0.5,0.5,0.5,0.5,0.60889,0.32089,0.42356,0.40578,0.46489,0.476,0.46578,0.46622,0.58235,0.78824,0.5,0.43529,0.51176,0.5,0.5,0.5,0.4865,0.52,0.3915,0.498,0.497,0.485,0.5,0.4965,0.048,0.015,1.046
0.62933,0.47467,0.43467,0.376,0.46444,0.47467,0.46533,0.46667,0.50588,0.8,0.57059,0.45294,0.51176,0.5,0.5,0.5,0.496,0.5295,0.4875,0.513,0.5005,0.491,0.502,0.4965,-0.001,-0.005,1.011,0.48235,0.35882,0.47647,0.5,0.5,0.5,0.5,0.5,0.67467,0.68222,0.468,0.34533,0.46489,0.47467,0.46622,0.46578,0.50588,0.41765,0.49412,0.5,0.49412,0.5,0.5,0.50588,0.491,0.478,0.455,0.509,0.505,0.491,0.498,0.5035,0.016,0.001,1.045
0.67422,0.60844,0.45378,0.34533,0.46444,0.47422,0.46489,0.46578,0.50588,0.37059,0.47647,0.5,0.49412,0.5,0.5,0.50588,0.486,0.4805,0.463,0.509,0.503,0.493,0.502,0.502,0.063,0.019,1.028,0.24118,0.31176,0.47647,0.61765,0.5,0.5,0.5,0.5,0.624,0.45289,0.44089,0.38533,0.46489,0.47422,0.46533,0.46667,0.36471,0.30588,0.5,0.61765,0.5,0.5,0.5,0.5,0.426,0.4865,0.4225,0.5095,0.5025,0.493,0.502,0.4965,0.088,0.023,1.026
0.55333,0.34933,0.44222,0.444,0.46489,0.47644,0.46622,0.46622,0.37059,0.32353,0.5,0.60588,0.5,0.5,0.5,0.5,0.3205,0.4895,0.359,0.5145,0.5025,0.4835,0.4985,0.4965,0.172,0.071,1.033,0.66471,0.62353,0.59412,0.44118,0.5,0.5,0.5,0.5,0.39733,0.25111,0.44356,0.49556,0.46444,0.48,0.46622,0.46622,0.5,0.59412,0.53529,0.47059,0.50588,0.5,0.5,0.5,0.4495,0.5125,0.432,0.499,0.505,0.4655,0.498,0.5,0.21,0.052,1.038
0.428,0.30667,0.48667,0.47867,0.46533,0.47733,0.46489,0.46711,0.65882,0.56471,0.55882,0.47059,0.51176,0.48235,0.5,0.50588,0.4925,0.5195,0.458,0.446,0.498,0.478,0.504,0.494,0.06,0.022,1.047,0.61765,0.53529,0.42353,0.48824,0.5,0.5,0.5,0.5,0.53689,0.38222,0.508,0.43778,0.46578,0.47333,0.46444,0.46756,0.62941,0.52353,0.42353,0.47059,0.50588,0.5,0.5,0.50588,0.5085,0.525,0.4995,0.4535,0.4965,0.4975,0.5065,0.494,0.105,0.0,1.038
0.59733,0.39422,0.47022,0.42844,0.46533,0.47289,0.46444,0.468,0.61176,0.57059,0.42941,0.47059,0.5,0.5,0.5,0.50588,0.509,0.5285,0.495,0.47,0.5,0.4985,0.5065,0.494,0.091,0.003,1.04,0.24118,0.65882,0.58824,0.45294,0.5,0.5,0.5,0.5,0.60622,0.48,0.45422,0.39778,0.46489,0.47289,0.46489,0.468,0.28235,0.77059,0.58235,0.45294,0.5,0.5,0.5,0.5,0.483,0.517,0.5,0.4995,0.5025,0.499,0.5045,0.494,0.115,0.021,1.045
0.5,0.59556,0.504,0.37778,0.46444,0.47378,0.46622,0.46711,0.3,0.68235,0.58824,0.45294,0.51176,0.5,0.50588,0.50588,0.458,0.506,0.4755,0.489,0.5025,0.4955,0.4995,0.494,0.082,0.037,1.03,0.45294,0.4,0.41765,0.58235,0.5,0.5,0.5,0.5,0.32133,0.672,0.56044,0.36711,0.46533,0.47467,0.46622,0.46578,0.46471,0.42941,0.5,0.55882,0.51176,0.5,0.5,0.5,0.476,0.485,0.3235,0.5395,0.5,0.491,0.4975,0.5035,0.125,0.037,1.031
0.31511,0.62578,0.53956,0.396,0.46578,0.47422,0.46489,0.46533,0.50588,0.38235,0.5,0.53529,0.5,0.5,0.5,0.50588,0.455,0.4835,0.2225,0.6,0.4955,0.4925,0.503,0.5055,0.137,0.006,1.006,0.61765,0.57059,0.53529,0.44706,0.5,0.5,0.5,0.5,0.30978,0.54178,0.49511,0.42933,0.46622,0.47422,0.46489,0.46533,0.5,0.5,0.5,0.5,0.5,0.5,0.5,0.5,0.4845,0.5185,0.255,0.591,0.495,0.4925,0.5035,0.5045,0.094,0.044,1.025
0.34622,0.57467,0.49511,0.41733,0.46578,0.47422,0.46533,0.46578,0.58824,0.65294,0.5,0.43529,0.5,0.5,0.5,0.50588,0.4935,0.516,0.3405,0.517,0.497,0.4925,0.502,0.5035,0.095,0.049,1.036,0.44118,0.45294,0.44706,0.52941,0.5,0.5,0.5,0.5,0.41733,0.63644,0.49511,0.39378,0.46533,0.47467,0.46667,0.46578,0.50588,0.47059,0.5,0.51176,0.50588,0.5,0.5,0.50588,0.475,0.492,0.358,0.5295,0.5015,0.4905,0.4975,0.5035,0.088,0.046,1.032
0.416,0.61822,0.49467,0.40533,0.46578,0.47422,0.46622,0.46533,0.46471,0.45882,0.5,0.52353,0.50588,0.5,0.5,0.50588,0.4455,0.4895,0.2315,0.547,0.4975,0.492,0.4975,0.5035,0.09,0.017,1.031,0.47059,0.38824,0.54706,0.47059,0.5,0.5,0.5,0.5,0.38711,0.55289,0.48,0.41511,0.46578,0.47422,0.46489,0.46578,0.38235,0.40588,0.5,0.5,0.50588,0.5,0.5,0.49412,0.432,0.488,0.224,0.5365,0.495,0.4925,0.5035,0.5035,0.116,0.039,1.025
0.34178,0.49022,0.47956,0.40622,0.46578,0.47422,0.46489,0.46667,0.40588,0.38824,0.5,0.48235,0.5,0.5,0.5,0.50588,0.4685,0.491,0.3395,0.5015,0.497,0.4925,0.5035,0.4965,0.137,0.044,1.029,0.72353,0.71765,0.41176,0.48824,0.5,0.5,0.5,0.5,0.336,0.47156,0.47956,0.38578,0.46578,0.47422,0.46533,0.46667,0.71176,0.72941,0.46471,0.48824,0.50588,0.5,0.5,0.50588,0.5135,0.5125,0.3335,0.499,0.4965,0.4925,0.502,0.496,0.137,0.057,1.034
0.48444,0.59111,0.44356,0.37911,0.46489,0.47467,0.46578,0.46622,0.80588,0.72353,0.42941,0.47647,0.5,0.5,0.5,0.5,0.493,0.509,0.292,0.5045,0.5025,0.4905,0.5,0.5,0.05,0.031,1.044,0.34118,0.38824,0.47647,0.48824,0.5,0.5,0.5,0.5,0.62667,0.69644,0.38444,0.36756,0.46489,0.47556,0.46622,0.46622,0.50588,0.44706,0.42941,0.49412,0.50588,0.5,0.5,0.5,0.405,0.492,0.2815,0.5075,0.502,0.4865,0.4975,0.5,0.127,0.037,0.988
0.60133,0.65067,0.384,0.36178,0.46489,0.47556,0.46622,0.46622,0.44706,0.43529,0.5,0.48824,0.50588,0.5,0.5,0.5,0.3145,0.486,0.231,0.504,0.5025,0.4865,0.4975,0.5,0.124,0.062,1.04,0.48235,0.59412,0.61176,0.62353,0.5,0.5,0.5,0.5,0.53022,0.58222,0.37733,0.38133,0.46533,0.47822,0.46622,0.46578,0.51176,0.51765,0.5,0.59412,0.50588,0.5,0.5,0.5,0.277,0.5145,0.37,0.5765,0.5,0.473,0.4975,0.5035,0.094,0.017,0.974
0.50533,0.60844,0.42889,0.43822,0.46489,0.47867,0.46622,0.46622,0.19412,0.57647,0.57059,0.65882,0.49412,0.50588,0.5,0.50588,0.3455,0.527,0.3985,0.607,0.5025,0.4725,0.4975,0.5,0.068,0.063,1.042,0.35882,0.34706,0.54118,0.41765,0.5,0.5,0.5,0.5,0.37511,0.66,0.50444,0.50756,0.46444,0.48,0.46533,0.46578,0.26471,0.36471,0.55882,0.42353,0.50588,0.5,0.5,0.50588,0.4375,0.491,0.421,0.492,0.5025,0.465,0.5015,0.5,0.11,0.052,1.124
0.23822,0.58622,0.52089,0.46667,0.46489,0.47956,0.46489,0.46489,0.25882,0.38824,0.55294,0.44118,0.50588,0.5,0.5,0.5,0.491,0.4865,0.4435,0.488,0.503,0.467,0.504,0.505,0.186,0.053,1.021,0.54706,0.4,0.42941,0.57647,0.5,0.5,0.5,0.5,0.16578,0.54933,0.52622,0.452,0.46533,0.47289,0.464,0.46578,0.5,0.49412,0.46471,0.52353,0.51176,0.5,0.5,0.50588,0.494,0.375,0.421,0.445,0.5,0.4985,0.5085,0.5035,0.203,0.035,1.017
0.18356,0.492,0.49378,0.49333,0.46533,0.47289,0.46356,0.46578,0.52941,0.38235,0.41176,0.55882,0.51176,0.5,0.5,0.49412,0.5055,0.3995,0.4015,0.4335,0.497,0.4985,0.51,0.5035,0.146,0.029,1.029,0.85294,0.72353,0.43529,0.50588,0.5,0.5,0.5,0.5,0.28889,0.42044,0.41778,0.536,0.46489,0.47289,0.46622,0.46667,0.75294,0.58824,0.41765,0.5,0.50588,0.5,0.50588,0.51176,0.54,0.506,0.4615,0.4555,0.503,0.4975,0.4995,0.496,-0.01,0.058,1.01
0.47244,0.51556,0.37378,0.53022,0.464,0.47333,0.46667,0.46667,0.98824,0.7,0.45294,0.5,0.50588,0.5,0.5,0.5,0.524,0.512,0.505,0.4955,0.505,0.4965,0.496,0.4965,0.0,0.038,1.017,0.25294,0.60588,0.64706,0.45294,0.5,0.5,0.5,0.5,0.71289,0.69422,0.37511,0.52444,0.46489,0.47822,0.46667,0.46711,0.48235,0.60588,0.6,0.43529,0.50588,0.5,0.5,0.5,0.407,0.5065,0.56,0.467,0.5025,0.4735,0.496,0.494,-0.036,0.061,1.04
0.59111,0.74178,0.44933,0.49511,0.46489,0.47822,0.46667,0.46667,0.20588,0.60588,0.67647,0.45294,0.50588,0.5,0.5,0.5,0.4235,0.5085,0.5645,0.4925,0.503,0.4735,0.496,0.4965,0.022,0.098,1.014,0.54706,0.27647,0.37059,0.57059,0.5,0.5,0.5,0.5,0.34489,0.75644,0.50844,0.48756,0.46622,0.48,0.46622,0.46622,0.50588,0.28235,0.38824,0.56471,0.50588,0.5,0.5,0.5,0.525,0.485,0.491,0.508,0.495,0.465,0.4975,0.5,0.038,0.077,1.023
0.36222,0.63956,0.44933,0.524,0.46444,0.47956,0.46622,0.46578,0.59412,0.25882,0.38235,0.57647,0.5,0.5,0.5,0.5,0.529,0.4875,0.46,0.5045,0.505,0.4665,0.498,0.5035,0.032,0.09,1.012,0.66471,0.65294,0.5,0.41176,0.5,0.5,0.5,0.5,0.48222,0.53022,0.36933,0.53911,0.46311,0.47956,0.46622,0.46578,0.68235,0.61765,0.48824,0.42353,0.49412,0.5,0.5,0.50588,0.5065,0.5115,0.474,0.49,0.5055,0.4665,0.498,0.5035,0.031,0.074,1.025
0.57111,0.61156,0.36222,0.50267,0.46444,0.47956,0.46533,0.46533,0.67647,0.71176,0.5,0.44118,0.51176,0.5,0.5,0.49412,0.5055,0.5085,0.505,0.453,0.503,0.4665,0.502,0.5035,0.054,0.068,1.034,0.38235,0.21765,0.55294,0.47059,0.5,0.5,0.5,0.5,0.66089,0.68489,0.36178,0.46267,0.46444,0.47956,0.46489,0.46533,0.40588,0.24706,0.5,0.5,0.50588,0.5,0.5,0.5,0.4765,0.4305,0.5915,0.3495,0.5025,0.4665,0.504,0.505,-0.008,0.019,1.001
0.57511,0.56222,0.38267,0.45511,0.46444,0.47956,0.464,0.46489,0.32353,0.38824,0.54118,0.5,0.49412,0.5,0.5,0.50588,0.493,0.386,0.6255,0.3125,0.5045,0.4665,0.508,0.505,0.111,0.052,1.025,0.67647,0.43529,0.47059,0.54118,0.5,0.5,0.5,0.5,0.49689,0.46222,0.40667,0.456,0.46444,0.47689,0.46044,0.46489,0.57647,0.50588,0.5,0.5,0.50588,0.5,0.5,0.5,0.562,0.229,0.6135,0.2895,0.5045,0.479,0.525,0.5045,0.182,0.044,1.053
0.576,0.428,0.40444,0.45867,0.46489,0.472,0.45733,0.46533,0.70588,0.28824,0.50588,0.53529,0.5,0.49412,0.48824,0.50588,0.5595,0.2765,0.5535,0.377,0.5025,0.501,0.5385,0.504,0.165,0.048,1.012,0.28235,0.59412,0.58235,0.55294,0.5,0.5,0.5,0.5,0.69067,0.23422,0.41467,0.48622,0.46444,0.47289,0.45822,0.46667,0.34706,0.51176,0.55882,0.57647,0.49412,0.49412,0.5,0.5,0.4875,0.5095,0.55,0.447,0.5045,0.497,0.5345,0.4965,0.164,0.055,1.021
0.59778,0.27111,0.46844,0.51156,0.46444,0.47289,0.45911,0.46667,0.33529,0.56471,0.57647,0.53529,0.5,0.5,0.5,0.5,0.4725,0.514,0.5005,0.454,0.503,0.498,0.5325,0.4965,0.095,0.038,1.031,0.47647,0.75882,0.53529,0.37059,0.5,0.5,0.5,0.5,0.46,0.42178,0.53067,0.51556,0.46489,0.47289,0.45956,0.46489,0.49412,0.82353,0.54706,0.38824,0.50588,0.5,0.5,0.5,0.4815,0.509,0.489,0.378,0.503,0.498,0.5295,0.5055,0.119,0.048,1.027
0.44756,0.572,0.54889,0.44444,0.46533,0.47333,0.46578,0.46533,0.46471,0.72941,0.54118,0.34118,0.50588,0.5,0.5,0.50588,0.483,0.5065,0.489,0.403,0.5,0.496,0.5005,0.5055,0.07,0.043,1.022,0.41176,0.38824,0.41176,0.61765,0.5,0.5,0.5,0.5,0.39422,0.72667,0.56089,0.39244,0.46667,0.47378,0.46622,0.46578,0.42941,0.48235,0.44706,0.6,0.50588,0.5,0.5,0.50588,0.4855,0.4645,0.389,0.4935,0.495,0.4945,0.498,0.5035,0.143,0.052,1.02
0.37778,0.64844,0.54044,0.44711,0.46578,0.47422,0.46622,0.46622,0.5,0.32941,0.45882,0.59412,0.50588,0.5,0.5,0.50588,0.4575,0.4855,0.275,0.5025,0.4975,0.4925,0.498,0.5,0.113,0.064,1.021,0.51176,0.45294,0.48824,0.41765,0.5,0.5,0.5,0.5,0.35378,0.56444,0.51289,0.49022,0.46578,0.47422,0.46533,0.46578,0.5,0.5,0.3,0.41765,0.5,0.5,0.5,0.5,0.436,0.484,0.129,0.4935,0.4955,0.492,0.502,0.505,0.144,0.049,1.03
0.35378,0.55422,0.50222,0.45644,0.46622,0.47422,0.46533,0.46533,0.50588,0.5,0.5,0.45294,0.50588,0.5,0.5,0.50588,0.443,0.4725,0.158,0.4575,0.4955,0.492,0.503,0.5055,0.136,0.065,1.024,0.51765,0.57059,0.56471,0.44118,0.5,0.5,0.5,0.5,0.35378,0.55467,0.48844,0.40578,0.46578,0.47422,0.46489,0.46533,0.50588,0.50588,0.5,0.44706,0.50588,0.5,0.5,0.50588,0.459,0.4765,0.291,0.3705,0.495,0.492,0.5045,0.5035,0.159,0.055,1.009
0.35333,0.57289,0.48889,0.37956,0.46578,0.47422,0.46489,0.46578,0.5,0.54118,0.50588,0.44706,0.5,0.5,0.5,0.50588,0.469,0.4875,0.4465,0.3535,0.497,0.492,0.5045,0.503,0.164,0.064,1.018,0.47647,0.6,0.42941,0.62941,0.5,0.5,0.5,0.5,0.31778,0.64267,0.52089,0.36356,0.46578,0.47556,0.46622,0.46622,0.48824,0.55882,0.5,0.63529,0.5,0.50588,0.5,0.50588,0.494,0.492,0.369,0.484,0.495,0.4865,0.4985,0.5,0.172,0.083,1.029
0.31911,0.668,0.52133,0.42089,0.46622,0.47733,0.46622,0.46622,0.50588,0.58235,0.5,0.6,0.5,0.5,0.5,0.5,0.4865,0.509,0.195,0.5105,0.495,0.4775,0.497,0.5,0.131,0.07,1.008,0.56471,0.18824,0.52941,0.55882,0.5,0.5,0.5,0.5,0.31911,0.64844,0.49556,0.51778,0.46533,0.47956,0.46622,0.46622,0.5,0.20588,0.5,0.57059,0.5,0.5,0.5,0.5,0.494,0.485,0.161,0.506,0.4975,0.467,0.4985,0.5,0.169,0.086,1.012
0.35422,0.49689,0.496,0.54978,0.46533,0.47956,0.46578,0.46622,0.60588,0.18824,0.5,0.54118,0.5,0.5,0.5,0.5,0.492,0.481,0.2325,0.5,0.5,0.467,0.5,0.5,0.141,0.1,1.033,0.71176,0.79412,0.43529,0.38235,0.5,0.5,0.5,0.5,0.46444,0.372,0.48178,0.56222,0.46578,0.47867,0.46533,0.46578,0.74706,0.8,0.5,0.41765,0.51176,0.5,0.5,0.50588,0.4935,0.5115,0.2815,0.415,0.4975,0.471,0.5025,0.5055,0.162,0.045,1.042
0.57022,0.52978,0.43556,0.49467,0.46533,0.47778,0.46578,0.46622,0.67059,0.77059,0.34706,0.34706,0.5,0.49412,0.5,0.51176,0.505,0.51,0.34,0.4515,0.5,0.474,0.5015,0.5,0.054,0.028,1.042,0.40588,0.24706,0.52353,0.58235,0.5,0.5,0.5,0.5,0.68622,0.66889,0.38889,0.44756,0.46489,0.47644,0.46533,0.46667,0.50588,0.25294,0.5,0.59412,0.50588,0.5,0.5,0.49412,0.4705,0.466,0.419,0.497,0.5025,0.4815,0.503,0.4965,0.057,0.037,1.024
0.64267,0.55822,0.38933,0.49111,0.46489,0.47422,0.46489,0.46489,0.39412,0.27059,0.5,0.61176,0.49412,0.5,0.5,0.5,0.47,0.445,0.4735,0.4715,0.5025,0.492,0.505,0.5055,0.082,0.041,1.02,0.27647,0.64706,0.47059,0.48235,0.5,0.5,0.5,0.5,0.58133,0.40667,0.40533,0.54089,0.46489,0.47422,0.46578,0.46533,0.4,0.52353,0.5,0.49412,0.50588,0.5,0.5,0.50588,0.359,0.496,0.4205,0.434,0.5,0.4935,0.5015,0.5055,0.151,0.083,0.994
0.50489,0.45822,0.40578,0.51733,0.46533,0.47733,0.46578,0.46578,0.25882,0.62353,0.5,0.47059,0.50588,0.5,0.5,0.49412,0.3185,0.5115,0.3465,0.4995,0.4975,0.476,0.501,0.5055,0.242,0.122,1.006,0.54706,0.46471,0.62353,0.5,0.5,0.5,0.5,0.5,0.252,0.55822,0.39644,0.52178,0.464,0.47333,0.46356,0.46533,0.34706,0.42941,0.61176,0.61765,0.50588,0.5,0.5,0.50588,0.494,0.4905,0.502,0.439,0.505,0.4965,0.5115,0.5055,0.031,0.06,1.03
0.24356,0.57067,0.448,0.532,0.46356,0.47333,0.46356,0.46533,0.5,0.48235,0.57647,0.5,0.5,0.50588,0.5,0.51176,0.5165,0.472,0.557,0.385,0.505,0.4975,0.5115,0.5035,0.17,0.035,1.046,0.68235,0.47059,0.49412,0.52353,0.5,0.5,0.5,0.5,0.26133,0.55556,0.49689,0.53333,0.46356,0.47333,0.464,0.46533,0.54706,0.5,0.5,0.51765,0.5,0.5,0.5,0.50588,0.62,0.4485,0.6645,0.4165,0.5045,0.4965,0.5095,0.5035,0.056,0.021,1.044
0.28711,0.55556,0.49689,0.54044,0.46311,0.47333,0.46622,0.46578,0.50588,0.5,0.5,0.50588,0.5,0.5,0.5,0.50588,0.7435,0.429,0.6515,0.4375,0.505,0.4965,0.4995,0.5035,-0.001,0.059,1.062,0.65882,0.65294,0.38235,0.51765,0.5,0.5,0.5,0.5,0.48844,0.51911,0.46578,0.54889,0.464,0.47689,0.46667,0.46578,0.83529,0.61176,0.40588,0.51765,0.50588,0.5,0.5,0.5,0.609,0.5065,0.597,0.4925,0.505,0.4795,0.4985,0.5015,-0.068,0.031,1.02
0.65778,0.58622,0.41022,0.55733,0.46444,0.47689,0.46622,0.46622,0.76471,0.65294,0.41176,0.51765,0.50588,0.5,0.5,0.50588,0.522,0.509,0.573,0.4945,0.505,0.479,0.499,0.5,-0.035,0.017,1.037,0.36471,0.23529,0.65294,0.34706,0.5,0.5,0.5,0.5,0.77289,0.65022,0.37378,0.54622,0.46444,0.47733,0.46533,0.46533,0.40588,0.34118,0.55882,0.42941,0.5,0.5,0.5,0.5,0.4745,0.446,0.655,0.3555,0.505,0.478,0.5025,0.5045,-0.005,0.029,1.01
0.672,0.54578,0.42356,0.48222,0.46444,0.47689,0.46533,0.46533,0.27059,0.34706,0.64706,0.34118,0.5,0.5,0.5,0.5,0.495,0.3865,0.7905,0.2865,0.5045,0.4795,0.503,0.5045,-0.01,0.025,1.016,0.61765,0.32941,0.51176,0.6,0.5,0.5,0.5,0.5,0.61867,0.31956,0.57689,0.39644,0.468,0.48933,0.46489,0.468,0.54706,-0.11765,0.5,0.26471,0.53529,0.55882,0.47059,0.5,0.5115,0.4645,0.5115,0.404,0.495,0.4225,0.503,0.494,0.043,0.084,0.953
0.68444,0.164,0.58756,0.432,0.47556,0.48578,0.46711,0.46533,0.71765,0.28235,0.51765,0.58824,0.51176,0.5,0.5,0.50588,0.506,0.493,0.492,0.502,0.493,0.4355,0.495,0.5055,0.047,0.031,1.049,0.24706,0.82353,0.35882,0.44706,0.5,0.5,0.5,0.5,0.772,0.04,0.588,0.46756,0.47956,0.48533,0.46711,0.46533,0.50588,0.5,0.38824,0.47059,0.50588,0.5,0.5,0.50588,0.3695,0.6945,0.2975,0.53,0.493,0.437,0.495,0.505,0.052,0.065,1.032
0.69422,0.16533,0.56578,0.42889,0.48,0.48444,0.46622,0.46756,0.27059,0.72353,0.5,0.42353,0.50588,0.49412,0.5,0.51176,0.3105,0.734,0.064,0.583,0.493,0.4405,0.4995,0.495,0.049,0.083,1.024,0.47059,0.59412,0.4,0.53529,0.5,0.5,0.5,0.5,0.62578,0.30622,0.54844,0.38978,0.48,0.484,0.46578,0.46756,0.50588,0.5,0.5,0.5,0.50588,0.5,0.5,0.5,0.172,0.8465,0.0,0.6755,0.494,0.4435,0.501,0.495,0.098,0.053,1.042
0.62578,0.30667,0.54844,0.38978,0.48,0.484,0.46578,0.46756,0.5,0.5,0.5,0.5,0.5,0.5,0.5,0.5,0.1785,0.838,0.0,0.761,0.4935,0.4435,0.501,0.4955,0.083,0.055,1.026,0.3,0.59412,0.50588,0.51765,0.5,0.5,0.5,0.5,0.62578,0.30622,0.54844,0.39022,0.48,0.484,0.46578,0.468,0.50588,0.5,0.5,0.5,0.5,0.5,0.5,0.5,0.1885,0.825,0.009,0.8875,0.494,0.4435,0.501,0.4955,0.081,0.055,1.034
0.62578,0.30667,0.54844,0.39067,0.48,0.484,0.46578,0.46756,0.5,0.50588,0.5,0.5,0.5,0.5,0.5,0.50588,0.1925,0.82,0.0235,0.9285,0.494,0.4435,0.501,0.4955,0.078,0.056,1.03,0.41176,0.8,0.47647,0.58235,0.5,0.5,0.5,0.5,0.62622,0.10889,0.54889,0.48978,0.48,0.48444,0.46667,0.46578,0.50588,0.24118,0.5,0.62941,0.49412,0.5,0.50588,0.48824,0.188,0.5,0.004,0.636,0.493,0.442,0.4965,0.501,0.066,0.048,1.043
0.83467,0.00267,0.45689,0.54133,0.47289,0.47067,0.46489,0.46756,1.05294,0.25882,-0.06471,0.53529,0.47647,0.47647,0.50588,0.5,0.5,0.5,0.3555,0.588,0.495,0.504,0.5055,0.494,-0.033,0.042,0.982,0.09412,0.71176,0.43529,0.39412,0.5,0.5,0.5,0.5,0.97111,-0.05556,0.41156,0.568,0.46533,0.47244,0.46489,0.46578,0.57059,0.50588,0.44118,0.40588,0.5,0.5,0.5,0.5,0.5,0.5,0.4465,0.5155,0.497,0.501,0.505,0.5035,0.045,0.041,1.032
0.99467,-0.05422,0.38044,0.52178,0.46578,0.47244,0.46489,0.46533,0.51765,0.50588,0.44118,0.4,0.5,0.5,0.5,0.50588,0.5,0.5,0.438,0.489,0.497,0.501,0.505,0.5045,0.056,0.065,1.038,0.34706,1.0,0.64118,0.55882,0.5,0.5,0.5,0.5,0.99644,-0.05244,0.37956,0.47733,0.46533,0.47244,0.46533,0.46578,0.5,0.49412,0.64706,0.51765,0.5,0.5,0.5,0.50588,0.5,0.5,0.4985,0.502,0.5,0.501,0.5025,0.5035,0.056,0.05,1.033
0.99556,-0.05289,0.44756,0.50356,0.46489,0.47244,0.46533,0.46622,0.5,0.5,0.62353,0.55294,0.51176,0.5,0.5,0.50588,0.5,0.5,0.5035,0.5135,0.503,0.501,0.5025,0.5,0.052,0.035,1.031,-0.04118,1.08824,0.43529,0.39412,0.5,0.5,0.5,0.5,0.98622,-0.05422,0.50844,0.50844,0.46533,0.47289,0.46533,0.46622,0.5,0.51176,0.44706,0.41176,0.50588,0.5,0.5,0.5,0.5,0.5,0.5,0.488,0.497,0.4995,0.5025,0.5,0.069,0.04,1.033
0.988,-0.05289,0.47956,0.46178,0.46533,0.47289,0.46533,0.46622,0.50588,0.50588,0.43529,0.40588,0.5,0.5,0.5,0.50588,0.5,0.5,0.49,0.4545,0.5,0.499,0.5025,0.5,0.07,0.047,1.039,0.25294,0.82941,0.45294,0.45294,0.5,0.5,0.5,0.5,0.996,-0.032,0.43244,0.38889,0.46533,0.47289,0.46533,0.46578,0.50588,0.52941,0.45882,0.45294,0.49412,0.5,0.5,0.50588,0.5,0.5,0.458,0.428,0.5,0.499,0.5025,0.5035,0.092,0.057,1.023
0.99644,-0.01822,0.41022,0.36,0.46533,0.47244,0.46622,0.46578,0.51176,0.52353,0.46471,0.31765,0.5,0.5,0.49412,0.50588,0.5,0.5,0.4485,0.4445,0.497,0.5005,0.497,0.5035,0.019,0.074,1.053,0.22941,1.03529,0.54118,0.65294,0.5,0.5,0.5,0.5,0.99733,0.00622,0.392,0.36756,0.46578,0.47289,0.46667,0.46578,0.50588,0.52941,0.5,0.60588,0.5,0.5,0.5,0.50588,0.5,0.5,0.4665,0.5245,0.497,0.4985,0.497,0.5035,0.012,0.029,1.054
0.99689,0.01778,0.40844,0.44044,0.46533,0.47244,0.46533,0.46622,0.5,0.52353,0.53529,0.65294,0.51176,0.5,0.5,0.50588,0.5,0.5,0.496,0.55,0.497,0.501,0.5025,0.5,0.011,0.022,1.045,0.24118,0.92353,0.57059,0.44118,0.5,0.5,0.5,0.5,0.996,-0.04933,0.45556,0.51911,0.46489,0.47244,0.46533,0.46622,0.5,0.5,0.54706,0.47647,0.50588,0.5,0.5,0.5,0.5,0.5,0.5,0.512,0.503,0.501,0.5025,0.5,0.01,0.021,1.027
0.996,-0.04844,0.48756,0.49289,0.46444,0.47244,0.46533,0.46622,0.5,0.50588,0.55294,0.47647,0.5,0.5,0.5,0.50588,0.5,0.5,0.513,0.4915,0.503,0.501,0.5025,0.5,0.042,0.037,1.03,0.04118,0.79412,0.38824,0.48235,0.5,0.5,0.5,0.5,0.98667,-0.044,0.496,0.45644,0.46533,0.47289,0.46533,0.46578,0.5,0.52353,0.39412,0.48235,0.50588,0.5,0.5,0.5,0.5,0.5,0.4945,0.4735,0.495,0.4995,0.5025,0.5035,0.044,0.046,1.034
0.99111,-0.03556,0.44356,0.44667,0.46533,0.47289,0.46533,0.46578,0.52353,0.51765,0.41176,0.47647,0.5,0.5,0.5,0.5,0.5,0.5,0.472,0.4765,0.5,0.499,0.5025,0.5035,0.064,0.036,1.031,0.22353,0.91176,0.53529,0.56471,0.5,0.5,0.5,0.5,0.99733,-0.02133,0.388,0.45022,0.46533,0.47289,0.46533,0.46622,0.50588,0.50588,0.5,0.55882,0.5,0.5,0.5,0.50588,0.5,0.5,0.476,0.514,0.5,0.5,0.5025,0.5,0.047,0.043,1.041
0.99689,-0.02133,0.40311,0.47689,0.46533,0.47244,0.46533,0.46622,0.5,0.48824,0.53529,0.54706,0.50588,0.5,0.5,0.51176,0.5,0.5,0.4965,0.5465,0.5,0.5,0.5025,0.4955,0.042,0.031,1.031,0.29412,0.89412,0.48824,0.52353,0.5,0.5,0.5,0.5,0.99689,-0.04756,0.42356,0.51867,0.46489,0.47244,0.46533,0.46667,0.5,0.48824,0.5,0.51176,0.5,0.5,0.5,0.5,0.5,0.5,0.475,0.5645,0.503,0.5005,0.5025,0.4965,0.021,0.034,1.04
0.99689,-0.052,0.42222,0.52578,0.46489,0.47244,0.46533,0.46667,0.5,0.49412,0.49412,0.5,0.5,0.5,0.5,0.50588,0.5,0.5,0.452,0.587,0.503,0.5005,0.5025,0.4945,0.02,0.04,1.048,0.25294,1.00588,0.45294,0.5,0.5,0.5,0.5,0.5,0.99733,-0.05644,0.40489,0.536,0.46489,0.47289,0.46533,0.46667,0.50588,0.5,0.46471,0.5,0.5,0.5,0.5,0.5,0.5,0.5,0.426,0.605,0.503,0.5005,0.5015,0.4965,0.013,0.04,1.039
0.99733,-0.05644,0.38356,0.536,0.46489,0.47244,0.46578,0.46667,0.50588,0.5,0.45882,0.5,0.5,0.5,0.5,0.5,0.5,0.5,0.412,0.6055,0.503,0.5005,0.5015,0.4965,0.024,0.041,1.037,-0.01176,1.05294,0.50588,0.51176,0.5,0.5,0.5,0.5,0.99778,-0.05689,0.35822,0.53733,0.46489,0.47244,0.46533,0.46667,0.50588,0.5,0.5,0.5,0.5,0.5,0.5,0.5,0.5,0.5,0.4075,0.615,0.503,0.501,0.5015,0.4955,0.022,0.037,1.04
0.99778,-0.05689,0.35822,0.53911,0.46489,0.47244,0.46578,0.46711,0.50588,0.5,0.5,0.51176,0.5,0.5,0.5,0.50588,0.5,0.5,0.4215,0.635,0.5025,0.501,0.5015,0.494,0.027,0.05,1.036,0.27059,1.0,0.51176,0.52353,0.5,0.5,0.5,0.5,0.99778,-0.05778,0.35822,0.54844,0.46489,0.47244,0.46533,0.46711,0.50588,0.5,0.5,0.50588,0.5,0.5,0.5,0.50588,0.5,0.5,0.457,0.662,0.503,0.501,0.502,0.4945,-0.009,0.04,1.03
0.99778,-0.05867,0.35867,0.56311,0.46489,0.47244,0.46578,0.46711,0.50588,0.5,0.5,0.54706,0.5,0.5,0.5,0.50588,0.5,0.5,0.4835,0.6505,0.5025,0.501,0.502,0.4945,0.009,0.042,1.042,0.05882,0.88235,0.63529,0.4,0.5,0.5,0.5,0.5,0.99778,-0.06,0.40978,0.56933,0.46489,0.47244,0.46578,0.46667,0.50588,0.5,0.62941,0.46471,0.51176,0.5,0.5,0.49412,0.5,0.5,0.5,0.5275,0.497,0.501,0.5025,0.4965,0.036,0.027,1.021
0.99644,-0.05778,0.47556,0.52489,0.46489,0.47244,0.46533,0.46667,0.5,0.50588,0.62941,0.41176,0.5,0.5,0.5,0.5,0.5,0.5,0.5055,0.497,0.503,0.501,0.503,0.4955,0.03,0.033,1.033,0.28235,0.96471,0.49412,0.53529,0.5,0.5,0.5,0.5,0.97822,-0.05333,0.54978,0.47644,0.46489,0.47244,0.46533,0.46667,0.47059,0.50588,0.5,0.52353,0.50588,0.5,0.5,0.50588,0.5,0.5,0.5225,0.505,0.503,0.501,0.503,0.4965,0.047,0.045,1.031
0.96533,-0.05289,0.55022,0.49244,0.46489,0.47244,0.46533,0.46667,0.48824,0.50588,0.5,0.53529,0.50588,0.5,0.5,0.5,0.5,0.5,0.509,0.514,0.503,0.501,0.503,0.4965,0.035,0.034,1.031,0.24118,0.83529,0.38824,0.55294,0.5,0.5,0.5,0.5,0.96444,-0.05556,0.51244,0.52311,0.46533,0.47289,0.46533,0.46711,0.50588,0.48824,0.4,0.52941,0.50588,0.5,0.5,0.50588,0.5,0.5,0.4935,0.551,0.497,0.4995,0.503,0.494,0.03,0.022,1.036
0.96933,-0.05733,0.46178,0.53822,0.46533,0.47289,0.46533,0.46711,0.53529,0.5,0.4,0.52941,0.5,0.5,0.5,0.50588,0.5,0.5,0.4645,0.6035,0.5,0.4995,0.502,0.4945,0.021,0.028,1.031,0.18824,0.70588,0.49412,0.34706,0.5,0.5,0.5,0.5,0.99733,-0.06,0.40089,0.53644,0.46489,0.47244,0.46578,0.46622,0.50588,0.50588,0.49412,0.39412,0.50588,0.5,0.5,0.5,0.5,0.5,0.4285,0.509,0.5025,0.501,0.502,0.4965,0.015,0.026,1.033
0.99733,-0.05733,0.39644,0.47156,0.46444,0.47244,0.46533,0.46622,0.50588,0.50588,0.47647,0.39412,0.5,0.5,0.5,0.51176,0.5,0.5,0.4365,0.463,0.503,0.501,0.5025,0.5,0.015,0.052,1.024,0.04706,1.06471,0.53529,0.62941,0.5,0.5,0.5,0.5,0.99778,-0.036,0.39289,0.41422,0.46489,0.47244,0.46533,0.46667,0.49412,0.52941,0.50588,0.62941,0.5,0.5,0.5,0.5,0.5,0.5,0.4915,0.509,0.503,0.501,0.503,0.4965,0.099,0.057,1.032
0.99689,-0.03289,0.41067,0.47644,0.46489,0.47244,0.46578,0.46711,0.5,0.48824,0.51765,0.58824,0.49412,0.5,0.5,0.50588,0.5,0.5,0.496,0.525,0.503,0.501,0.502,0.494,0.04,0.028,1.041,0.15294,1.04118,0.48824,0.36471,0.5,0.5,0.5,0.5,0.99689,-0.05956,0.43111,0.51467,0.46533,0.47244,0.46533,0.46667,0.50588,0.51176,0.5,0.4,0.51765,0.5,0.5,0.5,0.5,0.5,0.478,0.4915,0.5,0.501,0.5025,0.4965,0.08,0.038,1.034
0.99733,-0.05689,0.42711,0.45244,0.46489,0.47244,0.46533,0.46622,0.51176,0.51765,0.48824,0.37059,0.5,0.5,0.5,0.5,0.5,0.5,0.4675,0.4615,0.503,0.501,0.503,0.5,0.081,0.046,1.029,0.09412,0.87647,0.53529,0.62941,0.5,0.5,0.5,0.5,0.99733,-0.03333,0.42667,0.40578,0.46489,0.47244,0.46533,0.46667,0.50588,0.52353,0.53529,0.63529,0.50588,0.5,0.5,0.5,0.5,0.5,0.498,0.5095,0.503,0.501,0.5025,0.4965,0.082,0.031,1.022
0.99644,-0.02889,0.44444,0.47022,0.46489,0.47244,0.46533,0.46711,0.5,0.47647,0.51765,0.6,0.50588,0.5,0.5,0.50588,0.5,0.5,0.4995,0.5145,0.503,0.501,0.5025,0.494,0.03,0.04,1.042,0.05294,0.82353,0.51765,0.38235,0.5,0.5,0.5,0.5,0.99644,-0.05911,0.47022,0.51244,0.46489,0.47244,0.46533,0.46622,0.5,0.50588,0.51176,0.40588,0.50588,0.5,0.5,0.5,0.5,0.5,0.5,0.4895,0.503,0.501,0.502,0.4965,0.062,0.036,1.036
0.99644,-0.05689,0.47467,0.45867,0.46489,0.47244,0.46533,0.46622,0.5,0.50588,0.51176,0.38824,0.50588,0.5,0.5,0.50588,0.5,0.5,0.522,0.4605,0.5025,0.501,0.5025,0.5,0.052,0.038,1.034,-0.01176,0.97059,0.55294,0.55882,0.5,0.5,0.5,0.5,0.99556,-0.03378,0.50178,0.40178,0.46489,0.47244,0.46533,0.46667,0.49412,0.52353,0.54706,0.56471,0.5,0.5,0.5,0.51176,0.5,0.5,0.5265,0.4965,0.503,0.501,0.503,0.4965,0.054,0.041,1.025
0.98533,-0.02711,0.52756,0.42844,0.46489,0.47244,0.46533,0.46667,0.47647,0.52353,0.54706,0.54118,0.5,0.5,0.5,0.50588,0.5,0.5,0.5315,0.51,0.5025,0.501,0.503,0.4965,0.053,0.035,1.024,0.14118,0.95294,0.51765,0.57059,0.5,0.5,0.5,0.5,0.96044,-0.03067,0.564,0.48089,0.46489,0.47244,0.46578,0.46667,0.47647,0.48235,0.52941,0.55882,0.5,0.5,0.5,0.5,0.5,0.5,0.5375,0.5365,0.503,0.501,0.5025,0.4955,0.025,0.032,1.04
0.94622,-0.04889,0.572,0.51422,0.46489,0.47244,0.46578,0.46711,0.47059,0.44706,0.5,0.55882,0.5,0.5,0.5,0.50588,0.5,0.5,0.5405,0.5505,0.5025,0.501,0.5025,0.4945,0.033,0.032,1.027,0.16471,1.06471,0.42353,0.50588,0.5,0.5,0.5,0.5,0.93289,-0.06267,0.56578,0.54178,0.46533,0.47289,0.46578,0.46711,0.5,0.5,0.43529,0.5,0.5,0.5,0.5,0.50588,0.5,0.5,0.4965,0.6245,0.5,0.4995,0.502,0.494,0.02,0.033,1.032
0.936,-0.06311,0.52889,0.54444,0.46578,0.47289,0.46578,0.46711,0.51176,0.5,0.42941,0.5,0.5,0.5,0.5,0.50588,0.5,0.5,0.489,0.627,0.497,0.4995,0.5015,0.4945,0.01,0.033,1.031,0.27647,0.90588,0.54706,0.45294,0.5,0.5,0.5,0.5,0.95111,-0.06356,0.49867,0.54489,0.46489,0.47244,0.46578,0.46711,0.50588,0.49412,0.55294,0.5,0.5,0.5,0.5,0.50588,0.5,0.5,0.4985,0.568,0.503,0.4995,0.5015,0.494,0.014,0.027,1.045
0.95111,-0.06267,0.51778,0.53333,0.46489,0.47244,0.46533,0.46622,0.50588,0.51176,0.53529,0.45882,0.51176,0.5,0.5,0.49412,0.5,0.5,0.5145,0.503,0.503,0.501,0.5025,0.4965,0.028,0.047,1.036,0.08235,0.72353,0.51176,0.38824,0.5,0.5,0.5,0.5,0.94711,-0.05956,0.54667,0.47644,0.46489,0.47244,0.46533,0.46622,0.49412,0.50588,0.50588,0.42353,0.50588,0.5,0.5,0.50588,0.5,0.5,0.5295,0.474,0.503,0.501,0.503,0.4965,0.037,0.024,1.043
0.944,-0.052,0.552,0.42622,0.46489,0.47244,0.46533,0.46578,0.5,0.52353,0.5,0.42353,0.50588,0.5,0.5,0.50588,0.5,0.5,0.532,0.4415,0.503,0.501,0.503,0.5035,0.077,0.043,1.024,0.38824,0.72941,0.37059,0.59412,0.5,0.5,0.5,0.5,0.93733,-0.02756,0.52667,0.37689,0.46533,0.47289,0.46622,0.46667,0.5,0.52941,0.40588,0.59412,0.50588,0.5,0.5,0.5,0.5,0.5,0.4815,0.51,0.5,0.499,0.499,0.4965,0.054,0.05,1.057
0.94222,-0.01333,0.468,0.42044,0.46533,0.47244,0.46622,0.46667,0.52941,0.53529,0.38235,0.59412,0.49412,0.5,0.49412,0.50588,0.5,0.5,0.444,0.5305,0.5025,0.501,0.5,0.4965,0.077,0.036,1.041,0.01765,0.83529,0.56471,0.42941,0.5,0.5,0.5,0.5,0.99556,-0.02622,0.40444,0.46133,0.46489,0.47244,0.46533,0.46622,0.50588,0.50588,0.57059,0.43529,0.50588,0.5,0.5,0.5,0.5,0.5,0.4955,0.488,0.503,0.501,0.5015,0.4965,0.054,0.04,1.038
0.99511,-0.02622,0.43733,0.43067,0.46489,0.47244,0.46533,0.46622,0.5,0.50588,0.55294,0.45294,0.5,0.5,0.5,0.5,0.5,0.5,0.5,0.462,0.5015,0.501,0.502,0.5,0.05,0.033,1.031,0.16471,1.03529,0.5,0.52353,0.5,0.5,0.5,0.5,0.99511,-0.00622,0.46844,0.39244,0.46489,0.47244,0.46533,0.46622,0.5,0.52941,0.5,0.5,0.5,0.5,0.5,0.5,0.5,0.5,0.521,0.483,0.503,0.5005,0.5015,0.4965,0.062,0.034,1.04
0.99511,-0.00222,0.46978,0.40133,0.46489,0.47244,0.46533,0.46667,0.5,0.48824,0.5,0.51765,0.5,0.5,0.5,0.50588,0.5,0.5,0.5155,0.5,0.503,0.5005,0.502,0.495,0.058,0.043,1.032,0.05882,1.01176,0.48824,0.44706,0.5,0.5,0.5,0.5,0.99511,-0.00222,0.46889,0.4,0.46489,0.47244,0.46578,0.46622,0.5,0.50588,0.48235,0.45882,0.50588,0.5,0.5,0.5,0.5,0.5,0.5,0.487,0.503,0.5005,0.5015,0.4965,0.062,0.037,1.034
0.99511,0.00311,0.46267,0.38089,0.46489,0.47244,0.46533,0.46622,0.5,0.52353,0.49412,0.45882,0.5,0.5,0.5,0.51176,0.5,0.5,0.4995,0.4495,0.503,0.5005,0.501,0.4995,0.009,0.089,1.06,0.19412,0.75882,0.58235,0.60588,0.5,0.5,0.5,0.5,0.99422,0.02622,0.48222,0.372,0.46489,0.47289,0.46622,0.46622,0.48824,0.52941,0.57059,0.6,0.5,0.5,0.5,0.50588,0.5,0.5,0.507,0.5105,0.503,0.4985,0.4985,0.5,0.065,0.073,1.052
0.99289,0.03378,0.52133,0.41733,0.46489,0.47289,0.46533,0.46667,0.48824,0.48235,0.57059,0.57647,0.5,0.5,0.5,0.5,0.5,0.5,0.5195,0.551,0.503,0.4985,0.5025,0.4945,0.034,0.029,1.033,0.22353,0.94118,0.44118,0.52353,0.5,0.5,0.5,0.5,0.972,-0.00889,0.55244,0.48222,0.46489,0.47289,0.46533,0.46667,0.47647,0.44118,0.45294,0.51176,0.5,0.5,0.5,0.5,0.5,0.5,0.5005,0.5765,0.502,0.4985,0.503,0.4965,0.031,0.026,1.038
0.97022,-0.02578,0.52578,0.49422,0.46533,0.47289,0.46533,0.46667,0.50588,0.48824,0.46471,0.51765,0.5,0.5,0.5,0.50588,0.5,0.5,0.494,0.5765,0.5,0.4985,0.503,0.4945,0.014,0.032,1.02,0.15882,0.89412,0.50588,0.43529,0.5,0.5,0.5,0.5,0.972,-0.03867,0.49511,0.49911,0.46489,0.47244,0.46533,0.46667,0.50588,0.5,0.5,0.42941,0.5,0.5,0.5,0.5,0.5,0.5,0.4845,0.5125,0.503,0.5,0.503,0.4965,0.021,0.039,1.027
0.97289,-0.03289,0.49467,0.47244,0.46489,0.472,0.46533,0.46667,0.50588,0.51765,0.5,0.44118,0.50588,0.5,0.5,0.5,0.5,0.5,0.5005,0.4875,0.503,0.501,0.503,0.4965,0.042,0.033,1.033,0.24706,1.01765,0.49412,0.5,0.5,0.5,0.5,0.5,0.97422,-0.02444,0.49644,0.43244,0.46489,0.472,0.46533,0.46667,0.50588,0.51765,0.5,0.5,0.50588,0.5,0.5,0.50588,0.5,0.5,0.4995,0.497,0.503,0.502,0.503,0.4965,0.041,0.035,1.023
0.976,-0.02267,0.49378,0.432,0.46489,0.472,0.46533,0.46667,0.50588,0.50588,0.49412,0.49412,0.50588,0.5,0.5,0.50588,0.5,0.5,0.499,0.498,0.503,0.502,0.503,0.4965,0.041,0.034,1.037,0.25294,0.74118,0.42353,0.47059,0.5,0.5,0.5,0.5,0.97911,-0.01911,0.46978,0.42311,0.46578,0.472,0.46533,0.46667,0.51176,0.52353,0.43529,0.47647,0.51176,0.5,0.5,0.50588,0.5,0.5,0.4735,0.494,0.497,0.502,0.503,0.494,0.052,0.032,1.024
